label,pc,opcode,class,window
ecdsa_evm,251,JUMP,unknown_dynamic,243:SWAP7 244:POP 245:POP 246:POP 247:POP 248:POP 249:POP 250:POP 251:JUMP
ecdsa_evm,429,JUMP,unknown_dynamic,421:JUMPDEST 422:SWAP6 423:SWAP5 424:POP 425:POP 426:POP 427:POP 428:POP 429:JUMP
ecdsa_evm,519,JUMP,unknown_dynamic,511:GT 512:ISZERO 513:JUMPDEST 514:SWAP4 515:SWAP3 516:POP 517:POP 518:POP 519:JUMP
ecdsa_evm,619,JUMP,top_computed,611:SWAP2 612:SWAP1 613:SWAP3 614:EQ 615:AND 616:SWAP2 617:SWAP1 618:POP 619:JUMP
ecdsa_evm,1118,JUMP,unknown_dynamic,1108:PUSH2 1111:DUP3 1112:ADD 1113:MSTORE 1114:SWAP3 1115:SWAP2 1116:POP 1117:POP 1118:JUMP
ecdsa_evm,1425,JUMP,unknown_dynamic,1417:POP 1418:JUMPDEST 1419:SWAP4 1420:POP 1421:SWAP4 1422:SWAP2 1423:POP 1424:POP 1425:JUMP
ecdsa_evm,1458,JUMP,internal_return,1449:MSTORE 1450:PUSH1 1452:ADD 1453:PUSH0 1454:DUP2 1455:MSTORE 1456:POP 1457:SWAP1 1458:JUMP
ecdsa_evm,1517,JUMP,unknown_dynamic,1509:MSTORE 1510:SWAP6 1511:SWAP5 1512:POP 1513:POP 1514:POP 1515:POP 1516:POP 1517:JUMP
ecdsa_evm,1550,JUMP,internal_return,1541:MSTORE 1542:PUSH1 1544:ADD 1545:PUSH0 1546:DUP2 1547:MSTORE 1548:POP 1549:SWAP1 1550:JUMP
ecdsa_evm,1611,JUMP,unknown_dynamic,1603:SWAP7 1604:SWAP6 1605:POP 1606:POP 1607:POP 1608:POP 1609:POP 1610:POP 1611:JUMP
ecdsa_evm,1775,JUMP,unknown_dynamic,1767:POP 1768:SWAP4 1769:POP 1770:SWAP4 1771:POP 1772:SWAP4 1773:SWAP1 1774:POP 1775:JUMP
ecdsa_evm,2075,JUMP,unknown_dynamic,2067:SWAP5 2068:POP 2069:SWAP5 2070:POP 2071:SWAP5 2072:SWAP2 2073:POP 2074:POP 2075:JUMP
ecdsa_evm,2152,JUMP,unknown_dynamic,2144:POP 2145:POP 2146:SWAP4 2147:POP 2148:SWAP4 2149:SWAP2 2150:POP 2151:POP 2152:JUMP
ecdsa_evm,2234,JUMP,unknown_dynamic,2226:SWAP1 2227:POP 2228:SWAP4 2229:POP 2230:SWAP4 2231:SWAP2 2232:POP 2233:POP 2234:JUMP
ecdsa_evm,2300,JUMP,internal_return,2291:MSTORE 2292:PUSH1 2294:ADD 2295:PUSH0 2296:DUP2 2297:MSTORE 2298:POP 2299:SWAP1 2300:JUMP
ecdsa_evm,2322,JUMP,internal_return,2312:SWAP1 2313:DUP2 2314:PUSH2 2317:JUMPI 2318:SWAP1 2319:POP 2320:POP 2321:SWAP1 2322:JUMP
ecdsa_evm,2353,JUMP,internal_return,2344:MSTORE 2345:PUSH1 2347:PUSH0 2348:OP_fd 2349:JUMPDEST 2350:POP 2351:OP_06 2352:SWAP1 2353:JUMP
erc1155_evm,49,JUMP,internal_return,38:OP_f3 39:JUMPDEST 40:PUSH2 43:JUMP 44:JUMPDEST 45:PUSH1 47:MLOAD 48:SWAP1 49:JUMP
erc1155_evm,63,JUMP,internal_return,54:JUMPDEST 55:PUSH1 57:DUP1 58:NOT 59:SWAP2 60:ADD 61:AND 62:SWAP1 63:JUMP
erc1155_evm,117,JUMP,unknown_dynamic,106:SUB 107:DUP3 108:GT 109:OR 110:PUSH2 113:JUMPI 114:PUSH1 116:MSTORE 117:JUMP
erc1155_evm,143,JUMP,bare_jumpdest_jump,131:PUSH2 134:JUMP 135:JUMPDEST 136:SWAP3 137:DUP4 138:PUSH2 141:JUMP 142:JUMPDEST 143:JUMP
erc1155_evm,171,JUMP,internal_return,158:PUSH2 161:PUSH1 163:SWAP2 164:PUSH2 167:JUMP 168:JUMPDEST 169:ADD 170:SWAP1 171:JUMP
erc1155_evm,199,JUMP,unknown_dynamic,189:JUMP 190:JUMPDEST 191:PUSH2 194:JUMP 195:JUMPDEST 196:SWAP2 197:DUP3 198:MSTORE 199:JUMP
erc1155_evm,276,JUMP,top_computed,236:SWAP2 237:PUSH32 270:PUSH0 271:DUP3 272:ADD 273:MSTORE 274:ADD 275:MSTORE 276:JUMP
erc1155_evm,301,JUMP,top_computed,288:SWAP1 289:PUSH2 292:PUSH1 294:DUP4 295:ADD 296:PUSH2 299:JUMP 300:JUMPDEST 301:JUMP
erc1155_evm,312,JUMP,internal_return,300:JUMPDEST 301:JUMP 302:JUMPDEST 303:PUSH2 306:PUSH2 309:JUMP 310:JUMPDEST 311:SWAP1 312:JUMP
erc1155_evm,359,JUMP,unknown_dynamic,348:JUMPI 349:JUMPDEST 350:PUSH1 352:DUP4 353:LT 354:EQ 355:PUSH2 358:JUMPI 359:JUMP
erc1155_evm,383,JUMP,internal_return,374:JUMP 375:JUMPDEST 376:PUSH0 377:MSTORE 378:PUSH1 380:PUSH0 381:SHA3 382:SWAP1 383:JUMP
erc1155_evm,393,JUMP,internal_return,383:JUMP 384:JUMPDEST 385:PUSH1 387:PUSH1 389:SWAP2 390:ADD 391:OP_04 392:SWAP1 393:JUMP
erc1155_evm,397,JUMP,internal_return,389:SWAP2 390:ADD 391:OP_04 392:SWAP1 393:JUMP 394:JUMPDEST 395:SHL 396:SWAP1 397:JUMP
erc1155_evm,434,JUMP,internal_return,426:SWAP2 427:DUP2 428:NOT 429:AND 430:SWAP2 431:AND 432:OR 433:SWAP1 434:JUMP
erc1155_evm,437,JUMP,internal_return,429:AND 430:SWAP2 431:AND 432:OR 433:SWAP1 434:JUMP 435:JUMPDEST 436:SWAP1 437:JUMP
erc1155_evm,440,JUMP,internal_return,432:OR 433:SWAP1 434:JUMP 435:JUMPDEST 436:SWAP1 437:JUMP 438:JUMPDEST 439:SWAP1 440:JUMP
erc1155_evm,468,JUMP,internal_return,456:JUMPDEST 457:PUSH2 460:JUMP 461:JUMPDEST 462:PUSH2 465:JUMP 466:JUMPDEST 467:SWAP1 468:JUMP
erc1155_evm,471,JUMP,internal_return,461:JUMPDEST 462:PUSH2 465:JUMP 466:JUMPDEST 467:SWAP1 468:JUMP 469:JUMPDEST 470:SWAP1 471:JUMP
erc1155_evm,505,JUMP,unknown_dynamic,495:SWAP1 496:DUP4 497:SLOAD 498:PUSH2 501:JUMP 502:JUMPDEST 503:SWAP1 504:SSTORE 505:JUMP
erc1155_evm,509,JUMP,internal_return,501:JUMP 502:JUMPDEST 503:SWAP1 504:SSTORE 505:JUMP 506:JUMPDEST 507:PUSH0 508:SWAP1 509:JUMP
erc1155_evm,529,JUMP,bare_jumpdest_jump,515:PUSH2 518:PUSH2 521:JUMP 522:JUMPDEST 523:SWAP2 524:PUSH2 527:JUMP 528:JUMPDEST 529:JUMP
erc1155_evm,541,JUMP,unknown_dynamic,531:JUMPDEST 532:DUP2 533:DUP2 534:LT 535:PUSH2 538:JUMPI 539:POP 540:POP 541:JUMP
erc1155_evm,576,JUMP,unknown_dynamic,566:DUP2 567:GT 568:PUSH2 571:JUMPI 572:JUMPDEST 573:POP 574:POP 575:POP 576:JUMP
erc1155_evm,708,JUMP,top_computed,665:PUSH2 668:JUMP 669:JUMPDEST 670:PUSH1 672:PUSH32 705:ADD 706:SWAP1 707:SSTORE 708:JUMP
erc1155_evm,719,JUMP,bare_jumpdest_jump,707:SSTORE 708:JUMP 709:JUMPDEST 710:PUSH2 713:SWAP1 714:PUSH2 717:JUMP 718:JUMPDEST 719:JUMP
erc1155_evm,780,JUMP,top_computed,737:PUSH2 740:JUMP 741:JUMPDEST 742:PUSH1 744:PUSH32 777:ADD 778:SWAP1 779:SSTORE 780:JUMP
erc1155_evm,791,JUMP,bare_jumpdest_jump,779:SSTORE 780:JUMP 781:JUMPDEST 782:PUSH2 785:SWAP1 786:PUSH2 789:JUMP 790:JUMPDEST 791:JUMP
erc1155_evm,831,JUMP,bare_jumpdest_jump,816:PUSH2 819:JUMP 820:JUMPDEST 821:PUSH2 824:PUSH1 826:PUSH2 829:JUMP 830:JUMPDEST 831:JUMP
erc1155_evm,834,JUMP,internal_return,821:PUSH2 824:PUSH1 826:PUSH2 829:JUMP 830:JUMPDEST 831:JUMP 832:JUMPDEST 833:SWAP1 834:JUMP
erc1155_evm,845,JUMP,internal_return,835:JUMPDEST 836:PUSH1 838:DUP1 839:PUSH1 841:SHL 842:SUB 843:AND 844:SWAP1 845:JUMP
erc1155_evm,873,JUMP,internal_return,861:JUMPDEST 862:PUSH2 865:JUMP 866:JUMPDEST 867:PUSH2 870:JUMP 871:JUMPDEST 872:SWAP1 873:JUMP
erc1155_evm,885,JUMP,internal_return,873:JUMP 874:JUMPDEST 875:PUSH2 878:SWAP1 879:PUSH2 882:JUMP 883:JUMPDEST 884:SWAP1 885:JUMP
erc1155_evm,897,JUMP,internal_return,885:JUMP 886:JUMPDEST 887:PUSH2 890:SWAP1 891:PUSH2 894:JUMP 895:JUMPDEST 896:SWAP1 897:JUMP
erc1155_evm,910,JUMP,unknown_dynamic,898:JUMPDEST 899:PUSH2 902:SWAP1 903:PUSH2 906:JUMP 907:JUMPDEST 908:SWAP1 909:MSTORE 910:JUMP
erc1155_evm,931,JUMP,bare_jumpdest_jump,921:DUP6 922:ADD 923:SWAP5 924:ADD 925:SWAP1 926:PUSH2 929:JUMP 930:JUMPDEST 931:JUMP
erc1155_evm,984,JUMP,bare_jumpdest_jump,970:EQ 971:PUSH2 974:JUMPI 975:PUSH2 978:SWAP1 979:PUSH2 982:JUMP 983:JUMPDEST 984:JUMP
erc1155_evm,1034,JUMP,bare_jumpdest_jump,1022:SWAP1 1023:OP_fd 1024:JUMPDEST 1025:PUSH2 1028:SWAP1 1029:PUSH2 1032:JUMP 1033:JUMPDEST 1034:JUMP
erc1155_evm,1039,JUMP,internal_return,1029:PUSH2 1032:JUMP 1033:JUMPDEST 1034:JUMP 1035:JUMPDEST 1036:PUSH0 1037:SHR 1038:SWAP1 1039:JUMP
erc1155_evm,1050,JUMP,internal_return,1040:JUMPDEST 1041:PUSH1 1043:DUP1 1044:PUSH1 1046:SHL 1047:SUB 1048:AND 1049:SWAP1 1050:JUMP
erc1155_evm,1070,JUMP,internal_return,1058:SWAP2 1059:PUSH2 1062:JUMP 1063:JUMPDEST 1064:PUSH2 1067:JUMP 1068:JUMPDEST 1069:SWAP1 1070:JUMP
erc1155_evm,1083,JUMP,internal_return,1071:JUMPDEST 1072:PUSH2 1075:SWAP1 1076:SLOAD 1077:PUSH2 1080:JUMP 1081:JUMPDEST 1082:SWAP1 1083:JUMP
erc1155_evm,1088,JUMP,internal_return,1080:JUMP 1081:JUMPDEST 1082:SWAP1 1083:JUMP 1084:JUMPDEST 1085:PUSH0 1086:SHL 1087:SWAP1 1088:JUMP
erc1155_evm,1115,JUMP,internal_return,1107:SWAP2 1108:DUP2 1109:NOT 1110:AND 1111:SWAP2 1112:AND 1113:OR 1114:SWAP1 1115:JUMP
erc1155_evm,1143,JUMP,internal_return,1131:JUMPDEST 1132:PUSH2 1135:JUMP 1136:JUMPDEST 1137:PUSH2 1140:JUMP 1141:JUMPDEST 1142:SWAP1 1143:JUMP
erc1155_evm,1155,JUMP,internal_return,1143:JUMP 1144:JUMPDEST 1145:PUSH2 1148:SWAP1 1149:PUSH2 1152:JUMP 1153:JUMPDEST 1154:SWAP1 1155:JUMP
erc1155_evm,1167,JUMP,internal_return,1155:JUMP 1156:JUMPDEST 1157:PUSH2 1160:SWAP1 1161:PUSH2 1164:JUMP 1165:JUMPDEST 1166:SWAP1 1167:JUMP
erc1155_evm,1170,JUMP,internal_return,1160:SWAP1 1161:PUSH2 1164:JUMP 1165:JUMPDEST 1166:SWAP1 1167:JUMP 1168:JUMPDEST 1169:SWAP1 1170:JUMP
erc1155_evm,1202,JUMP,unknown_dynamic,1192:JUMPDEST 1193:DUP3 1194:SLOAD 1195:PUSH2 1198:JUMP 1199:JUMPDEST 1200:SWAP1 1201:SSTORE 1202:JUMP
erc1155_evm,1207,JUMP,internal_return,1199:JUMPDEST 1200:SWAP1 1201:SSTORE 1202:JUMP 1203:JUMPDEST 1204:PUSH0 1205:ADD 1206:SWAP1 1207:JUMP
erc1155_evm,1304,JUMP,top_computed,1292:PUSH2 1295:DUP2 1296:PUSH2 1299:JUMP 1300:JUMPDEST 1301:SUB 1302:SWAP1 1303:OP_a3 1304:JUMP
erc1155_evm,1308,JUMP,internal_return,1300:JUMPDEST 1301:SUB 1302:SWAP1 1303:OP_a3 1304:JUMP 1305:JUMPDEST 1306:MLOAD 1307:SWAP1 1308:JUMP
erc1155_evm,1317,JUMP,internal_return,1308:JUMP 1309:JUMPDEST 1310:PUSH0 1311:MSTORE 1312:PUSH1 1314:PUSH0 1315:SHA3 1316:SWAP1 1317:JUMP
erc1155_evm,1333,JUMP,unknown_dynamic,1323:DUP2 1324:GT 1325:PUSH2 1328:JUMPI 1329:JUMPDEST 1330:POP 1331:POP 1332:POP 1333:JUMP
erc1155_evm,1408,JUMP,internal_return,1398:SWAP3 1399:SWAP1 1400:POP 1401:PUSH2 1404:JUMP 1405:JUMPDEST 1406:SHR 1407:SWAP1 1408:JUMP
erc1155_evm,1429,JUMP,internal_return,1418:PUSH1 1420:MUL 1421:PUSH2 1424:JUMP 1425:JUMPDEST 1426:NOT 1427:AND 1428:SWAP1 1429:JUMP
erc1155_evm,1447,JUMP,internal_return,1436:PUSH2 1439:JUMP 1440:JUMPDEST 1441:SWAP1 1442:PUSH1 1444:MUL 1445:OR 1446:SWAP1 1447:JUMP
erc1155_evm,1531,JUMP,bare_jumpdest_jump,1521:POP 1522:POP 1523:PUSH2 1526:JUMP 1527:JUMPDEST 1528:SWAP1 1529:SSTORE 1530:JUMPDEST 1531:JUMP
erc1155_evm,1664,JUMP,bare_jumpdest_jump,1652:JUMP 1653:JUMPDEST 1654:SWAP1 1655:PUSH2 1658:SWAP2 1659:PUSH2 1662:JUMP 1663:JUMPDEST 1664:JUMP
erc1155_evm,1677,JUMP,bare_jumpdest_jump,1664:JUMP 1665:JUMPDEST 1666:PUSH2 1669:SWAP1 1670:PUSH1 1672:PUSH2 1675:JUMP 1676:JUMPDEST 1677:JUMP
erc1155_evm,1692,JUMPI,adjacent_push,1679:PUSH1 1681:PUSH1 1683:MSTORE 1684:PUSH1 1686:CALLDATASIZE 1687:LT 1688:ISZERO 1689:PUSH2 1692:JUMPI
erc1155_evm,1697,JUMP,adjacent_push,1684:PUSH1 1686:CALLDATASIZE 1687:LT 1688:ISZERO 1689:PUSH2 1692:JUMPI 1693:JUMPDEST 1694:PUSH2 1697:JUMP
erc1155_evm,1707,JUMP,adjacent_push,1693:JUMPDEST 1694:PUSH2 1697:JUMP 1698:JUMPDEST 1699:PUSH2 1702:PUSH0 1703:CALLDATALOAD 1704:PUSH2 1707:JUMP
erc1155_evm,1718,JUMPI,adjacent_push,1703:CALLDATALOAD 1704:PUSH2 1707:JUMP 1708:JUMPDEST 1709:DUP1 1710:PUSH3 1714:EQ 1715:PUSH2 1718:JUMPI
erc1155_evm,1729,JUMPI,adjacent_push,1710:PUSH3 1714:EQ 1715:PUSH2 1718:JUMPI 1719:DUP1 1720:PUSH4 1725:EQ 1726:PUSH2 1729:JUMPI
erc1155_evm,1740,JUMPI,adjacent_push,1720:PUSH4 1725:EQ 1726:PUSH2 1729:JUMPI 1730:DUP1 1731:PUSH4 1736:EQ 1737:PUSH2 1740:JUMPI
erc1155_evm,1751,JUMPI,adjacent_push,1731:PUSH4 1736:EQ 1737:PUSH2 1740:JUMPI 1741:DUP1 1742:PUSH4 1747:EQ 1748:PUSH2 1751:JUMPI
erc1155_evm,1762,JUMPI,adjacent_push,1742:PUSH4 1747:EQ 1748:PUSH2 1751:JUMPI 1752:DUP1 1753:PUSH4 1758:EQ 1759:PUSH2 1762:JUMPI
erc1155_evm,1773,JUMPI,adjacent_push,1753:PUSH4 1758:EQ 1759:PUSH2 1762:JUMPI 1763:DUP1 1764:PUSH4 1769:EQ 1770:PUSH2 1773:JUMPI
erc1155_evm,1784,JUMPI,adjacent_push,1764:PUSH4 1769:EQ 1770:PUSH2 1773:JUMPI 1774:DUP1 1775:PUSH4 1780:EQ 1781:PUSH2 1784:JUMPI
erc1155_evm,1795,JUMPI,adjacent_push,1775:PUSH4 1780:EQ 1781:PUSH2 1784:JUMPI 1785:DUP1 1786:PUSH4 1791:EQ 1792:PUSH2 1795:JUMPI
erc1155_evm,1806,JUMPI,adjacent_push,1786:PUSH4 1791:EQ 1792:PUSH2 1795:JUMPI 1796:DUP1 1797:PUSH4 1802:EQ 1803:PUSH2 1806:JUMPI
erc1155_evm,1817,JUMPI,adjacent_push,1797:PUSH4 1802:EQ 1803:PUSH2 1806:JUMPI 1807:DUP1 1808:PUSH4 1813:EQ 1814:PUSH2 1817:JUMPI
erc1155_evm,1828,JUMPI,adjacent_push,1808:PUSH4 1813:EQ 1814:PUSH2 1817:JUMPI 1818:DUP1 1819:PUSH4 1824:EQ 1825:PUSH2 1828:JUMPI
erc1155_evm,1839,JUMPI,adjacent_push,1819:PUSH4 1824:EQ 1825:PUSH2 1828:JUMPI 1829:DUP1 1830:PUSH4 1835:EQ 1836:PUSH2 1839:JUMPI
erc1155_evm,1850,JUMPI,adjacent_push,1830:PUSH4 1835:EQ 1836:PUSH2 1839:JUMPI 1840:DUP1 1841:PUSH4 1846:EQ 1847:PUSH2 1850:JUMPI
erc1155_evm,1861,JUMPI,adjacent_push,1841:PUSH4 1846:EQ 1847:PUSH2 1850:JUMPI 1851:DUP1 1852:PUSH4 1857:EQ 1858:PUSH2 1861:JUMPI
erc1155_evm,1871,JUMPI,adjacent_push,1851:DUP1 1852:PUSH4 1857:EQ 1858:PUSH2 1861:JUMPI 1862:PUSH4 1867:SUB 1868:PUSH2 1871:JUMPI
erc1155_evm,1875,JUMP,adjacent_push,1857:EQ 1858:PUSH2 1861:JUMPI 1862:PUSH4 1867:SUB 1868:PUSH2 1871:JUMPI 1872:PUSH2 1875:JUMP
erc1155_evm,1880,JUMP,adjacent_push,1862:PUSH4 1867:SUB 1868:PUSH2 1871:JUMPI 1872:PUSH2 1875:JUMP 1876:JUMPDEST 1877:PUSH2 1880:JUMP
erc1155_evm,1885,JUMP,adjacent_push,1871:JUMPI 1872:PUSH2 1875:JUMP 1876:JUMPDEST 1877:PUSH2 1880:JUMP 1881:JUMPDEST 1882:PUSH2 1885:JUMP
erc1155_evm,1890,JUMP,adjacent_push,1876:JUMPDEST 1877:PUSH2 1880:JUMP 1881:JUMPDEST 1882:PUSH2 1885:JUMP 1886:JUMPDEST 1887:PUSH2 1890:JUMP
erc1155_evm,1895,JUMP,adjacent_push,1881:JUMPDEST 1882:PUSH2 1885:JUMP 1886:JUMPDEST 1887:PUSH2 1890:JUMP 1891:JUMPDEST 1892:PUSH2 1895:JUMP
erc1155_evm,1900,JUMP,adjacent_push,1886:JUMPDEST 1887:PUSH2 1890:JUMP 1891:JUMPDEST 1892:PUSH2 1895:JUMP 1896:JUMPDEST 1897:PUSH2 1900:JUMP
erc1155_evm,1905,JUMP,adjacent_push,1891:JUMPDEST 1892:PUSH2 1895:JUMP 1896:JUMPDEST 1897:PUSH2 1900:JUMP 1901:JUMPDEST 1902:PUSH2 1905:JUMP
erc1155_evm,1910,JUMP,adjacent_push,1896:JUMPDEST 1897:PUSH2 1900:JUMP 1901:JUMPDEST 1902:PUSH2 1905:JUMP 1906:JUMPDEST 1907:PUSH2 1910:JUMP
erc1155_evm,1915,JUMP,adjacent_push,1901:JUMPDEST 1902:PUSH2 1905:JUMP 1906:JUMPDEST 1907:PUSH2 1910:JUMP 1911:JUMPDEST 1912:PUSH2 1915:JUMP
erc1155_evm,1920,JUMP,adjacent_push,1906:JUMPDEST 1907:PUSH2 1910:JUMP 1911:JUMPDEST 1912:PUSH2 1915:JUMP 1916:JUMPDEST 1917:PUSH2 1920:JUMP
erc1155_evm,1925,JUMP,adjacent_push,1911:JUMPDEST 1912:PUSH2 1915:JUMP 1916:JUMPDEST 1917:PUSH2 1920:JUMP 1921:JUMPDEST 1922:PUSH2 1925:JUMP
erc1155_evm,1930,JUMP,adjacent_push,1916:JUMPDEST 1917:PUSH2 1920:JUMP 1921:JUMPDEST 1922:PUSH2 1925:JUMP 1926:JUMPDEST 1927:PUSH2 1930:JUMP
erc1155_evm,1935,JUMP,adjacent_push,1921:JUMPDEST 1922:PUSH2 1925:JUMP 1926:JUMPDEST 1927:PUSH2 1930:JUMP 1931:JUMPDEST 1932:PUSH2 1935:JUMP
erc1155_evm,1940,JUMP,adjacent_push,1926:JUMPDEST 1927:PUSH2 1930:JUMP 1931:JUMPDEST 1932:PUSH2 1935:JUMP 1936:JUMPDEST 1937:PUSH2 1940:JUMP
erc1155_evm,1951,JUMP,internal_return,1940:JUMP 1941:JUMPDEST 1942:PUSH2 1945:JUMP 1946:JUMPDEST 1947:PUSH1 1949:SHR 1950:SWAP1 1951:JUMP
erc1155_evm,1957,JUMP,internal_return,1947:PUSH1 1949:SHR 1950:SWAP1 1951:JUMP 1952:JUMPDEST 1953:PUSH1 1955:MLOAD 1956:SWAP1 1957:JUMP
erc1155_evm,1980,JUMP,internal_return,1970:JUMPDEST 1971:PUSH1 1973:DUP1 1974:PUSH1 1976:SHL 1977:SUB 1978:AND 1979:SWAP1 1980:JUMP
erc1155_evm,1989,JUMP,adjacent_push,1977:SUB 1978:AND 1979:SWAP1 1980:JUMP 1981:JUMPDEST 1982:PUSH2 1985:SWAP1 1986:PUSH2 1989:JUMP
erc1155_evm,1992,JUMP,internal_return,1980:JUMP 1981:JUMPDEST 1982:PUSH2 1985:SWAP1 1986:PUSH2 1989:JUMP 1990:JUMPDEST 1991:SWAP1 1992:JUMP
erc1155_evm,2007,JUMPI,adjacent_push,1993:JUMPDEST 1994:PUSH2 1997:DUP2 1998:PUSH2 2001:JUMP 2002:JUMPDEST 2003:SUB 2004:PUSH2 2007:JUMPI
erc1155_evm,2008,JUMP,top_computed,1994:PUSH2 1997:DUP2 1998:PUSH2 2001:JUMP 2002:JUMPDEST 2003:SUB 2004:PUSH2 2007:JUMPI 2008:JUMP
erc1155_evm,2025,JUMP,adjacent_push,2013:JUMPDEST 2014:SWAP1 2015:POP 2016:CALLDATALOAD 2017:SWAP1 2018:PUSH2 2021:DUP3 2022:PUSH2 2025:JUMP
erc1155_evm,2027,JUMP,bare_jumpdest_jump,2015:POP 2016:CALLDATALOAD 2017:SWAP1 2018:PUSH2 2021:DUP3 2022:PUSH2 2025:JUMP 2026:JUMPDEST 2027:JUMP
erc1155_evm,2030,JUMP,internal_return,2018:PUSH2 2021:DUP3 2022:PUSH2 2025:JUMP 2026:JUMPDEST 2027:JUMP 2028:JUMPDEST 2029:SWAP1 2030:JUMP
erc1155_evm,2045,JUMPI,adjacent_push,2031:JUMPDEST 2032:PUSH2 2035:DUP2 2036:PUSH2 2039:JUMP 2040:JUMPDEST 2041:SUB 2042:PUSH2 2045:JUMPI
erc1155_evm,2046,JUMP,top_computed,2032:PUSH2 2035:DUP2 2036:PUSH2 2039:JUMP 2040:JUMPDEST 2041:SUB 2042:PUSH2 2045:JUMPI 2046:JUMP
erc1155_evm,2063,JUMP,adjacent_push,2051:JUMPDEST 2052:SWAP1 2053:POP 2054:CALLDATALOAD 2055:SWAP1 2056:PUSH2 2059:DUP3 2060:PUSH2 2063:JUMP
erc1155_evm,2065,JUMP,bare_jumpdest_jump,2053:POP 2054:CALLDATALOAD 2055:SWAP1 2056:PUSH2 2059:DUP3 2060:PUSH2 2063:JUMP 2064:JUMPDEST 2065:JUMP
erc1155_evm,2078,JUMPI,adjacent_push,2067:SWAP2 2068:SWAP1 2069:PUSH1 2071:DUP4 2072:DUP3 2073:SUB 2074:OP_12 2075:PUSH2 2078:JUMPI
erc1155_evm,2093,JUMP,adjacent_push,2079:DUP1 2080:PUSH2 2083:PUSH2 2086:SWAP3 2087:PUSH0 2088:DUP7 2089:ADD 2090:PUSH2 2093:JUMP
erc1155_evm,2102,JUMP,adjacent_push,2089:ADD 2090:PUSH2 2093:JUMP 2094:JUMPDEST 2095:SWAP4 2096:PUSH1 2098:ADD 2099:PUSH2 2102:JUMP
erc1155_evm,2105,JUMP,internal_return,2094:JUMPDEST 2095:SWAP4 2096:PUSH1 2098:ADD 2099:PUSH2 2102:JUMP 2103:JUMPDEST 2104:SWAP1 2105:JUMP
erc1155_evm,2110,JUMP,adjacent_push,2098:ADD 2099:PUSH2 2102:JUMP 2103:JUMPDEST 2104:SWAP1 2105:JUMP 2106:JUMPDEST 2107:PUSH2 2110:JUMP
erc1155_evm,2123,JUMP,unknown_dynamic,2111:JUMPDEST 2112:PUSH2 2115:SWAP1 2116:PUSH2 2119:JUMP 2120:JUMPDEST 2121:SWAP1 2122:MSTORE 2123:JUMP
erc1155_evm,2142,JUMP,adjacent_push,2131:PUSH0 2132:PUSH1 2134:DUP6 2135:ADD 2136:SWAP5 2137:ADD 2138:SWAP1 2139:PUSH2 2142:JUMP
erc1155_evm,2144,JUMP,bare_jumpdest_jump,2134:DUP6 2135:ADD 2136:SWAP5 2137:ADD 2138:SWAP1 2139:PUSH2 2142:JUMP 2143:JUMPDEST 2144:JUMP
erc1155_evm,2150,JUMPI,adjacent_push,2138:SWAP1 2139:PUSH2 2142:JUMP 2143:JUMPDEST 2144:JUMP 2145:JUMPDEST 2146:OP_34 2147:PUSH2 2150:JUMPI
erc1155_evm,2166,JUMP,adjacent_push,2147:PUSH2 2150:JUMPI 2151:PUSH2 2154:PUSH2 2157:PUSH2 2160:CALLDATASIZE 2161:PUSH1 2163:PUSH2 2166:JUMP
erc1155_evm,2172,JUMP,adjacent_push,2157:PUSH2 2160:CALLDATASIZE 2161:PUSH1 2163:PUSH2 2166:JUMP 2167:JUMPDEST 2168:SWAP1 2169:PUSH2 2172:JUMP
erc1155_evm,2180,JUMP,adjacent_push,2166:JUMP 2167:JUMPDEST 2168:SWAP1 2169:PUSH2 2172:JUMP 2173:JUMPDEST 2174:PUSH2 2177:PUSH2 2180:JUMP
erc1155_evm,2189,JUMP,adjacent_push,2177:PUSH2 2180:JUMP 2181:JUMPDEST 2182:SWAP2 2183:DUP3 2184:SWAP2 2185:DUP3 2186:PUSH2 2189:JUMP
erc1155_evm,2198,JUMP,adjacent_push,2186:PUSH2 2189:JUMP 2190:JUMPDEST 2191:SUB 2192:SWAP1 2193:OP_f3 2194:JUMPDEST 2195:PUSH2 2198:JUMP
erc1155_evm,2210,JUMP,internal_return,2195:PUSH2 2198:JUMP 2199:JUMPDEST 2200:PUSH4 2205:PUSH1 2207:SHL 2208:AND 2209:SWAP1 2210:JUMP
erc1155_evm,2219,JUMP,adjacent_push,2207:SHL 2208:AND 2209:SWAP1 2210:JUMP 2211:JUMPDEST 2212:PUSH2 2215:DUP2 2216:PUSH2 2219:JUMP
erc1155_evm,2225,JUMPI,adjacent_push,2211:JUMPDEST 2212:PUSH2 2215:DUP2 2216:PUSH2 2219:JUMP 2220:JUMPDEST 2221:SUB 2222:PUSH2 2225:JUMPI
erc1155_evm,2226,JUMP,top_computed,2212:PUSH2 2215:DUP2 2216:PUSH2 2219:JUMP 2220:JUMPDEST 2221:SUB 2222:PUSH2 2225:JUMPI 2226:JUMP
erc1155_evm,2243,JUMP,adjacent_push,2231:JUMPDEST 2232:SWAP1 2233:POP 2234:CALLDATALOAD 2235:SWAP1 2236:PUSH2 2239:DUP3 2240:PUSH2 2243:JUMP
erc1155_evm,2245,JUMP,bare_jumpdest_jump,2233:POP 2234:CALLDATALOAD 2235:SWAP1 2236:PUSH2 2239:DUP3 2240:PUSH2 2243:JUMP 2244:JUMPDEST 2245:JUMP
erc1155_evm,2257,JUMPI,adjacent_push,2246:JUMPDEST 2247:SWAP1 2248:PUSH1 2250:DUP3 2251:DUP3 2252:SUB 2253:OP_12 2254:PUSH2 2257:JUMPI
erc1155_evm,2267,JUMP,adjacent_push,2253:OP_12 2254:PUSH2 2257:JUMPI 2258:PUSH2 2261:SWAP2 2262:PUSH0 2263:ADD 2264:PUSH2 2267:JUMP
erc1155_evm,2270,JUMP,internal_return,2258:PUSH2 2261:SWAP2 2262:PUSH0 2263:ADD 2264:PUSH2 2267:JUMP 2268:JUMPDEST 2269:SWAP1 2270:JUMP
erc1155_evm,2275,JUMP,adjacent_push,2263:ADD 2264:PUSH2 2267:JUMP 2268:JUMPDEST 2269:SWAP1 2270:JUMP 2271:JUMPDEST 2272:PUSH2 2275:JUMP
erc1155_evm,2280,JUMP,internal_return,2270:JUMP 2271:JUMPDEST 2272:PUSH2 2275:JUMP 2276:JUMPDEST 2277:ISZERO 2278:ISZERO 2279:SWAP1 2280:JUMP
erc1155_evm,2289,JUMP,adjacent_push,2277:ISZERO 2278:ISZERO 2279:SWAP1 2280:JUMP 2281:JUMPDEST 2282:PUSH2 2285:SWAP1 2286:PUSH2 2289:JUMP
erc1155_evm,2293,JUMP,unknown_dynamic,2281:JUMPDEST 2282:PUSH2 2285:SWAP1 2286:PUSH2 2289:JUMP 2290:JUMPDEST 2291:SWAP1 2292:MSTORE 2293:JUMP
erc1155_evm,2312,JUMP,adjacent_push,2301:PUSH0 2302:PUSH1 2304:DUP6 2305:ADD 2306:SWAP5 2307:ADD 2308:SWAP1 2309:PUSH2 2312:JUMP
erc1155_evm,2314,JUMP,bare_jumpdest_jump,2304:DUP6 2305:ADD 2306:SWAP5 2307:ADD 2308:SWAP1 2309:PUSH2 2312:JUMP 2313:JUMPDEST 2314:JUMP
erc1155_evm,2320,JUMPI,adjacent_push,2308:SWAP1 2309:PUSH2 2312:JUMP 2313:JUMPDEST 2314:JUMP 2315:JUMPDEST 2316:OP_34 2317:PUSH2 2320:JUMPI
erc1155_evm,2336,JUMP,adjacent_push,2317:PUSH2 2320:JUMPI 2321:PUSH2 2324:PUSH2 2327:PUSH2 2330:CALLDATASIZE 2331:PUSH1 2333:PUSH2 2336:JUMP
erc1155_evm,2341,JUMP,adjacent_push,2324:PUSH2 2327:PUSH2 2330:CALLDATASIZE 2331:PUSH1 2333:PUSH2 2336:JUMP 2337:JUMPDEST 2338:PUSH2 2341:JUMP
erc1155_evm,2349,JUMP,adjacent_push,2333:PUSH2 2336:JUMP 2337:JUMPDEST 2338:PUSH2 2341:JUMP 2342:JUMPDEST 2343:PUSH2 2346:PUSH2 2349:JUMP
erc1155_evm,2358,JUMP,adjacent_push,2346:PUSH2 2349:JUMP 2350:JUMPDEST 2351:SWAP2 2352:DUP3 2353:SWAP2 2354:DUP3 2355:PUSH2 2358:JUMP
erc1155_evm,2367,JUMP,adjacent_push,2355:PUSH2 2358:JUMP 2359:JUMPDEST 2360:SUB 2361:SWAP1 2362:OP_f3 2363:JUMPDEST 2364:PUSH2 2367:JUMP
erc1155_evm,2376,JUMPI,adjacent_push,2364:PUSH2 2367:JUMP 2368:JUMPDEST 2369:PUSH0 2370:SWAP2 2371:SUB 2372:OP_12 2373:PUSH2 2376:JUMPI
erc1155_evm,2377,JUMP,top_computed,2367:JUMP 2368:JUMPDEST 2369:PUSH0 2370:SWAP2 2371:SUB 2372:OP_12 2373:PUSH2 2376:JUMPI 2377:JUMP
erc1155_evm,2382,JUMP,adjacent_push,2370:SWAP2 2371:SUB 2372:OP_12 2373:PUSH2 2376:JUMPI 2377:JUMP 2378:JUMPDEST 2379:PUSH2 2382:JUMP
erc1155_evm,2437,JUMPI,adjacent_push,2426:PUSH1 2428:DUP4 2429:OP_04 2430:SWAP3 2431:AND 2432:DUP1 2433:ISZERO 2434:PUSH2 2437:JUMPI
erc1155_evm,2447,JUMPI,adjacent_push,2434:PUSH2 2437:JUMPI 2438:JUMPDEST 2439:PUSH1 2441:DUP4 2442:LT 2443:EQ 2444:PUSH2 2447:JUMPI
erc1155_evm,2448,JUMP,unknown_dynamic,2437:JUMPI 2438:JUMPDEST 2439:PUSH1 2441:DUP4 2442:LT 2443:EQ 2444:PUSH2 2447:JUMPI 2448:JUMP
erc1155_evm,2453,JUMP,adjacent_push,2441:DUP4 2442:LT 2443:EQ 2444:PUSH2 2447:JUMPI 2448:JUMP 2449:JUMPDEST 2450:PUSH2 2453:JUMP
erc1155_evm,2463,JUMP,adjacent_push,2450:PUSH2 2453:JUMP 2454:JUMPDEST 2455:SWAP2 2456:PUSH1 2458:AND 2459:SWAP2 2460:PUSH2 2463:JUMP
erc1155_evm,2472,JUMP,internal_return,2463:JUMP 2464:JUMPDEST 2465:PUSH1 2467:SWAP2 2468:DUP2 2469:MSTORE 2470:ADD 2471:SWAP1 2472:JUMP
erc1155_evm,2481,JUMP,internal_return,2472:JUMP 2473:JUMPDEST 2474:PUSH0 2475:MSTORE 2476:PUSH1 2478:PUSH0 2479:SHA3 2480:SWAP1 2481:JUMP
erc1155_evm,2500,JUMP,adjacent_push,2486:SWAP2 2487:DUP1 2488:SLOAD 2489:SWAP1 2490:PUSH2 2493:PUSH2 2496:DUP4 2497:PUSH2 2500:JUMP
erc1155_evm,2507,JUMP,adjacent_push,2493:PUSH2 2496:DUP4 2497:PUSH2 2500:JUMP 2501:JUMPDEST 2502:DUP1 2503:SWAP5 2504:PUSH2 2507:JUMP
erc1155_evm,2521,JUMPI,adjacent_push,2510:PUSH1 2512:DUP2 2513:AND 2514:SWAP1 2515:DUP2 2516:PUSH0 2517:EQ 2518:PUSH2 2521:JUMPI
erc1155_evm,2529,JUMPI,adjacent_push,2516:PUSH0 2517:EQ 2518:PUSH2 2521:JUMPI 2522:POP 2523:PUSH1 2525:EQ 2526:PUSH2 2529:JUMPI
erc1155_evm,2534,JUMP,unknown_dynamic,2523:PUSH1 2525:EQ 2526:PUSH2 2529:JUMPI 2530:JUMPDEST 2531:POP 2532:POP 2533:POP 2534:JUMP
erc1155_evm,2547,JUMP,adjacent_push,2535:JUMPDEST 2536:PUSH2 2539:SWAP2 2540:SWAP3 2541:SWAP4 2542:SWAP5 2543:POP 2544:PUSH2 2547:JUMP
erc1155_evm,2559,JUMPI,adjacent_push,2549:SWAP2 2550:PUSH0 2551:SWAP3 2552:JUMPDEST 2553:DUP2 2554:DUP5 2555:LT 2556:PUSH2 2559:JUMPI
erc1155_evm,2570,JUMP,adjacent_push,2560:POP 2561:POP 2562:ADD 2563:SWAP1 2564:PUSH0 2565:DUP1 2566:DUP1 2567:PUSH2 2570:JUMP
erc1155_evm,2594,JUMP,adjacent_push,2584:ADD 2585:MSTORE 2586:ADD 2587:SWAP2 2588:ADD 2589:SWAP3 2590:SWAP1 2591:PUSH2 2594:JUMP
erc1155_evm,2621,JUMP,adjacent_push,2610:PUSH1 2612:MUL 2613:ADD 2614:SWAP1 2615:PUSH0 2616:DUP1 2617:DUP1 2618:PUSH2 2621:JUMP
erc1155_evm,2631,JUMP,adjacent_push,2617:DUP1 2618:PUSH2 2621:JUMP 2622:JUMPDEST 2623:SWAP1 2624:PUSH2 2627:SWAP2 2628:PUSH2 2631:JUMP
erc1155_evm,2634,JUMP,internal_return,2622:JUMPDEST 2623:SWAP1 2624:PUSH2 2627:SWAP2 2628:PUSH2 2631:JUMP 2632:JUMPDEST 2633:SWAP1 2634:JUMP
erc1155_evm,2644,JUMP,internal_return,2635:JUMPDEST 2636:PUSH1 2638:DUP1 2639:NOT 2640:SWAP2 2641:ADD 2642:AND 2643:SWAP1 2644:JUMP
erc1155_evm,2674,JUMP,adjacent_push,2661:PUSH1 2663:PUSH0 2664:OP_fd 2665:JUMPDEST 2666:SWAP1 2667:PUSH2 2670:SWAP1 2671:PUSH2 2674:JUMP
erc1155_evm,2696,JUMPI,adjacent_push,2678:SWAP1 2679:DUP2 2680:LT 2681:PUSH8 2690:DUP3 2691:GT 2692:OR 2693:PUSH2 2696:JUMPI
erc1155_evm,2700,JUMP,unknown_dynamic,2681:PUSH8 2690:DUP3 2691:GT 2692:OR 2693:PUSH2 2696:JUMPI 2697:PUSH1 2699:MSTORE 2700:JUMP
erc1155_evm,2705,JUMP,adjacent_push,2692:OR 2693:PUSH2 2696:JUMPI 2697:PUSH1 2699:MSTORE 2700:JUMP 2701:JUMPDEST 2702:PUSH2 2705:JUMP
erc1155_evm,2721,JUMP,adjacent_push,2705:JUMP 2706:JUMPDEST 2707:SWAP1 2708:PUSH2 2711:PUSH2 2714:SWAP3 2715:PUSH2 2718:PUSH2 2721:JUMP
erc1155_evm,2730,JUMP,adjacent_push,2718:PUSH2 2721:JUMP 2722:JUMPDEST 2723:SWAP4 2724:DUP5 2725:DUP1 2726:SWAP3 2727:PUSH2 2730:JUMP
erc1155_evm,2737,JUMP,adjacent_push,2725:DUP1 2726:SWAP3 2727:PUSH2 2730:JUMP 2731:JUMPDEST 2732:SUB 2733:DUP4 2734:PUSH2 2737:JUMP
erc1155_evm,2739,JUMP,bare_jumpdest_jump,2727:PUSH2 2730:JUMP 2731:JUMPDEST 2732:SUB 2733:DUP4 2734:PUSH2 2737:JUMP 2738:JUMPDEST 2739:JUMP
erc1155_evm,2747,JUMPI,adjacent_push,2737:JUMP 2738:JUMPDEST 2739:JUMP 2740:JUMPDEST 2741:SWAP1 2742:PUSH0 2743:LT 2744:PUSH2 2747:JUMPI
erc1155_evm,2755,JUMP,adjacent_push,2741:SWAP1 2742:PUSH0 2743:LT 2744:PUSH2 2747:JUMPI 2748:PUSH2 2751:SWAP1 2752:PUSH2 2755:JUMP
erc1155_evm,2758,JUMP,internal_return,2744:PUSH2 2747:JUMPI 2748:PUSH2 2751:SWAP1 2752:PUSH2 2755:JUMP 2756:JUMPDEST 2757:SWAP1 2758:JUMP
erc1155_evm,2763,JUMP,adjacent_push,2751:SWAP1 2752:PUSH2 2755:JUMP 2756:JUMPDEST 2757:SWAP1 2758:JUMP 2759:JUMPDEST 2760:PUSH2 2763:JUMP
erc1155_evm,2775,JUMP,adjacent_push,2760:PUSH2 2763:JUMP 2764:JUMPDEST 2765:PUSH2 2768:PUSH1 2770:PUSH0 2771:SWAP1 2772:PUSH2 2775:JUMP
erc1155_evm,2778,JUMP,internal_return,2765:PUSH2 2768:PUSH1 2770:PUSH0 2771:SWAP1 2772:PUSH2 2775:JUMP 2776:JUMPDEST 2777:SWAP1 2778:JUMP
erc1155_evm,2782,JUMP,internal_return,2772:PUSH2 2775:JUMP 2776:JUMPDEST 2777:SWAP1 2778:JUMP 2779:JUMPDEST 2780:MLOAD 2781:SWAP1 2782:JUMP
erc1155_evm,2791,JUMP,internal_return,2782:JUMP 2783:JUMPDEST 2784:PUSH1 2786:SWAP2 2787:DUP2 2788:MSTORE 2789:ADD 2790:SWAP1 2791:JUMP
erc1155_evm,2802,JUMP,top_computed,2794:DUP3 2795:PUSH0 2796:SWAP4 2797:SWAP3 2798:DUP3 2799:OP_5e 2800:ADD 2801:MSTORE 2802:JUMP
erc1155_evm,2824,JUMP,adjacent_push,2807:PUSH2 2810:PUSH1 2812:SWAP4 2813:PUSH2 2816:SWAP4 2817:PUSH2 2820:DUP2 2821:PUSH2 2824:JUMP
erc1155_evm,2833,JUMP,adjacent_push,2821:PUSH2 2824:JUMP 2825:JUMPDEST 2826:SWAP4 2827:DUP5 2828:DUP1 2829:SWAP4 2830:PUSH2 2833:JUMP
erc1155_evm,2842,JUMP,adjacent_push,2830:PUSH2 2833:JUMP 2834:JUMPDEST 2835:SWAP6 2836:DUP7 2837:SWAP2 2838:ADD 2839:PUSH2 2842:JUMP
erc1155_evm,2847,JUMP,adjacent_push,2835:SWAP6 2836:DUP7 2837:SWAP2 2838:ADD 2839:PUSH2 2842:JUMP 2843:JUMPDEST 2844:PUSH2 2847:JUMP
erc1155_evm,2851,JUMP,internal_return,2839:PUSH2 2842:JUMP 2843:JUMPDEST 2844:PUSH2 2847:JUMP 2848:JUMPDEST 2849:ADD 2850:SWAP1 2851:JUMP
erc1155_evm,2872,JUMP,adjacent_push,2862:PUSH0 2863:DUP2 2864:DUP5 2865:SUB 2866:SWAP2 2867:ADD 2868:MSTORE 2869:PUSH2 2872:JUMP
erc1155_evm,2875,JUMP,internal_return,2865:SUB 2866:SWAP2 2867:ADD 2868:MSTORE 2869:PUSH2 2872:JUMP 2873:JUMPDEST 2874:SWAP1 2875:JUMP
erc1155_evm,2881,JUMPI,adjacent_push,2869:PUSH2 2872:JUMP 2873:JUMPDEST 2874:SWAP1 2875:JUMP 2876:JUMPDEST 2877:OP_34 2878:PUSH2 2881:JUMPI
erc1155_evm,2891,JUMP,adjacent_push,2876:JUMPDEST 2877:OP_34 2878:PUSH2 2881:JUMPI 2882:PUSH2 2885:CALLDATASIZE 2886:PUSH1 2888:PUSH2 2891:JUMP
erc1155_evm,2902,JUMP,adjacent_push,2885:CALLDATASIZE 2886:PUSH1 2888:PUSH2 2891:JUMP 2892:JUMPDEST 2893:PUSH2 2896:PUSH2 2899:PUSH2 2902:JUMP
erc1155_evm,2910,JUMP,adjacent_push,2892:JUMPDEST 2893:PUSH2 2896:PUSH2 2899:PUSH2 2902:JUMP 2903:JUMPDEST 2904:PUSH2 2907:PUSH2 2910:JUMP
erc1155_evm,2919,JUMP,adjacent_push,2907:PUSH2 2910:JUMP 2911:JUMPDEST 2912:SWAP2 2913:DUP3 2914:SWAP2 2915:DUP3 2916:PUSH2 2919:JUMP
erc1155_evm,2928,JUMP,adjacent_push,2916:PUSH2 2919:JUMP 2920:JUMPDEST 2921:SUB 2922:SWAP1 2923:OP_f3 2924:JUMPDEST 2925:PUSH2 2928:JUMP
erc1155_evm,2950,JUMP,adjacent_push,2936:OP_12 2937:PUSH2 2940:JUMPI 2941:PUSH2 2944:SWAP2 2945:PUSH0 2946:ADD 2947:PUSH2 2950:JUMP
erc1155_evm,2953,JUMP,internal_return,2941:PUSH2 2944:SWAP2 2945:PUSH0 2946:ADD 2947:PUSH2 2950:JUMP 2951:JUMPDEST 2952:SWAP1 2953:JUMP
erc1155_evm,2958,JUMP,adjacent_push,2946:ADD 2947:PUSH2 2950:JUMP 2951:JUMPDEST 2952:SWAP1 2953:JUMP 2954:JUMPDEST 2955:PUSH2 2958:JUMP
erc1155_evm,2964,JUMPI,adjacent_push,2952:SWAP1 2953:JUMP 2954:JUMPDEST 2955:PUSH2 2958:JUMP 2959:JUMPDEST 2960:OP_34 2961:PUSH2 2964:JUMPI
erc1155_evm,2980,JUMP,adjacent_push,2961:PUSH2 2964:JUMPI 2965:PUSH2 2968:PUSH2 2971:PUSH2 2974:CALLDATASIZE 2975:PUSH1 2977:PUSH2 2980:JUMP
erc1155_evm,2985,JUMP,adjacent_push,2968:PUSH2 2971:PUSH2 2974:CALLDATASIZE 2975:PUSH1 2977:PUSH2 2980:JUMP 2981:JUMPDEST 2982:PUSH2 2985:JUMP
erc1155_evm,2993,JUMP,adjacent_push,2977:PUSH2 2980:JUMP 2981:JUMPDEST 2982:PUSH2 2985:JUMP 2986:JUMPDEST 2987:PUSH2 2990:PUSH2 2993:JUMP
erc1155_evm,3002,JUMP,adjacent_push,2990:PUSH2 2993:JUMP 2994:JUMPDEST 2995:SWAP2 2996:DUP3 2997:SWAP2 2998:DUP3 2999:PUSH2 3002:JUMP
erc1155_evm,3011,JUMP,adjacent_push,2999:PUSH2 3002:JUMP 3003:JUMPDEST 3004:SUB 3005:SWAP1 3006:OP_f3 3007:JUMPDEST 3008:PUSH2 3011:JUMP
erc1155_evm,3027,JUMP,adjacent_push,3013:PUSH0 3014:DUP1 3015:OP_fd 3016:JUMPDEST 3017:SWAP1 3018:PUSH2 3021:PUSH2 3024:PUSH2 3027:JUMP
erc1155_evm,3034,JUMP,adjacent_push,3018:PUSH2 3021:PUSH2 3024:PUSH2 3027:JUMP 3028:JUMPDEST 3029:SWAP3 3030:DUP4 3031:PUSH2 3034:JUMP
erc1155_evm,3036,JUMP,bare_jumpdest_jump,3024:PUSH2 3027:JUMP 3028:JUMPDEST 3029:SWAP3 3030:DUP4 3031:PUSH2 3034:JUMP 3035:JUMPDEST 3036:JUMP
erc1155_evm,3052,JUMPI,adjacent_push,3034:JUMP 3035:JUMPDEST 3036:JUMP 3037:JUMPDEST 3038:PUSH8 3047:DUP2 3048:GT 3049:PUSH2 3052:JUMPI
erc1155_evm,3060,JUMP,internal_return,3049:PUSH2 3052:JUMPI 3053:PUSH1 3055:DUP1 3056:SWAP2 3057:MUL 3058:ADD 3059:SWAP1 3060:JUMP
erc1155_evm,3065,JUMP,adjacent_push,3055:DUP1 3056:SWAP2 3057:MUL 3058:ADD 3059:SWAP1 3060:JUMP 3061:JUMPDEST 3062:PUSH2 3065:JUMP
erc1155_evm,3090,JUMP,adjacent_push,3074:SWAP3 3075:PUSH2 3078:PUSH2 3081:DUP3 3082:PUSH2 3085:JUMP 3086:JUMPDEST 3087:PUSH2 3090:JUMP
erc1155_evm,3112,JUMPI,adjacent_push,3102:MUL 3103:DUP4 3104:ADD 3105:SWAP3 3106:DUP2 3107:DUP5 3108:GT 3109:PUSH2 3112:JUMPI
erc1155_evm,3126,JUMP,unknown_dynamic,3116:DUP4 3117:LT 3118:PUSH2 3121:JUMPI 3122:POP 3123:POP 3124:POP 3125:POP 3126:JUMP
erc1155_evm,3140,JUMP,adjacent_push,3127:JUMPDEST 3128:PUSH1 3130:DUP1 3131:SWAP2 3132:PUSH2 3135:DUP5 3136:DUP7 3137:PUSH2 3140:JUMP
erc1155_evm,3151,JUMP,adjacent_push,3141:JUMPDEST 3142:DUP2 3143:MSTORE 3144:ADD 3145:SWAP3 3146:ADD 3147:SWAP2 3148:PUSH2 3151:JUMP
erc1155_evm,3156,JUMP,adjacent_push,3144:ADD 3145:SWAP3 3146:ADD 3147:SWAP2 3148:PUSH2 3151:JUMP 3152:JUMPDEST 3153:PUSH2 3156:JUMP
erc1155_evm,3169,JUMPI,adjacent_push,3158:SWAP1 3159:DUP1 3160:PUSH1 3162:DUP4 3163:ADD 3164:OP_12 3165:ISZERO 3166:PUSH2 3169:JUMPI
erc1155_evm,3186,JUMP,internal_return,3176:SWAP4 3177:CALLDATALOAD 3178:SWAP2 3179:ADD 3180:PUSH2 3183:JUMP 3184:JUMPDEST 3185:SWAP1 3186:JUMP
erc1155_evm,3191,JUMP,adjacent_push,3179:ADD 3180:PUSH2 3183:JUMP 3184:JUMPDEST 3185:SWAP1 3186:JUMP 3187:JUMPDEST 3188:PUSH2 3191:JUMP
erc1155_evm,3211,JUMPI,adjacent_push,3193:PUSH0 3194:DUP1 3195:OP_fd 3196:JUMPDEST 3197:PUSH8 3206:DUP2 3207:GT 3208:PUSH2 3211:JUMPI
erc1155_evm,3221,JUMP,adjacent_push,3206:DUP2 3207:GT 3208:PUSH2 3211:JUMPI 3212:PUSH2 3215:PUSH1 3217:SWAP2 3218:PUSH2 3221:JUMP
erc1155_evm,3225,JUMP,internal_return,3212:PUSH2 3215:PUSH1 3217:SWAP2 3218:PUSH2 3221:JUMP 3222:JUMPDEST 3223:ADD 3224:SWAP1 3225:JUMP
erc1155_evm,3230,JUMP,adjacent_push,3218:PUSH2 3221:JUMP 3222:JUMPDEST 3223:ADD 3224:SWAP1 3225:JUMP 3226:JUMPDEST 3227:PUSH2 3230:JUMP
erc1155_evm,3241,JUMP,top_computed,3233:DUP3 3234:PUSH0 3235:SWAP4 3236:SWAP3 3237:DUP3 3238:OP_37 3239:ADD 3240:MSTORE 3241:JUMP
erc1155_evm,3257,JUMP,adjacent_push,3243:SWAP1 3244:SWAP3 3245:SWAP2 3246:SWAP3 3247:PUSH2 3250:PUSH2 3253:DUP3 3254:PUSH2 3257:JUMP
erc1155_evm,3262,JUMP,adjacent_push,3246:SWAP3 3247:PUSH2 3250:PUSH2 3253:DUP3 3254:PUSH2 3257:JUMP 3258:JUMPDEST 3259:PUSH2 3262:JUMP
erc1155_evm,3280,JUMPI,adjacent_push,3270:DUP6 3271:ADD 3272:SWAP1 3273:DUP3 3274:DUP5 3275:ADD 3276:GT 3277:PUSH2 3280:JUMPI
erc1155_evm,3288,JUMP,adjacent_push,3274:DUP5 3275:ADD 3276:GT 3277:PUSH2 3280:JUMPI 3281:PUSH2 3284:SWAP3 3285:PUSH2 3288:JUMP
erc1155_evm,3290,JUMP,bare_jumpdest_jump,3276:GT 3277:PUSH2 3280:JUMPI 3281:PUSH2 3284:SWAP3 3285:PUSH2 3288:JUMP 3289:JUMPDEST 3290:JUMP
erc1155_evm,3295,JUMP,adjacent_push,3281:PUSH2 3284:SWAP3 3285:PUSH2 3288:JUMP 3289:JUMPDEST 3290:JUMP 3291:JUMPDEST 3292:PUSH2 3295:JUMP
erc1155_evm,3308,JUMPI,adjacent_push,3297:SWAP1 3298:DUP1 3299:PUSH1 3301:DUP4 3302:ADD 3303:OP_12 3304:ISZERO 3305:PUSH2 3308:JUMPI
erc1155_evm,3322,JUMP,adjacent_push,3309:DUP2 3310:PUSH1 3312:PUSH2 3315:SWAP4 3316:CALLDATALOAD 3317:SWAP2 3318:ADD 3319:PUSH2 3322:JUMP
erc1155_evm,3325,JUMP,internal_return,3315:SWAP4 3316:CALLDATALOAD 3317:SWAP2 3318:ADD 3319:PUSH2 3322:JUMP 3323:JUMPDEST 3324:SWAP1 3325:JUMP
erc1155_evm,3330,JUMP,adjacent_push,3318:ADD 3319:PUSH2 3322:JUMP 3323:JUMPDEST 3324:SWAP1 3325:JUMP 3326:JUMPDEST 3327:PUSH2 3330:JUMP
erc1155_evm,3342,JUMPI,adjacent_push,3331:JUMPDEST 3332:SWAP1 3333:PUSH1 3335:DUP3 3336:DUP3 3337:SUB 3338:OP_12 3339:PUSH2 3342:JUMPI
erc1155_evm,3353,JUMP,adjacent_push,3339:PUSH2 3342:JUMPI 3343:PUSH2 3346:DUP2 3347:PUSH0 3348:DUP5 3349:ADD 3350:PUSH2 3353:JUMP
erc1155_evm,3375,JUMPI,adjacent_push,3356:PUSH1 3358:DUP4 3359:ADD 3360:CALLDATALOAD 3361:PUSH8 3370:DUP2 3371:GT 3372:PUSH2 3375:JUMPI
erc1155_evm,3386,JUMP,adjacent_push,3372:PUSH2 3375:JUMPI 3376:DUP3 3377:PUSH2 3380:SWAP2 3381:DUP6 3382:ADD 3383:PUSH2 3386:JUMP
erc1155_evm,3408,JUMPI,adjacent_push,3389:PUSH1 3391:DUP2 3392:ADD 3393:CALLDATALOAD 3394:PUSH8 3403:DUP2 3404:GT 3405:PUSH2 3408:JUMPI
erc1155_evm,3419,JUMP,adjacent_push,3405:PUSH2 3408:JUMPI 3409:DUP4 3410:PUSH2 3413:SWAP2 3414:DUP4 3415:ADD 3416:PUSH2 3419:JUMP
erc1155_evm,3441,JUMPI,adjacent_push,3422:PUSH1 3424:DUP3 3425:ADD 3426:CALLDATALOAD 3427:PUSH8 3436:DUP2 3437:GT 3438:PUSH2 3441:JUMPI
erc1155_evm,3450,JUMP,adjacent_push,3436:DUP2 3437:GT 3438:PUSH2 3441:JUMPI 3442:PUSH2 3445:SWAP3 3446:ADD 3447:PUSH2 3450:JUMP
erc1155_evm,3453,JUMP,internal_return,3441:JUMPI 3442:PUSH2 3445:SWAP3 3446:ADD 3447:PUSH2 3450:JUMP 3451:JUMPDEST 3452:SWAP1 3453:JUMP
erc1155_evm,3473,JUMP,adjacent_push,3459:JUMPDEST 3460:PUSH2 3463:JUMP 3464:JUMPDEST 3465:PUSH2 3468:JUMP 3469:JUMPDEST 3470:PUSH2 3473:JUMP
erc1155_evm,3478,JUMP,internal_return,3468:JUMP 3469:JUMPDEST 3470:PUSH2 3473:JUMP 3474:JUMPDEST 3475:PUSH0 3476:ADD 3477:SWAP1 3478:JUMP
erc1155_evm,3484,JUMPI,adjacent_push,3474:JUMPDEST 3475:PUSH0 3476:ADD 3477:SWAP1 3478:JUMP 3479:JUMPDEST 3480:OP_34 3481:PUSH2 3484:JUMPI
erc1155_evm,3497,JUMP,adjacent_push,3480:OP_34 3481:PUSH2 3484:JUMPI 3485:PUSH2 3488:PUSH2 3491:CALLDATASIZE 3492:PUSH1 3494:PUSH2 3497:JUMP
erc1155_evm,3506,JUMP,adjacent_push,3494:PUSH2 3497:JUMP 3498:JUMPDEST 3499:SWAP3 3500:SWAP2 3501:SWAP1 3502:SWAP2 3503:PUSH2 3506:JUMP
erc1155_evm,3514,JUMP,adjacent_push,3500:SWAP2 3501:SWAP1 3502:SWAP2 3503:PUSH2 3506:JUMP 3507:JUMPDEST 3508:PUSH2 3511:PUSH2 3514:JUMP
erc1155_evm,3524,JUMP,adjacent_push,3508:PUSH2 3511:PUSH2 3514:JUMP 3515:JUMPDEST 3516:DUP1 3517:PUSH2 3520:DUP2 3521:PUSH2 3524:JUMP
erc1155_evm,3533,JUMP,adjacent_push,3521:PUSH2 3524:JUMP 3525:JUMPDEST 3526:SUB 3527:SWAP1 3528:OP_f3 3529:JUMPDEST 3530:PUSH2 3533:JUMP
erc1155_evm,3558,JUMP,adjacent_push,3544:PUSH2 3547:JUMPI 3548:PUSH2 3551:DUP4 3552:PUSH0 3553:DUP4 3554:ADD 3555:PUSH2 3558:JUMP
erc1155_evm,3572,JUMP,adjacent_push,3559:JUMPDEST 3560:SWAP3 3561:PUSH2 3564:DUP2 3565:PUSH1 3567:DUP5 3568:ADD 3569:PUSH2 3572:JUMP
erc1155_evm,3594,JUMPI,adjacent_push,3575:PUSH1 3577:DUP4 3578:ADD 3579:CALLDATALOAD 3580:PUSH8 3589:DUP2 3590:GT 3591:PUSH2 3594:JUMPI
erc1155_evm,3605,JUMP,adjacent_push,3591:PUSH2 3594:JUMPI 3595:DUP3 3596:PUSH2 3599:SWAP2 3600:DUP6 3601:ADD 3602:PUSH2 3605:JUMP
erc1155_evm,3627,JUMPI,adjacent_push,3608:PUSH1 3610:DUP2 3611:ADD 3612:CALLDATALOAD 3613:PUSH8 3622:DUP2 3623:GT 3624:PUSH2 3627:JUMPI
erc1155_evm,3638,JUMP,adjacent_push,3624:PUSH2 3627:JUMPI 3628:DUP4 3629:PUSH2 3632:SWAP2 3633:DUP4 3634:ADD 3635:PUSH2 3638:JUMP
erc1155_evm,3660,JUMPI,adjacent_push,3641:PUSH1 3643:DUP3 3644:ADD 3645:CALLDATALOAD 3646:PUSH8 3655:DUP2 3656:GT 3657:PUSH2 3660:JUMPI
erc1155_evm,3669,JUMP,adjacent_push,3655:DUP2 3656:GT 3657:PUSH2 3660:JUMPI 3661:PUSH2 3664:SWAP3 3665:ADD 3666:PUSH2 3669:JUMP
erc1155_evm,3672,JUMP,internal_return,3660:JUMPI 3661:PUSH2 3664:SWAP3 3665:ADD 3666:PUSH2 3669:JUMP 3670:JUMPDEST 3671:SWAP1 3672:JUMP
erc1155_evm,3692,JUMP,adjacent_push,3678:JUMPDEST 3679:PUSH2 3682:JUMP 3683:JUMPDEST 3684:PUSH2 3687:JUMP 3688:JUMPDEST 3689:PUSH2 3692:JUMP
erc1155_evm,3711,JUMP,adjacent_push,3694:OP_34 3695:PUSH2 3698:JUMPI 3699:PUSH2 3702:PUSH2 3705:CALLDATASIZE 3706:PUSH1 3708:PUSH2 3711:JUMP
erc1155_evm,3720,JUMP,adjacent_push,3708:PUSH2 3711:JUMP 3712:JUMPDEST 3713:SWAP4 3714:SWAP3 3715:SWAP1 3716:SWAP3 3717:PUSH2 3720:JUMP
erc1155_evm,3728,JUMP,adjacent_push,3714:SWAP3 3715:SWAP1 3716:SWAP3 3717:PUSH2 3720:JUMP 3721:JUMPDEST 3722:PUSH2 3725:PUSH2 3728:JUMP
erc1155_evm,3738,JUMP,adjacent_push,3722:PUSH2 3725:PUSH2 3728:JUMP 3729:JUMPDEST 3730:DUP1 3731:PUSH2 3734:DUP2 3735:PUSH2 3738:JUMP
erc1155_evm,3747,JUMP,adjacent_push,3735:PUSH2 3738:JUMP 3739:JUMPDEST 3740:SUB 3741:SWAP1 3742:OP_f3 3743:JUMPDEST 3744:PUSH2 3747:JUMP
erc1155_evm,3763,JUMPI,adjacent_push,3743:JUMPDEST 3744:PUSH2 3747:JUMP 3748:JUMPDEST 3749:PUSH8 3758:DUP2 3759:GT 3760:PUSH2 3763:JUMPI
erc1155_evm,3771,JUMP,internal_return,3760:PUSH2 3763:JUMPI 3764:PUSH1 3766:DUP1 3767:SWAP2 3768:MUL 3769:ADD 3770:SWAP1 3771:JUMP
erc1155_evm,3776,JUMP,adjacent_push,3766:DUP1 3767:SWAP2 3768:MUL 3769:ADD 3770:SWAP1 3771:JUMP 3772:JUMPDEST 3773:PUSH2 3776:JUMP
erc1155_evm,3792,JUMP,adjacent_push,3778:SWAP1 3779:SWAP3 3780:SWAP2 3781:SWAP3 3782:PUSH2 3785:PUSH2 3788:DUP3 3789:PUSH2 3792:JUMP
erc1155_evm,3797,JUMP,adjacent_push,3781:SWAP3 3782:PUSH2 3785:PUSH2 3788:DUP3 3789:PUSH2 3792:JUMP 3793:JUMPDEST 3794:PUSH2 3797:JUMP
erc1155_evm,3819,JUMPI,adjacent_push,3809:MUL 3810:DUP4 3811:ADD 3812:SWAP3 3813:DUP2 3814:DUP5 3815:GT 3816:PUSH2 3819:JUMPI
erc1155_evm,3828,JUMPI,adjacent_push,3816:PUSH2 3819:JUMPI 3820:SWAP2 3821:JUMPDEST 3822:DUP4 3823:DUP4 3824:LT 3825:PUSH2 3828:JUMPI
erc1155_evm,3833,JUMP,unknown_dynamic,3823:DUP4 3824:LT 3825:PUSH2 3828:JUMPI 3829:POP 3830:POP 3831:POP 3832:POP 3833:JUMP
erc1155_evm,3847,JUMP,adjacent_push,3834:JUMPDEST 3835:PUSH1 3837:DUP1 3838:SWAP2 3839:PUSH2 3842:DUP5 3843:DUP7 3844:PUSH2 3847:JUMP
erc1155_evm,3858,JUMP,adjacent_push,3848:JUMPDEST 3849:DUP2 3850:MSTORE 3851:ADD 3852:SWAP3 3853:ADD 3854:SWAP2 3855:PUSH2 3858:JUMP
erc1155_evm,3863,JUMP,adjacent_push,3851:ADD 3852:SWAP3 3853:ADD 3854:SWAP2 3855:PUSH2 3858:JUMP 3859:JUMPDEST 3860:PUSH2 3863:JUMP
erc1155_evm,3876,JUMPI,adjacent_push,3865:SWAP1 3866:DUP1 3867:PUSH1 3869:DUP4 3870:ADD 3871:OP_12 3872:ISZERO 3873:PUSH2 3876:JUMPI
erc1155_evm,3890,JUMP,adjacent_push,3877:DUP2 3878:PUSH1 3880:PUSH2 3883:SWAP4 3884:CALLDATALOAD 3885:SWAP2 3886:ADD 3887:PUSH2 3890:JUMP
erc1155_evm,3893,JUMP,internal_return,3883:SWAP4 3884:CALLDATALOAD 3885:SWAP2 3886:ADD 3887:PUSH2 3890:JUMP 3891:JUMPDEST 3892:SWAP1 3893:JUMP
erc1155_evm,3898,JUMP,adjacent_push,3886:ADD 3887:PUSH2 3890:JUMP 3891:JUMPDEST 3892:SWAP1 3893:JUMP 3894:JUMPDEST 3895:PUSH2 3898:JUMP
erc1155_evm,3912,JUMPI,adjacent_push,3901:SWAP1 3902:SWAP2 3903:PUSH1 3905:DUP2 3906:DUP5 3907:SUB 3908:OP_12 3909:PUSH2 3912:JUMPI
erc1155_evm,3931,JUMPI,adjacent_push,3913:PUSH0 3914:DUP2 3915:ADD 3916:CALLDATALOAD 3917:PUSH8 3926:DUP2 3927:GT 3928:PUSH2 3931:JUMPI
erc1155_evm,3942,JUMP,adjacent_push,3928:PUSH2 3931:JUMPI 3932:DUP4 3933:PUSH2 3936:SWAP2 3937:DUP4 3938:ADD 3939:PUSH2 3942:JUMP
erc1155_evm,3964,JUMPI,adjacent_push,3945:PUSH1 3947:DUP3 3948:ADD 3949:CALLDATALOAD 3950:PUSH8 3959:DUP2 3960:GT 3961:PUSH2 3964:JUMPI
erc1155_evm,3973,JUMP,adjacent_push,3959:DUP2 3960:GT 3961:PUSH2 3964:JUMPI 3965:PUSH2 3968:SWAP3 3969:ADD 3970:PUSH2 3973:JUMP
erc1155_evm,3976,JUMP,internal_return,3964:JUMPI 3965:PUSH2 3968:SWAP3 3969:ADD 3970:PUSH2 3973:JUMP 3974:JUMPDEST 3975:SWAP1 3976:JUMP
erc1155_evm,3991,JUMP,adjacent_push,3977:JUMPDEST 3978:PUSH2 3981:JUMP 3982:JUMPDEST 3983:PUSH2 3986:JUMP 3987:JUMPDEST 3988:PUSH2 3991:JUMP
erc1155_evm,3995,JUMP,internal_return,3983:PUSH2 3986:JUMP 3987:JUMPDEST 3988:PUSH2 3991:JUMP 3992:JUMPDEST 3993:MLOAD 3994:SWAP1 3995:JUMP
erc1155_evm,4004,JUMP,internal_return,3995:JUMP 3996:JUMPDEST 3997:PUSH1 3999:SWAP2 4000:DUP2 4001:MSTORE 4002:ADD 4003:SWAP1 4004:JUMP
erc1155_evm,4010,JUMP,internal_return,4001:MSTORE 4002:ADD 4003:SWAP1 4004:JUMP 4005:JUMPDEST 4006:PUSH1 4008:ADD 4009:SWAP1 4010:JUMP
erc1155_evm,4023,JUMP,unknown_dynamic,4011:JUMPDEST 4012:PUSH2 4015:SWAP1 4016:PUSH2 4019:JUMP 4020:JUMPDEST 4021:SWAP1 4022:MSTORE 4023:JUMP
erc1155_evm,4036,JUMP,adjacent_push,4023:JUMP 4024:JUMPDEST 4025:SWAP1 4026:PUSH2 4029:DUP2 4030:PUSH1 4032:SWAP4 4033:PUSH2 4036:JUMP
erc1155_evm,4040,JUMP,internal_return,4029:DUP2 4030:PUSH1 4032:SWAP4 4033:PUSH2 4036:JUMP 4037:JUMPDEST 4038:ADD 4039:SWAP1 4040:JUMP
erc1155_evm,4046,JUMP,internal_return,4037:JUMPDEST 4038:ADD 4039:SWAP1 4040:JUMP 4041:JUMPDEST 4042:PUSH1 4044:ADD 4045:SWAP1 4046:JUMP
erc1155_evm,4069,JUMP,adjacent_push,4055:PUSH2 4058:DUP5 4059:PUSH2 4062:JUMP 4063:JUMPDEST 4064:DUP1 4065:SWAP4 4066:PUSH2 4069:JUMP
erc1155_evm,4075,JUMP,adjacent_push,4063:JUMPDEST 4064:DUP1 4065:SWAP4 4066:PUSH2 4069:JUMP 4070:JUMPDEST 4071:SWAP3 4072:PUSH2 4075:JUMP
erc1155_evm,4086,JUMPI,adjacent_push,4076:JUMPDEST 4077:SWAP1 4078:PUSH0 4079:JUMPDEST 4080:DUP2 4081:DUP2 4082:LT 4083:PUSH2 4086:JUMPI
erc1155_evm,4091,JUMP,internal_return,4081:DUP2 4082:LT 4083:PUSH2 4086:JUMPI 4087:POP 4088:POP 4089:POP 4090:SWAP1 4091:JUMP
erc1155_evm,4110,JUMP,adjacent_push,4095:SWAP3 4096:PUSH2 4099:PUSH2 4102:PUSH1 4104:SWAP3 4105:DUP7 4106:MLOAD 4107:PUSH2 4110:JUMP
erc1155_evm,4116,JUMP,adjacent_push,4104:SWAP3 4105:DUP7 4106:MLOAD 4107:PUSH2 4110:JUMP 4111:JUMPDEST 4112:SWAP5 4113:PUSH2 4116:JUMP
erc1155_evm,4126,JUMP,adjacent_push,4116:JUMP 4117:JUMPDEST 4118:SWAP2 4119:ADD 4120:SWAP2 4121:SWAP1 4122:SWAP2 4123:PUSH2 4126:JUMP
erc1155_evm,4150,JUMP,internal_return,4140:SUB 4141:SWAP2 4142:ADD 4143:MSTORE 4144:PUSH2 4147:JUMP 4148:JUMPDEST 4149:SWAP1 4150:JUMP
erc1155_evm,4156,JUMPI,adjacent_push,4144:PUSH2 4147:JUMP 4148:JUMPDEST 4149:SWAP1 4150:JUMP 4151:JUMPDEST 4152:OP_34 4153:PUSH2 4156:JUMPI
erc1155_evm,4178,JUMP,adjacent_push,4163:PUSH2 4166:CALLDATASIZE 4167:PUSH1 4169:PUSH2 4172:JUMP 4173:JUMPDEST 4174:SWAP1 4175:PUSH2 4178:JUMP
erc1155_evm,4186,JUMP,adjacent_push,4172:JUMP 4173:JUMPDEST 4174:SWAP1 4175:PUSH2 4178:JUMP 4179:JUMPDEST 4180:PUSH2 4183:PUSH2 4186:JUMP
erc1155_evm,4195,JUMP,adjacent_push,4183:PUSH2 4186:JUMP 4187:JUMPDEST 4188:SWAP2 4189:DUP3 4190:SWAP2 4191:DUP3 4192:PUSH2 4195:JUMP
erc1155_evm,4204,JUMP,adjacent_push,4192:PUSH2 4195:JUMP 4196:JUMPDEST 4197:SUB 4198:SWAP1 4199:OP_f3 4200:JUMPDEST 4201:PUSH2 4204:JUMP
erc1155_evm,4210,JUMPI,adjacent_push,4198:SWAP1 4199:OP_f3 4200:JUMPDEST 4201:PUSH2 4204:JUMP 4205:JUMPDEST 4206:OP_34 4207:PUSH2 4210:JUMPI
erc1155_evm,4220,JUMP,adjacent_push,4205:JUMPDEST 4206:OP_34 4207:PUSH2 4210:JUMPI 4211:PUSH2 4214:CALLDATASIZE 4215:PUSH1 4217:PUSH2 4220:JUMP
erc1155_evm,4228,JUMP,adjacent_push,4211:PUSH2 4214:CALLDATASIZE 4215:PUSH1 4217:PUSH2 4220:JUMP 4221:JUMPDEST 4222:PUSH2 4225:PUSH2 4228:JUMP
erc1155_evm,4236,JUMP,adjacent_push,4220:JUMP 4221:JUMPDEST 4222:PUSH2 4225:PUSH2 4228:JUMP 4229:JUMPDEST 4230:PUSH2 4233:PUSH2 4236:JUMP
erc1155_evm,4246,JUMP,adjacent_push,4230:PUSH2 4233:PUSH2 4236:JUMP 4237:JUMPDEST 4238:DUP1 4239:PUSH2 4242:DUP2 4243:PUSH2 4246:JUMP
erc1155_evm,4255,JUMP,adjacent_push,4243:PUSH2 4246:JUMP 4247:JUMPDEST 4248:SUB 4249:SWAP1 4250:OP_f3 4251:JUMPDEST 4252:PUSH2 4255:JUMP
erc1155_evm,4267,JUMPI,adjacent_push,4256:JUMPDEST 4257:SWAP1 4258:PUSH1 4260:DUP3 4261:DUP3 4262:SUB 4263:OP_12 4264:PUSH2 4267:JUMPI
erc1155_evm,4278,JUMP,adjacent_push,4264:PUSH2 4267:JUMPI 4268:PUSH2 4271:DUP2 4272:PUSH0 4273:DUP5 4274:ADD 4275:PUSH2 4278:JUMP
erc1155_evm,4292,JUMP,adjacent_push,4279:JUMPDEST 4280:SWAP3 4281:PUSH2 4284:DUP3 4285:PUSH1 4287:DUP6 4288:ADD 4289:PUSH2 4292:JUMP
erc1155_evm,4306,JUMP,adjacent_push,4293:JUMPDEST 4294:SWAP3 4295:PUSH2 4298:DUP4 4299:PUSH1 4301:DUP4 4302:ADD 4303:PUSH2 4306:JUMP
erc1155_evm,4328,JUMPI,adjacent_push,4309:PUSH1 4311:DUP3 4312:ADD 4313:CALLDATALOAD 4314:PUSH8 4323:DUP2 4324:GT 4325:PUSH2 4328:JUMPI
erc1155_evm,4337,JUMP,adjacent_push,4323:DUP2 4324:GT 4325:PUSH2 4328:JUMPI 4329:PUSH2 4332:SWAP3 4333:ADD 4334:PUSH2 4337:JUMP
erc1155_evm,4340,JUMP,internal_return,4328:JUMPI 4329:PUSH2 4332:SWAP3 4333:ADD 4334:PUSH2 4337:JUMP 4338:JUMPDEST 4339:SWAP1 4340:JUMP
erc1155_evm,4350,JUMP,adjacent_push,4338:JUMPDEST 4339:SWAP1 4340:JUMP 4341:JUMPDEST 4342:PUSH2 4345:JUMP 4346:JUMPDEST 4347:PUSH2 4350:JUMP
erc1155_evm,4369,JUMP,adjacent_push,4352:OP_34 4353:PUSH2 4356:JUMPI 4357:PUSH2 4360:PUSH2 4363:CALLDATASIZE 4364:PUSH1 4366:PUSH2 4369:JUMP
erc1155_evm,4378,JUMP,adjacent_push,4366:PUSH2 4369:JUMP 4370:JUMPDEST 4371:SWAP3 4372:SWAP2 4373:SWAP1 4374:SWAP2 4375:PUSH2 4378:JUMP
erc1155_evm,4386,JUMP,adjacent_push,4372:SWAP2 4373:SWAP1 4374:SWAP2 4375:PUSH2 4378:JUMP 4379:JUMPDEST 4380:PUSH2 4383:PUSH2 4386:JUMP
erc1155_evm,4396,JUMP,adjacent_push,4380:PUSH2 4383:PUSH2 4386:JUMP 4387:JUMPDEST 4388:DUP1 4389:PUSH2 4392:DUP2 4393:PUSH2 4396:JUMP
erc1155_evm,4405,JUMP,adjacent_push,4393:PUSH2 4396:JUMP 4397:JUMPDEST 4398:SUB 4399:SWAP1 4400:OP_f3 4401:JUMPDEST 4402:PUSH2 4405:JUMP
erc1155_evm,4418,JUMP,unknown_dynamic,4406:JUMPDEST 4407:PUSH2 4410:SWAP1 4411:PUSH2 4414:JUMP 4415:JUMPDEST 4416:SWAP1 4417:MSTORE 4418:JUMP
erc1155_evm,4437,JUMP,adjacent_push,4426:PUSH0 4427:PUSH1 4429:DUP6 4430:ADD 4431:SWAP5 4432:ADD 4433:SWAP1 4434:PUSH2 4437:JUMP
erc1155_evm,4439,JUMP,bare_jumpdest_jump,4429:DUP6 4430:ADD 4431:SWAP5 4432:ADD 4433:SWAP1 4434:PUSH2 4437:JUMP 4438:JUMPDEST 4439:JUMP
erc1155_evm,4445,JUMPI,adjacent_push,4433:SWAP1 4434:PUSH2 4437:JUMP 4438:JUMPDEST 4439:JUMP 4440:JUMPDEST 4441:OP_34 4442:PUSH2 4445:JUMPI
erc1155_evm,4455,JUMP,adjacent_push,4440:JUMPDEST 4441:OP_34 4442:PUSH2 4445:JUMPI 4446:PUSH2 4449:CALLDATASIZE 4450:PUSH1 4452:PUSH2 4455:JUMP
erc1155_evm,4466,JUMP,adjacent_push,4449:CALLDATASIZE 4450:PUSH1 4452:PUSH2 4455:JUMP 4456:JUMPDEST 4457:PUSH2 4460:PUSH2 4463:PUSH2 4466:JUMP
erc1155_evm,4474,JUMP,adjacent_push,4456:JUMPDEST 4457:PUSH2 4460:PUSH2 4463:PUSH2 4466:JUMP 4467:JUMPDEST 4468:PUSH2 4471:PUSH2 4474:JUMP
erc1155_evm,4492,JUMP,adjacent_push,4480:PUSH2 4483:JUMP 4484:JUMPDEST 4485:SUB 4486:SWAP1 4487:OP_f3 4488:JUMPDEST 4489:PUSH2 4492:JUMP
erc1155_evm,4504,JUMP,adjacent_push,4489:PUSH2 4492:JUMP 4493:JUMPDEST 4494:PUSH2 4497:PUSH1 4499:PUSH0 4500:SWAP1 4501:PUSH2 4504:JUMP
erc1155_evm,4507,JUMP,internal_return,4494:PUSH2 4497:PUSH1 4499:PUSH0 4500:SWAP1 4501:PUSH2 4504:JUMP 4505:JUMPDEST 4506:SWAP1 4507:JUMP
erc1155_evm,4513,JUMPI,adjacent_push,4501:PUSH2 4504:JUMP 4505:JUMPDEST 4506:SWAP1 4507:JUMP 4508:JUMPDEST 4509:OP_34 4510:PUSH2 4513:JUMPI
erc1155_evm,4523,JUMP,adjacent_push,4508:JUMPDEST 4509:OP_34 4510:PUSH2 4513:JUMPI 4514:PUSH2 4517:CALLDATASIZE 4518:PUSH1 4520:PUSH2 4523:JUMP
erc1155_evm,4534,JUMP,adjacent_push,4517:CALLDATASIZE 4518:PUSH1 4520:PUSH2 4523:JUMP 4524:JUMPDEST 4525:PUSH2 4528:PUSH2 4531:PUSH2 4534:JUMP
erc1155_evm,4542,JUMP,adjacent_push,4524:JUMPDEST 4525:PUSH2 4528:PUSH2 4531:PUSH2 4534:JUMP 4535:JUMPDEST 4536:PUSH2 4539:PUSH2 4542:JUMP
erc1155_evm,4551,JUMP,adjacent_push,4539:PUSH2 4542:JUMP 4543:JUMPDEST 4544:SWAP2 4545:DUP3 4546:SWAP2 4547:DUP3 4548:PUSH2 4551:JUMP
erc1155_evm,4560,JUMP,adjacent_push,4548:PUSH2 4551:JUMP 4552:JUMPDEST 4553:SUB 4554:SWAP1 4555:OP_f3 4556:JUMPDEST 4557:PUSH2 4560:JUMP
erc1155_evm,4569,JUMP,adjacent_push,4555:OP_f3 4556:JUMPDEST 4557:PUSH2 4560:JUMP 4561:JUMPDEST 4562:PUSH2 4565:DUP2 4566:PUSH2 4569:JUMP
erc1155_evm,4575,JUMPI,adjacent_push,4561:JUMPDEST 4562:PUSH2 4565:DUP2 4566:PUSH2 4569:JUMP 4570:JUMPDEST 4571:SUB 4572:PUSH2 4575:JUMPI
erc1155_evm,4576,JUMP,top_computed,4562:PUSH2 4565:DUP2 4566:PUSH2 4569:JUMP 4570:JUMPDEST 4571:SUB 4572:PUSH2 4575:JUMPI 4576:JUMP
erc1155_evm,4593,JUMP,adjacent_push,4581:JUMPDEST 4582:SWAP1 4583:POP 4584:CALLDATALOAD 4585:SWAP1 4586:PUSH2 4589:DUP3 4590:PUSH2 4593:JUMP
erc1155_evm,4595,JUMP,bare_jumpdest_jump,4583:POP 4584:CALLDATALOAD 4585:SWAP1 4586:PUSH2 4589:DUP3 4590:PUSH2 4593:JUMP 4594:JUMPDEST 4595:JUMP
erc1155_evm,4608,JUMPI,adjacent_push,4597:SWAP2 4598:SWAP1 4599:PUSH1 4601:DUP4 4602:DUP3 4603:SUB 4604:OP_12 4605:PUSH2 4608:JUMPI
erc1155_evm,4623,JUMP,adjacent_push,4609:DUP1 4610:PUSH2 4613:PUSH2 4616:SWAP3 4617:PUSH0 4618:DUP7 4619:ADD 4620:PUSH2 4623:JUMP
erc1155_evm,4632,JUMP,adjacent_push,4619:ADD 4620:PUSH2 4623:JUMP 4624:JUMPDEST 4625:SWAP4 4626:PUSH1 4628:ADD 4629:PUSH2 4632:JUMP
erc1155_evm,4635,JUMP,internal_return,4624:JUMPDEST 4625:SWAP4 4626:PUSH1 4628:ADD 4629:PUSH2 4632:JUMP 4633:JUMPDEST 4634:SWAP1 4635:JUMP
erc1155_evm,4640,JUMP,adjacent_push,4628:ADD 4629:PUSH2 4632:JUMP 4633:JUMPDEST 4634:SWAP1 4635:JUMP 4636:JUMPDEST 4637:PUSH2 4640:JUMP
erc1155_evm,4646,JUMPI,adjacent_push,4634:SWAP1 4635:JUMP 4636:JUMPDEST 4637:PUSH2 4640:JUMP 4641:JUMPDEST 4642:OP_34 4643:PUSH2 4646:JUMPI
erc1155_evm,4659,JUMP,adjacent_push,4642:OP_34 4643:PUSH2 4646:JUMPI 4647:PUSH2 4650:PUSH2 4653:CALLDATASIZE 4654:PUSH1 4656:PUSH2 4659:JUMP
erc1155_evm,4665,JUMP,adjacent_push,4650:PUSH2 4653:CALLDATASIZE 4654:PUSH1 4656:PUSH2 4659:JUMP 4660:JUMPDEST 4661:SWAP1 4662:PUSH2 4665:JUMP
erc1155_evm,4673,JUMP,adjacent_push,4659:JUMP 4660:JUMPDEST 4661:SWAP1 4662:PUSH2 4665:JUMP 4666:JUMPDEST 4667:PUSH2 4670:PUSH2 4673:JUMP
erc1155_evm,4683,JUMP,adjacent_push,4667:PUSH2 4670:PUSH2 4673:JUMP 4674:JUMPDEST 4675:DUP1 4676:PUSH2 4679:DUP2 4680:PUSH2 4683:JUMP
erc1155_evm,4692,JUMP,adjacent_push,4680:PUSH2 4683:JUMP 4684:JUMPDEST 4685:SUB 4686:SWAP1 4687:OP_f3 4688:JUMPDEST 4689:PUSH2 4692:JUMP
erc1155_evm,4705,JUMPI,adjacent_push,4694:SWAP2 4695:SWAP1 4696:PUSH1 4698:DUP4 4699:DUP3 4700:SUB 4701:OP_12 4702:PUSH2 4705:JUMPI
erc1155_evm,4720,JUMP,adjacent_push,4706:DUP1 4707:PUSH2 4710:PUSH2 4713:SWAP3 4714:PUSH0 4715:DUP7 4716:ADD 4717:PUSH2 4720:JUMP
erc1155_evm,4729,JUMP,adjacent_push,4716:ADD 4717:PUSH2 4720:JUMP 4721:JUMPDEST 4722:SWAP4 4723:PUSH1 4725:ADD 4726:PUSH2 4729:JUMP
erc1155_evm,4732,JUMP,internal_return,4721:JUMPDEST 4722:SWAP4 4723:PUSH1 4725:ADD 4726:PUSH2 4729:JUMP 4730:JUMPDEST 4731:SWAP1 4732:JUMP
erc1155_evm,4737,JUMP,adjacent_push,4725:ADD 4726:PUSH2 4729:JUMP 4730:JUMPDEST 4731:SWAP1 4732:JUMP 4733:JUMPDEST 4734:PUSH2 4737:JUMP
erc1155_evm,4743,JUMPI,adjacent_push,4731:SWAP1 4732:JUMP 4733:JUMPDEST 4734:PUSH2 4737:JUMP 4738:JUMPDEST 4739:OP_34 4740:PUSH2 4743:JUMPI
erc1155_evm,4759,JUMP,adjacent_push,4740:PUSH2 4743:JUMPI 4744:PUSH2 4747:PUSH2 4750:PUSH2 4753:CALLDATASIZE 4754:PUSH1 4756:PUSH2 4759:JUMP
erc1155_evm,4765,JUMP,adjacent_push,4750:PUSH2 4753:CALLDATASIZE 4754:PUSH1 4756:PUSH2 4759:JUMP 4760:JUMPDEST 4761:SWAP1 4762:PUSH2 4765:JUMP
erc1155_evm,4773,JUMP,adjacent_push,4759:JUMP 4760:JUMPDEST 4761:SWAP1 4762:PUSH2 4765:JUMP 4766:JUMPDEST 4767:PUSH2 4770:PUSH2 4773:JUMP
erc1155_evm,4782,JUMP,adjacent_push,4770:PUSH2 4773:JUMP 4774:JUMPDEST 4775:SWAP2 4776:DUP3 4777:SWAP2 4778:DUP3 4779:PUSH2 4782:JUMP
erc1155_evm,4791,JUMP,adjacent_push,4779:PUSH2 4782:JUMP 4783:JUMPDEST 4784:SUB 4785:SWAP1 4786:OP_f3 4787:JUMPDEST 4788:PUSH2 4791:JUMP
erc1155_evm,4805,JUMPI,adjacent_push,4794:SWAP1 4795:SWAP2 4796:PUSH1 4798:DUP2 4799:DUP5 4800:SUB 4801:OP_12 4802:PUSH2 4805:JUMPI
erc1155_evm,4816,JUMP,adjacent_push,4802:PUSH2 4805:JUMPI 4806:PUSH2 4809:DUP4 4810:PUSH0 4811:DUP4 4812:ADD 4813:PUSH2 4816:JUMP
erc1155_evm,4830,JUMP,adjacent_push,4817:JUMPDEST 4818:SWAP3 4819:PUSH2 4822:DUP2 4823:PUSH1 4825:DUP5 4826:ADD 4827:PUSH2 4830:JUMP
erc1155_evm,4844,JUMP,adjacent_push,4831:JUMPDEST 4832:SWAP3 4833:PUSH2 4836:DUP3 4837:PUSH1 4839:DUP6 4840:ADD 4841:PUSH2 4844:JUMP
erc1155_evm,4858,JUMP,adjacent_push,4845:JUMPDEST 4846:SWAP3 4847:PUSH2 4850:DUP4 4851:PUSH1 4853:DUP4 4854:ADD 4855:PUSH2 4858:JUMP
erc1155_evm,4880,JUMPI,adjacent_push,4861:PUSH1 4863:DUP3 4864:ADD 4865:CALLDATALOAD 4866:PUSH8 4875:DUP2 4876:GT 4877:PUSH2 4880:JUMPI
erc1155_evm,4889,JUMP,adjacent_push,4875:DUP2 4876:GT 4877:PUSH2 4880:JUMPI 4881:PUSH2 4884:SWAP3 4885:ADD 4886:PUSH2 4889:JUMP
erc1155_evm,4892,JUMP,internal_return,4880:JUMPI 4881:PUSH2 4884:SWAP3 4885:ADD 4886:PUSH2 4889:JUMP 4890:JUMPDEST 4891:SWAP1 4892:JUMP
erc1155_evm,4902,JUMP,adjacent_push,4890:JUMPDEST 4891:SWAP1 4892:JUMP 4893:JUMPDEST 4894:PUSH2 4897:JUMP 4898:JUMPDEST 4899:PUSH2 4902:JUMP
erc1155_evm,4908,JUMPI,adjacent_push,4894:PUSH2 4897:JUMP 4898:JUMPDEST 4899:PUSH2 4902:JUMP 4903:JUMPDEST 4904:OP_34 4905:PUSH2 4908:JUMPI
erc1155_evm,4921,JUMP,adjacent_push,4904:OP_34 4905:PUSH2 4908:JUMPI 4909:PUSH2 4912:PUSH2 4915:CALLDATASIZE 4916:PUSH1 4918:PUSH2 4921:JUMP
erc1155_evm,4930,JUMP,adjacent_push,4918:PUSH2 4921:JUMP 4922:JUMPDEST 4923:SWAP4 4924:SWAP3 4925:SWAP1 4926:SWAP3 4927:PUSH2 4930:JUMP
erc1155_evm,4938,JUMP,adjacent_push,4924:SWAP3 4925:SWAP1 4926:SWAP3 4927:PUSH2 4930:JUMP 4931:JUMPDEST 4932:PUSH2 4935:PUSH2 4938:JUMP
erc1155_evm,4948,JUMP,adjacent_push,4932:PUSH2 4935:PUSH2 4938:JUMP 4939:JUMPDEST 4940:DUP1 4941:PUSH2 4944:DUP2 4945:PUSH2 4948:JUMP
erc1155_evm,4957,JUMP,adjacent_push,4945:PUSH2 4948:JUMP 4949:JUMPDEST 4950:SUB 4951:SWAP1 4952:OP_f3 4953:JUMPDEST 4954:PUSH2 4957:JUMP
erc1155_evm,4969,JUMPI,adjacent_push,4958:JUMPDEST 4959:SWAP1 4960:PUSH1 4962:DUP3 4963:DUP3 4964:SUB 4965:OP_12 4966:PUSH2 4969:JUMPI
erc1155_evm,4979,JUMP,adjacent_push,4965:OP_12 4966:PUSH2 4969:JUMPI 4970:PUSH2 4973:SWAP2 4974:PUSH0 4975:ADD 4976:PUSH2 4979:JUMP
erc1155_evm,4982,JUMP,internal_return,4970:PUSH2 4973:SWAP2 4974:PUSH0 4975:ADD 4976:PUSH2 4979:JUMP 4980:JUMPDEST 4981:SWAP1 4982:JUMP
erc1155_evm,4987,JUMP,adjacent_push,4975:ADD 4976:PUSH2 4979:JUMP 4980:JUMPDEST 4981:SWAP1 4982:JUMP 4983:JUMPDEST 4984:PUSH2 4987:JUMP
erc1155_evm,4993,JUMPI,adjacent_push,4981:SWAP1 4982:JUMP 4983:JUMPDEST 4984:PUSH2 4987:JUMP 4988:JUMPDEST 4989:OP_34 4990:PUSH2 4993:JUMPI
erc1155_evm,5006,JUMP,adjacent_push,4989:OP_34 4990:PUSH2 4993:JUMPI 4994:PUSH2 4997:PUSH2 5000:CALLDATASIZE 5001:PUSH1 5003:PUSH2 5006:JUMP
erc1155_evm,5011,JUMP,adjacent_push,4994:PUSH2 4997:PUSH2 5000:CALLDATASIZE 5001:PUSH1 5003:PUSH2 5006:JUMP 5007:JUMPDEST 5008:PUSH2 5011:JUMP
erc1155_evm,5019,JUMP,adjacent_push,5003:PUSH2 5006:JUMP 5007:JUMPDEST 5008:PUSH2 5011:JUMP 5012:JUMPDEST 5013:PUSH2 5016:PUSH2 5019:JUMP
erc1155_evm,5029,JUMP,adjacent_push,5013:PUSH2 5016:PUSH2 5019:JUMP 5020:JUMPDEST 5021:DUP1 5022:PUSH2 5025:DUP2 5026:PUSH2 5029:JUMP
erc1155_evm,5038,JUMP,adjacent_push,5026:PUSH2 5029:JUMP 5030:JUMPDEST 5031:SUB 5032:SWAP1 5033:OP_f3 5034:JUMPDEST 5035:PUSH2 5038:JUMP
erc1155_evm,5046,JUMP,internal_return,5038:JUMP 5039:JUMPDEST 5040:PUSH0 5041:DUP1 5042:OP_fd 5043:JUMPDEST 5044:PUSH0 5045:SWAP1 5046:JUMP
erc1155_evm,5049,JUMP,internal_return,5041:DUP1 5042:OP_fd 5043:JUMPDEST 5044:PUSH0 5045:SWAP1 5046:JUMP 5047:JUMPDEST 5048:SWAP1 5049:JUMP
erc1155_evm,5069,JUMP,adjacent_push,5051:PUSH2 5054:PUSH2 5057:PUSH2 5060:SWAP3 5061:PUSH2 5064:JUMP 5065:JUMPDEST 5066:PUSH2 5069:JUMP
erc1155_evm,5077,JUMP,internal_return,5065:JUMPDEST 5066:PUSH2 5069:JUMP 5070:JUMPDEST 5071:PUSH2 5074:JUMP 5075:JUMPDEST 5076:SWAP1 5077:JUMP
erc1155_evm,5087,JUMP,adjacent_push,5075:JUMPDEST 5076:SWAP1 5077:JUMP 5078:JUMPDEST 5079:SWAP1 5080:PUSH2 5083:SWAP1 5084:PUSH2 5087:JUMP
erc1155_evm,5099,JUMP,internal_return,5089:PUSH0 5090:MSTORE 5091:PUSH1 5093:MSTORE 5094:PUSH1 5096:PUSH0 5097:SHA3 5098:SWAP1 5099:JUMP
erc1155_evm,5114,JUMP,adjacent_push,5098:SWAP1 5099:JUMP 5100:JUMPDEST 5101:PUSH2 5104:PUSH2 5107:PUSH2 5110:SWAP3 5111:PUSH2 5114:JUMP
erc1155_evm,5119,JUMP,adjacent_push,5101:PUSH2 5104:PUSH2 5107:PUSH2 5110:SWAP3 5111:PUSH2 5114:JUMP 5115:JUMPDEST 5116:PUSH2 5119:JUMP
erc1155_evm,5124,JUMP,adjacent_push,5110:SWAP3 5111:PUSH2 5114:JUMP 5115:JUMPDEST 5116:PUSH2 5119:JUMP 5120:JUMPDEST 5121:PUSH2 5124:JUMP
erc1155_evm,5127,JUMP,internal_return,5115:JUMPDEST 5116:PUSH2 5119:JUMP 5120:JUMPDEST 5121:PUSH2 5124:JUMP 5125:JUMPDEST 5126:SWAP1 5127:JUMP
erc1155_evm,5136,JUMP,adjacent_push,5124:JUMP 5125:JUMPDEST 5126:SWAP1 5127:JUMP 5128:JUMPDEST 5129:PUSH2 5132:SWAP1 5133:PUSH2 5136:JUMP
erc1155_evm,5139,JUMP,internal_return,5127:JUMP 5128:JUMPDEST 5129:PUSH2 5132:SWAP1 5133:PUSH2 5136:JUMP 5137:JUMPDEST 5138:SWAP1 5139:JUMP
erc1155_evm,5148,JUMP,adjacent_push,5136:JUMP 5137:JUMPDEST 5138:SWAP1 5139:JUMP 5140:JUMPDEST 5141:PUSH2 5144:SWAP1 5145:PUSH2 5148:JUMP
erc1155_evm,5151,JUMP,internal_return,5139:JUMP 5140:JUMPDEST 5141:PUSH2 5144:SWAP1 5145:PUSH2 5148:JUMP 5149:JUMPDEST 5150:SWAP1 5151:JUMP
erc1155_evm,5161,JUMP,adjacent_push,5149:JUMPDEST 5150:SWAP1 5151:JUMP 5152:JUMPDEST 5153:SWAP1 5154:PUSH2 5157:SWAP1 5158:PUSH2 5161:JUMP
erc1155_evm,5173,JUMP,internal_return,5163:PUSH0 5164:MSTORE 5165:PUSH1 5167:MSTORE 5168:PUSH1 5170:PUSH0 5171:SHA3 5172:SWAP1 5173:JUMP
erc1155_evm,5178,JUMP,internal_return,5170:PUSH0 5171:SHA3 5172:SWAP1 5173:JUMP 5174:JUMPDEST 5175:PUSH0 5176:SHR 5177:SWAP1 5178:JUMP
erc1155_evm,5181,JUMP,internal_return,5173:JUMP 5174:JUMPDEST 5175:PUSH0 5176:SHR 5177:SWAP1 5178:JUMP 5179:JUMPDEST 5180:SWAP1 5181:JUMP
erc1155_evm,5193,JUMP,adjacent_push,5179:JUMPDEST 5180:SWAP1 5181:JUMP 5182:JUMPDEST 5183:PUSH2 5186:PUSH2 5189:SWAP2 5190:PUSH2 5193:JUMP
erc1155_evm,5198,JUMP,adjacent_push,5182:JUMPDEST 5183:PUSH2 5186:PUSH2 5189:SWAP2 5190:PUSH2 5193:JUMP 5194:JUMPDEST 5195:PUSH2 5198:JUMP
erc1155_evm,5201,JUMP,internal_return,5189:SWAP2 5190:PUSH2 5193:JUMP 5194:JUMPDEST 5195:PUSH2 5198:JUMP 5199:JUMPDEST 5200:SWAP1 5201:JUMP
erc1155_evm,5211,JUMP,adjacent_push,5199:JUMPDEST 5200:SWAP1 5201:JUMP 5202:JUMPDEST 5203:PUSH2 5206:SWAP1 5207:SLOAD 5208:PUSH2 5211:JUMP
erc1155_evm,5214,JUMP,internal_return,5202:JUMPDEST 5203:PUSH2 5206:SWAP1 5207:SLOAD 5208:PUSH2 5211:JUMP 5212:JUMPDEST 5213:SWAP1 5214:JUMP
erc1155_evm,5233,JUMP,adjacent_push,5215:JUMPDEST 5216:PUSH2 5219:SWAP1 5220:PUSH2 5223:PUSH2 5226:SWAP4 5227:PUSH2 5230:PUSH2 5233:JUMP
erc1155_evm,5240,JUMP,adjacent_push,5226:SWAP4 5227:PUSH2 5230:PUSH2 5233:JUMP 5234:JUMPDEST 5235:POP 5236:PUSH0 5237:PUSH2 5240:JUMP
erc1155_evm,5245,JUMP,adjacent_push,5233:JUMP 5234:JUMPDEST 5235:POP 5236:PUSH0 5237:PUSH2 5240:JUMP 5241:JUMPDEST 5242:PUSH2 5245:JUMP
erc1155_evm,5250,JUMP,adjacent_push,5236:PUSH0 5237:PUSH2 5240:JUMP 5241:JUMPDEST 5242:PUSH2 5245:JUMP 5246:JUMPDEST 5247:PUSH2 5250:JUMP
erc1155_evm,5253,JUMP,internal_return,5241:JUMPDEST 5242:PUSH2 5245:JUMP 5246:JUMPDEST 5247:PUSH2 5250:JUMP 5251:JUMPDEST 5252:SWAP1 5253:JUMP
erc1155_evm,5257,JUMP,internal_return,5247:PUSH2 5250:JUMP 5251:JUMPDEST 5252:SWAP1 5253:JUMP 5254:JUMPDEST 5255:PUSH0 5256:SWAP1 5257:JUMP
erc1155_evm,5265,JUMP,adjacent_push,5253:JUMP 5254:JUMPDEST 5255:PUSH0 5256:SWAP1 5257:JUMP 5258:JUMPDEST 5259:PUSH2 5262:PUSH2 5265:JUMP
erc1155_evm,5286,JUMP,adjacent_push,5267:POP 5268:DUP1 5269:PUSH2 5272:PUSH2 5275:PUSH4 5280:PUSH1 5282:SHL 5283:PUSH2 5286:JUMP
erc1155_evm,5292,JUMP,adjacent_push,5275:PUSH4 5280:PUSH1 5282:SHL 5283:PUSH2 5286:JUMP 5287:JUMPDEST 5288:SWAP2 5289:PUSH2 5292:JUMP
erc1155_evm,5300,JUMPI,adjacent_push,5288:SWAP2 5289:PUSH2 5292:JUMP 5293:JUMPDEST 5294:EQ 5295:DUP1 5296:ISZERO 5297:PUSH2 5300:JUMPI
erc1155_evm,5308,JUMPI,adjacent_push,5296:ISZERO 5297:PUSH2 5300:JUMPI 5301:JUMPDEST 5302:SWAP1 5303:DUP2 5304:ISZERO 5305:PUSH2 5308:JUMPI
erc1155_evm,5312,JUMP,internal_return,5302:SWAP1 5303:DUP2 5304:ISZERO 5305:PUSH2 5308:JUMPI 5309:JUMPDEST 5310:POP 5311:SWAP1 5312:JUMP
erc1155_evm,5322,JUMP,adjacent_push,5310:POP 5311:SWAP1 5312:JUMP 5313:JUMPDEST 5314:PUSH2 5317:SWAP2 5318:POP 5319:PUSH2 5322:JUMP
erc1155_evm,5328,JUMP,adjacent_push,5314:PUSH2 5317:SWAP2 5318:POP 5319:PUSH2 5322:JUMP 5323:JUMPDEST 5324:PUSH0 5325:PUSH2 5328:JUMP
erc1155_evm,5349,JUMP,adjacent_push,5330:POP 5331:DUP1 5332:PUSH2 5335:PUSH2 5338:PUSH4 5343:PUSH1 5345:SHL 5346:PUSH2 5349:JUMP
erc1155_evm,5355,JUMP,adjacent_push,5338:PUSH4 5343:PUSH1 5345:SHL 5346:PUSH2 5349:JUMP 5350:JUMPDEST 5351:SWAP2 5352:PUSH2 5355:JUMP
erc1155_evm,5361,JUMP,adjacent_push,5349:JUMP 5350:JUMPDEST 5351:SWAP2 5352:PUSH2 5355:JUMP 5356:JUMPDEST 5357:EQ 5358:PUSH2 5361:JUMP
erc1155_evm,5366,JUMP,internal_return,5355:JUMP 5356:JUMPDEST 5357:EQ 5358:PUSH2 5361:JUMP 5362:JUMPDEST 5363:PUSH1 5365:SWAP1 5366:JUMP
erc1155_evm,5375,JUMP,adjacent_push,5362:JUMPDEST 5363:PUSH1 5365:SWAP1 5366:JUMP 5367:JUMPDEST 5368:PUSH2 5371:SWAP1 5372:PUSH2 5375:JUMP
erc1155_evm,5378,JUMP,internal_return,5366:JUMP 5367:JUMPDEST 5368:PUSH2 5371:SWAP1 5372:PUSH2 5375:JUMP 5376:JUMPDEST 5377:SWAP1 5378:JUMP
erc1155_evm,5401,JUMP,internal_return,5388:JUMPDEST 5389:POP 5390:PUSH2 5393:PUSH1 5395:PUSH2 5398:JUMP 5399:JUMPDEST 5400:SWAP1 5401:JUMP
erc1155_evm,5416,JUMP,adjacent_push,5402:JUMPDEST 5403:SWAP1 5404:PUSH2 5407:SWAP4 5408:SWAP3 5409:SWAP2 5410:PUSH2 5413:PUSH2 5416:JUMP
erc1155_evm,5421,JUMP,adjacent_push,5407:SWAP4 5408:SWAP3 5409:SWAP2 5410:PUSH2 5413:PUSH2 5416:JUMP 5417:JUMPDEST 5418:PUSH2 5421:JUMP
erc1155_evm,5423,JUMP,bare_jumpdest_jump,5409:SWAP2 5410:PUSH2 5413:PUSH2 5416:JUMP 5417:JUMPDEST 5418:PUSH2 5421:JUMP 5422:JUMPDEST 5423:JUMP
erc1155_evm,5437,JUMP,adjacent_push,5425:SWAP2 5426:PUSH2 5429:SWAP4 5430:SWAP2 5431:SWAP1 5432:SWAP2 5433:SWAP3 5434:PUSH2 5437:JUMP
erc1155_evm,5439,JUMP,bare_jumpdest_jump,5429:SWAP4 5430:SWAP2 5431:SWAP1 5432:SWAP2 5433:SWAP3 5434:PUSH2 5437:JUMP 5438:JUMPDEST 5439:JUMP
erc1155_evm,5451,JUMP,adjacent_push,5439:JUMP 5440:JUMPDEST 5441:SWAP1 5442:PUSH2 5445:SWAP4 5446:SWAP3 5447:SWAP2 5448:PUSH2 5451:JUMP
erc1155_evm,5453,JUMP,bare_jumpdest_jump,5441:SWAP1 5442:PUSH2 5445:SWAP4 5446:SWAP3 5447:SWAP2 5448:PUSH2 5451:JUMP 5452:JUMPDEST 5453:JUMP
erc1155_evm,5479,JUMP,adjacent_push,5469:DUP3 5470:ADD 5471:SWAP7 5472:PUSH0 5473:DUP4 5474:ADD 5475:SWAP1 5476:PUSH2 5479:JUMP
erc1155_evm,5486,JUMP,adjacent_push,5474:ADD 5475:SWAP1 5476:PUSH2 5479:JUMP 5480:JUMPDEST 5481:ADD 5482:SWAP1 5483:PUSH2 5486:JUMP
erc1155_evm,5488,JUMP,bare_jumpdest_jump,5476:PUSH2 5479:JUMP 5480:JUMPDEST 5481:ADD 5482:SWAP1 5483:PUSH2 5486:JUMP 5487:JUMPDEST 5488:JUMP
erc1155_evm,5502,JUMP,adjacent_push,5490:SWAP5 5491:SWAP4 5492:SWAP2 5493:SWAP3 5494:SWAP1 5495:SWAP3 5496:PUSH2 5499:PUSH2 5502:JUMP
erc1155_evm,5529,JUMPI,adjacent_push,5517:SWAP2 5518:PUSH2 5521:JUMP 5522:JUMPDEST 5523:EQ 5524:ISZERO 5525:DUP1 5526:PUSH2 5529:JUMPI
erc1155_evm,5534,JUMPI,adjacent_push,5522:JUMPDEST 5523:EQ 5524:ISZERO 5525:DUP1 5526:PUSH2 5529:JUMPI 5530:JUMPDEST 5531:PUSH2 5534:JUMPI
erc1155_evm,5551,JUMP,bare_jumpdest_jump,5541:SWAP4 5542:SWAP1 5543:SWAP2 5544:SWAP3 5545:SWAP4 5546:PUSH2 5549:JUMP 5550:JUMPDEST 5551:JUMP
erc1155_evm,5579,JUMP,adjacent_push,5567:PUSH1 5569:SHL 5570:DUP5 5571:MSTORE 5572:PUSH1 5574:DUP5 5575:ADD 5576:PUSH2 5579:JUMP
erc1155_evm,5598,JUMP,adjacent_push,5584:JUMPDEST 5585:POP 5586:PUSH2 5589:PUSH2 5592:DUP9 5593:DUP4 5594:SWAP1 5595:PUSH2 5598:JUMP
erc1155_evm,5604,JUMP,adjacent_push,5592:DUP9 5593:DUP4 5594:SWAP1 5595:PUSH2 5598:JUMP 5599:JUMPDEST 5600:ISZERO 5601:PUSH2 5604:JUMP
erc1155_evm,5609,JUMP,adjacent_push,5595:PUSH2 5598:JUMP 5599:JUMPDEST 5600:ISZERO 5601:PUSH2 5604:JUMP 5605:JUMPDEST 5606:PUSH2 5609:JUMP
erc1155_evm,5614,JUMP,internal_return,5601:PUSH2 5604:JUMP 5605:JUMPDEST 5606:PUSH2 5609:JUMP 5610:JUMPDEST 5611:PUSH1 5613:SWAP1 5614:JUMP
erc1155_evm,5618,JUMP,internal_return,5609:JUMP 5610:JUMPDEST 5611:PUSH1 5613:SWAP1 5614:JUMP 5615:JUMPDEST 5616:MLOAD 5617:SWAP1 5618:JUMP
erc1155_evm,5644,JUMP,adjacent_push,5634:DUP3 5635:ADD 5636:SWAP7 5637:PUSH0 5638:DUP4 5639:ADD 5640:SWAP1 5641:PUSH2 5644:JUMP
erc1155_evm,5651,JUMP,adjacent_push,5639:ADD 5640:SWAP1 5641:PUSH2 5644:JUMP 5645:JUMPDEST 5646:ADD 5647:SWAP1 5648:PUSH2 5651:JUMP
erc1155_evm,5653,JUMP,bare_jumpdest_jump,5641:PUSH2 5644:JUMP 5645:JUMPDEST 5646:ADD 5647:SWAP1 5648:PUSH2 5651:JUMP 5652:JUMPDEST 5653:JUMP
erc1155_evm,5671,JUMP,adjacent_push,5655:SWAP1 5656:PUSH2 5659:PUSH2 5662:DUP4 5663:PUSH2 5666:JUMP 5667:JUMPDEST 5668:PUSH2 5671:JUMP
erc1155_evm,5676,JUMP,unknown_dynamic,5666:JUMP 5667:JUMPDEST 5668:PUSH2 5671:JUMP 5672:JUMPDEST 5673:SWAP2 5674:DUP3 5675:MSTORE 5676:JUMP
erc1155_evm,5681,JUMP,unknown_dynamic,5673:SWAP2 5674:DUP3 5675:MSTORE 5676:JUMP 5677:JUMPDEST 5678:CALLDATASIZE 5679:SWAP1 5680:OP_37 5681:JUMP
erc1155_evm,5694,JUMP,adjacent_push,5680:OP_37 5681:JUMP 5682:JUMPDEST 5683:SWAP1 5684:PUSH2 5687:PUSH2 5690:DUP4 5691:PUSH2 5694:JUMP
erc1155_evm,5718,JUMP,adjacent_push,5708:JUMP 5709:JUMPDEST 5710:SWAP3 5711:ADD 5712:SWAP2 5713:SUB 5714:SWAP1 5715:PUSH2 5718:JUMP
erc1155_evm,5720,JUMP,bare_jumpdest_jump,5710:SWAP3 5711:ADD 5712:SWAP2 5713:SUB 5714:SWAP1 5715:PUSH2 5718:JUMP 5719:JUMPDEST 5720:JUMP
erc1155_evm,5723,JUMP,internal_return,5713:SUB 5714:SWAP1 5715:PUSH2 5718:JUMP 5719:JUMPDEST 5720:JUMP 5721:JUMPDEST 5722:SWAP1 5723:JUMP
erc1155_evm,5738,JUMP,adjacent_push,5722:SWAP1 5723:JUMP 5724:JUMPDEST 5725:PUSH2 5728:PUSH2 5731:PUSH2 5734:SWAP3 5735:PUSH2 5738:JUMP
erc1155_evm,5743,JUMP,adjacent_push,5725:PUSH2 5728:PUSH2 5731:PUSH2 5734:SWAP3 5735:PUSH2 5738:JUMP 5739:JUMPDEST 5740:PUSH2 5743:JUMP
erc1155_evm,5751,JUMP,internal_return,5739:JUMPDEST 5740:PUSH2 5743:JUMP 5744:JUMPDEST 5745:PUSH2 5748:JUMP 5749:JUMPDEST 5750:SWAP1 5751:JUMP
erc1155_evm,5766,JUMP,internal_return,5753:PUSH1 5755:PUSH2 5758:SWAP2 5759:ADD 5760:PUSH2 5763:JUMP 5764:JUMPDEST 5765:SWAP1 5766:JUMP
erc1155_evm,5804,JUMPI,adjacent_push,5792:DUP3 5793:PUSH2 5796:JUMP 5797:JUMPDEST 5798:DUP2 5799:LT 5800:ISZERO 5801:PUSH2 5804:JUMPI
erc1155_evm,5813,JUMP,internal_return,5804:JUMPI 5805:PUSH1 5807:DUP1 5808:SWAP2 5809:MUL 5810:ADD 5811:ADD 5812:SWAP1 5813:JUMP
erc1155_evm,5818,JUMP,adjacent_push,5808:SWAP2 5809:MUL 5810:ADD 5811:ADD 5812:SWAP1 5813:JUMP 5814:JUMPDEST 5815:PUSH2 5818:JUMP
erc1155_evm,5832,JUMP,unknown_dynamic,5820:SWAP1 5821:PUSH2 5824:SWAP1 5825:PUSH2 5828:JUMP 5829:JUMPDEST 5830:SWAP1 5831:MSTORE 5832:JUMP
erc1155_evm,5841,JUMP,adjacent_push,5829:JUMPDEST 5830:SWAP1 5831:MSTORE 5832:JUMP 5833:JUMPDEST 5834:SWAP1 5835:PUSH2 5838:PUSH2 5841:JUMP
erc1155_evm,5851,JUMP,adjacent_push,5835:PUSH2 5838:PUSH2 5841:JUMP 5842:JUMPDEST 5843:POP 5844:PUSH2 5847:DUP3 5848:PUSH2 5851:JUMP
erc1155_evm,5883,JUMPI,adjacent_push,5871:JUMP 5872:JUMPDEST 5873:SWAP2 5874:PUSH2 5877:JUMP 5878:JUMPDEST 5879:SUB 5880:PUSH2 5883:JUMPI
erc1155_evm,5894,JUMP,adjacent_push,5878:JUMPDEST 5879:SUB 5880:PUSH2 5883:JUMPI 5884:PUSH2 5887:PUSH2 5890:DUP4 5891:PUSH2 5894:JUMP
erc1155_evm,5899,JUMP,adjacent_push,5883:JUMPI 5884:PUSH2 5887:PUSH2 5890:DUP4 5891:PUSH2 5894:JUMP 5895:JUMPDEST 5896:PUSH2 5899:JUMP
erc1155_evm,5909,JUMP,adjacent_push,5895:JUMPDEST 5896:PUSH2 5899:JUMP 5900:JUMPDEST 5901:SWAP2 5902:PUSH2 5905:PUSH0 5906:PUSH2 5909:JUMP
erc1155_evm,5926,JUMP,adjacent_push,5910:JUMPDEST 5911:JUMPDEST 5912:DUP1 5913:PUSH2 5916:PUSH2 5919:PUSH2 5922:DUP6 5923:PUSH2 5926:JUMP
erc1155_evm,5944,JUMPI,adjacent_push,5932:JUMPDEST 5933:SWAP2 5934:PUSH2 5937:JUMP 5938:JUMPDEST 5939:LT 5940:ISZERO 5941:PUSH2 5944:JUMPI
erc1155_evm,5964,JUMP,adjacent_push,5948:SWAP1 5949:PUSH2 5952:PUSH2 5955:PUSH2 5958:DUP6 5959:DUP5 5960:SWAP1 5961:PUSH2 5964:JUMP
erc1155_evm,5975,JUMP,adjacent_push,5961:PUSH2 5964:JUMP 5965:JUMPDEST 5966:PUSH2 5969:DUP8 5970:DUP6 5971:SWAP1 5972:PUSH2 5975:JUMP
erc1155_evm,5981,JUMP,adjacent_push,5969:DUP8 5970:DUP6 5971:SWAP1 5972:PUSH2 5975:JUMP 5976:JUMPDEST 5977:SWAP1 5978:PUSH2 5981:JUMP
erc1155_evm,5994,JUMP,adjacent_push,5982:JUMPDEST 5983:PUSH2 5986:DUP8 5987:SWAP2 5988:DUP5 5989:SWAP1 5990:SWAP3 5991:PUSH2 5994:JUMP
erc1155_evm,5999,JUMP,adjacent_push,5987:SWAP2 5988:DUP5 5989:SWAP1 5990:SWAP3 5991:PUSH2 5994:JUMP 5995:JUMPDEST 5996:PUSH2 5999:JUMP
erc1155_evm,6004,JUMP,adjacent_push,5990:SWAP3 5991:PUSH2 5994:JUMP 5995:JUMPDEST 5996:PUSH2 5999:JUMP 6000:JUMPDEST 6001:PUSH2 6004:JUMP
erc1155_evm,6009,JUMP,adjacent_push,5995:JUMPDEST 5996:PUSH2 5999:JUMP 6000:JUMPDEST 6001:PUSH2 6004:JUMP 6005:JUMPDEST 6006:PUSH2 6009:JUMP
erc1155_evm,6015,JUMP,internal_return,6005:JUMPDEST 6006:PUSH2 6009:JUMP 6010:JUMPDEST 6011:POP 6012:POP 6013:POP 6014:SWAP1 6015:JUMP
erc1155_evm,6033,JUMP,adjacent_push,6017:PUSH2 6020:PUSH2 6023:SWAP2 6024:PUSH2 6027:JUMP 6028:JUMPDEST 6029:SWAP2 6030:PUSH2 6033:JUMP
erc1155_evm,6060,JUMP,adjacent_push,6048:PUSH1 6050:SHL 6051:DUP5 6052:MSTORE 6053:PUSH1 6055:DUP5 6056:ADD 6057:PUSH2 6060:JUMP
erc1155_evm,6072,JUMP,adjacent_push,6060:JUMP 6061:JUMPDEST 6062:SUB 6063:SWAP1 6064:OP_fd 6065:JUMPDEST 6066:PUSH2 6069:PUSH2 6072:JUMP
erc1155_evm,6080,JUMP,adjacent_push,6064:OP_fd 6065:JUMPDEST 6066:PUSH2 6069:PUSH2 6072:JUMP 6073:JUMPDEST 6074:PUSH2 6077:PUSH2 6080:JUMP
erc1155_evm,6082,JUMP,bare_jumpdest_jump,6066:PUSH2 6069:PUSH2 6072:JUMP 6073:JUMPDEST 6074:PUSH2 6077:PUSH2 6080:JUMP 6081:JUMPDEST 6082:JUMP
erc1155_evm,6097,JUMP,adjacent_push,6081:JUMPDEST 6082:JUMP 6083:JUMPDEST 6084:PUSH2 6087:PUSH2 6090:PUSH2 6093:SWAP3 6094:PUSH2 6097:JUMP
erc1155_evm,6102,JUMP,adjacent_push,6084:PUSH2 6087:PUSH2 6090:PUSH2 6093:SWAP3 6094:PUSH2 6097:JUMP 6098:JUMPDEST 6099:PUSH2 6102:JUMP
erc1155_evm,6107,JUMP,adjacent_push,6093:SWAP3 6094:PUSH2 6097:JUMP 6098:JUMPDEST 6099:PUSH2 6102:JUMP 6103:JUMPDEST 6104:PUSH2 6107:JUMP
erc1155_evm,6110,JUMP,internal_return,6098:JUMPDEST 6099:PUSH2 6102:JUMP 6103:JUMPDEST 6104:PUSH2 6107:JUMP 6108:JUMPDEST 6109:SWAP1 6110:JUMP
erc1155_evm,6119,JUMP,adjacent_push,6107:JUMP 6108:JUMPDEST 6109:SWAP1 6110:JUMP 6111:JUMPDEST 6112:PUSH2 6115:SWAP1 6116:PUSH2 6119:JUMP
erc1155_evm,6122,JUMP,internal_return,6110:JUMP 6111:JUMPDEST 6112:PUSH2 6115:SWAP1 6116:PUSH2 6119:JUMP 6120:JUMPDEST 6121:SWAP1 6122:JUMP
erc1155_evm,6134,JUMP,adjacent_push,6120:JUMPDEST 6121:SWAP1 6122:JUMP 6123:JUMPDEST 6124:PUSH2 6127:PUSH2 6130:PUSH0 6131:PUSH2 6134:JUMP
erc1155_evm,6139,JUMP,adjacent_push,6123:JUMPDEST 6124:PUSH2 6127:PUSH2 6130:PUSH0 6131:PUSH2 6134:JUMP 6135:JUMPDEST 6136:PUSH2 6139:JUMP
erc1155_evm,6141,JUMP,bare_jumpdest_jump,6127:PUSH2 6130:PUSH0 6131:PUSH2 6134:JUMP 6135:JUMPDEST 6136:PUSH2 6139:JUMP 6140:JUMPDEST 6141:JUMP
erc1155_evm,6149,JUMP,adjacent_push,6135:JUMPDEST 6136:PUSH2 6139:JUMP 6140:JUMPDEST 6141:JUMP 6142:JUMPDEST 6143:PUSH2 6146:PUSH2 6149:JUMP
erc1155_evm,6151,JUMP,bare_jumpdest_jump,6139:JUMP 6140:JUMPDEST 6141:JUMP 6142:JUMPDEST 6143:PUSH2 6146:PUSH2 6149:JUMP 6150:JUMPDEST 6151:JUMP
erc1155_evm,6166,JUMP,adjacent_push,6152:JUMPDEST 6153:SWAP1 6154:PUSH2 6157:SWAP4 6158:SWAP3 6159:SWAP2 6160:PUSH2 6163:PUSH2 6166:JUMP
erc1155_evm,6171,JUMP,adjacent_push,6157:SWAP4 6158:SWAP3 6159:SWAP2 6160:PUSH2 6163:PUSH2 6166:JUMP 6167:JUMPDEST 6168:PUSH2 6171:JUMP
erc1155_evm,6173,JUMP,bare_jumpdest_jump,6159:SWAP2 6160:PUSH2 6163:PUSH2 6166:JUMP 6167:JUMPDEST 6168:PUSH2 6171:JUMP 6172:JUMPDEST 6173:JUMP
erc1155_evm,6187,JUMP,adjacent_push,6175:SWAP2 6176:PUSH2 6179:SWAP4 6180:SWAP2 6181:SWAP1 6182:SWAP2 6183:SWAP3 6184:PUSH2 6187:JUMP
erc1155_evm,6189,JUMP,bare_jumpdest_jump,6179:SWAP4 6180:SWAP2 6181:SWAP1 6182:SWAP2 6183:SWAP3 6184:PUSH2 6187:JUMP 6188:JUMPDEST 6189:JUMP
erc1155_evm,6201,JUMP,adjacent_push,6189:JUMP 6190:JUMPDEST 6191:SWAP1 6192:PUSH2 6195:SWAP4 6196:SWAP3 6197:SWAP2 6198:PUSH2 6201:JUMP
erc1155_evm,6203,JUMP,bare_jumpdest_jump,6191:SWAP1 6192:PUSH2 6195:SWAP4 6196:SWAP3 6197:SWAP2 6198:PUSH2 6201:JUMP 6202:JUMPDEST 6203:JUMP
erc1155_evm,6207,JUMP,internal_return,6197:SWAP2 6198:PUSH2 6201:JUMP 6202:JUMPDEST 6203:JUMP 6204:JUMPDEST 6205:PUSH0 6206:SWAP1 6207:JUMP
erc1155_evm,6218,JUMP,internal_return,6208:JUMPDEST 6209:PUSH1 6211:DUP1 6212:PUSH1 6214:SHL 6215:SUB 6216:AND 6217:SWAP1 6218:JUMP
erc1155_evm,6230,JUMP,adjacent_push,6216:AND 6217:SWAP1 6218:JUMP 6219:JUMPDEST 6220:PUSH2 6223:PUSH2 6226:SWAP2 6227:PUSH2 6230:JUMP
erc1155_evm,6235,JUMP,adjacent_push,6219:JUMPDEST 6220:PUSH2 6223:PUSH2 6226:SWAP2 6227:PUSH2 6230:JUMP 6231:JUMPDEST 6232:PUSH2 6235:JUMP
erc1155_evm,6238,JUMP,internal_return,6226:SWAP2 6227:PUSH2 6230:JUMP 6231:JUMPDEST 6232:PUSH2 6235:JUMP 6236:JUMPDEST 6237:SWAP1 6238:JUMP
erc1155_evm,6248,JUMP,adjacent_push,6236:JUMPDEST 6237:SWAP1 6238:JUMP 6239:JUMPDEST 6240:PUSH2 6243:SWAP1 6244:SLOAD 6245:PUSH2 6248:JUMP
erc1155_evm,6251,JUMP,internal_return,6239:JUMPDEST 6240:PUSH2 6243:SWAP1 6244:SLOAD 6245:PUSH2 6248:JUMP 6249:JUMPDEST 6250:SWAP1 6251:JUMP
erc1155_evm,6259,JUMP,adjacent_push,6245:PUSH2 6248:JUMP 6249:JUMPDEST 6250:SWAP1 6251:JUMP 6252:JUMPDEST 6253:PUSH2 6256:PUSH2 6259:JUMP
erc1155_evm,6270,JUMP,adjacent_push,6253:PUSH2 6256:PUSH2 6259:JUMP 6260:JUMPDEST 6261:POP 6262:PUSH2 6265:PUSH1 6267:PUSH2 6270:JUMP
erc1155_evm,6273,JUMP,internal_return,6260:JUMPDEST 6261:POP 6262:PUSH2 6265:PUSH1 6267:PUSH2 6270:JUMP 6271:JUMPDEST 6272:SWAP1 6273:JUMP
erc1155_evm,6285,JUMP,adjacent_push,6271:JUMPDEST 6272:SWAP1 6273:JUMP 6274:JUMPDEST 6275:PUSH2 6278:SWAP2 6279:PUSH2 6282:PUSH2 6285:JUMP
erc1155_evm,6293,JUMP,adjacent_push,6279:PUSH2 6282:PUSH2 6285:JUMP 6286:JUMPDEST 6287:SWAP2 6288:SWAP1 6289:SWAP2 6290:PUSH2 6293:JUMP
erc1155_evm,6295,JUMP,bare_jumpdest_jump,6285:JUMP 6286:JUMPDEST 6287:SWAP2 6288:SWAP1 6289:SWAP2 6290:PUSH2 6293:JUMP 6294:JUMPDEST 6295:JUMP
erc1155_evm,6305,JUMP,adjacent_push,6293:JUMP 6294:JUMPDEST 6295:JUMP 6296:JUMPDEST 6297:SWAP1 6298:PUSH2 6301:SWAP1 6302:PUSH2 6305:JUMP
erc1155_evm,6317,JUMP,internal_return,6307:PUSH0 6308:MSTORE 6309:PUSH1 6311:MSTORE 6312:PUSH1 6314:PUSH0 6315:SHA3 6316:SWAP1 6317:JUMP
erc1155_evm,6327,JUMP,adjacent_push,6315:SHA3 6316:SWAP1 6317:JUMP 6318:JUMPDEST 6319:SWAP1 6320:PUSH2 6323:SWAP1 6324:PUSH2 6327:JUMP
erc1155_evm,6339,JUMP,internal_return,6329:PUSH0 6330:MSTORE 6331:PUSH1 6333:MSTORE 6334:PUSH1 6336:PUSH0 6337:SHA3 6338:SWAP1 6339:JUMP
erc1155_evm,6345,JUMP,internal_return,6336:PUSH0 6337:SHA3 6338:SWAP1 6339:JUMP 6340:JUMPDEST 6341:PUSH1 6343:AND 6344:SWAP1 6345:JUMP
erc1155_evm,6357,JUMP,adjacent_push,6343:AND 6344:SWAP1 6345:JUMP 6346:JUMPDEST 6347:PUSH2 6350:PUSH2 6353:SWAP2 6354:PUSH2 6357:JUMP
erc1155_evm,6362,JUMP,adjacent_push,6346:JUMPDEST 6347:PUSH2 6350:PUSH2 6353:SWAP2 6354:PUSH2 6357:JUMP 6358:JUMPDEST 6359:PUSH2 6362:JUMP
erc1155_evm,6365,JUMP,internal_return,6353:SWAP2 6354:PUSH2 6357:JUMP 6358:JUMPDEST 6359:PUSH2 6362:JUMP 6363:JUMPDEST 6364:SWAP1 6365:JUMP
erc1155_evm,6375,JUMP,adjacent_push,6363:JUMPDEST 6364:SWAP1 6365:JUMP 6366:JUMPDEST 6367:PUSH2 6370:SWAP1 6371:SLOAD 6372:PUSH2 6375:JUMP
erc1155_evm,6378,JUMP,internal_return,6366:JUMPDEST 6367:PUSH2 6370:SWAP1 6371:SLOAD 6372:PUSH2 6375:JUMP 6376:JUMPDEST 6377:SWAP1 6378:JUMP
erc1155_evm,6397,JUMP,adjacent_push,6379:JUMPDEST 6380:PUSH2 6383:SWAP2 6384:PUSH2 6387:PUSH2 6390:SWAP3 6391:PUSH2 6394:PUSH2 6397:JUMP
erc1155_evm,6405,JUMP,adjacent_push,6390:SWAP3 6391:PUSH2 6394:PUSH2 6397:JUMP 6398:JUMPDEST 6399:POP 6400:PUSH1 6402:PUSH2 6405:JUMP
erc1155_evm,6410,JUMP,adjacent_push,6397:JUMP 6398:JUMPDEST 6399:POP 6400:PUSH1 6402:PUSH2 6405:JUMP 6406:JUMPDEST 6407:PUSH2 6410:JUMP
erc1155_evm,6415,JUMP,adjacent_push,6400:PUSH1 6402:PUSH2 6405:JUMP 6406:JUMPDEST 6407:PUSH2 6410:JUMP 6411:JUMPDEST 6412:PUSH2 6415:JUMP
erc1155_evm,6418,JUMP,internal_return,6406:JUMPDEST 6407:PUSH2 6410:JUMP 6411:JUMPDEST 6412:PUSH2 6415:JUMP 6416:JUMPDEST 6417:SWAP1 6418:JUMP
erc1155_evm,6432,JUMP,adjacent_push,6420:SWAP5 6421:SWAP4 6422:SWAP2 6423:SWAP3 6424:SWAP1 6425:SWAP3 6426:PUSH2 6429:PUSH2 6432:JUMP
erc1155_evm,6459,JUMPI,adjacent_push,6447:SWAP2 6448:PUSH2 6451:JUMP 6452:JUMPDEST 6453:EQ 6454:ISZERO 6455:DUP1 6456:PUSH2 6459:JUMPI
erc1155_evm,6464,JUMPI,adjacent_push,6452:JUMPDEST 6453:EQ 6454:ISZERO 6455:DUP1 6456:PUSH2 6459:JUMPI 6460:JUMPDEST 6461:PUSH2 6464:JUMPI
erc1155_evm,6479,JUMP,adjacent_push,6469:SWAP5 6470:SWAP6 6471:SWAP4 6472:SWAP1 6473:SWAP2 6474:SWAP3 6475:SWAP4 6476:PUSH2 6479:JUMP
erc1155_evm,6481,JUMP,bare_jumpdest_jump,6471:SWAP4 6472:SWAP1 6473:SWAP2 6474:SWAP3 6475:SWAP4 6476:PUSH2 6479:JUMP 6480:JUMPDEST 6481:JUMP
erc1155_evm,6509,JUMP,adjacent_push,6497:PUSH1 6499:SHL 6500:DUP5 6501:MSTORE 6502:PUSH1 6504:DUP5 6505:ADD 6506:PUSH2 6509:JUMP
erc1155_evm,6528,JUMP,adjacent_push,6514:JUMPDEST 6515:POP 6516:PUSH2 6519:PUSH2 6522:DUP9 6523:DUP4 6524:SWAP1 6525:PUSH2 6528:JUMP
erc1155_evm,6534,JUMP,adjacent_push,6522:DUP9 6523:DUP4 6524:SWAP1 6525:PUSH2 6528:JUMP 6529:JUMPDEST 6530:ISZERO 6531:PUSH2 6534:JUMP
erc1155_evm,6539,JUMP,adjacent_push,6525:PUSH2 6528:JUMP 6529:JUMPDEST 6530:ISZERO 6531:PUSH2 6534:JUMP 6535:JUMPDEST 6536:PUSH2 6539:JUMP
erc1155_evm,6551,JUMP,adjacent_push,6535:JUMPDEST 6536:PUSH2 6539:JUMP 6540:JUMPDEST 6541:PUSH2 6544:SWAP1 6545:PUSH2 6548:PUSH2 6551:JUMP
erc1155_evm,6556,JUMP,adjacent_push,6540:JUMPDEST 6541:PUSH2 6544:SWAP1 6545:PUSH2 6548:PUSH2 6551:JUMP 6552:JUMPDEST 6553:PUSH2 6556:JUMP
erc1155_evm,6558,JUMP,bare_jumpdest_jump,6544:SWAP1 6545:PUSH2 6548:PUSH2 6551:JUMP 6552:JUMPDEST 6553:PUSH2 6556:JUMP 6557:JUMPDEST 6558:JUMP
erc1155_evm,6574,JUMP,adjacent_push,6558:JUMP 6559:JUMPDEST 6560:DUP1 6561:PUSH2 6564:PUSH2 6567:PUSH2 6570:PUSH0 6571:PUSH2 6574:JUMP
erc1155_evm,6591,JUMPI,adjacent_push,6579:JUMP 6580:JUMPDEST 6581:SWAP2 6582:PUSH2 6585:JUMP 6586:JUMPDEST 6587:EQ 6588:PUSH2 6591:JUMPI
erc1155_evm,6599,JUMP,adjacent_push,6585:JUMP 6586:JUMPDEST 6587:EQ 6588:PUSH2 6591:JUMPI 6592:PUSH2 6595:SWAP1 6596:PUSH2 6599:JUMP
erc1155_evm,6601,JUMP,bare_jumpdest_jump,6587:EQ 6588:PUSH2 6591:JUMPI 6592:PUSH2 6595:SWAP1 6596:PUSH2 6599:JUMP 6600:JUMPDEST 6601:JUMP
erc1155_evm,6613,JUMP,adjacent_push,6599:JUMP 6600:JUMPDEST 6601:JUMP 6602:JUMPDEST 6603:PUSH2 6606:PUSH2 6609:PUSH0 6610:PUSH2 6613:JUMP
erc1155_evm,6649,JUMP,adjacent_push,6637:JUMPDEST 6638:SUB 6639:SWAP1 6640:OP_fd 6641:JUMPDEST 6642:PUSH2 6645:SWAP1 6646:PUSH2 6649:JUMP
erc1155_evm,6651,JUMP,bare_jumpdest_jump,6639:SWAP1 6640:OP_fd 6641:JUMPDEST 6642:PUSH2 6645:SWAP1 6646:PUSH2 6649:JUMP 6650:JUMPDEST 6651:JUMP
erc1155_evm,6659,JUMP,adjacent_push,6645:SWAP1 6646:PUSH2 6649:JUMP 6650:JUMPDEST 6651:JUMP 6652:JUMPDEST 6653:PUSH2 6656:PUSH2 6659:JUMP
erc1155_evm,6679,JUMP,adjacent_push,6660:JUMPDEST 6661:POP 6662:PUSH2 6665:PUSH2 6668:PUSH4 6673:PUSH1 6675:SHL 6676:PUSH2 6679:JUMP
erc1155_evm,6685,JUMP,adjacent_push,6668:PUSH4 6673:PUSH1 6675:SHL 6676:PUSH2 6679:JUMP 6680:JUMPDEST 6681:SWAP2 6682:PUSH2 6685:JUMP
erc1155_evm,6689,JUMP,internal_return,6679:JUMP 6680:JUMPDEST 6681:SWAP2 6682:PUSH2 6685:JUMP 6686:JUMPDEST 6687:EQ 6688:SWAP1 6689:JUMP
erc1155_evm,6697,JUMP,adjacent_push,6685:JUMP 6686:JUMPDEST 6687:EQ 6688:SWAP1 6689:JUMP 6690:JUMPDEST 6691:PUSH2 6694:PUSH2 6697:JUMP
erc1155_evm,6711,JUMP,adjacent_push,6691:PUSH2 6694:PUSH2 6697:JUMP 6698:JUMPDEST 6699:PUSH2 6702:PUSH2 6705:PUSH2 6708:PUSH2 6711:JUMP
erc1155_evm,6728,JUMPI,adjacent_push,6716:JUMP 6717:JUMPDEST 6718:SWAP2 6719:PUSH2 6722:JUMP 6723:JUMPDEST 6724:SUB 6725:PUSH2 6728:JUMPI
erc1155_evm,6729,JUMP,top_computed,6717:JUMPDEST 6718:SWAP2 6719:PUSH2 6722:JUMP 6723:JUMPDEST 6724:SUB 6725:PUSH2 6728:JUMPI 6729:JUMP
erc1155_evm,6740,JUMP,adjacent_push,6724:SUB 6725:PUSH2 6728:JUMPI 6729:JUMP 6730:JUMPDEST 6731:PUSH2 6734:PUSH2 6737:PUSH2 6740:JUMP
erc1155_evm,6787,JUMP,adjacent_push,6771:SWAP1 6772:SWAP3 6773:DUP3 6774:PUSH2 6777:PUSH2 6780:PUSH2 6783:PUSH0 6784:PUSH2 6787:JUMP
erc1155_evm,6804,JUMPI,adjacent_push,6792:JUMP 6793:JUMPDEST 6794:SWAP2 6795:PUSH2 6798:JUMP 6799:JUMPDEST 6800:EQ 6801:PUSH2 6804:JUMPI
erc1155_evm,6816,JUMP,adjacent_push,6800:EQ 6801:PUSH2 6804:JUMPI 6805:PUSH2 6808:SWAP4 6809:PUSH2 6812:PUSH0 6813:PUSH2 6816:JUMP
erc1155_evm,6826,JUMP,adjacent_push,6816:JUMP 6817:JUMPDEST 6818:SWAP4 6819:SWAP1 6820:SWAP2 6821:SWAP3 6822:SWAP4 6823:PUSH2 6826:JUMP
erc1155_evm,6828,JUMP,bare_jumpdest_jump,6818:SWAP4 6819:SWAP1 6820:SWAP2 6821:SWAP3 6822:SWAP4 6823:PUSH2 6826:JUMP 6827:JUMPDEST 6828:JUMP
erc1155_evm,6840,JUMP,adjacent_push,6826:JUMP 6827:JUMPDEST 6828:JUMP 6829:JUMPDEST 6830:PUSH2 6833:PUSH2 6836:PUSH0 6837:PUSH2 6840:JUMP
erc1155_evm,6875,JUMP,adjacent_push,6863:JUMP 6864:JUMPDEST 6865:SUB 6866:SWAP1 6867:OP_fd 6868:JUMPDEST 6869:PUSH2 6872:PUSH2 6875:JUMP
erc1155_evm,6880,JUMP,internal_return,6868:JUMPDEST 6869:PUSH2 6872:PUSH2 6875:JUMP 6876:JUMPDEST 6877:POP 6878:OP_33 6879:SWAP1 6880:JUMP
erc1155_evm,6901,JUMP,adjacent_push,6885:SWAP1 6886:SWAP3 6887:DUP4 6888:PUSH2 6891:PUSH2 6894:PUSH2 6897:PUSH0 6898:PUSH2 6901:JUMP
erc1155_evm,6918,JUMPI,adjacent_push,6906:JUMP 6907:JUMPDEST 6908:SWAP2 6909:PUSH2 6912:JUMP 6913:JUMPDEST 6914:EQ 6915:PUSH2 6918:JUMPI
erc1155_evm,6933,JUMP,adjacent_push,6915:PUSH2 6918:JUMPI 6919:DUP5 6920:PUSH2 6923:PUSH2 6926:PUSH2 6929:PUSH0 6930:PUSH2 6933:JUMP
erc1155_evm,6963,JUMP,adjacent_push,6951:PUSH2 6954:SWAP5 6955:SWAP4 6956:SWAP1 6957:SWAP2 6958:SWAP3 6959:SWAP4 6960:PUSH2 6963:JUMP
erc1155_evm,6965,JUMP,bare_jumpdest_jump,6955:SWAP4 6956:SWAP1 6957:SWAP2 6958:SWAP3 6959:SWAP4 6960:PUSH2 6963:JUMP 6964:JUMPDEST 6965:JUMP
erc1155_evm,6977,JUMP,adjacent_push,6963:JUMP 6964:JUMPDEST 6965:JUMP 6966:JUMPDEST 6967:PUSH2 6970:PUSH2 6973:PUSH0 6974:PUSH2 6977:JUMP
erc1155_evm,7015,JUMP,adjacent_push,7001:SUB 7002:SWAP1 7003:OP_fd 7004:JUMPDEST 7005:PUSH2 7008:PUSH2 7011:PUSH0 7012:PUSH2 7015:JUMP
erc1155_evm,7055,JUMP,adjacent_push,7042:OP_fd 7043:JUMPDEST 7044:SWAP1 7045:PUSH1 7047:DUP1 7048:SWAP2 7049:PUSH2 7052:PUSH2 7055:JUMP
erc1155_evm,7064,JUMP,internal_return,7056:JUMPDEST 7057:POP 7058:MUL 7059:SWAP2 7060:ADD 7061:ADD 7062:MLOAD 7063:SWAP1 7064:JUMP
erc1155_evm,7077,JUMP,adjacent_push,7064:JUMP 7065:JUMPDEST 7066:SWAP1 7067:PUSH1 7069:DUP1 7070:SWAP2 7071:PUSH2 7074:PUSH2 7077:JUMP
erc1155_evm,7086,JUMP,internal_return,7078:JUMPDEST 7079:POP 7080:MUL 7081:SWAP2 7082:ADD 7083:ADD 7084:MLOAD 7085:SWAP1 7086:JUMP
erc1155_evm,7091,JUMP,internal_return,7083:ADD 7084:MLOAD 7085:SWAP1 7086:JUMP 7087:JUMPDEST 7088:PUSH0 7089:SHL 7090:SWAP1 7091:JUMP
erc1155_evm,7108,JUMP,adjacent_push,7094:PUSH2 7097:PUSH1 7099:DUP1 7100:PUSH1 7102:SHL 7103:SUB 7104:SWAP2 7105:PUSH2 7108:JUMP
erc1155_evm,7118,JUMP,internal_return,7110:SWAP2 7111:DUP2 7112:NOT 7113:AND 7114:SWAP2 7115:AND 7116:OR 7117:SWAP1 7118:JUMP
erc1155_evm,7121,JUMP,internal_return,7113:AND 7114:SWAP2 7115:AND 7116:OR 7117:SWAP1 7118:JUMP 7119:JUMPDEST 7120:SWAP1 7121:JUMP
erc1155_evm,7137,JUMP,adjacent_push,7121:JUMP 7122:JUMPDEST 7123:SWAP1 7124:PUSH2 7127:PUSH2 7130:PUSH2 7133:SWAP3 7134:PUSH2 7137:JUMP
erc1155_evm,7149,JUMP,adjacent_push,7137:JUMP 7138:JUMPDEST 7139:PUSH2 7142:JUMP 7143:JUMPDEST 7144:DUP3 7145:SLOAD 7146:PUSH2 7149:JUMP
erc1155_evm,7153,JUMP,unknown_dynamic,7143:JUMPDEST 7144:DUP3 7145:SLOAD 7146:PUSH2 7149:JUMP 7150:JUMPDEST 7151:SWAP1 7152:SSTORE 7153:JUMP
erc1155_evm,7163,JUMP,adjacent_push,7150:JUMPDEST 7151:SWAP1 7152:SSTORE 7153:JUMP 7154:JUMPDEST 7155:PUSH2 7158:PUSH1 7160:PUSH2 7163:JUMP
erc1155_evm,7174,JUMP,adjacent_push,7158:PUSH1 7160:PUSH2 7163:JUMP 7164:JUMPDEST 7165:PUSH2 7168:DUP3 7169:PUSH1 7171:PUSH2 7174:JUMP
erc1155_evm,7220,JUMP,adjacent_push,7174:JUMP 7175:JUMPDEST 7176:SWAP1 7177:PUSH2 7180:PUSH2 7183:PUSH32 7216:SWAP4 7217:PUSH2 7220:JUMP
erc1155_evm,7226,JUMP,adjacent_push,7180:PUSH2 7183:PUSH32 7216:SWAP4 7217:PUSH2 7220:JUMP 7221:JUMPDEST 7222:SWAP2 7223:PUSH2 7226:JUMP
erc1155_evm,7235,JUMP,adjacent_push,7221:JUMPDEST 7222:SWAP2 7223:PUSH2 7226:JUMP 7227:JUMPDEST 7228:SWAP2 7229:PUSH2 7232:PUSH2 7235:JUMP
erc1155_evm,7245,JUMP,adjacent_push,7229:PUSH2 7232:PUSH2 7235:JUMP 7236:JUMPDEST 7237:DUP1 7238:PUSH2 7241:DUP2 7242:PUSH2 7245:JUMP
erc1155_evm,7250,JUMP,top_computed,7238:PUSH2 7241:DUP2 7242:PUSH2 7245:JUMP 7246:JUMPDEST 7247:SUB 7248:SWAP1 7249:OP_a3 7250:JUMP
erc1155_evm,7269,JUMP,adjacent_push,7253:SWAP3 7254:SWAP1 7255:DUP3 7256:PUSH2 7259:PUSH2 7262:PUSH2 7265:PUSH0 7266:PUSH2 7269:JUMP
erc1155_evm,7286,JUMPI,adjacent_push,7274:JUMP 7275:JUMPDEST 7276:SWAP2 7277:PUSH2 7280:JUMP 7281:JUMPDEST 7282:EQ 7283:PUSH2 7286:JUMPI
erc1155_evm,7298,JUMP,adjacent_push,7282:EQ 7283:PUSH2 7286:JUMPI 7287:PUSH2 7290:SWAP4 7291:PUSH2 7294:SWAP2 7295:PUSH2 7298:JUMP
erc1155_evm,7308,JUMP,adjacent_push,7294:SWAP2 7295:PUSH2 7298:JUMP 7299:JUMPDEST 7300:SWAP1 7301:PUSH2 7304:PUSH0 7305:PUSH2 7308:JUMP
erc1155_evm,7318,JUMP,adjacent_push,7308:JUMP 7309:JUMPDEST 7310:SWAP4 7311:SWAP1 7312:SWAP2 7313:SWAP3 7314:SWAP4 7315:PUSH2 7318:JUMP
erc1155_evm,7320,JUMP,bare_jumpdest_jump,7310:SWAP4 7311:SWAP1 7312:SWAP2 7313:SWAP3 7314:SWAP4 7315:PUSH2 7318:JUMP 7319:JUMPDEST 7320:JUMP
erc1155_evm,7332,JUMP,adjacent_push,7318:JUMP 7319:JUMPDEST 7320:JUMP 7321:JUMPDEST 7322:PUSH2 7325:PUSH2 7328:PUSH0 7329:PUSH2 7332:JUMP
erc1155_evm,7371,JUMP,adjacent_push,7358:SWAP1 7359:OP_fd 7360:JUMPDEST 7361:SWAP1 7362:PUSH2 7365:PUSH1 7367:SWAP2 7368:PUSH2 7371:JUMP
erc1155_evm,7381,JUMP,internal_return,7373:SWAP2 7374:DUP2 7375:NOT 7376:AND 7377:SWAP2 7378:AND 7379:OR 7380:SWAP1 7381:JUMP
erc1155_evm,7390,JUMP,adjacent_push,7378:AND 7379:OR 7380:SWAP1 7381:JUMP 7382:JUMPDEST 7383:PUSH2 7386:SWAP1 7387:PUSH2 7390:JUMP
erc1155_evm,7393,JUMP,internal_return,7381:JUMP 7382:JUMPDEST 7383:PUSH2 7386:SWAP1 7387:PUSH2 7390:JUMP 7391:JUMPDEST 7392:SWAP1 7393:JUMP
erc1155_evm,7396,JUMP,internal_return,7386:SWAP1 7387:PUSH2 7390:JUMP 7391:JUMPDEST 7392:SWAP1 7393:JUMP 7394:JUMPDEST 7395:SWAP1 7396:JUMP
erc1155_evm,7412,JUMP,adjacent_push,7396:JUMP 7397:JUMPDEST 7398:SWAP1 7399:PUSH2 7402:PUSH2 7405:PUSH2 7408:SWAP3 7409:PUSH2 7412:JUMP
erc1155_evm,7417,JUMP,adjacent_push,7399:PUSH2 7402:PUSH2 7405:PUSH2 7408:SWAP3 7409:PUSH2 7412:JUMP 7413:JUMPDEST 7414:PUSH2 7417:JUMP
erc1155_evm,7424,JUMP,adjacent_push,7412:JUMP 7413:JUMPDEST 7414:PUSH2 7417:JUMP 7418:JUMPDEST 7419:DUP3 7420:SLOAD 7421:PUSH2 7424:JUMP
erc1155_evm,7428,JUMP,unknown_dynamic,7418:JUMPDEST 7419:DUP3 7420:SLOAD 7421:PUSH2 7424:JUMP 7425:JUMPDEST 7426:SWAP1 7427:SSTORE 7428:JUMP
erc1155_evm,7447,JUMP,adjacent_push,7431:SWAP1 7432:SWAP2 7433:DUP3 7434:PUSH2 7437:PUSH2 7440:PUSH2 7443:PUSH0 7444:PUSH2 7447:JUMP
erc1155_evm,7464,JUMPI,adjacent_push,7452:JUMP 7453:JUMPDEST 7454:SWAP2 7455:PUSH2 7458:JUMP 7459:JUMPDEST 7460:EQ 7461:PUSH2 7464:JUMPI
erc1155_evm,7482,JUMP,adjacent_push,7465:PUSH2 7468:DUP3 7469:PUSH2 7472:PUSH2 7475:PUSH1 7477:DUP6 7478:SWAP1 7479:PUSH2 7482:JUMP
erc1155_evm,7489,JUMP,adjacent_push,7477:DUP6 7478:SWAP1 7479:PUSH2 7482:JUMP 7483:JUMPDEST 7484:DUP7 7485:SWAP1 7486:PUSH2 7489:JUMP
erc1155_evm,7494,JUMP,adjacent_push,7482:JUMP 7483:JUMPDEST 7484:DUP7 7485:SWAP1 7486:PUSH2 7489:JUMP 7490:JUMPDEST 7491:PUSH2 7494:JUMP
erc1155_evm,7545,JUMP,adjacent_push,7497:SWAP1 7498:SWAP2 7499:PUSH2 7502:PUSH2 7505:PUSH2 7508:PUSH32 7541:SWAP4 7542:PUSH2 7545:JUMP
erc1155_evm,7551,JUMP,adjacent_push,7505:PUSH2 7508:PUSH32 7541:SWAP4 7542:PUSH2 7545:JUMP 7546:JUMPDEST 7547:SWAP4 7548:PUSH2 7551:JUMP
erc1155_evm,7560,JUMP,adjacent_push,7546:JUMPDEST 7547:SWAP4 7548:PUSH2 7551:JUMP 7552:JUMPDEST 7553:SWAP4 7554:PUSH2 7557:PUSH2 7560:JUMP
erc1155_evm,7569,JUMP,adjacent_push,7557:PUSH2 7560:JUMP 7561:JUMPDEST 7562:SWAP2 7563:DUP3 7564:SWAP2 7565:DUP3 7566:PUSH2 7569:JUMP
erc1155_evm,7574,JUMP,top_computed,7564:SWAP2 7565:DUP3 7566:PUSH2 7569:JUMP 7570:JUMPDEST 7571:SUB 7572:SWAP1 7573:OP_a3 7574:JUMP
erc1155_evm,7586,JUMP,adjacent_push,7572:SWAP1 7573:OP_a3 7574:JUMP 7575:JUMPDEST 7576:PUSH2 7579:PUSH2 7582:PUSH0 7583:PUSH2 7586:JUMP
erc1155_evm,7632,JUMP,adjacent_push,7616:SWAP4 7617:SWAP2 7618:DUP4 7619:PUSH2 7622:PUSH2 7625:PUSH2 7628:PUSH0 7629:PUSH2 7632:JUMP
erc1155_evm,7649,JUMPI,adjacent_push,7637:JUMP 7638:JUMPDEST 7639:SWAP2 7640:PUSH2 7643:JUMP 7644:JUMPDEST 7645:EQ 7646:PUSH2 7649:JUMPI
erc1155_evm,7664,JUMP,adjacent_push,7646:PUSH2 7649:JUMPI 7650:DUP2 7651:PUSH2 7654:PUSH2 7657:PUSH2 7660:PUSH0 7661:PUSH2 7664:JUMP
erc1155_evm,7693,JUMP,adjacent_push,7677:EQ 7678:PUSH2 7681:JUMPI 7682:PUSH2 7685:SWAP5 7686:PUSH2 7689:SWAP2 7690:PUSH2 7693:JUMP
erc1155_evm,7704,JUMP,adjacent_push,7694:JUMPDEST 7695:SWAP2 7696:SWAP4 7697:SWAP1 7698:SWAP2 7699:SWAP3 7700:SWAP4 7701:PUSH2 7704:JUMP
erc1155_evm,7706,JUMP,bare_jumpdest_jump,7696:SWAP4 7697:SWAP1 7698:SWAP2 7699:SWAP3 7700:SWAP4 7701:PUSH2 7704:JUMP 7705:JUMPDEST 7706:JUMP
erc1155_evm,7718,JUMP,adjacent_push,7704:JUMP 7705:JUMPDEST 7706:JUMP 7707:JUMPDEST 7708:PUSH2 7711:PUSH2 7714:PUSH0 7715:PUSH2 7718:JUMP
erc1155_evm,7756,JUMP,adjacent_push,7742:SUB 7743:SWAP1 7744:OP_fd 7745:JUMPDEST 7746:PUSH2 7749:PUSH2 7752:PUSH0 7753:PUSH2 7756:JUMP
erc1155_evm,7786,JUMP,internal_return,7776:PUSH2 7779:JUMP 7780:JUMPDEST 7781:SUB 7782:SWAP1 7783:OP_fd 7784:JUMPDEST 7785:SWAP1 7786:JUMP
erc1155_evm,7801,JUMP,adjacent_push,7785:SWAP1 7786:JUMP 7787:JUMPDEST 7788:PUSH2 7791:PUSH2 7794:PUSH2 7797:SWAP3 7798:PUSH2 7801:JUMP
erc1155_evm,7806,JUMP,adjacent_push,7788:PUSH2 7791:PUSH2 7794:PUSH2 7797:SWAP3 7798:PUSH2 7801:JUMP 7802:JUMPDEST 7803:PUSH2 7806:JUMP
erc1155_evm,7814,JUMP,internal_return,7802:JUMPDEST 7803:PUSH2 7806:JUMP 7807:JUMPDEST 7808:PUSH2 7811:JUMP 7812:JUMPDEST 7813:SWAP1 7814:JUMP
erc1155_evm,7832,JUMP,adjacent_push,7820:PUSH2 7823:DUP5 7824:DUP4 7825:DUP8 7826:SWAP1 7827:DUP5 7828:SWAP3 7829:PUSH2 7832:JUMP
erc1155_evm,7848,JUMP,adjacent_push,7832:JUMP 7833:JUMPDEST 7834:DUP2 7835:PUSH2 7838:PUSH2 7841:PUSH2 7844:PUSH0 7845:PUSH2 7848:JUMP
erc1155_evm,7865,JUMPI,adjacent_push,7853:JUMP 7854:JUMPDEST 7855:SWAP2 7856:PUSH2 7859:JUMP 7860:JUMPDEST 7861:SUB 7862:PUSH2 7865:JUMPI
erc1155_evm,7872,JUMP,unknown_dynamic,7862:PUSH2 7865:JUMPI 7866:JUMPDEST 7867:POP 7868:POP 7869:POP 7870:POP 7871:POP 7872:JUMP
erc1155_evm,7880,JUMP,adjacent_push,7868:POP 7869:POP 7870:POP 7871:POP 7872:JUMP 7873:JUMPDEST 7874:PUSH2 7877:PUSH2 7880:JUMP
erc1155_evm,7917,JUMPI,adjacent_push,7905:SWAP2 7906:PUSH2 7909:JUMP 7910:JUMPDEST 7911:EQ 7912:PUSH0 7913:EQ 7914:PUSH2 7917:JUMPI
erc1155_evm,7935,JUMP,adjacent_push,7917:JUMPI 7918:PUSH2 7921:PUSH2 7924:PUSH2 7927:SWAP8 7928:PUSH2 7931:PUSH0 7932:PUSH2 7935:JUMP
erc1155_evm,7941,JUMP,adjacent_push,7927:SWAP8 7928:PUSH2 7931:PUSH0 7932:PUSH2 7935:JUMP 7936:JUMPDEST 7937:SWAP1 7938:PUSH2 7941:JUMP
erc1155_evm,7951,JUMP,adjacent_push,7937:SWAP1 7938:PUSH2 7941:JUMP 7942:JUMPDEST 7943:SWAP3 7944:PUSH2 7947:PUSH0 7948:PUSH2 7951:JUMP
erc1155_evm,7957,JUMP,adjacent_push,7943:SWAP3 7944:PUSH2 7947:PUSH0 7948:PUSH2 7951:JUMP 7952:JUMPDEST 7953:SWAP1 7954:PUSH2 7957:JUMP
erc1155_evm,7969,JUMP,adjacent_push,7959:SWAP3 7960:SWAP5 7961:SWAP1 7962:SWAP2 7963:SWAP3 7964:SWAP4 7965:SWAP5 7966:PUSH2 7969:JUMP
erc1155_evm,7980,JUMP,adjacent_push,7970:JUMPDEST 7971:JUMPDEST 7972:PUSH0 7973:DUP1 7974:DUP1 7975:DUP1 7976:DUP1 7977:PUSH2 7980:JUMP
erc1155_evm,7997,JUMP,adjacent_push,7987:SWAP3 7988:SWAP5 7989:SWAP1 7990:SWAP2 7991:SWAP3 7992:SWAP4 7993:SWAP5 7994:PUSH2 7997:JUMP
erc1155_evm,8002,JUMP,adjacent_push,7990:SWAP2 7991:SWAP3 7992:SWAP4 7993:SWAP5 7994:PUSH2 7997:JUMP 7998:JUMPDEST 7999:PUSH2 8002:JUMP
erc1155_evm,8011,JUMP,adjacent_push,7997:JUMP 7998:JUMPDEST 7999:PUSH2 8002:JUMP 8003:JUMPDEST 8004:SWAP2 8005:PUSH2 8008:PUSH2 8011:JUMP
erc1155_evm,8020,JUMP,adjacent_push,8004:SWAP2 8005:PUSH2 8008:PUSH2 8011:JUMP 8012:JUMPDEST 8013:POP 8014:PUSH2 8017:PUSH2 8020:JUMP
erc1155_evm,8057,JUMP,top_computed,8047:DUP4 8048:ADD 8049:MSTORE 8050:PUSH1 8052:DUP3 8053:ADD 8054:PUSH1 8056:MSTORE 8057:JUMP
erc1155_evm,8090,JUMP,adjacent_push,8080:DUP7 8081:ADD 8082:SWAP11 8083:PUSH0 8084:DUP8 8085:ADD 8086:SWAP1 8087:PUSH2 8090:JUMP
erc1155_evm,8100,JUMP,adjacent_push,8087:PUSH2 8090:JUMP 8091:JUMPDEST 8092:PUSH1 8094:DUP6 8095:ADD 8096:SWAP1 8097:PUSH2 8100:JUMP
erc1155_evm,8110,JUMP,adjacent_push,8097:PUSH2 8100:JUMP 8101:JUMPDEST 8102:PUSH1 8104:DUP4 8105:ADD 8106:SWAP1 8107:PUSH2 8110:JUMP
erc1155_evm,8117,JUMP,adjacent_push,8105:ADD 8106:SWAP1 8107:PUSH2 8110:JUMP 8111:JUMPDEST 8112:ADD 8113:SWAP1 8114:PUSH2 8117:JUMP
erc1155_evm,8119,JUMP,bare_jumpdest_jump,8107:PUSH2 8110:JUMP 8111:JUMPDEST 8112:ADD 8113:SWAP1 8114:PUSH2 8117:JUMP 8118:JUMPDEST 8119:JUMP
erc1155_evm,8133,JUMP,internal_return,8121:SWAP1 8122:PUSH2 8125:SWAP2 8126:SUB 8127:PUSH2 8130:JUMP 8131:JUMPDEST 8132:SWAP1 8133:JUMP
erc1155_evm,8145,JUMP,adjacent_push,8133:JUMP 8134:JUMPDEST 8135:SWAP1 8136:PUSH2 8139:PUSH0 8140:NOT 8141:SWAP2 8142:PUSH2 8145:JUMP
erc1155_evm,8155,JUMP,internal_return,8147:SWAP2 8148:DUP2 8149:NOT 8150:AND 8151:SWAP2 8152:AND 8153:OR 8154:SWAP1 8155:JUMP
erc1155_evm,8158,JUMP,internal_return,8150:AND 8151:SWAP2 8152:AND 8153:OR 8154:SWAP1 8155:JUMP 8156:JUMPDEST 8157:SWAP1 8158:JUMP
erc1155_evm,8174,JUMP,adjacent_push,8158:JUMP 8159:JUMPDEST 8160:SWAP1 8161:PUSH2 8164:PUSH2 8167:PUSH2 8170:SWAP3 8171:PUSH2 8174:JUMP
erc1155_evm,8179,JUMP,adjacent_push,8161:PUSH2 8164:PUSH2 8167:PUSH2 8170:SWAP3 8171:PUSH2 8174:JUMP 8175:JUMPDEST 8176:PUSH2 8179:JUMP
erc1155_evm,8186,JUMP,adjacent_push,8174:JUMP 8175:JUMPDEST 8176:PUSH2 8179:JUMP 8180:JUMPDEST 8181:DUP3 8182:SLOAD 8183:PUSH2 8186:JUMP
erc1155_evm,8190,JUMP,unknown_dynamic,8180:JUMPDEST 8181:DUP3 8182:SLOAD 8183:PUSH2 8186:JUMP 8187:JUMPDEST 8188:SWAP1 8189:SSTORE 8190:JUMP
erc1155_evm,8241,JUMPI,adjacent_push,8231:JUMP 8232:JUMPDEST 8233:DUP3 8234:ADD 8235:DUP1 8236:SWAP3 8237:GT 8238:PUSH2 8241:JUMPI
erc1155_evm,8242,JUMP,unknown_dynamic,8232:JUMPDEST 8233:DUP3 8234:ADD 8235:DUP1 8236:SWAP3 8237:GT 8238:PUSH2 8241:JUMPI 8242:JUMP
erc1155_evm,8247,JUMP,adjacent_push,8235:DUP1 8236:SWAP3 8237:GT 8238:PUSH2 8241:JUMPI 8242:JUMP 8243:JUMPDEST 8244:PUSH2 8247:JUMP
erc1155_evm,8290,JUMP,internal_return,8280:SUB 8281:SWAP2 8282:ADD 8283:MSTORE 8284:PUSH2 8287:JUMP 8288:JUMPDEST 8289:SWAP1 8290:JUMP
erc1155_evm,8335,JUMPI,adjacent_push,8323:JUMP 8324:JUMPDEST 8325:SWAP2 8326:PUSH2 8329:JUMP 8330:JUMPDEST 8331:SUB 8332:PUSH2 8335:JUMPI
erc1155_evm,8342,JUMP,adjacent_push,8326:PUSH2 8329:JUMP 8330:JUMPDEST 8331:SUB 8332:PUSH2 8335:JUMPI 8336:PUSH2 8339:PUSH2 8342:JUMP
erc1155_evm,8352,JUMP,adjacent_push,8336:PUSH2 8339:PUSH2 8342:JUMP 8343:JUMPDEST 8344:SWAP4 8345:PUSH2 8348:PUSH0 8349:PUSH2 8352:JUMP
erc1155_evm,8387,JUMPI,adjacent_push,8375:JUMPDEST 8376:SWAP2 8377:PUSH2 8380:JUMP 8381:JUMPDEST 8382:LT 8383:ISZERO 8384:PUSH2 8387:JUMPI
erc1155_evm,8397,JUMP,adjacent_push,8383:ISZERO 8384:PUSH2 8387:JUMPI 8388:PUSH2 8391:DUP4 8392:DUP3 8393:SWAP1 8394:PUSH2 8397:JUMP
erc1155_evm,8408,JUMP,adjacent_push,8394:PUSH2 8397:JUMP 8398:JUMPDEST 8399:PUSH2 8402:DUP6 8403:DUP4 8404:SWAP1 8405:PUSH2 8408:JUMP
erc1155_evm,8425,JUMP,adjacent_push,8409:JUMPDEST 8410:SWAP1 8411:DUP9 8412:PUSH2 8415:PUSH2 8418:PUSH2 8421:PUSH0 8422:PUSH2 8425:JUMP
erc1155_evm,8442,JUMPI,adjacent_push,8430:JUMP 8431:JUMPDEST 8432:SWAP2 8433:PUSH2 8436:JUMP 8437:JUMPDEST 8438:SUB 8439:PUSH2 8442:JUMPI
erc1155_evm,8464,JUMP,adjacent_push,8448:SWAP3 8449:SWAP2 8450:DUP8 8451:PUSH2 8454:PUSH2 8457:PUSH2 8460:PUSH0 8461:PUSH2 8464:JUMP
erc1155_evm,8481,JUMPI,adjacent_push,8469:JUMP 8470:JUMPDEST 8471:SWAP2 8472:PUSH2 8475:JUMP 8476:JUMPDEST 8477:SUB 8478:PUSH2 8481:JUMPI
erc1155_evm,8488,JUMP,adjacent_push,8476:JUMPDEST 8477:SUB 8478:PUSH2 8481:JUMPI 8482:JUMPDEST 8483:POP 8484:POP 8485:PUSH2 8488:JUMP
erc1155_evm,8493,JUMP,adjacent_push,8481:JUMPI 8482:JUMPDEST 8483:POP 8484:POP 8485:PUSH2 8488:JUMP 8489:JUMPDEST 8490:PUSH2 8493:JUMP
erc1155_evm,8513,JUMP,adjacent_push,8495:PUSH2 8498:PUSH2 8501:PUSH2 8504:PUSH2 8507:SWAP5 8508:SWAP4 8509:PUSH0 8510:PUSH2 8513:JUMP
erc1155_evm,8520,JUMP,adjacent_push,8508:SWAP4 8509:PUSH0 8510:PUSH2 8513:JUMP 8514:JUMPDEST 8515:DUP11 8516:SWAP1 8517:PUSH2 8520:JUMP
erc1155_evm,8530,JUMP,adjacent_push,8516:SWAP1 8517:PUSH2 8520:JUMP 8521:JUMPDEST 8522:SWAP2 8523:PUSH2 8526:DUP4 8527:PUSH2 8530:JUMP
erc1155_evm,8535,JUMP,adjacent_push,8521:JUMPDEST 8522:SWAP2 8523:PUSH2 8526:DUP4 8527:PUSH2 8530:JUMP 8531:JUMPDEST 8532:PUSH2 8535:JUMP
erc1155_evm,8548,JUMP,adjacent_push,8536:JUMPDEST 8537:SWAP1 8538:PUSH2 8541:JUMP 8542:JUMPDEST 8543:PUSH0 8544:DUP1 8545:PUSH2 8548:JUMP
erc1155_evm,8565,JUMP,adjacent_push,8549:JUMPDEST 8550:PUSH2 8553:PUSH2 8556:PUSH2 8559:PUSH0 8560:DUP5 8561:SWAP1 8562:PUSH2 8565:JUMP
erc1155_evm,8572,JUMP,adjacent_push,8560:DUP5 8561:SWAP1 8562:PUSH2 8565:JUMP 8566:JUMPDEST 8567:DUP12 8568:SWAP1 8569:PUSH2 8572:JUMP
erc1155_evm,8577,JUMP,adjacent_push,8565:JUMP 8566:JUMPDEST 8567:DUP12 8568:SWAP1 8569:PUSH2 8572:JUMP 8573:JUMPDEST 8574:PUSH2 8577:JUMP
erc1155_evm,8621,JUMP,adjacent_push,8607:PUSH2 8610:PUSH2 8613:SWAP6 8614:SWAP5 8615:SWAP4 8616:DUP5 8617:SWAP1 8618:PUSH2 8621:JUMP
erc1155_evm,8635,JUMP,adjacent_push,8621:JUMP 8622:JUMPDEST 8623:PUSH2 8626:PUSH2 8629:PUSH0 8630:DUP6 8631:SWAP1 8632:PUSH2 8635:JUMP
erc1155_evm,8642,JUMP,adjacent_push,8630:DUP6 8631:SWAP1 8632:PUSH2 8635:JUMP 8636:JUMPDEST 8637:DUP14 8638:SWAP1 8639:PUSH2 8642:JUMP
erc1155_evm,8672,JUMP,adjacent_push,8658:SWAP1 8659:PUSH2 8662:SWAP1 8663:DUP11 8664:SWAP3 8665:SWAP4 8666:PUSH2 8669:PUSH2 8672:JUMP
erc1155_evm,8740,JUMPI,adjacent_push,8728:SWAP2 8729:PUSH2 8732:JUMP 8733:JUMPDEST 8734:EQ 8735:PUSH0 8736:EQ 8737:PUSH2 8740:JUMPI
erc1155_evm,8755,JUMP,adjacent_push,8737:PUSH2 8740:JUMPI 8741:PUSH2 8744:PUSH2 8747:SWAP2 8748:PUSH2 8751:PUSH0 8752:PUSH2 8755:JUMP
erc1155_evm,8761,JUMP,adjacent_push,8747:SWAP2 8748:PUSH2 8751:PUSH0 8752:PUSH2 8755:JUMP 8756:JUMPDEST 8757:SWAP1 8758:PUSH2 8761:JUMP
erc1155_evm,8771,JUMP,adjacent_push,8757:SWAP1 8758:PUSH2 8761:JUMP 8762:JUMPDEST 8763:SWAP4 8764:PUSH2 8767:PUSH0 8768:PUSH2 8771:JUMP
erc1155_evm,8777,JUMP,adjacent_push,8763:SWAP4 8764:PUSH2 8767:PUSH0 8768:PUSH2 8771:JUMP 8772:JUMPDEST 8773:SWAP1 8774:PUSH2 8777:JUMP
erc1155_evm,8830,JUMP,adjacent_push,8782:SWAP3 8783:SWAP4 8784:PUSH2 8787:PUSH2 8790:PUSH2 8793:PUSH32 8826:SWAP5 8827:PUSH2 8830:JUMP
erc1155_evm,8836,JUMP,adjacent_push,8790:PUSH2 8793:PUSH32 8826:SWAP5 8827:PUSH2 8830:JUMP 8831:JUMPDEST 8832:SWAP5 8833:PUSH2 8836:JUMP
erc1155_evm,8842,JUMP,adjacent_push,8830:JUMP 8831:JUMPDEST 8832:SWAP5 8833:PUSH2 8836:JUMP 8837:JUMPDEST 8838:SWAP5 8839:PUSH2 8842:JUMP
erc1155_evm,8854,JUMP,adjacent_push,8838:SWAP5 8839:PUSH2 8842:JUMP 8843:JUMPDEST 8844:SWAP5 8845:PUSH2 8848:PUSH2 8851:PUSH2 8854:JUMP
erc1155_evm,8863,JUMP,adjacent_push,8851:PUSH2 8854:JUMP 8855:JUMPDEST 8856:SWAP3 8857:DUP4 8858:SWAP3 8859:DUP4 8860:PUSH2 8863:JUMP
erc1155_evm,8869,JUMP,top_computed,8859:DUP4 8860:PUSH2 8863:JUMP 8864:JUMPDEST 8865:SUB 8866:SWAP1 8867:OP_a4 8868:JUMPDEST 8869:JUMP
erc1155_evm,8923,JUMP,adjacent_push,8875:SWAP3 8876:SWAP4 8877:PUSH2 8880:PUSH2 8883:PUSH2 8886:PUSH32 8919:SWAP5 8920:PUSH2 8923:JUMP
erc1155_evm,8929,JUMP,adjacent_push,8883:PUSH2 8886:PUSH32 8919:SWAP5 8920:PUSH2 8923:JUMP 8924:JUMPDEST 8925:SWAP5 8926:PUSH2 8929:JUMP
erc1155_evm,8935,JUMP,adjacent_push,8923:JUMP 8924:JUMPDEST 8925:SWAP5 8926:PUSH2 8929:JUMP 8930:JUMPDEST 8931:SWAP5 8932:PUSH2 8935:JUMP
erc1155_evm,8947,JUMP,adjacent_push,8931:SWAP5 8932:PUSH2 8935:JUMP 8936:JUMPDEST 8937:SWAP5 8938:PUSH2 8941:PUSH2 8944:PUSH2 8947:JUMP
erc1155_evm,8956,JUMP,adjacent_push,8944:PUSH2 8947:JUMP 8948:JUMPDEST 8949:SWAP3 8950:DUP4 8951:SWAP3 8952:DUP4 8953:PUSH2 8956:JUMP
erc1155_evm,8964,JUMP,adjacent_push,8952:DUP4 8953:PUSH2 8956:JUMP 8957:JUMPDEST 8958:SUB 8959:SWAP1 8960:OP_a4 8961:PUSH2 8964:JUMP
erc1155_evm,9009,JUMP,adjacent_push,8997:PUSH1 8999:SHL 9000:DUP5 9001:MSTORE 9002:PUSH1 9004:DUP5 9005:ADD 9006:PUSH2 9009:JUMP
erc1155_evm,9022,JUMP,adjacent_push,9010:JUMPDEST 9011:SUB 9012:SWAP1 9013:OP_fd 9014:JUMPDEST 9015:PUSH2 9018:SWAP1 9019:PUSH2 9022:JUMP
erc1155_evm,9025,JUMP,internal_return,9013:OP_fd 9014:JUMPDEST 9015:PUSH2 9018:SWAP1 9019:PUSH2 9022:JUMP 9023:JUMPDEST 9024:SWAP1 9025:JUMP
erc1155_evm,9034,JUMP,adjacent_push,9022:JUMP 9023:JUMPDEST 9024:SWAP1 9025:JUMP 9026:JUMPDEST 9027:PUSH2 9030:SWAP1 9031:PUSH2 9034:JUMP
erc1155_evm,9037,JUMP,internal_return,9025:JUMP 9026:JUMPDEST 9027:PUSH2 9030:SWAP1 9031:PUSH2 9034:JUMP 9035:JUMPDEST 9036:SWAP1 9037:JUMP
erc1155_evm,9046,JUMP,adjacent_push,9034:JUMP 9035:JUMPDEST 9036:SWAP1 9037:JUMP 9038:JUMPDEST 9039:PUSH2 9042:SWAP1 9043:PUSH2 9046:JUMP
erc1155_evm,9049,JUMP,internal_return,9037:JUMP 9038:JUMPDEST 9039:PUSH2 9042:SWAP1 9043:PUSH2 9046:JUMP 9047:JUMPDEST 9048:SWAP1 9049:JUMP
erc1155_evm,9055,JUMP,internal_return,9046:JUMP 9047:JUMPDEST 9048:SWAP1 9049:JUMP 9050:JUMPDEST 9051:PUSH1 9053:SHL 9054:SWAP1 9055:JUMP
erc1155_evm,9068,JUMP,adjacent_push,9056:JUMPDEST 9057:SWAP1 9058:POP 9059:MLOAD 9060:SWAP1 9061:PUSH2 9064:DUP3 9065:PUSH2 9068:JUMP
erc1155_evm,9070,JUMP,bare_jumpdest_jump,9058:POP 9059:MLOAD 9060:SWAP1 9061:PUSH2 9064:DUP3 9065:PUSH2 9068:JUMP 9069:JUMPDEST 9070:JUMP
erc1155_evm,9082,JUMPI,adjacent_push,9071:JUMPDEST 9072:SWAP1 9073:PUSH1 9075:DUP3 9076:DUP3 9077:SUB 9078:OP_12 9079:PUSH2 9082:JUMPI
erc1155_evm,9092,JUMP,adjacent_push,9078:OP_12 9079:PUSH2 9082:JUMPI 9083:PUSH2 9086:SWAP2 9087:PUSH0 9088:ADD 9089:PUSH2 9092:JUMP
erc1155_evm,9095,JUMP,internal_return,9083:PUSH2 9086:SWAP2 9087:PUSH0 9088:ADD 9089:PUSH2 9092:JUMP 9093:JUMPDEST 9094:SWAP1 9095:JUMP
erc1155_evm,9100,JUMP,adjacent_push,9088:ADD 9089:PUSH2 9092:JUMP 9093:JUMPDEST 9094:SWAP1 9095:JUMP 9096:JUMPDEST 9097:PUSH2 9100:JUMP
erc1155_evm,9104,JUMP,internal_return,9094:SWAP1 9095:JUMP 9096:JUMPDEST 9097:PUSH2 9100:JUMP 9101:JUMPDEST 9102:MLOAD 9103:SWAP1 9104:JUMP
erc1155_evm,9113,JUMP,internal_return,9104:JUMP 9105:JUMPDEST 9106:PUSH1 9108:SWAP2 9109:DUP2 9110:MSTORE 9111:ADD 9112:SWAP1 9113:JUMP
erc1155_evm,9135,JUMP,adjacent_push,9118:PUSH2 9121:PUSH1 9123:SWAP4 9124:PUSH2 9127:SWAP4 9128:PUSH2 9131:DUP2 9132:PUSH2 9135:JUMP
erc1155_evm,9144,JUMP,adjacent_push,9132:PUSH2 9135:JUMP 9136:JUMPDEST 9137:SWAP4 9138:DUP5 9139:DUP1 9140:SWAP4 9141:PUSH2 9144:JUMP
erc1155_evm,9153,JUMP,adjacent_push,9141:PUSH2 9144:JUMP 9145:JUMPDEST 9146:SWAP6 9147:DUP7 9148:SWAP2 9149:ADD 9150:PUSH2 9153:JUMP
erc1155_evm,9158,JUMP,adjacent_push,9146:SWAP6 9147:DUP7 9148:SWAP2 9149:ADD 9150:PUSH2 9153:JUMP 9154:JUMPDEST 9155:PUSH2 9158:JUMP
erc1155_evm,9162,JUMP,internal_return,9150:PUSH2 9153:JUMP 9154:JUMPDEST 9155:PUSH2 9158:JUMP 9159:JUMPDEST 9160:ADD 9161:SWAP1 9162:JUMP
erc1155_evm,9197,JUMP,adjacent_push,9187:DUP11 9188:ADD 9189:SWAP5 9190:PUSH0 9191:DUP12 9192:ADD 9193:SWAP1 9194:PUSH2 9197:JUMP
erc1155_evm,9207,JUMP,adjacent_push,9194:PUSH2 9197:JUMP 9198:JUMPDEST 9199:PUSH1 9201:DUP10 9202:ADD 9203:SWAP1 9204:PUSH2 9207:JUMP
erc1155_evm,9248,JUMP,adjacent_push,9237:PUSH1 9239:DUP2 9240:DUP5 9241:SUB 9242:SWAP2 9243:ADD 9244:MSTORE 9245:PUSH2 9248:JUMP
erc1155_evm,9251,JUMP,internal_return,9241:SUB 9242:SWAP2 9243:ADD 9244:MSTORE 9245:PUSH2 9248:JUMP 9249:JUMPDEST 9250:SWAP1 9251:JUMP
erc1155_evm,9264,JUMP,adjacent_push,9250:SWAP1 9251:JUMP 9252:JUMPDEST 9253:SWAP1 9254:PUSH2 9257:PUSH2 9260:DUP4 9261:PUSH2 9264:JUMP
erc1155_evm,9269,JUMP,adjacent_push,9253:SWAP1 9254:PUSH2 9257:PUSH2 9260:DUP4 9261:PUSH2 9264:JUMP 9265:JUMPDEST 9266:PUSH2 9269:JUMP
erc1155_evm,9274,JUMP,unknown_dynamic,9264:JUMP 9265:JUMPDEST 9266:PUSH2 9269:JUMP 9270:JUMPDEST 9271:SWAP2 9272:DUP3 9273:MSTORE 9274:JUMP
erc1155_evm,9279,JUMP,internal_return,9270:JUMPDEST 9271:SWAP2 9272:DUP3 9273:MSTORE 9274:JUMP 9275:JUMPDEST 9276:PUSH1 9278:SWAP1 9279:JUMP
erc1155_evm,9287,JUMPI,adjacent_push,9276:PUSH1 9278:SWAP1 9279:JUMP 9280:JUMPDEST 9281:OP_3d 9282:PUSH0 9283:EQ 9284:PUSH2 9287:JUMPI
erc1155_evm,9295,JUMP,adjacent_push,9281:OP_3d 9282:PUSH0 9283:EQ 9284:PUSH2 9287:JUMPI 9288:PUSH2 9291:OP_3d 9292:PUSH2 9295:JUMP
erc1155_evm,9306,JUMP,top_computed,9297:SWAP1 9298:OP_3d 9299:PUSH0 9300:PUSH1 9302:DUP5 9303:ADD 9304:OP_3e 9305:JUMPDEST 9306:JUMP
erc1155_evm,9314,JUMP,adjacent_push,9302:DUP5 9303:ADD 9304:OP_3e 9305:JUMPDEST 9306:JUMP 9307:JUMPDEST 9308:PUSH2 9311:PUSH2 9314:JUMP
erc1155_evm,9320,JUMP,adjacent_push,9306:JUMP 9307:JUMPDEST 9308:PUSH2 9311:PUSH2 9314:JUMP 9315:JUMPDEST 9316:SWAP1 9317:PUSH2 9320:JUMP
erc1155_evm,9341,JUMP,adjacent_push,9327:SWAP3 9328:SWAP4 9329:DUP6 9330:OP_3b 9331:PUSH2 9334:PUSH2 9337:PUSH0 9338:PUSH2 9341:JUMP
erc1155_evm,9353,JUMPI,adjacent_push,9341:JUMP 9342:JUMPDEST 9343:SWAP2 9344:PUSH2 9347:JUMP 9348:JUMPDEST 9349:GT 9350:PUSH2 9353:JUMPI
erc1155_evm,9361,JUMP,unknown_dynamic,9353:JUMPI 9354:JUMPDEST 9355:POP 9356:POP 9357:POP 9358:POP 9359:POP 9360:POP 9361:JUMP
erc1155_evm,9384,JUMP,adjacent_push,9367:SWAP2 9368:PUSH2 9371:PUSH1 9373:SWAP7 9374:PUSH2 9377:PUSH2 9380:DUP12 9381:PUSH2 9384:JUMP
erc1155_evm,9389,JUMP,adjacent_push,9373:SWAP7 9374:PUSH2 9377:PUSH2 9380:DUP12 9381:PUSH2 9384:JUMP 9385:JUMPDEST 9386:PUSH2 9389:JUMP
erc1155_evm,9409,JUMP,adjacent_push,9397:SWAP4 9398:SWAP8 9399:SWAP10 9400:SWAP2 9401:SWAP1 9402:SWAP2 9403:PUSH2 9406:PUSH2 9409:JUMP
erc1155_evm,9421,JUMP,adjacent_push,9411:SWAP11 9412:DUP12 9413:SWAP10 9414:DUP11 9415:SWAP9 9416:DUP10 9417:SWAP8 9418:PUSH2 9421:JUMP
erc1155_evm,9432,JUMP,adjacent_push,9421:JUMP 9422:JUMPDEST 9423:DUP8 9424:MSTORE 9425:PUSH1 9427:DUP8 9428:ADD 9429:PUSH2 9432:JUMP
erc1155_evm,9445,JUMPI,adjacent_push,9435:SWAP3 9436:OP_5a 9437:OP_f1 9438:DUP1 9439:SWAP2 9440:PUSH0 9441:SWAP3 9442:PUSH2 9445:JUMPI
erc1155_evm,9454,JUMPI,adjacent_push,9442:PUSH2 9445:JUMPI 9446:JUMPDEST 9447:POP 9448:ISZERO 9449:PUSH0 9450:EQ 9451:PUSH2 9454:JUMPI
erc1155_evm,9461,JUMPI,adjacent_push,9448:ISZERO 9449:PUSH0 9450:EQ 9451:PUSH2 9454:JUMPI 9455:POP 9456:PUSH1 9458:PUSH2 9461:JUMPI
erc1155_evm,9473,JUMP,adjacent_push,9463:JUMPDEST 9464:PUSH0 9465:DUP1 9466:DUP1 9467:DUP1 9468:DUP1 9469:DUP1 9470:PUSH2 9473:JUMP
erc1155_evm,9481,JUMP,adjacent_push,9467:DUP1 9468:DUP1 9469:DUP1 9470:PUSH2 9473:JUMP 9474:JUMPDEST 9475:PUSH2 9478:PUSH2 9481:JUMP
erc1155_evm,9491,JUMP,adjacent_push,9475:PUSH2 9478:PUSH2 9481:JUMP 9482:JUMPDEST 9483:SWAP1 9484:PUSH2 9487:DUP3 9488:PUSH2 9491:JUMP
erc1155_evm,9503,JUMP,adjacent_push,9487:DUP3 9488:PUSH2 9491:JUMP 9492:JUMPDEST 9493:PUSH2 9496:PUSH2 9499:PUSH0 9500:PUSH2 9503:JUMP
erc1155_evm,9517,JUMPI,adjacent_push,9505:SWAP2 9506:PUSH2 9509:JUMP 9510:JUMPDEST 9511:EQ 9512:PUSH0 9513:EQ 9514:PUSH2 9517:JUMPI
erc1155_evm,9575,JUMP,adjacent_push,9556:OP_fd 9557:JUMPDEST 9558:PUSH2 9561:PUSH2 9564:PUSH4 9569:PUSH1 9571:SHL 9572:PUSH2 9575:JUMP
erc1155_evm,9581,JUMP,adjacent_push,9564:PUSH4 9569:PUSH1 9571:SHL 9572:PUSH2 9575:JUMP 9576:JUMPDEST 9577:SWAP2 9578:PUSH2 9581:JUMP
erc1155_evm,9587,JUMPI,adjacent_push,9575:JUMP 9576:JUMPDEST 9577:SWAP2 9578:PUSH2 9581:JUMP 9582:JUMPDEST 9583:SUB 9584:PUSH2 9587:JUMPI
erc1155_evm,9639,JUMPI,adjacent_push,9628:SWAP2 9629:SWAP3 9630:POP 9631:PUSH1 9633:OP_3d 9634:DUP2 9635:GT 9636:PUSH2 9639:JUMPI
erc1155_evm,9649,JUMP,adjacent_push,9635:GT 9636:PUSH2 9639:JUMPI 9640:JUMPDEST 9641:PUSH2 9644:DUP2 9645:DUP4 9646:PUSH2 9649:JUMP
erc1155_evm,9657,JUMP,adjacent_push,9645:DUP4 9646:PUSH2 9649:JUMP 9650:JUMPDEST 9651:DUP2 9652:ADD 9653:SWAP1 9654:PUSH2 9657:JUMP
erc1155_evm,9664,JUMP,adjacent_push,9652:ADD 9653:SWAP1 9654:PUSH2 9657:JUMP 9658:JUMPDEST 9659:SWAP1 9660:PUSH0 9661:PUSH2 9664:JUMP
erc1155_evm,9671,JUMP,adjacent_push,9659:SWAP1 9660:PUSH0 9661:PUSH2 9664:JUMP 9665:JUMPDEST 9666:POP 9667:OP_3d 9668:PUSH2 9671:JUMP
erc1155_evm,9706,JUMP,adjacent_push,9696:DUP9 9697:ADD 9698:SWAP10 9699:PUSH0 9700:DUP10 9701:ADD 9702:SWAP1 9703:PUSH2 9706:JUMP
erc1155_evm,9716,JUMP,adjacent_push,9703:PUSH2 9706:JUMP 9707:JUMPDEST 9708:PUSH1 9710:DUP8 9711:ADD 9712:SWAP1 9713:PUSH2 9716:JUMP
erc1155_evm,9726,JUMP,adjacent_push,9713:PUSH2 9716:JUMP 9717:JUMPDEST 9718:PUSH1 9720:DUP6 9721:ADD 9722:SWAP1 9723:PUSH2 9726:JUMP
erc1155_evm,9736,JUMP,adjacent_push,9723:PUSH2 9726:JUMP 9727:JUMPDEST 9728:PUSH1 9730:DUP4 9731:ADD 9732:SWAP1 9733:PUSH2 9736:JUMP
erc1155_evm,9749,JUMP,adjacent_push,9738:PUSH1 9740:DUP2 9741:DUP5 9742:SUB 9743:SWAP2 9744:ADD 9745:MSTORE 9746:PUSH2 9749:JUMP
erc1155_evm,9752,JUMP,internal_return,9742:SUB 9743:SWAP2 9744:ADD 9745:MSTORE 9746:PUSH2 9749:JUMP 9750:JUMPDEST 9751:SWAP1 9752:JUMP
erc1155_evm,9773,JUMP,adjacent_push,9759:SWAP3 9760:SWAP4 9761:DUP6 9762:OP_3b 9763:PUSH2 9766:PUSH2 9769:PUSH0 9770:PUSH2 9773:JUMP
erc1155_evm,9785,JUMPI,adjacent_push,9773:JUMP 9774:JUMPDEST 9775:SWAP2 9776:PUSH2 9779:JUMP 9780:JUMPDEST 9781:GT 9782:PUSH2 9785:JUMPI
erc1155_evm,9793,JUMP,unknown_dynamic,9785:JUMPI 9786:JUMPDEST 9787:POP 9788:POP 9789:POP 9790:POP 9791:POP 9792:POP 9793:JUMP
erc1155_evm,9816,JUMP,adjacent_push,9799:SWAP2 9800:PUSH2 9803:PUSH1 9805:SWAP7 9806:PUSH2 9809:PUSH2 9812:DUP12 9813:PUSH2 9816:JUMP
erc1155_evm,9821,JUMP,adjacent_push,9805:SWAP7 9806:PUSH2 9809:PUSH2 9812:DUP12 9813:PUSH2 9816:JUMP 9817:JUMPDEST 9818:PUSH2 9821:JUMP
erc1155_evm,9841,JUMP,adjacent_push,9829:SWAP4 9830:SWAP8 9831:SWAP10 9832:SWAP2 9833:SWAP1 9834:SWAP2 9835:PUSH2 9838:PUSH2 9841:JUMP
erc1155_evm,9853,JUMP,adjacent_push,9843:SWAP11 9844:DUP12 9845:SWAP10 9846:DUP11 9847:SWAP9 9848:DUP10 9849:SWAP8 9850:PUSH2 9853:JUMP
erc1155_evm,9864,JUMP,adjacent_push,9853:JUMP 9854:JUMPDEST 9855:DUP8 9856:MSTORE 9857:PUSH1 9859:DUP8 9860:ADD 9861:PUSH2 9864:JUMP
erc1155_evm,9877,JUMPI,adjacent_push,9867:SWAP3 9868:OP_5a 9869:OP_f1 9870:DUP1 9871:SWAP2 9872:PUSH0 9873:SWAP3 9874:PUSH2 9877:JUMPI
erc1155_evm,9886,JUMPI,adjacent_push,9874:PUSH2 9877:JUMPI 9878:JUMPDEST 9879:POP 9880:ISZERO 9881:PUSH0 9882:EQ 9883:PUSH2 9886:JUMPI
erc1155_evm,9893,JUMPI,adjacent_push,9880:ISZERO 9881:PUSH0 9882:EQ 9883:PUSH2 9886:JUMPI 9887:POP 9888:PUSH1 9890:PUSH2 9893:JUMPI
erc1155_evm,9905,JUMP,adjacent_push,9895:JUMPDEST 9896:PUSH0 9897:DUP1 9898:DUP1 9899:DUP1 9900:DUP1 9901:DUP1 9902:PUSH2 9905:JUMP
erc1155_evm,9913,JUMP,adjacent_push,9899:DUP1 9900:DUP1 9901:DUP1 9902:PUSH2 9905:JUMP 9906:JUMPDEST 9907:PUSH2 9910:PUSH2 9913:JUMP
erc1155_evm,9923,JUMP,adjacent_push,9907:PUSH2 9910:PUSH2 9913:JUMP 9914:JUMPDEST 9915:SWAP1 9916:PUSH2 9919:DUP3 9920:PUSH2 9923:JUMP
erc1155_evm,9935,JUMP,adjacent_push,9919:DUP3 9920:PUSH2 9923:JUMP 9924:JUMPDEST 9925:PUSH2 9928:PUSH2 9931:PUSH0 9932:PUSH2 9935:JUMP
erc1155_evm,9949,JUMPI,adjacent_push,9937:SWAP2 9938:PUSH2 9941:JUMP 9942:JUMPDEST 9943:EQ 9944:PUSH0 9945:EQ 9946:PUSH2 9949:JUMPI
erc1155_evm,10007,JUMP,adjacent_push,9988:OP_fd 9989:JUMPDEST 9990:PUSH2 9993:PUSH2 9996:PUSH4 10001:PUSH1 10003:SHL 10004:PUSH2 10007:JUMP
erc1155_evm,10013,JUMP,adjacent_push,9996:PUSH4 10001:PUSH1 10003:SHL 10004:PUSH2 10007:JUMP 10008:JUMPDEST 10009:SWAP2 10010:PUSH2 10013:JUMP
erc1155_evm,10019,JUMPI,adjacent_push,10007:JUMP 10008:JUMPDEST 10009:SWAP2 10010:PUSH2 10013:JUMP 10014:JUMPDEST 10015:SUB 10016:PUSH2 10019:JUMPI
erc1155_evm,10024,JUMP,adjacent_push,10010:PUSH2 10013:JUMP 10014:JUMPDEST 10015:SUB 10016:PUSH2 10019:JUMPI 10020:POP 10021:PUSH2 10024:JUMP
erc1155_evm,10071,JUMPI,adjacent_push,10060:SWAP2 10061:SWAP3 10062:POP 10063:PUSH1 10065:OP_3d 10066:DUP2 10067:GT 10068:PUSH2 10071:JUMPI
erc1155_evm,10081,JUMP,adjacent_push,10067:GT 10068:PUSH2 10071:JUMPI 10072:JUMPDEST 10073:PUSH2 10076:DUP2 10077:DUP4 10078:PUSH2 10081:JUMP
erc1155_evm,10089,JUMP,adjacent_push,10077:DUP4 10078:PUSH2 10081:JUMP 10082:JUMPDEST 10083:DUP2 10084:ADD 10085:SWAP1 10086:PUSH2 10089:JUMP
erc1155_evm,10096,JUMP,adjacent_push,10084:ADD 10085:SWAP1 10086:PUSH2 10089:JUMP 10090:JUMPDEST 10091:SWAP1 10092:PUSH0 10093:PUSH2 10096:JUMP
erc1155_evm,10103,JUMP,adjacent_push,10091:SWAP1 10092:PUSH0 10093:PUSH2 10096:JUMP 10097:JUMPDEST 10098:POP 10099:OP_3d 10100:PUSH2 10103:JUMP
erc20_evm,934,JUMP,unknown_dynamic,923:DUP4 924:DUP3 925:LT 926:OR 927:PUSH2 930:JUMPI 931:PUSH1 933:MSTORE 934:JUMP
erc20_evm,953,JUMPI,adjacent_push,942:DUP3 943:MSTORE 944:PUSH1 946:DUP1 947:CALLDATASIZE 948:LT 949:ISZERO 950:PUSH2 953:JUMPI
erc20_evm,974,JUMPI,adjacent_push,959:CALLDATALOAD 960:PUSH1 962:SHR 963:SWAP2 964:DUP3 965:PUSH4 970:EQ 971:PUSH2 974:JUMPI
erc20_evm,986,JUMPI,adjacent_push,970:EQ 971:PUSH2 974:JUMPI 975:POP 976:DUP2 977:PUSH4 982:EQ 983:PUSH2 986:JUMPI
erc20_evm,997,JUMPI,adjacent_push,977:PUSH4 982:EQ 983:PUSH2 986:JUMPI 987:DUP2 988:PUSH4 993:EQ 994:PUSH2 997:JUMPI
erc20_evm,1008,JUMPI,adjacent_push,988:PUSH4 993:EQ 994:PUSH2 997:JUMPI 998:DUP2 999:PUSH4 1004:EQ 1005:PUSH2 1008:JUMPI
erc20_evm,1019,JUMPI,adjacent_push,999:PUSH4 1004:EQ 1005:PUSH2 1008:JUMPI 1009:DUP2 1010:PUSH4 1015:EQ 1016:PUSH2 1019:JUMPI
erc20_evm,1030,JUMPI,adjacent_push,1010:PUSH4 1015:EQ 1016:PUSH2 1019:JUMPI 1020:DUP2 1021:PUSH4 1026:EQ 1027:PUSH2 1030:JUMPI
erc20_evm,1041,JUMPI,adjacent_push,1021:PUSH4 1026:EQ 1027:PUSH2 1030:JUMPI 1031:DUP2 1032:PUSH4 1037:EQ 1038:PUSH2 1041:JUMPI
erc20_evm,1052,JUMPI,adjacent_push,1032:PUSH4 1037:EQ 1038:PUSH2 1041:JUMPI 1042:DUP2 1043:PUSH4 1048:EQ 1049:PUSH2 1052:JUMPI
erc20_evm,1064,JUMPI,adjacent_push,1048:EQ 1049:PUSH2 1052:JUMPI 1053:POP 1054:DUP1 1055:PUSH4 1060:EQ 1061:PUSH2 1064:JUMPI
erc20_evm,1074,JUMPI,adjacent_push,1054:DUP1 1055:PUSH4 1060:EQ 1061:PUSH2 1064:JUMPI 1065:PUSH4 1070:EQ 1071:PUSH2 1074:JUMPI
erc20_evm,1083,JUMPI,adjacent_push,1071:PUSH2 1074:JUMPI 1075:PUSH0 1076:DUP1 1077:OP_fd 1078:JUMPDEST 1079:OP_34 1080:PUSH2 1083:JUMPI
erc20_evm,1094,JUMPI,adjacent_push,1083:JUMPI 1084:DUP1 1085:PUSH1 1087:NOT 1088:CALLDATASIZE 1089:ADD 1090:OP_12 1091:PUSH2 1094:JUMPI
erc20_evm,1104,JUMP,adjacent_push,1089:ADD 1090:OP_12 1091:PUSH2 1094:JUMPI 1095:PUSH1 1097:SWAP1 1098:PUSH2 1101:PUSH2 1104:JUMP
erc20_evm,1112,JUMP,adjacent_push,1095:PUSH1 1097:SWAP1 1098:PUSH2 1101:PUSH2 1104:JUMP 1105:JUMPDEST 1106:PUSH2 1109:PUSH2 1112:JUMP
erc20_evm,1160,JUMPI,adjacent_push,1150:JUMPDEST 1151:PUSH0 1152:DUP1 1153:OP_fd 1154:JUMPDEST 1155:POP 1156:OP_34 1157:PUSH2 1160:JUMPI
erc20_evm,1171,JUMPI,adjacent_push,1160:JUMPI 1161:DUP1 1162:PUSH1 1164:NOT 1165:CALLDATASIZE 1166:ADD 1167:OP_12 1168:PUSH2 1171:JUMPI
erc20_evm,1184,JUMP,adjacent_push,1167:OP_12 1168:PUSH2 1171:JUMPI 1172:PUSH1 1174:SWAP1 1175:PUSH2 1178:PUSH2 1181:PUSH2 1184:JUMP
erc20_evm,1194,JUMP,adjacent_push,1181:PUSH2 1184:JUMP 1185:JUMPDEST 1186:PUSH1 1188:CALLDATALOAD 1189:SWAP1 1190:OP_33 1191:PUSH2 1194:JUMP
erc20_evm,1208,JUMPI,adjacent_push,1197:PUSH1 1199:DUP2 1200:MSTORE 1201:OP_f3 1202:JUMPDEST 1203:DUP3 1204:OP_34 1205:PUSH2 1208:JUMPI
erc20_evm,1219,JUMPI,adjacent_push,1208:JUMPI 1209:PUSH0 1210:CALLDATASIZE 1211:PUSH1 1213:NOT 1214:ADD 1215:OP_12 1216:PUSH2 1219:JUMPI
erc20_evm,1243,JUMPI,adjacent_push,1232:SWAP1 1233:PUSH1 1235:DUP4 1236:AND 1237:SWAP3 1238:DUP4 1239:ISZERO 1240:PUSH2 1243:JUMPI
erc20_evm,1256,JUMPI,adjacent_push,1245:PUSH1 1247:SWAP4 1248:DUP5 1249:DUP5 1250:LT 1251:DUP2 1252:EQ 1253:PUSH2 1256:JUMPI
erc20_evm,1266,JUMPI,adjacent_push,1256:JUMPI 1257:DUP4 1258:DUP9 1259:MSTORE 1260:SWAP1 1261:DUP2 1262:ISZERO 1263:PUSH2 1266:JUMPI
erc20_evm,1274,JUMPI,adjacent_push,1261:DUP2 1262:ISZERO 1263:PUSH2 1266:JUMPI 1267:POP 1268:PUSH1 1270:EQ 1271:PUSH2 1274:JUMPI
erc20_evm,1310,JUMPI,adjacent_push,1292:PUSH8 1301:DUP5 1302:GT 1303:DUP4 1304:DUP6 1305:LT 1306:OR 1307:PUSH2 1310:JUMPI
erc20_evm,1324,JUMP,adjacent_push,1312:DUP3 1313:SWAP2 1314:DUP3 1315:PUSH2 1318:SWAP3 1319:MSTORE 1320:DUP3 1321:PUSH2 1324:JUMP
erc20_evm,1397,JUMPI,adjacent_push,1355:POP 1356:DUP4 1357:PUSH32 1390:JUMPDEST 1391:DUP4 1392:DUP6 1393:LT 1394:PUSH2 1397:JUMPI
erc20_evm,1411,JUMP,adjacent_push,1401:POP 1402:DUP4 1403:ADD 1404:ADD 1405:DUP5 1406:DUP1 1407:DUP1 1408:PUSH2 1411:JUMP
erc20_evm,1431,JUMP,adjacent_push,1421:SWAP4 1422:ADD 1423:SWAP3 1424:DUP5 1425:SWAP1 1426:DUP3 1427:ADD 1428:PUSH2 1431:JUMP
erc20_evm,1459,JUMP,adjacent_push,1449:ADD 1450:ADD 1451:SWAP1 1452:POP 1453:DUP5 1454:DUP1 1455:DUP1 1456:PUSH2 1459:JUMP
erc20_evm,1488,JUMP,adjacent_push,1477:PUSH0 1478:OP_fd 1479:JUMPDEST 1480:SWAP2 1481:PUSH1 1483:AND 1484:SWAP2 1485:PUSH2 1488:JUMP
erc20_evm,1495,JUMPI,adjacent_push,1483:AND 1484:SWAP2 1485:PUSH2 1488:JUMP 1489:JUMPDEST 1490:DUP3 1491:OP_34 1492:PUSH2 1495:JUMPI
erc20_evm,1507,JUMPI,adjacent_push,1495:JUMPI 1496:PUSH1 1498:CALLDATASIZE 1499:PUSH1 1501:NOT 1502:ADD 1503:OP_12 1504:PUSH2 1507:JUMPI
erc20_evm,1525,JUMP,adjacent_push,1510:SWAP1 1511:PUSH1 1513:PUSH1 1515:PUSH1 1517:SHL 1518:SUB 1519:PUSH2 1522:PUSH2 1525:JUMP
erc20_evm,1549,JUMPI,adjacent_push,1539:SWAP1 1540:DUP2 1541:MSTORE 1542:OP_f3 1543:JUMPDEST 1544:DUP3 1545:OP_34 1546:PUSH2 1549:JUMPI
erc20_evm,1560,JUMPI,adjacent_push,1549:JUMPI 1550:DUP1 1551:PUSH1 1553:NOT 1554:CALLDATASIZE 1555:ADD 1556:OP_12 1557:PUSH2 1560:JUMPI
erc20_evm,1567,JUMP,adjacent_push,1553:NOT 1554:CALLDATASIZE 1555:ADD 1556:OP_12 1557:PUSH2 1560:JUMPI 1561:PUSH2 1564:PUSH2 1567:JUMP
erc20_evm,1589,JUMPI,adjacent_push,1578:SWAP2 1579:PUSH1 1581:CALLDATALOAD 1582:SWAP2 1583:SWAP1 1584:DUP4 1585:ISZERO 1586:PUSH2 1589:JUMPI
erc20_evm,1603,JUMPI,adjacent_push,1593:SWAP1 1594:DUP4 1595:DUP3 1596:ADD 1597:DUP1 1598:SWAP3 1599:GT 1600:PUSH2 1603:JUMPI
erc20_evm,1714,JUMPI,adjacent_push,1704:DUP3 1705:ADD 1706:MSTORE 1707:OP_fd 1708:JUMPDEST 1709:DUP3 1710:OP_34 1711:PUSH2 1714:JUMPI
erc20_evm,1725,JUMPI,adjacent_push,1714:JUMPI 1715:PUSH0 1716:CALLDATASIZE 1717:PUSH1 1719:NOT 1720:ADD 1721:OP_12 1722:PUSH2 1725:JUMPI
erc20_evm,1742,JUMPI,adjacent_push,1732:DUP2 1733:MSTORE 1734:OP_f3 1735:JUMPDEST 1736:SWAP1 1737:POP 1738:OP_34 1739:PUSH2 1742:JUMPI
erc20_evm,1754,JUMPI,adjacent_push,1742:JUMPI 1743:PUSH1 1745:CALLDATASIZE 1746:PUSH1 1748:NOT 1749:ADD 1750:OP_12 1751:PUSH2 1754:JUMPI
erc20_evm,1761,JUMP,adjacent_push,1746:PUSH1 1748:NOT 1749:ADD 1750:OP_12 1751:PUSH2 1754:JUMPI 1755:PUSH2 1758:PUSH2 1761:JUMP
erc20_evm,1769,JUMP,adjacent_push,1751:PUSH2 1754:JUMPI 1755:PUSH2 1758:PUSH2 1761:JUMP 1762:JUMPDEST 1763:PUSH2 1766:PUSH2 1769:JUMP
erc20_evm,1814,JUMPI,adjacent_push,1804:SHA3 1805:SLOAD 1806:SWAP2 1807:PUSH0 1808:NOT 1809:DUP4 1810:LT 1811:PUSH2 1814:JUMPI
erc20_evm,1828,JUMP,adjacent_push,1815:JUMPDEST 1816:PUSH1 1818:DUP8 1819:PUSH2 1822:DUP9 1823:DUP9 1824:DUP9 1825:PUSH2 1828:JUMP
erc20_evm,1836,JUMPI,adjacent_push,1824:DUP9 1825:PUSH2 1828:JUMP 1829:JUMPDEST 1830:DUP6 1831:DUP4 1832:LT 1833:PUSH2 1836:JUMPI
erc20_evm,1842,JUMPI,adjacent_push,1830:DUP6 1831:DUP4 1832:LT 1833:PUSH2 1836:JUMPI 1837:DUP2 1838:ISZERO 1839:PUSH2 1842:JUMPI
erc20_evm,1848,JUMPI,adjacent_push,1836:JUMPI 1837:DUP2 1838:ISZERO 1839:PUSH2 1842:JUMPI 1843:OP_33 1844:ISZERO 1845:PUSH2 1848:JUMPI
erc20_evm,1888,JUMP,adjacent_push,1876:SUB 1877:SWAP1 1878:SWAP2 1879:SSTORE 1880:DUP3 1881:SWAP1 1882:PUSH2 1885:PUSH2 1888:JUMP
erc20_evm,1983,JUMPI,adjacent_push,1973:ADD 1974:SUB 1975:SWAP1 1976:OP_fd 1977:JUMPDEST 1978:DUP3 1979:OP_34 1980:PUSH2 1983:JUMPI
erc20_evm,1994,JUMPI,adjacent_push,1983:JUMPI 1984:PUSH0 1985:CALLDATASIZE 1986:PUSH1 1988:NOT 1989:ADD 1990:OP_12 1991:PUSH2 1994:JUMPI
erc20_evm,2013,JUMPI,adjacent_push,2003:SWAP1 2004:DUP2 2005:MSTORE 2006:OP_f3 2007:JUMPDEST 2008:DUP3 2009:OP_34 2010:PUSH2 2013:JUMPI
erc20_evm,2024,JUMPI,adjacent_push,2013:JUMPI 2014:DUP1 2015:PUSH1 2017:NOT 2018:CALLDATASIZE 2019:ADD 2020:OP_12 2021:PUSH2 2024:JUMPI
erc20_evm,2031,JUMP,adjacent_push,2017:NOT 2018:CALLDATASIZE 2019:ADD 2020:OP_12 2021:PUSH2 2024:JUMPI 2025:PUSH2 2028:PUSH2 2031:JUMP
erc20_evm,2042,JUMPI,adjacent_push,2031:JUMP 2032:JUMPDEST 2033:PUSH1 2035:CALLDATALOAD 2036:SWAP1 2037:OP_33 2038:ISZERO 2039:PUSH2 2042:JUMPI
erc20_evm,2181,JUMPI,adjacent_push,2170:MSTORE 2171:PUSH1 2173:SWAP1 2174:OP_fd 2175:JUMPDEST 2176:DUP4 2177:OP_34 2178:PUSH2 2181:JUMPI
erc20_evm,2192,JUMPI,adjacent_push,2181:JUMPI 2182:PUSH0 2183:CALLDATASIZE 2184:PUSH1 2186:NOT 2187:ADD 2188:OP_12 2189:PUSH2 2192:JUMPI
erc20_evm,2214,JUMPI,adjacent_push,2203:SWAP1 2204:PUSH1 2206:DUP4 2207:AND 2208:SWAP3 2209:DUP4 2210:ISZERO 2211:PUSH2 2214:JUMPI
erc20_evm,2227,JUMPI,adjacent_push,2216:PUSH1 2218:SWAP4 2219:DUP5 2220:DUP5 2221:LT 2222:DUP2 2223:EQ 2224:PUSH2 2227:JUMPI
erc20_evm,2237,JUMPI,adjacent_push,2227:JUMPI 2228:DUP4 2229:DUP9 2230:MSTORE 2231:SWAP1 2232:DUP2 2233:ISZERO 2234:PUSH2 2237:JUMPI
erc20_evm,2245,JUMPI,adjacent_push,2232:DUP2 2233:ISZERO 2234:PUSH2 2237:JUMPI 2238:POP 2239:PUSH1 2241:EQ 2242:PUSH2 2245:JUMPI
erc20_evm,2280,JUMPI,adjacent_push,2262:PUSH8 2271:DUP5 2272:GT 2273:DUP4 2274:DUP6 2275:LT 2276:OR 2277:PUSH2 2280:JUMPI
erc20_evm,2294,JUMP,adjacent_push,2282:DUP3 2283:SWAP2 2284:DUP3 2285:PUSH2 2288:SWAP3 2289:MSTORE 2290:DUP3 2291:PUSH2 2294:JUMP
erc20_evm,2346,JUMPI,adjacent_push,2304:POP 2305:DUP4 2306:PUSH32 2339:JUMPDEST 2340:DUP4 2341:DUP6 2342:LT 2343:PUSH2 2346:JUMPI
erc20_evm,2360,JUMP,adjacent_push,2350:POP 2351:DUP4 2352:ADD 2353:ADD 2354:DUP5 2355:DUP1 2356:DUP1 2357:PUSH2 2360:JUMP
erc20_evm,2380,JUMP,adjacent_push,2370:SWAP4 2371:ADD 2372:SWAP3 2373:DUP5 2374:SWAP1 2375:DUP3 2376:ADD 2377:PUSH2 2380:JUMP
erc20_evm,2390,JUMP,adjacent_push,2377:PUSH2 2380:JUMP 2381:JUMPDEST 2382:SWAP2 2383:PUSH1 2385:AND 2386:SWAP2 2387:PUSH2 2390:JUMP
erc20_evm,2432,JUMP,internal_return,2422:PUSH1 2424:ADD 2425:PUSH1 2427:NOT 2428:AND 2429:ADD 2430:ADD 2431:SWAP1 2432:JUMP
erc20_evm,2453,JUMPI,adjacent_push,2442:PUSH1 2444:SHL 2445:SUB 2446:DUP3 2447:AND 2448:DUP3 2449:SUB 2450:PUSH2 2453:JUMPI
erc20_evm,2454,JUMP,top_computed,2444:SHL 2445:SUB 2446:DUP3 2447:AND 2448:DUP3 2449:SUB 2450:PUSH2 2453:JUMPI 2454:JUMP
erc20_evm,2475,JUMPI,adjacent_push,2464:PUSH1 2466:SHL 2467:SUB 2468:DUP3 2469:AND 2470:DUP3 2471:SUB 2472:PUSH2 2475:JUMPI
erc20_evm,2476,JUMP,top_computed,2466:SHL 2467:SUB 2468:DUP3 2469:AND 2470:DUP3 2471:SUB 2472:PUSH2 2475:JUMPI 2476:JUMP
erc20_evm,2504,JUMPI,adjacent_push,2492:ISZERO 2493:PUSH2 2496:JUMPI 2497:AND 2498:SWAP3 2499:DUP4 2500:ISZERO 2501:PUSH2 2504:JUMPI
erc20_evm,2524,JUMPI,adjacent_push,2514:PUSH0 2515:SHA3 2516:SLOAD 2517:SWAP1 2518:DUP3 2519:DUP3 2520:LT 2521:PUSH2 2524:JUMPI
erc20_evm,2596,JUMP,unknown_dynamic,2587:SWAP1 2588:SSTORE 2589:PUSH1 2591:MLOAD 2592:SWAP1 2593:DUP2 2594:MSTORE 2595:OP_a3 2596:JUMP
erc721_evm,49,JUMP,internal_return,38:OP_f3 39:JUMPDEST 40:PUSH2 43:JUMP 44:JUMPDEST 45:PUSH1 47:MLOAD 48:SWAP1 49:JUMP
erc721_evm,63,JUMP,internal_return,54:JUMPDEST 55:PUSH1 57:DUP1 58:NOT 59:SWAP2 60:ADD 61:AND 62:SWAP1 63:JUMP
erc721_evm,117,JUMP,unknown_dynamic,106:SUB 107:DUP3 108:GT 109:OR 110:PUSH2 113:JUMPI 114:PUSH1 116:MSTORE 117:JUMP
erc721_evm,143,JUMP,bare_jumpdest_jump,131:PUSH2 134:JUMP 135:JUMPDEST 136:SWAP3 137:DUP4 138:PUSH2 141:JUMP 142:JUMPDEST 143:JUMP
erc721_evm,171,JUMP,internal_return,158:PUSH2 161:PUSH1 163:SWAP2 164:PUSH2 167:JUMP 168:JUMPDEST 169:ADD 170:SWAP1 171:JUMP
erc721_evm,199,JUMP,unknown_dynamic,189:JUMP 190:JUMPDEST 191:PUSH2 194:JUMP 195:JUMPDEST 196:SWAP2 197:DUP3 198:MSTORE 199:JUMP
erc721_evm,238,JUMP,top_computed,198:MSTORE 199:JUMP 200:JUMPDEST 201:PUSH0 202:PUSH32 235:SWAP2 236:ADD 237:MSTORE 238:JUMP
erc721_evm,263,JUMP,top_computed,250:SWAP1 251:PUSH2 254:PUSH1 256:DUP4 257:ADD 258:PUSH2 261:JUMP 262:JUMPDEST 263:JUMP
erc721_evm,274,JUMP,internal_return,262:JUMPDEST 263:JUMP 264:JUMPDEST 265:PUSH2 268:PUSH2 271:JUMP 272:JUMPDEST 273:SWAP1 274:JUMP
erc721_evm,313,JUMP,top_computed,273:SWAP1 274:JUMP 275:JUMPDEST 276:PUSH0 277:PUSH32 310:SWAP2 311:ADD 312:MSTORE 313:JUMP
erc721_evm,338,JUMP,top_computed,325:SWAP1 326:PUSH2 329:PUSH1 331:DUP4 332:ADD 333:PUSH2 336:JUMP 337:JUMPDEST 338:JUMP
erc721_evm,349,JUMP,internal_return,337:JUMPDEST 338:JUMP 339:JUMPDEST 340:PUSH2 343:PUSH2 346:JUMP 347:JUMPDEST 348:SWAP1 349:JUMP
erc721_evm,377,JUMP,bare_jumpdest_jump,363:PUSH2 366:PUSH2 369:JUMP 370:JUMPDEST 371:SWAP2 372:PUSH2 375:JUMP 376:JUMPDEST 377:JUMP
erc721_evm,380,JUMP,internal_return,370:JUMPDEST 371:SWAP2 372:PUSH2 375:JUMP 376:JUMPDEST 377:JUMP 378:JUMPDEST 379:SWAP1 380:JUMP
erc721_evm,391,JUMP,internal_return,381:JUMPDEST 382:PUSH1 384:DUP1 385:PUSH1 387:SHL 388:SUB 389:AND 390:SWAP1 391:JUMP
erc721_evm,394,JUMP,internal_return,385:PUSH1 387:SHL 388:SUB 389:AND 390:SWAP1 391:JUMP 392:JUMPDEST 393:SWAP1 394:JUMP
erc721_evm,422,JUMP,internal_return,410:JUMPDEST 411:PUSH2 414:JUMP 415:JUMPDEST 416:PUSH2 419:JUMP 420:JUMPDEST 421:SWAP1 422:JUMP
erc721_evm,434,JUMP,internal_return,422:JUMP 423:JUMPDEST 424:PUSH2 427:SWAP1 428:PUSH2 431:JUMP 432:JUMPDEST 433:SWAP1 434:JUMP
erc721_evm,446,JUMP,internal_return,434:JUMP 435:JUMPDEST 436:PUSH2 439:SWAP1 440:PUSH2 443:JUMP 444:JUMPDEST 445:SWAP1 446:JUMP
erc721_evm,459,JUMP,unknown_dynamic,447:JUMPDEST 448:PUSH2 451:SWAP1 452:PUSH2 455:JUMP 456:JUMPDEST 457:SWAP1 458:MSTORE 459:JUMP
erc721_evm,480,JUMP,bare_jumpdest_jump,470:DUP6 471:ADD 472:SWAP5 473:ADD 474:SWAP1 475:PUSH2 478:JUMP 479:JUMPDEST 480:JUMP
erc721_evm,533,JUMP,bare_jumpdest_jump,519:EQ 520:PUSH2 523:JUMPI 524:PUSH2 527:SWAP1 528:PUSH2 531:JUMP 532:JUMPDEST 533:JUMP
erc721_evm,576,JUMP,internal_return,568:JUMP 569:JUMPDEST 570:SUB 571:SWAP1 572:OP_fd 573:JUMPDEST 574:MLOAD 575:SWAP1 576:JUMP
erc721_evm,623,JUMP,unknown_dynamic,612:JUMPI 613:JUMPDEST 614:PUSH1 616:DUP4 617:LT 618:EQ 619:PUSH2 622:JUMPI 623:JUMP
erc721_evm,647,JUMP,internal_return,638:JUMP 639:JUMPDEST 640:PUSH0 641:MSTORE 642:PUSH1 644:PUSH0 645:SHA3 646:SWAP1 647:JUMP
erc721_evm,657,JUMP,internal_return,647:JUMP 648:JUMPDEST 649:PUSH1 651:PUSH1 653:SWAP2 654:ADD 655:OP_04 656:SWAP1 657:JUMP
erc721_evm,661,JUMP,internal_return,653:SWAP2 654:ADD 655:OP_04 656:SWAP1 657:JUMP 658:JUMPDEST 659:SHL 660:SWAP1 661:JUMP
erc721_evm,698,JUMP,internal_return,690:SWAP2 691:DUP2 692:NOT 693:AND 694:SWAP2 695:AND 696:OR 697:SWAP1 698:JUMP
erc721_evm,701,JUMP,internal_return,693:AND 694:SWAP2 695:AND 696:OR 697:SWAP1 698:JUMP 699:JUMPDEST 700:SWAP1 701:JUMP
erc721_evm,729,JUMP,internal_return,717:JUMPDEST 718:PUSH2 721:JUMP 722:JUMPDEST 723:PUSH2 726:JUMP 727:JUMPDEST 728:SWAP1 729:JUMP
erc721_evm,732,JUMP,internal_return,722:JUMPDEST 723:PUSH2 726:JUMP 727:JUMPDEST 728:SWAP1 729:JUMP 730:JUMPDEST 731:SWAP1 732:JUMP
erc721_evm,766,JUMP,unknown_dynamic,756:SWAP1 757:DUP4 758:SLOAD 759:PUSH2 762:JUMP 763:JUMPDEST 764:SWAP1 765:SSTORE 766:JUMP
erc721_evm,770,JUMP,internal_return,762:JUMP 763:JUMPDEST 764:SWAP1 765:SSTORE 766:JUMP 767:JUMPDEST 768:PUSH0 769:SWAP1 770:JUMP
erc721_evm,790,JUMP,bare_jumpdest_jump,776:PUSH2 779:PUSH2 782:JUMP 783:JUMPDEST 784:SWAP2 785:PUSH2 788:JUMP 789:JUMPDEST 790:JUMP
erc721_evm,802,JUMP,unknown_dynamic,792:JUMPDEST 793:DUP2 794:DUP2 795:LT 796:PUSH2 799:JUMPI 800:POP 801:POP 802:JUMP
erc721_evm,837,JUMP,unknown_dynamic,827:DUP2 828:GT 829:PUSH2 832:JUMPI 833:JUMPDEST 834:POP 835:POP 836:POP 837:JUMP
erc721_evm,912,JUMP,internal_return,902:SWAP3 903:SWAP1 904:POP 905:PUSH2 908:JUMP 909:JUMPDEST 910:SHR 911:SWAP1 912:JUMP
erc721_evm,933,JUMP,internal_return,922:PUSH1 924:MUL 925:PUSH2 928:JUMP 929:JUMPDEST 930:NOT 931:AND 932:SWAP1 933:JUMP
erc721_evm,951,JUMP,internal_return,940:PUSH2 943:JUMP 944:JUMPDEST 945:SWAP1 946:PUSH1 948:MUL 949:OR 950:SWAP1 951:JUMP
erc721_evm,1035,JUMP,bare_jumpdest_jump,1025:POP 1026:POP 1027:PUSH2 1030:JUMP 1031:JUMPDEST 1032:SWAP1 1033:SSTORE 1034:JUMPDEST 1035:JUMP
erc721_evm,1168,JUMP,bare_jumpdest_jump,1156:JUMP 1157:JUMPDEST 1158:SWAP1 1159:PUSH2 1162:SWAP2 1163:PUSH2 1166:JUMP 1167:JUMPDEST 1168:JUMP
erc721_evm,1191,JUMP,bare_jumpdest_jump,1178:PUSH0 1179:PUSH2 1182:JUMP 1183:JUMPDEST 1184:PUSH1 1186:PUSH2 1189:JUMP 1190:JUMPDEST 1191:JUMP
erc721_evm,1196,JUMP,internal_return,1186:PUSH2 1189:JUMP 1190:JUMPDEST 1191:JUMP 1192:JUMPDEST 1193:PUSH0 1194:SHR 1195:SWAP1 1196:JUMP
erc721_evm,1207,JUMP,internal_return,1197:JUMPDEST 1198:PUSH1 1200:DUP1 1201:PUSH1 1203:SHL 1204:SUB 1205:AND 1206:SWAP1 1207:JUMP
erc721_evm,1227,JUMP,internal_return,1215:SWAP2 1216:PUSH2 1219:JUMP 1220:JUMPDEST 1221:PUSH2 1224:JUMP 1225:JUMPDEST 1226:SWAP1 1227:JUMP
erc721_evm,1240,JUMP,internal_return,1228:JUMPDEST 1229:PUSH2 1232:SWAP1 1233:SLOAD 1234:PUSH2 1237:JUMP 1238:JUMPDEST 1239:SWAP1 1240:JUMP
erc721_evm,1245,JUMP,internal_return,1237:JUMP 1238:JUMPDEST 1239:SWAP1 1240:JUMP 1241:JUMPDEST 1242:PUSH0 1243:SHL 1244:SWAP1 1245:JUMP
erc721_evm,1272,JUMP,internal_return,1264:SWAP2 1265:DUP2 1266:NOT 1267:AND 1268:SWAP2 1269:AND 1270:OR 1271:SWAP1 1272:JUMP
erc721_evm,1300,JUMP,internal_return,1288:JUMPDEST 1289:PUSH2 1292:JUMP 1293:JUMPDEST 1294:PUSH2 1297:JUMP 1298:JUMPDEST 1299:SWAP1 1300:JUMP
erc721_evm,1312,JUMP,internal_return,1300:JUMP 1301:JUMPDEST 1302:PUSH2 1305:SWAP1 1306:PUSH2 1309:JUMP 1310:JUMPDEST 1311:SWAP1 1312:JUMP
erc721_evm,1324,JUMP,internal_return,1312:JUMP 1313:JUMPDEST 1314:PUSH2 1317:SWAP1 1318:PUSH2 1321:JUMP 1322:JUMPDEST 1323:SWAP1 1324:JUMP
erc721_evm,1327,JUMP,internal_return,1317:SWAP1 1318:PUSH2 1321:JUMP 1322:JUMPDEST 1323:SWAP1 1324:JUMP 1325:JUMPDEST 1326:SWAP1 1327:JUMP
erc721_evm,1359,JUMP,unknown_dynamic,1349:JUMPDEST 1350:DUP3 1351:SLOAD 1352:PUSH2 1355:JUMP 1356:JUMPDEST 1357:SWAP1 1358:SSTORE 1359:JUMP
erc721_evm,1364,JUMP,internal_return,1356:JUMPDEST 1357:SWAP1 1358:SSTORE 1359:JUMP 1360:JUMPDEST 1361:PUSH0 1362:ADD 1363:SWAP1 1364:JUMP
erc721_evm,1461,JUMP,top_computed,1449:PUSH2 1452:DUP2 1453:PUSH2 1456:JUMP 1457:JUMPDEST 1458:SUB 1459:SWAP1 1460:OP_a3 1461:JUMP
erc721_evm,1476,JUMPI,adjacent_push,1463:PUSH1 1465:PUSH1 1467:MSTORE 1468:PUSH1 1470:CALLDATASIZE 1471:LT 1472:ISZERO 1473:PUSH2 1476:JUMPI
erc721_evm,1491,JUMP,adjacent_push,1477:JUMPDEST 1478:PUSH2 1481:JUMP 1482:JUMPDEST 1483:PUSH2 1486:PUSH0 1487:CALLDATALOAD 1488:PUSH2 1491:JUMP
erc721_evm,1503,JUMPI,adjacent_push,1487:CALLDATALOAD 1488:PUSH2 1491:JUMP 1492:JUMPDEST 1493:DUP1 1494:PUSH4 1499:EQ 1500:PUSH2 1503:JUMPI
erc721_evm,1514,JUMPI,adjacent_push,1494:PUSH4 1499:EQ 1500:PUSH2 1503:JUMPI 1504:DUP1 1505:PUSH4 1510:EQ 1511:PUSH2 1514:JUMPI
erc721_evm,1525,JUMPI,adjacent_push,1505:PUSH4 1510:EQ 1511:PUSH2 1514:JUMPI 1515:DUP1 1516:PUSH4 1521:EQ 1522:PUSH2 1525:JUMPI
erc721_evm,1536,JUMPI,adjacent_push,1516:PUSH4 1521:EQ 1522:PUSH2 1525:JUMPI 1526:DUP1 1527:PUSH4 1532:EQ 1533:PUSH2 1536:JUMPI
erc721_evm,1558,JUMPI,adjacent_push,1538:PUSH4 1543:EQ 1544:PUSH2 1547:JUMPI 1548:DUP1 1549:PUSH4 1554:EQ 1555:PUSH2 1558:JUMPI
erc721_evm,1569,JUMPI,adjacent_push,1549:PUSH4 1554:EQ 1555:PUSH2 1558:JUMPI 1559:DUP1 1560:PUSH4 1565:EQ 1566:PUSH2 1569:JUMPI
erc721_evm,1580,JUMPI,adjacent_push,1560:PUSH4 1565:EQ 1566:PUSH2 1569:JUMPI 1570:DUP1 1571:PUSH4 1576:EQ 1577:PUSH2 1580:JUMPI
erc721_evm,1591,JUMPI,adjacent_push,1571:PUSH4 1576:EQ 1577:PUSH2 1580:JUMPI 1581:DUP1 1582:PUSH4 1587:EQ 1588:PUSH2 1591:JUMPI
erc721_evm,1602,JUMPI,adjacent_push,1582:PUSH4 1587:EQ 1588:PUSH2 1591:JUMPI 1592:DUP1 1593:PUSH4 1598:EQ 1599:PUSH2 1602:JUMPI
erc721_evm,1613,JUMPI,adjacent_push,1593:PUSH4 1598:EQ 1599:PUSH2 1602:JUMPI 1603:DUP1 1604:PUSH4 1609:EQ 1610:PUSH2 1613:JUMPI
erc721_evm,1624,JUMPI,adjacent_push,1604:PUSH4 1609:EQ 1610:PUSH2 1613:JUMPI 1614:DUP1 1615:PUSH4 1620:EQ 1621:PUSH2 1624:JUMPI
erc721_evm,1635,JUMPI,adjacent_push,1615:PUSH4 1620:EQ 1621:PUSH2 1624:JUMPI 1625:DUP1 1626:PUSH4 1631:EQ 1632:PUSH2 1635:JUMPI
erc721_evm,1646,JUMPI,adjacent_push,1626:PUSH4 1631:EQ 1632:PUSH2 1635:JUMPI 1636:DUP1 1637:PUSH4 1642:EQ 1643:PUSH2 1646:JUMPI
erc721_evm,1657,JUMPI,adjacent_push,1637:PUSH4 1642:EQ 1643:PUSH2 1646:JUMPI 1647:DUP1 1648:PUSH4 1653:EQ 1654:PUSH2 1657:JUMPI
erc721_evm,1668,JUMPI,adjacent_push,1648:PUSH4 1653:EQ 1654:PUSH2 1657:JUMPI 1658:DUP1 1659:PUSH4 1664:EQ 1665:PUSH2 1668:JUMPI
erc721_evm,1678,JUMPI,adjacent_push,1658:DUP1 1659:PUSH4 1664:EQ 1665:PUSH2 1668:JUMPI 1669:PUSH4 1674:SUB 1675:PUSH2 1678:JUMPI
erc721_evm,1682,JUMP,adjacent_push,1664:EQ 1665:PUSH2 1668:JUMPI 1669:PUSH4 1674:SUB 1675:PUSH2 1678:JUMPI 1679:PUSH2 1682:JUMP
erc721_evm,1687,JUMP,adjacent_push,1669:PUSH4 1674:SUB 1675:PUSH2 1678:JUMPI 1679:PUSH2 1682:JUMP 1683:JUMPDEST 1684:PUSH2 1687:JUMP
erc721_evm,1692,JUMP,adjacent_push,1678:JUMPI 1679:PUSH2 1682:JUMP 1683:JUMPDEST 1684:PUSH2 1687:JUMP 1688:JUMPDEST 1689:PUSH2 1692:JUMP
erc721_evm,1697,JUMP,adjacent_push,1683:JUMPDEST 1684:PUSH2 1687:JUMP 1688:JUMPDEST 1689:PUSH2 1692:JUMP 1693:JUMPDEST 1694:PUSH2 1697:JUMP
erc721_evm,1702,JUMP,adjacent_push,1688:JUMPDEST 1689:PUSH2 1692:JUMP 1693:JUMPDEST 1694:PUSH2 1697:JUMP 1698:JUMPDEST 1699:PUSH2 1702:JUMP
erc721_evm,1707,JUMP,adjacent_push,1693:JUMPDEST 1694:PUSH2 1697:JUMP 1698:JUMPDEST 1699:PUSH2 1702:JUMP 1703:JUMPDEST 1704:PUSH2 1707:JUMP
erc721_evm,1712,JUMP,adjacent_push,1698:JUMPDEST 1699:PUSH2 1702:JUMP 1703:JUMPDEST 1704:PUSH2 1707:JUMP 1708:JUMPDEST 1709:PUSH2 1712:JUMP
erc721_evm,1717,JUMP,adjacent_push,1703:JUMPDEST 1704:PUSH2 1707:JUMP 1708:JUMPDEST 1709:PUSH2 1712:JUMP 1713:JUMPDEST 1714:PUSH2 1717:JUMP
erc721_evm,1722,JUMP,adjacent_push,1708:JUMPDEST 1709:PUSH2 1712:JUMP 1713:JUMPDEST 1714:PUSH2 1717:JUMP 1718:JUMPDEST 1719:PUSH2 1722:JUMP
erc721_evm,1727,JUMP,adjacent_push,1713:JUMPDEST 1714:PUSH2 1717:JUMP 1718:JUMPDEST 1719:PUSH2 1722:JUMP 1723:JUMPDEST 1724:PUSH2 1727:JUMP
erc721_evm,1732,JUMP,adjacent_push,1718:JUMPDEST 1719:PUSH2 1722:JUMP 1723:JUMPDEST 1724:PUSH2 1727:JUMP 1728:JUMPDEST 1729:PUSH2 1732:JUMP
erc721_evm,1737,JUMP,adjacent_push,1723:JUMPDEST 1724:PUSH2 1727:JUMP 1728:JUMPDEST 1729:PUSH2 1732:JUMP 1733:JUMPDEST 1734:PUSH2 1737:JUMP
erc721_evm,1742,JUMP,adjacent_push,1728:JUMPDEST 1729:PUSH2 1732:JUMP 1733:JUMPDEST 1734:PUSH2 1737:JUMP 1738:JUMPDEST 1739:PUSH2 1742:JUMP
erc721_evm,1747,JUMP,adjacent_push,1733:JUMPDEST 1734:PUSH2 1737:JUMP 1738:JUMPDEST 1739:PUSH2 1742:JUMP 1743:JUMPDEST 1744:PUSH2 1747:JUMP
erc721_evm,1752,JUMP,adjacent_push,1738:JUMPDEST 1739:PUSH2 1742:JUMP 1743:JUMPDEST 1744:PUSH2 1747:JUMP 1748:JUMPDEST 1749:PUSH2 1752:JUMP
erc721_evm,1757,JUMP,adjacent_push,1743:JUMPDEST 1744:PUSH2 1747:JUMP 1748:JUMPDEST 1749:PUSH2 1752:JUMP 1753:JUMPDEST 1754:PUSH2 1757:JUMP
erc721_evm,1762,JUMP,adjacent_push,1748:JUMPDEST 1749:PUSH2 1752:JUMP 1753:JUMPDEST 1754:PUSH2 1757:JUMP 1758:JUMPDEST 1759:PUSH2 1762:JUMP
erc721_evm,1768,JUMP,internal_return,1757:JUMP 1758:JUMPDEST 1759:PUSH2 1762:JUMP 1763:JUMPDEST 1764:PUSH1 1766:SHR 1767:SWAP1 1768:JUMP
erc721_evm,1774,JUMP,internal_return,1764:PUSH1 1766:SHR 1767:SWAP1 1768:JUMP 1769:JUMPDEST 1770:PUSH1 1772:MLOAD 1773:SWAP1 1774:JUMP
erc721_evm,1798,JUMP,internal_return,1785:DUP1 1786:OP_fd 1787:JUMPDEST 1788:PUSH4 1793:PUSH1 1795:SHL 1796:AND 1797:SWAP1 1798:JUMP
erc721_evm,1813,JUMPI,adjacent_push,1799:JUMPDEST 1800:PUSH2 1803:DUP2 1804:PUSH2 1807:JUMP 1808:JUMPDEST 1809:SUB 1810:PUSH2 1813:JUMPI
erc721_evm,1814,JUMP,top_computed,1800:PUSH2 1803:DUP2 1804:PUSH2 1807:JUMP 1808:JUMPDEST 1809:SUB 1810:PUSH2 1813:JUMPI 1814:JUMP
erc721_evm,1831,JUMP,adjacent_push,1819:JUMPDEST 1820:SWAP1 1821:POP 1822:CALLDATALOAD 1823:SWAP1 1824:PUSH2 1827:DUP3 1828:PUSH2 1831:JUMP
erc721_evm,1833,JUMP,bare_jumpdest_jump,1821:POP 1822:CALLDATALOAD 1823:SWAP1 1824:PUSH2 1827:DUP3 1828:PUSH2 1831:JUMP 1832:JUMPDEST 1833:JUMP
erc721_evm,1845,JUMPI,adjacent_push,1834:JUMPDEST 1835:SWAP1 1836:PUSH1 1838:DUP3 1839:DUP3 1840:SUB 1841:OP_12 1842:PUSH2 1845:JUMPI
erc721_evm,1855,JUMP,adjacent_push,1841:OP_12 1842:PUSH2 1845:JUMPI 1846:PUSH2 1849:SWAP2 1850:PUSH0 1851:ADD 1852:PUSH2 1855:JUMP
erc721_evm,1858,JUMP,internal_return,1846:PUSH2 1849:SWAP2 1850:PUSH0 1851:ADD 1852:PUSH2 1855:JUMP 1856:JUMPDEST 1857:SWAP1 1858:JUMP
erc721_evm,1863,JUMP,adjacent_push,1851:ADD 1852:PUSH2 1855:JUMP 1856:JUMPDEST 1857:SWAP1 1858:JUMP 1859:JUMPDEST 1860:PUSH2 1863:JUMP
erc721_evm,1868,JUMP,internal_return,1858:JUMP 1859:JUMPDEST 1860:PUSH2 1863:JUMP 1864:JUMPDEST 1865:ISZERO 1866:ISZERO 1867:SWAP1 1868:JUMP
erc721_evm,1877,JUMP,adjacent_push,1865:ISZERO 1866:ISZERO 1867:SWAP1 1868:JUMP 1869:JUMPDEST 1870:PUSH2 1873:SWAP1 1874:PUSH2 1877:JUMP
erc721_evm,1881,JUMP,unknown_dynamic,1869:JUMPDEST 1870:PUSH2 1873:SWAP1 1874:PUSH2 1877:JUMP 1878:JUMPDEST 1879:SWAP1 1880:MSTORE 1881:JUMP
erc721_evm,1900,JUMP,adjacent_push,1889:PUSH0 1890:PUSH1 1892:DUP6 1893:ADD 1894:SWAP5 1895:ADD 1896:SWAP1 1897:PUSH2 1900:JUMP
erc721_evm,1902,JUMP,bare_jumpdest_jump,1892:DUP6 1893:ADD 1894:SWAP5 1895:ADD 1896:SWAP1 1897:PUSH2 1900:JUMP 1901:JUMPDEST 1902:JUMP
erc721_evm,1908,JUMPI,adjacent_push,1896:SWAP1 1897:PUSH2 1900:JUMP 1901:JUMPDEST 1902:JUMP 1903:JUMPDEST 1904:OP_34 1905:PUSH2 1908:JUMPI
erc721_evm,1924,JUMP,adjacent_push,1905:PUSH2 1908:JUMPI 1909:PUSH2 1912:PUSH2 1915:PUSH2 1918:CALLDATASIZE 1919:PUSH1 1921:PUSH2 1924:JUMP
erc721_evm,1929,JUMP,adjacent_push,1912:PUSH2 1915:PUSH2 1918:CALLDATASIZE 1919:PUSH1 1921:PUSH2 1924:JUMP 1925:JUMPDEST 1926:PUSH2 1929:JUMP
erc721_evm,1937,JUMP,adjacent_push,1921:PUSH2 1924:JUMP 1925:JUMPDEST 1926:PUSH2 1929:JUMP 1930:JUMPDEST 1931:PUSH2 1934:PUSH2 1937:JUMP
erc721_evm,1946,JUMP,adjacent_push,1934:PUSH2 1937:JUMP 1938:JUMPDEST 1939:SWAP2 1940:DUP3 1941:SWAP2 1942:DUP3 1943:PUSH2 1946:JUMP
erc721_evm,1955,JUMP,adjacent_push,1943:PUSH2 1946:JUMP 1947:JUMPDEST 1948:SUB 1949:SWAP1 1950:OP_f3 1951:JUMPDEST 1952:PUSH2 1955:JUMP
erc721_evm,1964,JUMPI,adjacent_push,1952:PUSH2 1955:JUMP 1956:JUMPDEST 1957:PUSH0 1958:SWAP2 1959:SUB 1960:OP_12 1961:PUSH2 1964:JUMPI
erc721_evm,1965,JUMP,top_computed,1955:JUMP 1956:JUMPDEST 1957:PUSH0 1958:SWAP2 1959:SUB 1960:OP_12 1961:PUSH2 1964:JUMPI 1965:JUMP
erc721_evm,1970,JUMP,adjacent_push,1958:SWAP2 1959:SUB 1960:OP_12 1961:PUSH2 1964:JUMPI 1965:JUMP 1966:JUMPDEST 1967:PUSH2 1970:JUMP
erc721_evm,1974,JUMP,internal_return,1964:JUMPI 1965:JUMP 1966:JUMPDEST 1967:PUSH2 1970:JUMP 1971:JUMPDEST 1972:MLOAD 1973:SWAP1 1974:JUMP
erc721_evm,1983,JUMP,internal_return,1974:JUMP 1975:JUMPDEST 1976:PUSH1 1978:SWAP2 1979:DUP2 1980:MSTORE 1981:ADD 1982:SWAP1 1983:JUMP
erc721_evm,1994,JUMP,top_computed,1986:DUP3 1987:PUSH0 1988:SWAP4 1989:SWAP3 1990:DUP3 1991:OP_5e 1992:ADD 1993:MSTORE 1994:JUMP
erc721_evm,2004,JUMP,internal_return,1995:JUMPDEST 1996:PUSH1 1998:DUP1 1999:NOT 2000:SWAP2 2001:ADD 2002:AND 2003:SWAP1 2004:JUMP
erc721_evm,2026,JUMP,adjacent_push,2009:PUSH2 2012:PUSH1 2014:SWAP4 2015:PUSH2 2018:SWAP4 2019:PUSH2 2022:DUP2 2023:PUSH2 2026:JUMP
erc721_evm,2044,JUMP,adjacent_push,2032:PUSH2 2035:JUMP 2036:JUMPDEST 2037:SWAP6 2038:DUP7 2039:SWAP2 2040:ADD 2041:PUSH2 2044:JUMP
erc721_evm,2053,JUMP,internal_return,2041:PUSH2 2044:JUMP 2045:JUMPDEST 2046:PUSH2 2049:JUMP 2050:JUMPDEST 2051:ADD 2052:SWAP1 2053:JUMP
erc721_evm,2074,JUMP,adjacent_push,2064:PUSH0 2065:DUP2 2066:DUP5 2067:SUB 2068:SWAP2 2069:ADD 2070:MSTORE 2071:PUSH2 2074:JUMP
erc721_evm,2077,JUMP,internal_return,2067:SUB 2068:SWAP2 2069:ADD 2070:MSTORE 2071:PUSH2 2074:JUMP 2075:JUMPDEST 2076:SWAP1 2077:JUMP
erc721_evm,2083,JUMPI,adjacent_push,2071:PUSH2 2074:JUMP 2075:JUMPDEST 2076:SWAP1 2077:JUMP 2078:JUMPDEST 2079:OP_34 2080:PUSH2 2083:JUMPI
erc721_evm,2093,JUMP,adjacent_push,2078:JUMPDEST 2079:OP_34 2080:PUSH2 2083:JUMPI 2084:PUSH2 2087:CALLDATASIZE 2088:PUSH1 2090:PUSH2 2093:JUMP
erc721_evm,2104,JUMP,adjacent_push,2087:CALLDATASIZE 2088:PUSH1 2090:PUSH2 2093:JUMP 2094:JUMPDEST 2095:PUSH2 2098:PUSH2 2101:PUSH2 2104:JUMP
erc721_evm,2112,JUMP,adjacent_push,2094:JUMPDEST 2095:PUSH2 2098:PUSH2 2101:PUSH2 2104:JUMP 2105:JUMPDEST 2106:PUSH2 2109:PUSH2 2112:JUMP
erc721_evm,2121,JUMP,adjacent_push,2109:PUSH2 2112:JUMP 2113:JUMPDEST 2114:SWAP2 2115:DUP3 2116:SWAP2 2117:DUP3 2118:PUSH2 2121:JUMP
erc721_evm,2130,JUMP,adjacent_push,2118:PUSH2 2121:JUMP 2122:JUMPDEST 2123:SUB 2124:SWAP1 2125:OP_f3 2126:JUMPDEST 2127:PUSH2 2130:JUMP
erc721_evm,2133,JUMP,internal_return,2123:SUB 2124:SWAP1 2125:OP_f3 2126:JUMPDEST 2127:PUSH2 2130:JUMP 2131:JUMPDEST 2132:SWAP1 2133:JUMP
erc721_evm,2142,JUMP,adjacent_push,2130:JUMP 2131:JUMPDEST 2132:SWAP1 2133:JUMP 2134:JUMPDEST 2135:PUSH2 2138:DUP2 2139:PUSH2 2142:JUMP
erc721_evm,2148,JUMPI,adjacent_push,2134:JUMPDEST 2135:PUSH2 2138:DUP2 2139:PUSH2 2142:JUMP 2143:JUMPDEST 2144:SUB 2145:PUSH2 2148:JUMPI
erc721_evm,2149,JUMP,top_computed,2135:PUSH2 2138:DUP2 2139:PUSH2 2142:JUMP 2143:JUMPDEST 2144:SUB 2145:PUSH2 2148:JUMPI 2149:JUMP
erc721_evm,2166,JUMP,adjacent_push,2154:JUMPDEST 2155:SWAP1 2156:POP 2157:CALLDATALOAD 2158:SWAP1 2159:PUSH2 2162:DUP3 2163:PUSH2 2166:JUMP
erc721_evm,2168,JUMP,bare_jumpdest_jump,2156:POP 2157:CALLDATALOAD 2158:SWAP1 2159:PUSH2 2162:DUP3 2163:PUSH2 2166:JUMP 2167:JUMPDEST 2168:JUMP
erc721_evm,2180,JUMPI,adjacent_push,2169:JUMPDEST 2170:SWAP1 2171:PUSH1 2173:DUP3 2174:DUP3 2175:SUB 2176:OP_12 2177:PUSH2 2180:JUMPI
erc721_evm,2190,JUMP,adjacent_push,2176:OP_12 2177:PUSH2 2180:JUMPI 2181:PUSH2 2184:SWAP2 2185:PUSH0 2186:ADD 2187:PUSH2 2190:JUMP
erc721_evm,2193,JUMP,internal_return,2181:PUSH2 2184:SWAP2 2185:PUSH0 2186:ADD 2187:PUSH2 2190:JUMP 2191:JUMPDEST 2192:SWAP1 2193:JUMP
erc721_evm,2198,JUMP,adjacent_push,2186:ADD 2187:PUSH2 2190:JUMP 2191:JUMPDEST 2192:SWAP1 2193:JUMP 2194:JUMPDEST 2195:PUSH2 2198:JUMP
erc721_evm,2209,JUMP,internal_return,2199:JUMPDEST 2200:PUSH1 2202:DUP1 2203:PUSH1 2205:SHL 2206:SUB 2207:AND 2208:SWAP1 2209:JUMP
erc721_evm,2218,JUMP,adjacent_push,2206:SUB 2207:AND 2208:SWAP1 2209:JUMP 2210:JUMPDEST 2211:PUSH2 2214:SWAP1 2215:PUSH2 2218:JUMP
erc721_evm,2221,JUMP,internal_return,2209:JUMP 2210:JUMPDEST 2211:PUSH2 2214:SWAP1 2215:PUSH2 2218:JUMP 2219:JUMPDEST 2220:SWAP1 2221:JUMP
erc721_evm,2230,JUMP,adjacent_push,2218:JUMP 2219:JUMPDEST 2220:SWAP1 2221:JUMP 2222:JUMPDEST 2223:PUSH2 2226:SWAP1 2227:PUSH2 2230:JUMP
erc721_evm,2234,JUMP,unknown_dynamic,2222:JUMPDEST 2223:PUSH2 2226:SWAP1 2227:PUSH2 2230:JUMP 2231:JUMPDEST 2232:SWAP1 2233:MSTORE 2234:JUMP
erc721_evm,2253,JUMP,adjacent_push,2242:PUSH0 2243:PUSH1 2245:DUP6 2246:ADD 2247:SWAP5 2248:ADD 2249:SWAP1 2250:PUSH2 2253:JUMP
erc721_evm,2255,JUMP,bare_jumpdest_jump,2245:DUP6 2246:ADD 2247:SWAP5 2248:ADD 2249:SWAP1 2250:PUSH2 2253:JUMP 2254:JUMPDEST 2255:JUMP
erc721_evm,2261,JUMPI,adjacent_push,2249:SWAP1 2250:PUSH2 2253:JUMP 2254:JUMPDEST 2255:JUMP 2256:JUMPDEST 2257:OP_34 2258:PUSH2 2261:JUMPI
erc721_evm,2277,JUMP,adjacent_push,2258:PUSH2 2261:JUMPI 2262:PUSH2 2265:PUSH2 2268:PUSH2 2271:CALLDATASIZE 2272:PUSH1 2274:PUSH2 2277:JUMP
erc721_evm,2290,JUMP,adjacent_push,2274:PUSH2 2277:JUMP 2278:JUMPDEST 2279:PUSH2 2282:JUMP 2283:JUMPDEST 2284:PUSH2 2287:PUSH2 2290:JUMP
erc721_evm,2299,JUMP,adjacent_push,2287:PUSH2 2290:JUMP 2291:JUMPDEST 2292:SWAP2 2293:DUP3 2294:SWAP2 2295:DUP3 2296:PUSH2 2299:JUMP
erc721_evm,2308,JUMP,adjacent_push,2296:PUSH2 2299:JUMP 2300:JUMPDEST 2301:SUB 2302:SWAP1 2303:OP_f3 2304:JUMPDEST 2305:PUSH2 2308:JUMP
erc721_evm,2317,JUMP,adjacent_push,2303:OP_f3 2304:JUMPDEST 2305:PUSH2 2308:JUMP 2309:JUMPDEST 2310:PUSH2 2313:DUP2 2314:PUSH2 2317:JUMP
erc721_evm,2324,JUMP,top_computed,2310:PUSH2 2313:DUP2 2314:PUSH2 2317:JUMP 2318:JUMPDEST 2319:SUB 2320:PUSH2 2323:JUMPI 2324:JUMP
erc721_evm,2341,JUMP,adjacent_push,2329:JUMPDEST 2330:SWAP1 2331:POP 2332:CALLDATALOAD 2333:SWAP1 2334:PUSH2 2337:DUP3 2338:PUSH2 2341:JUMP
erc721_evm,2343,JUMP,bare_jumpdest_jump,2331:POP 2332:CALLDATALOAD 2333:SWAP1 2334:PUSH2 2337:DUP3 2338:PUSH2 2341:JUMP 2342:JUMPDEST 2343:JUMP
erc721_evm,2356,JUMPI,adjacent_push,2345:SWAP2 2346:SWAP1 2347:PUSH1 2349:DUP4 2350:DUP3 2351:SUB 2352:OP_12 2353:PUSH2 2356:JUMPI
erc721_evm,2371,JUMP,adjacent_push,2357:DUP1 2358:PUSH2 2361:PUSH2 2364:SWAP3 2365:PUSH0 2366:DUP7 2367:ADD 2368:PUSH2 2371:JUMP
erc721_evm,2380,JUMP,adjacent_push,2367:ADD 2368:PUSH2 2371:JUMP 2372:JUMPDEST 2373:SWAP4 2374:PUSH1 2376:ADD 2377:PUSH2 2380:JUMP
erc721_evm,2383,JUMP,internal_return,2372:JUMPDEST 2373:SWAP4 2374:PUSH1 2376:ADD 2377:PUSH2 2380:JUMP 2381:JUMPDEST 2382:SWAP1 2383:JUMP
erc721_evm,2388,JUMP,adjacent_push,2376:ADD 2377:PUSH2 2380:JUMP 2381:JUMPDEST 2382:SWAP1 2383:JUMP 2384:JUMPDEST 2385:PUSH2 2388:JUMP
erc721_evm,2393,JUMP,internal_return,2383:JUMP 2384:JUMPDEST 2385:PUSH2 2388:JUMP 2389:JUMPDEST 2390:PUSH0 2391:ADD 2392:SWAP1 2393:JUMP
erc721_evm,2399,JUMPI,adjacent_push,2389:JUMPDEST 2390:PUSH0 2391:ADD 2392:SWAP1 2393:JUMP 2394:JUMPDEST 2395:OP_34 2396:PUSH2 2399:JUMPI
erc721_evm,2412,JUMP,adjacent_push,2395:OP_34 2396:PUSH2 2399:JUMPI 2400:PUSH2 2403:PUSH2 2406:CALLDATASIZE 2407:PUSH1 2409:PUSH2 2412:JUMP
erc721_evm,2418,JUMP,adjacent_push,2403:PUSH2 2406:CALLDATASIZE 2407:PUSH1 2409:PUSH2 2412:JUMP 2413:JUMPDEST 2414:SWAP1 2415:PUSH2 2418:JUMP
erc721_evm,2426,JUMP,adjacent_push,2412:JUMP 2413:JUMPDEST 2414:SWAP1 2415:PUSH2 2418:JUMP 2419:JUMPDEST 2420:PUSH2 2423:PUSH2 2426:JUMP
erc721_evm,2436,JUMP,adjacent_push,2420:PUSH2 2423:PUSH2 2426:JUMP 2427:JUMPDEST 2428:DUP1 2429:PUSH2 2432:DUP2 2433:PUSH2 2436:JUMP
erc721_evm,2445,JUMP,adjacent_push,2433:PUSH2 2436:JUMP 2437:JUMPDEST 2438:SUB 2439:SWAP1 2440:OP_f3 2441:JUMPDEST 2442:PUSH2 2445:JUMP
erc721_evm,2472,JUMP,adjacent_push,2458:JUMPI 2459:PUSH2 2462:PUSH2 2465:DUP5 2466:PUSH0 2467:DUP6 2468:ADD 2469:PUSH2 2472:JUMP
erc721_evm,2486,JUMP,adjacent_push,2473:JUMPDEST 2474:SWAP4 2475:PUSH2 2478:DUP2 2479:PUSH1 2481:DUP7 2482:ADD 2483:PUSH2 2486:JUMP
erc721_evm,2495,JUMP,adjacent_push,2482:ADD 2483:PUSH2 2486:JUMP 2487:JUMPDEST 2488:SWAP4 2489:PUSH1 2491:ADD 2492:PUSH2 2495:JUMP
erc721_evm,2498,JUMP,internal_return,2487:JUMPDEST 2488:SWAP4 2489:PUSH1 2491:ADD 2492:PUSH2 2495:JUMP 2496:JUMPDEST 2497:SWAP1 2498:JUMP
erc721_evm,2503,JUMP,adjacent_push,2491:ADD 2492:PUSH2 2495:JUMP 2496:JUMPDEST 2497:SWAP1 2498:JUMP 2499:JUMPDEST 2500:PUSH2 2503:JUMP
erc721_evm,2509,JUMPI,adjacent_push,2497:SWAP1 2498:JUMP 2499:JUMPDEST 2500:PUSH2 2503:JUMP 2504:JUMPDEST 2505:OP_34 2506:PUSH2 2509:JUMPI
erc721_evm,2522,JUMP,adjacent_push,2505:OP_34 2506:PUSH2 2509:JUMPI 2510:PUSH2 2513:PUSH2 2516:CALLDATASIZE 2517:PUSH1 2519:PUSH2 2522:JUMP
erc721_evm,2536,JUMP,adjacent_push,2522:JUMP 2523:JUMPDEST 2524:SWAP2 2525:PUSH2 2528:JUMP 2529:JUMPDEST 2530:PUSH2 2533:PUSH2 2536:JUMP
erc721_evm,2546,JUMP,adjacent_push,2530:PUSH2 2533:PUSH2 2536:JUMP 2537:JUMPDEST 2538:DUP1 2539:PUSH2 2542:DUP2 2543:PUSH2 2546:JUMP
erc721_evm,2555,JUMP,adjacent_push,2543:PUSH2 2546:JUMP 2547:JUMPDEST 2548:SUB 2549:SWAP1 2550:OP_f3 2551:JUMPDEST 2552:PUSH2 2555:JUMP
erc721_evm,2561,JUMPI,adjacent_push,2549:SWAP1 2550:OP_f3 2551:JUMPDEST 2552:PUSH2 2555:JUMP 2556:JUMPDEST 2557:OP_34 2558:PUSH2 2561:JUMPI
erc721_evm,2574,JUMP,adjacent_push,2557:OP_34 2558:PUSH2 2561:JUMPI 2562:PUSH2 2565:PUSH2 2568:CALLDATASIZE 2569:PUSH1 2571:PUSH2 2574:JUMP
erc721_evm,2580,JUMP,adjacent_push,2565:PUSH2 2568:CALLDATASIZE 2569:PUSH1 2571:PUSH2 2574:JUMP 2575:JUMPDEST 2576:SWAP2 2577:PUSH2 2580:JUMP
erc721_evm,2588,JUMP,adjacent_push,2574:JUMP 2575:JUMPDEST 2576:SWAP2 2577:PUSH2 2580:JUMP 2581:JUMPDEST 2582:PUSH2 2585:PUSH2 2588:JUMP
erc721_evm,2598,JUMP,adjacent_push,2582:PUSH2 2585:PUSH2 2588:JUMP 2589:JUMPDEST 2590:DUP1 2591:PUSH2 2594:DUP2 2595:PUSH2 2598:JUMP
erc721_evm,2607,JUMP,adjacent_push,2595:PUSH2 2598:JUMP 2599:JUMPDEST 2600:SUB 2601:SWAP1 2602:OP_f3 2603:JUMPDEST 2604:PUSH2 2607:JUMP
erc721_evm,2613,JUMPI,adjacent_push,2601:SWAP1 2602:OP_f3 2603:JUMPDEST 2604:PUSH2 2607:JUMP 2608:JUMPDEST 2609:OP_34 2610:PUSH2 2613:JUMPI
erc721_evm,2629,JUMP,adjacent_push,2610:PUSH2 2613:JUMPI 2614:PUSH2 2617:PUSH2 2620:PUSH2 2623:CALLDATASIZE 2624:PUSH1 2626:PUSH2 2629:JUMP
erc721_evm,2642,JUMP,adjacent_push,2626:PUSH2 2629:JUMP 2630:JUMPDEST 2631:PUSH2 2634:JUMP 2635:JUMPDEST 2636:PUSH2 2639:PUSH2 2642:JUMP
erc721_evm,2651,JUMP,adjacent_push,2639:PUSH2 2642:JUMP 2643:JUMPDEST 2644:SWAP2 2645:DUP3 2646:SWAP2 2647:DUP3 2648:PUSH2 2651:JUMP
erc721_evm,2660,JUMP,adjacent_push,2648:PUSH2 2651:JUMP 2652:JUMPDEST 2653:SUB 2654:SWAP1 2655:OP_f3 2656:JUMPDEST 2657:PUSH2 2660:JUMP
erc721_evm,2672,JUMPI,adjacent_push,2661:JUMPDEST 2662:SWAP1 2663:PUSH1 2665:DUP3 2666:DUP3 2667:SUB 2668:OP_12 2669:PUSH2 2672:JUMPI
erc721_evm,2682,JUMP,adjacent_push,2668:OP_12 2669:PUSH2 2672:JUMPI 2673:PUSH2 2676:SWAP2 2677:PUSH0 2678:ADD 2679:PUSH2 2682:JUMP
erc721_evm,2685,JUMP,internal_return,2673:PUSH2 2676:SWAP2 2677:PUSH0 2678:ADD 2679:PUSH2 2682:JUMP 2683:JUMPDEST 2684:SWAP1 2685:JUMP
erc721_evm,2690,JUMP,adjacent_push,2678:ADD 2679:PUSH2 2682:JUMP 2683:JUMPDEST 2684:SWAP1 2685:JUMP 2686:JUMPDEST 2687:PUSH2 2690:JUMP
erc721_evm,2699,JUMP,adjacent_push,2685:JUMP 2686:JUMPDEST 2687:PUSH2 2690:JUMP 2691:JUMPDEST 2692:PUSH2 2695:SWAP1 2696:PUSH2 2699:JUMP
erc721_evm,2703,JUMP,unknown_dynamic,2691:JUMPDEST 2692:PUSH2 2695:SWAP1 2696:PUSH2 2699:JUMP 2700:JUMPDEST 2701:SWAP1 2702:MSTORE 2703:JUMP
erc721_evm,2724,JUMP,bare_jumpdest_jump,2714:DUP6 2715:ADD 2716:SWAP5 2717:ADD 2718:SWAP1 2719:PUSH2 2722:JUMP 2723:JUMPDEST 2724:JUMP
erc721_evm,2746,JUMP,adjacent_push,2727:PUSH2 2730:JUMPI 2731:PUSH2 2734:PUSH2 2737:PUSH2 2740:CALLDATASIZE 2741:PUSH1 2743:PUSH2 2746:JUMP
erc721_evm,2751,JUMP,adjacent_push,2734:PUSH2 2737:PUSH2 2740:CALLDATASIZE 2741:PUSH1 2743:PUSH2 2746:JUMP 2747:JUMPDEST 2748:PUSH2 2751:JUMP
erc721_evm,2759,JUMP,adjacent_push,2743:PUSH2 2746:JUMP 2747:JUMPDEST 2748:PUSH2 2751:JUMP 2752:JUMPDEST 2753:PUSH2 2756:PUSH2 2759:JUMP
erc721_evm,2777,JUMP,adjacent_push,2765:PUSH2 2768:JUMP 2769:JUMPDEST 2770:SUB 2771:SWAP1 2772:OP_f3 2773:JUMPDEST 2774:PUSH2 2777:JUMP
erc721_evm,2783,JUMPI,adjacent_push,2771:SWAP1 2772:OP_f3 2773:JUMPDEST 2774:PUSH2 2777:JUMP 2778:JUMPDEST 2779:OP_34 2780:PUSH2 2783:JUMPI
erc721_evm,2799,JUMP,adjacent_push,2780:PUSH2 2783:JUMPI 2784:PUSH2 2787:PUSH2 2790:PUSH2 2793:CALLDATASIZE 2794:PUSH1 2796:PUSH2 2799:JUMP
erc721_evm,2804,JUMP,adjacent_push,2787:PUSH2 2790:PUSH2 2793:CALLDATASIZE 2794:PUSH1 2796:PUSH2 2799:JUMP 2800:JUMPDEST 2801:PUSH2 2804:JUMP
erc721_evm,2812,JUMP,adjacent_push,2796:PUSH2 2799:JUMP 2800:JUMPDEST 2801:PUSH2 2804:JUMP 2805:JUMPDEST 2806:PUSH2 2809:PUSH2 2812:JUMP
erc721_evm,2830,JUMP,adjacent_push,2818:PUSH2 2821:JUMP 2822:JUMPDEST 2823:SUB 2824:SWAP1 2825:OP_f3 2826:JUMPDEST 2827:PUSH2 2830:JUMP
erc721_evm,2836,JUMPI,adjacent_push,2824:SWAP1 2825:OP_f3 2826:JUMPDEST 2827:PUSH2 2830:JUMP 2831:JUMPDEST 2832:OP_34 2833:PUSH2 2836:JUMPI
erc721_evm,2846,JUMP,adjacent_push,2831:JUMPDEST 2832:OP_34 2833:PUSH2 2836:JUMPI 2837:PUSH2 2840:CALLDATASIZE 2841:PUSH1 2843:PUSH2 2846:JUMP
erc721_evm,2854,JUMP,adjacent_push,2837:PUSH2 2840:CALLDATASIZE 2841:PUSH1 2843:PUSH2 2846:JUMP 2847:JUMPDEST 2848:PUSH2 2851:PUSH2 2854:JUMP
erc721_evm,2862,JUMP,adjacent_push,2846:JUMP 2847:JUMPDEST 2848:PUSH2 2851:PUSH2 2854:JUMP 2855:JUMPDEST 2856:PUSH2 2859:PUSH2 2862:JUMP
erc721_evm,2872,JUMP,adjacent_push,2856:PUSH2 2859:PUSH2 2862:JUMP 2863:JUMPDEST 2864:DUP1 2865:PUSH2 2868:DUP2 2869:PUSH2 2872:JUMP
erc721_evm,2881,JUMP,adjacent_push,2869:PUSH2 2872:JUMP 2873:JUMPDEST 2874:SUB 2875:SWAP1 2876:OP_f3 2877:JUMPDEST 2878:PUSH2 2881:JUMP
erc721_evm,2887,JUMPI,adjacent_push,2875:SWAP1 2876:OP_f3 2877:JUMPDEST 2878:PUSH2 2881:JUMP 2882:JUMPDEST 2883:OP_34 2884:PUSH2 2887:JUMPI
erc721_evm,2897,JUMP,adjacent_push,2882:JUMPDEST 2883:OP_34 2884:PUSH2 2887:JUMPI 2888:PUSH2 2891:CALLDATASIZE 2892:PUSH1 2894:PUSH2 2897:JUMP
erc721_evm,2908,JUMP,adjacent_push,2891:CALLDATASIZE 2892:PUSH1 2894:PUSH2 2897:JUMP 2898:JUMPDEST 2899:PUSH2 2902:PUSH2 2905:PUSH2 2908:JUMP
erc721_evm,2916,JUMP,adjacent_push,2898:JUMPDEST 2899:PUSH2 2902:PUSH2 2905:PUSH2 2908:JUMP 2909:JUMPDEST 2910:PUSH2 2913:PUSH2 2916:JUMP
erc721_evm,2925,JUMP,adjacent_push,2913:PUSH2 2916:JUMP 2917:JUMPDEST 2918:SWAP2 2919:DUP3 2920:SWAP2 2921:DUP3 2922:PUSH2 2925:JUMP
erc721_evm,2934,JUMP,adjacent_push,2922:PUSH2 2925:JUMP 2926:JUMPDEST 2927:SUB 2928:SWAP1 2929:OP_f3 2930:JUMPDEST 2931:PUSH2 2934:JUMP
erc721_evm,2940,JUMPI,adjacent_push,2928:SWAP1 2929:OP_f3 2930:JUMPDEST 2931:PUSH2 2934:JUMP 2935:JUMPDEST 2936:OP_34 2937:PUSH2 2940:JUMPI
erc721_evm,2950,JUMP,adjacent_push,2935:JUMPDEST 2936:OP_34 2937:PUSH2 2940:JUMPI 2941:PUSH2 2944:CALLDATASIZE 2945:PUSH1 2947:PUSH2 2950:JUMP
erc721_evm,2961,JUMP,adjacent_push,2944:CALLDATASIZE 2945:PUSH1 2947:PUSH2 2950:JUMP 2951:JUMPDEST 2952:PUSH2 2955:PUSH2 2958:PUSH2 2961:JUMP
erc721_evm,2969,JUMP,adjacent_push,2951:JUMPDEST 2952:PUSH2 2955:PUSH2 2958:PUSH2 2961:JUMP 2962:JUMPDEST 2963:PUSH2 2966:PUSH2 2969:JUMP
erc721_evm,2978,JUMP,adjacent_push,2966:PUSH2 2969:JUMP 2970:JUMPDEST 2971:SWAP2 2972:DUP3 2973:SWAP2 2974:DUP3 2975:PUSH2 2978:JUMP
erc721_evm,2987,JUMP,adjacent_push,2975:PUSH2 2978:JUMP 2979:JUMPDEST 2980:SUB 2981:SWAP1 2982:OP_f3 2983:JUMPDEST 2984:PUSH2 2987:JUMP
erc721_evm,2996,JUMP,adjacent_push,2982:OP_f3 2983:JUMPDEST 2984:PUSH2 2987:JUMP 2988:JUMPDEST 2989:PUSH2 2992:DUP2 2993:PUSH2 2996:JUMP
erc721_evm,3002,JUMPI,adjacent_push,2988:JUMPDEST 2989:PUSH2 2992:DUP2 2993:PUSH2 2996:JUMP 2997:JUMPDEST 2998:SUB 2999:PUSH2 3002:JUMPI
erc721_evm,3003,JUMP,top_computed,2989:PUSH2 2992:DUP2 2993:PUSH2 2996:JUMP 2997:JUMPDEST 2998:SUB 2999:PUSH2 3002:JUMPI 3003:JUMP
erc721_evm,3020,JUMP,adjacent_push,3008:JUMPDEST 3009:SWAP1 3010:POP 3011:CALLDATALOAD 3012:SWAP1 3013:PUSH2 3016:DUP3 3017:PUSH2 3020:JUMP
erc721_evm,3022,JUMP,bare_jumpdest_jump,3010:POP 3011:CALLDATALOAD 3012:SWAP1 3013:PUSH2 3016:DUP3 3017:PUSH2 3020:JUMP 3021:JUMPDEST 3022:JUMP
erc721_evm,3035,JUMPI,adjacent_push,3024:SWAP2 3025:SWAP1 3026:PUSH1 3028:DUP4 3029:DUP3 3030:SUB 3031:OP_12 3032:PUSH2 3035:JUMPI
erc721_evm,3050,JUMP,adjacent_push,3036:DUP1 3037:PUSH2 3040:PUSH2 3043:SWAP3 3044:PUSH0 3045:DUP7 3046:ADD 3047:PUSH2 3050:JUMP
erc721_evm,3059,JUMP,adjacent_push,3046:ADD 3047:PUSH2 3050:JUMP 3051:JUMPDEST 3052:SWAP4 3053:PUSH1 3055:ADD 3056:PUSH2 3059:JUMP
erc721_evm,3062,JUMP,internal_return,3051:JUMPDEST 3052:SWAP4 3053:PUSH1 3055:ADD 3056:PUSH2 3059:JUMP 3060:JUMPDEST 3061:SWAP1 3062:JUMP
erc721_evm,3067,JUMP,adjacent_push,3055:ADD 3056:PUSH2 3059:JUMP 3060:JUMPDEST 3061:SWAP1 3062:JUMP 3063:JUMPDEST 3064:PUSH2 3067:JUMP
erc721_evm,3073,JUMPI,adjacent_push,3061:SWAP1 3062:JUMP 3063:JUMPDEST 3064:PUSH2 3067:JUMP 3068:JUMPDEST 3069:OP_34 3070:PUSH2 3073:JUMPI
erc721_evm,3086,JUMP,adjacent_push,3069:OP_34 3070:PUSH2 3073:JUMPI 3074:PUSH2 3077:PUSH2 3080:CALLDATASIZE 3081:PUSH1 3083:PUSH2 3086:JUMP
erc721_evm,3092,JUMP,adjacent_push,3077:PUSH2 3080:CALLDATASIZE 3081:PUSH1 3083:PUSH2 3086:JUMP 3087:JUMPDEST 3088:SWAP1 3089:PUSH2 3092:JUMP
erc721_evm,3100,JUMP,adjacent_push,3086:JUMP 3087:JUMPDEST 3088:SWAP1 3089:PUSH2 3092:JUMP 3093:JUMPDEST 3094:PUSH2 3097:PUSH2 3100:JUMP
erc721_evm,3110,JUMP,adjacent_push,3094:PUSH2 3097:PUSH2 3100:JUMP 3101:JUMPDEST 3102:DUP1 3103:PUSH2 3106:DUP2 3107:PUSH2 3110:JUMP
erc721_evm,3119,JUMP,adjacent_push,3107:PUSH2 3110:JUMP 3111:JUMPDEST 3112:SUB 3113:SWAP1 3114:OP_f3 3115:JUMPDEST 3116:PUSH2 3119:JUMP
erc721_evm,3179,JUMPI,adjacent_push,3161:SWAP1 3162:DUP2 3163:LT 3164:PUSH8 3173:DUP3 3174:GT 3175:OR 3176:PUSH2 3179:JUMPI
erc721_evm,3183,JUMP,unknown_dynamic,3164:PUSH8 3173:DUP3 3174:GT 3175:OR 3176:PUSH2 3179:JUMPI 3180:PUSH1 3182:MSTORE 3183:JUMP
erc721_evm,3188,JUMP,adjacent_push,3175:OR 3176:PUSH2 3179:JUMPI 3180:PUSH1 3182:MSTORE 3183:JUMP 3184:JUMPDEST 3185:PUSH2 3188:JUMP
erc721_evm,3200,JUMP,adjacent_push,3184:JUMPDEST 3185:PUSH2 3188:JUMP 3189:JUMPDEST 3190:SWAP1 3191:PUSH2 3194:PUSH2 3197:PUSH2 3200:JUMP
erc721_evm,3207,JUMP,adjacent_push,3191:PUSH2 3194:PUSH2 3197:PUSH2 3200:JUMP 3201:JUMPDEST 3202:SWAP3 3203:DUP4 3204:PUSH2 3207:JUMP
erc721_evm,3209,JUMP,bare_jumpdest_jump,3197:PUSH2 3200:JUMP 3201:JUMPDEST 3202:SWAP3 3203:DUP4 3204:PUSH2 3207:JUMP 3208:JUMPDEST 3209:JUMP
erc721_evm,3225,JUMPI,adjacent_push,3207:JUMP 3208:JUMPDEST 3209:JUMP 3210:JUMPDEST 3211:PUSH8 3220:DUP2 3221:GT 3222:PUSH2 3225:JUMPI
erc721_evm,3239,JUMP,internal_return,3226:PUSH2 3229:PUSH1 3231:SWAP2 3232:PUSH2 3235:JUMP 3236:JUMPDEST 3237:ADD 3238:SWAP1 3239:JUMP
erc721_evm,3244,JUMP,adjacent_push,3232:PUSH2 3235:JUMP 3236:JUMPDEST 3237:ADD 3238:SWAP1 3239:JUMP 3240:JUMPDEST 3241:PUSH2 3244:JUMP
erc721_evm,3255,JUMP,top_computed,3247:DUP3 3248:PUSH0 3249:SWAP4 3250:SWAP3 3251:DUP3 3252:OP_37 3253:ADD 3254:MSTORE 3255:JUMP
erc721_evm,3271,JUMP,adjacent_push,3257:SWAP1 3258:SWAP3 3259:SWAP2 3260:SWAP3 3261:PUSH2 3264:PUSH2 3267:DUP3 3268:PUSH2 3271:JUMP
erc721_evm,3276,JUMP,adjacent_push,3260:SWAP3 3261:PUSH2 3264:PUSH2 3267:DUP3 3268:PUSH2 3271:JUMP 3272:JUMPDEST 3273:PUSH2 3276:JUMP
erc721_evm,3294,JUMPI,adjacent_push,3284:DUP6 3285:ADD 3286:SWAP1 3287:DUP3 3288:DUP5 3289:ADD 3290:GT 3291:PUSH2 3294:JUMPI
erc721_evm,3302,JUMP,adjacent_push,3288:DUP5 3289:ADD 3290:GT 3291:PUSH2 3294:JUMPI 3295:PUSH2 3298:SWAP3 3299:PUSH2 3302:JUMP
erc721_evm,3304,JUMP,bare_jumpdest_jump,3290:GT 3291:PUSH2 3294:JUMPI 3295:PUSH2 3298:SWAP3 3299:PUSH2 3302:JUMP 3303:JUMPDEST 3304:JUMP
erc721_evm,3309,JUMP,adjacent_push,3295:PUSH2 3298:SWAP3 3299:PUSH2 3302:JUMP 3303:JUMPDEST 3304:JUMP 3305:JUMPDEST 3306:PUSH2 3309:JUMP
erc721_evm,3322,JUMPI,adjacent_push,3311:SWAP1 3312:DUP1 3313:PUSH1 3315:DUP4 3316:ADD 3317:OP_12 3318:ISZERO 3319:PUSH2 3322:JUMPI
erc721_evm,3336,JUMP,adjacent_push,3323:DUP2 3324:PUSH1 3326:PUSH2 3329:SWAP4 3330:CALLDATALOAD 3331:SWAP2 3332:ADD 3333:PUSH2 3336:JUMP
erc721_evm,3339,JUMP,internal_return,3329:SWAP4 3330:CALLDATALOAD 3331:SWAP2 3332:ADD 3333:PUSH2 3336:JUMP 3337:JUMPDEST 3338:SWAP1 3339:JUMP
erc721_evm,3344,JUMP,adjacent_push,3332:ADD 3333:PUSH2 3336:JUMP 3337:JUMPDEST 3338:SWAP1 3339:JUMP 3340:JUMPDEST 3341:PUSH2 3344:JUMP
erc721_evm,3356,JUMPI,adjacent_push,3345:JUMPDEST 3346:SWAP1 3347:PUSH1 3349:DUP3 3350:DUP3 3351:SUB 3352:OP_12 3353:PUSH2 3356:JUMPI
erc721_evm,3367,JUMP,adjacent_push,3353:PUSH2 3356:JUMPI 3357:PUSH2 3360:DUP2 3361:PUSH0 3362:DUP5 3363:ADD 3364:PUSH2 3367:JUMP
erc721_evm,3381,JUMP,adjacent_push,3368:JUMPDEST 3369:SWAP3 3370:PUSH2 3373:DUP3 3374:PUSH1 3376:DUP6 3377:ADD 3378:PUSH2 3381:JUMP
erc721_evm,3395,JUMP,adjacent_push,3382:JUMPDEST 3383:SWAP3 3384:PUSH2 3387:DUP4 3388:PUSH1 3390:DUP4 3391:ADD 3392:PUSH2 3395:JUMP
erc721_evm,3417,JUMPI,adjacent_push,3398:PUSH1 3400:DUP3 3401:ADD 3402:CALLDATALOAD 3403:PUSH8 3412:DUP2 3413:GT 3414:PUSH2 3417:JUMPI
erc721_evm,3426,JUMP,adjacent_push,3412:DUP2 3413:GT 3414:PUSH2 3417:JUMPI 3418:PUSH2 3421:SWAP3 3422:ADD 3423:PUSH2 3426:JUMP
erc721_evm,3429,JUMP,internal_return,3417:JUMPI 3418:PUSH2 3421:SWAP3 3422:ADD 3423:PUSH2 3426:JUMP 3427:JUMPDEST 3428:SWAP1 3429:JUMP
erc721_evm,3434,JUMP,adjacent_push,3422:ADD 3423:PUSH2 3426:JUMP 3427:JUMPDEST 3428:SWAP1 3429:JUMP 3430:JUMPDEST 3431:PUSH2 3434:JUMP
erc721_evm,3439,JUMP,adjacent_push,3427:JUMPDEST 3428:SWAP1 3429:JUMP 3430:JUMPDEST 3431:PUSH2 3434:JUMP 3435:JUMPDEST 3436:PUSH2 3439:JUMP
erc721_evm,3467,JUMP,adjacent_push,3455:PUSH2 3458:JUMP 3459:JUMPDEST 3460:SWAP3 3461:SWAP2 3462:SWAP1 3463:SWAP2 3464:PUSH2 3467:JUMP
erc721_evm,3475,JUMP,adjacent_push,3461:SWAP2 3462:SWAP1 3463:SWAP2 3464:PUSH2 3467:JUMP 3468:JUMPDEST 3469:PUSH2 3472:PUSH2 3475:JUMP
erc721_evm,3485,JUMP,adjacent_push,3469:PUSH2 3472:PUSH2 3475:JUMP 3476:JUMPDEST 3477:DUP1 3478:PUSH2 3481:DUP2 3482:PUSH2 3485:JUMP
erc721_evm,3494,JUMP,adjacent_push,3482:PUSH2 3485:JUMP 3486:JUMPDEST 3487:SUB 3488:SWAP1 3489:OP_f3 3490:JUMPDEST 3491:PUSH2 3494:JUMP
erc721_evm,3500,JUMPI,adjacent_push,3488:SWAP1 3489:OP_f3 3490:JUMPDEST 3491:PUSH2 3494:JUMP 3495:JUMPDEST 3496:OP_34 3497:PUSH2 3500:JUMPI
erc721_evm,3516,JUMP,adjacent_push,3497:PUSH2 3500:JUMPI 3501:PUSH2 3504:PUSH2 3507:PUSH2 3510:CALLDATASIZE 3511:PUSH1 3513:PUSH2 3516:JUMP
erc721_evm,3521,JUMP,adjacent_push,3504:PUSH2 3507:PUSH2 3510:CALLDATASIZE 3511:PUSH1 3513:PUSH2 3516:JUMP 3517:JUMPDEST 3518:PUSH2 3521:JUMP
erc721_evm,3529,JUMP,adjacent_push,3513:PUSH2 3516:JUMP 3517:JUMPDEST 3518:PUSH2 3521:JUMP 3522:JUMPDEST 3523:PUSH2 3526:PUSH2 3529:JUMP
erc721_evm,3538,JUMP,adjacent_push,3526:PUSH2 3529:JUMP 3530:JUMPDEST 3531:SWAP2 3532:DUP3 3533:SWAP2 3534:DUP3 3535:PUSH2 3538:JUMP
erc721_evm,3547,JUMP,adjacent_push,3535:PUSH2 3538:JUMP 3539:JUMPDEST 3540:SUB 3541:SWAP1 3542:OP_f3 3543:JUMPDEST 3544:PUSH2 3547:JUMP
erc721_evm,3560,JUMPI,adjacent_push,3549:SWAP2 3550:SWAP1 3551:PUSH1 3553:DUP4 3554:DUP3 3555:SUB 3556:OP_12 3557:PUSH2 3560:JUMPI
erc721_evm,3575,JUMP,adjacent_push,3561:DUP1 3562:PUSH2 3565:PUSH2 3568:SWAP3 3569:PUSH0 3570:DUP7 3571:ADD 3572:PUSH2 3575:JUMP
erc721_evm,3584,JUMP,adjacent_push,3571:ADD 3572:PUSH2 3575:JUMP 3576:JUMPDEST 3577:SWAP4 3578:PUSH1 3580:ADD 3581:PUSH2 3584:JUMP
erc721_evm,3587,JUMP,internal_return,3576:JUMPDEST 3577:SWAP4 3578:PUSH1 3580:ADD 3581:PUSH2 3584:JUMP 3585:JUMPDEST 3586:SWAP1 3587:JUMP
erc721_evm,3592,JUMP,adjacent_push,3580:ADD 3581:PUSH2 3584:JUMP 3585:JUMPDEST 3586:SWAP1 3587:JUMP 3588:JUMPDEST 3589:PUSH2 3592:JUMP
erc721_evm,3598,JUMPI,adjacent_push,3586:SWAP1 3587:JUMP 3588:JUMPDEST 3589:PUSH2 3592:JUMP 3593:JUMPDEST 3594:OP_34 3595:PUSH2 3598:JUMPI
erc721_evm,3614,JUMP,adjacent_push,3595:PUSH2 3598:JUMPI 3599:PUSH2 3602:PUSH2 3605:PUSH2 3608:CALLDATASIZE 3609:PUSH1 3611:PUSH2 3614:JUMP
erc721_evm,3620,JUMP,adjacent_push,3605:PUSH2 3608:CALLDATASIZE 3609:PUSH1 3611:PUSH2 3614:JUMP 3615:JUMPDEST 3616:SWAP1 3617:PUSH2 3620:JUMP
erc721_evm,3628,JUMP,adjacent_push,3614:JUMP 3615:JUMPDEST 3616:SWAP1 3617:PUSH2 3620:JUMP 3621:JUMPDEST 3622:PUSH2 3625:PUSH2 3628:JUMP
erc721_evm,3637,JUMP,adjacent_push,3625:PUSH2 3628:JUMP 3629:JUMPDEST 3630:SWAP2 3631:DUP3 3632:SWAP2 3633:DUP3 3634:PUSH2 3637:JUMP
erc721_evm,3646,JUMP,adjacent_push,3634:PUSH2 3637:JUMP 3638:JUMPDEST 3639:SUB 3640:SWAP1 3641:OP_f3 3642:JUMPDEST 3643:PUSH2 3646:JUMP
erc721_evm,3652,JUMPI,adjacent_push,3640:SWAP1 3641:OP_f3 3642:JUMPDEST 3643:PUSH2 3646:JUMP 3647:JUMPDEST 3648:OP_34 3649:PUSH2 3652:JUMPI
erc721_evm,3665,JUMP,adjacent_push,3648:OP_34 3649:PUSH2 3652:JUMPI 3653:PUSH2 3656:PUSH2 3659:CALLDATASIZE 3660:PUSH1 3662:PUSH2 3665:JUMP
erc721_evm,3678,JUMP,adjacent_push,3662:PUSH2 3665:JUMP 3666:JUMPDEST 3667:PUSH2 3670:JUMP 3671:JUMPDEST 3672:PUSH2 3675:PUSH2 3678:JUMP
erc721_evm,3688,JUMP,adjacent_push,3672:PUSH2 3675:PUSH2 3678:JUMP 3679:JUMPDEST 3680:DUP1 3681:PUSH2 3684:DUP2 3685:PUSH2 3688:JUMP
erc721_evm,3697,JUMP,adjacent_push,3685:PUSH2 3688:JUMP 3689:JUMPDEST 3690:SUB 3691:SWAP1 3692:OP_f3 3693:JUMPDEST 3694:PUSH2 3697:JUMP
erc721_evm,3705,JUMP,internal_return,3697:JUMP 3698:JUMPDEST 3699:PUSH0 3700:DUP1 3701:OP_fd 3702:JUMPDEST 3703:PUSH0 3704:SWAP1 3705:JUMP
erc721_evm,3713,JUMP,adjacent_push,3701:OP_fd 3702:JUMPDEST 3703:PUSH0 3704:SWAP1 3705:JUMP 3706:JUMPDEST 3707:PUSH2 3710:PUSH2 3713:JUMP
erc721_evm,3748,JUMPI,adjacent_push,3736:SWAP2 3737:PUSH2 3740:JUMP 3741:JUMPDEST 3742:EQ 3743:DUP1 3744:ISZERO 3745:PUSH2 3748:JUMPI
erc721_evm,3756,JUMPI,adjacent_push,3744:ISZERO 3745:PUSH2 3748:JUMPI 3749:JUMPDEST 3750:SWAP1 3751:DUP2 3752:ISZERO 3753:PUSH2 3756:JUMPI
erc721_evm,3760,JUMP,internal_return,3750:SWAP1 3751:DUP2 3752:ISZERO 3753:PUSH2 3756:JUMPI 3757:JUMPDEST 3758:POP 3759:SWAP1 3760:JUMP
erc721_evm,3770,JUMP,adjacent_push,3758:POP 3759:SWAP1 3760:JUMP 3761:JUMPDEST 3762:PUSH2 3765:SWAP2 3766:POP 3767:PUSH2 3770:JUMP
erc721_evm,3776,JUMP,adjacent_push,3762:PUSH2 3765:SWAP2 3766:POP 3767:PUSH2 3770:JUMP 3771:JUMPDEST 3772:PUSH0 3773:PUSH2 3776:JUMP
erc721_evm,3809,JUMP,adjacent_push,3797:JUMP 3798:JUMPDEST 3799:SWAP2 3800:PUSH2 3803:JUMP 3804:JUMPDEST 3805:EQ 3806:PUSH2 3809:JUMP
erc721_evm,3814,JUMP,internal_return,3803:JUMP 3804:JUMPDEST 3805:EQ 3806:PUSH2 3809:JUMP 3810:JUMPDEST 3811:PUSH1 3813:SWAP1 3814:JUMP
erc721_evm,3850,JUMPI,adjacent_push,3839:PUSH1 3841:DUP4 3842:OP_04 3843:SWAP3 3844:AND 3845:DUP1 3846:ISZERO 3847:PUSH2 3850:JUMPI
erc721_evm,3860,JUMPI,adjacent_push,3847:PUSH2 3850:JUMPI 3851:JUMPDEST 3852:PUSH1 3854:DUP4 3855:LT 3856:EQ 3857:PUSH2 3860:JUMPI
erc721_evm,3861,JUMP,unknown_dynamic,3850:JUMPI 3851:JUMPDEST 3852:PUSH1 3854:DUP4 3855:LT 3856:EQ 3857:PUSH2 3860:JUMPI 3861:JUMP
erc721_evm,3866,JUMP,adjacent_push,3854:DUP4 3855:LT 3856:EQ 3857:PUSH2 3860:JUMPI 3861:JUMP 3862:JUMPDEST 3863:PUSH2 3866:JUMP
erc721_evm,3876,JUMP,adjacent_push,3863:PUSH2 3866:JUMP 3867:JUMPDEST 3868:SWAP2 3869:PUSH1 3871:AND 3872:SWAP2 3873:PUSH2 3876:JUMP
erc721_evm,3885,JUMP,internal_return,3876:JUMP 3877:JUMPDEST 3878:PUSH1 3880:SWAP2 3881:DUP2 3882:MSTORE 3883:ADD 3884:SWAP1 3885:JUMP
erc721_evm,3894,JUMP,internal_return,3885:JUMP 3886:JUMPDEST 3887:PUSH0 3888:MSTORE 3889:PUSH1 3891:PUSH0 3892:SHA3 3893:SWAP1 3894:JUMP
erc721_evm,3920,JUMP,adjacent_push,3906:PUSH2 3909:DUP4 3910:PUSH2 3913:JUMP 3914:JUMPDEST 3915:DUP1 3916:SWAP5 3917:PUSH2 3920:JUMP
erc721_evm,3934,JUMPI,adjacent_push,3923:PUSH1 3925:DUP2 3926:AND 3927:SWAP1 3928:DUP2 3929:PUSH0 3930:EQ 3931:PUSH2 3934:JUMPI
erc721_evm,3942,JUMPI,adjacent_push,3929:PUSH0 3930:EQ 3931:PUSH2 3934:JUMPI 3935:POP 3936:PUSH1 3938:EQ 3939:PUSH2 3942:JUMPI
erc721_evm,3947,JUMP,unknown_dynamic,3936:PUSH1 3938:EQ 3939:PUSH2 3942:JUMPI 3943:JUMPDEST 3944:POP 3945:POP 3946:POP 3947:JUMP
erc721_evm,3960,JUMP,adjacent_push,3948:JUMPDEST 3949:PUSH2 3952:SWAP2 3953:SWAP3 3954:SWAP4 3955:SWAP5 3956:POP 3957:PUSH2 3960:JUMP
erc721_evm,3972,JUMPI,adjacent_push,3962:SWAP2 3963:PUSH0 3964:SWAP3 3965:JUMPDEST 3966:DUP2 3967:DUP5 3968:LT 3969:PUSH2 3972:JUMPI
erc721_evm,3983,JUMP,adjacent_push,3973:POP 3974:POP 3975:ADD 3976:SWAP1 3977:PUSH0 3978:DUP1 3979:DUP1 3980:PUSH2 3983:JUMP
erc721_evm,4007,JUMP,adjacent_push,3997:ADD 3998:MSTORE 3999:ADD 4000:SWAP2 4001:ADD 4002:SWAP3 4003:SWAP1 4004:PUSH2 4007:JUMP
erc721_evm,4034,JUMP,adjacent_push,4023:PUSH1 4025:MUL 4026:ADD 4027:SWAP1 4028:PUSH0 4029:DUP1 4030:DUP1 4031:PUSH2 4034:JUMP
erc721_evm,4044,JUMP,adjacent_push,4030:DUP1 4031:PUSH2 4034:JUMP 4035:JUMPDEST 4036:SWAP1 4037:PUSH2 4040:SWAP2 4041:PUSH2 4044:JUMP
erc721_evm,4047,JUMP,internal_return,4035:JUMPDEST 4036:SWAP1 4037:PUSH2 4040:SWAP2 4041:PUSH2 4044:JUMP 4045:JUMPDEST 4046:SWAP1 4047:JUMP
erc721_evm,4063,JUMP,adjacent_push,4047:JUMP 4048:JUMPDEST 4049:SWAP1 4050:PUSH2 4053:PUSH2 4056:SWAP3 4057:PUSH2 4060:PUSH2 4063:JUMP
erc721_evm,4072,JUMP,adjacent_push,4060:PUSH2 4063:JUMP 4064:JUMPDEST 4065:SWAP4 4066:DUP5 4067:DUP1 4068:SWAP3 4069:PUSH2 4072:JUMP
erc721_evm,4079,JUMP,adjacent_push,4067:DUP1 4068:SWAP3 4069:PUSH2 4072:JUMP 4073:JUMPDEST 4074:SUB 4075:DUP4 4076:PUSH2 4079:JUMP
erc721_evm,4081,JUMP,bare_jumpdest_jump,4069:PUSH2 4072:JUMP 4073:JUMPDEST 4074:SUB 4075:DUP4 4076:PUSH2 4079:JUMP 4080:JUMPDEST 4081:JUMP
erc721_evm,4090,JUMP,adjacent_push,4076:PUSH2 4079:JUMP 4080:JUMPDEST 4081:JUMP 4082:JUMPDEST 4083:PUSH2 4086:SWAP1 4087:PUSH2 4090:JUMP
erc721_evm,4093,JUMP,internal_return,4081:JUMP 4082:JUMPDEST 4083:PUSH2 4086:SWAP1 4087:PUSH2 4090:JUMP 4091:JUMPDEST 4092:SWAP1 4093:JUMP
erc721_evm,4101,JUMP,adjacent_push,4087:PUSH2 4090:JUMP 4091:JUMPDEST 4092:SWAP1 4093:JUMP 4094:JUMPDEST 4095:PUSH2 4098:PUSH2 4101:JUMP
erc721_evm,4111,JUMP,adjacent_push,4095:PUSH2 4098:PUSH2 4101:JUMP 4102:JUMPDEST 4103:POP 4104:PUSH2 4107:PUSH0 4108:PUSH2 4111:JUMP
erc721_evm,4114,JUMP,internal_return,4102:JUMPDEST 4103:POP 4104:PUSH2 4107:PUSH0 4108:PUSH2 4111:JUMP 4112:JUMPDEST 4113:SWAP1 4114:JUMP
erc721_evm,4118,JUMP,internal_return,4108:PUSH2 4111:JUMP 4112:JUMPDEST 4113:SWAP1 4114:JUMP 4115:JUMPDEST 4116:PUSH0 4117:SWAP1 4118:JUMP
erc721_evm,4140,JUMP,adjacent_push,4124:PUSH2 4127:PUSH2 4130:JUMP 4131:JUMPDEST 4132:POP 4133:PUSH2 4136:DUP2 4137:PUSH2 4140:JUMP
erc721_evm,4146,JUMP,adjacent_push,4132:POP 4133:PUSH2 4136:DUP2 4137:PUSH2 4140:JUMP 4141:JUMPDEST 4142:POP 4143:PUSH2 4146:JUMP
erc721_evm,4149,JUMP,internal_return,4137:PUSH2 4140:JUMP 4141:JUMPDEST 4142:POP 4143:PUSH2 4146:JUMP 4147:JUMPDEST 4148:SWAP1 4149:JUMP
erc721_evm,4163,JUMP,adjacent_push,4149:JUMP 4150:JUMPDEST 4151:SWAP1 4152:PUSH2 4155:SWAP2 4156:SWAP1 4157:PUSH2 4160:PUSH2 4163:JUMP
erc721_evm,4169,JUMP,adjacent_push,4155:SWAP2 4156:SWAP1 4157:PUSH2 4160:PUSH2 4163:JUMP 4164:JUMPDEST 4165:SWAP2 4166:PUSH2 4169:JUMP
erc721_evm,4171,JUMP,bare_jumpdest_jump,4157:PUSH2 4160:PUSH2 4163:JUMP 4164:JUMPDEST 4165:SWAP2 4166:PUSH2 4169:JUMP 4170:JUMPDEST 4171:JUMP
erc721_evm,4174,JUMP,internal_return,4164:JUMPDEST 4165:SWAP2 4166:PUSH2 4169:JUMP 4170:JUMPDEST 4171:JUMP 4172:JUMPDEST 4173:SWAP1 4174:JUMP
erc721_evm,4177,JUMP,internal_return,4169:JUMP 4170:JUMPDEST 4171:JUMP 4172:JUMPDEST 4173:SWAP1 4174:JUMP 4175:JUMPDEST 4176:SWAP1 4177:JUMP
erc721_evm,4192,JUMP,adjacent_push,4176:SWAP1 4177:JUMP 4178:JUMPDEST 4179:PUSH2 4182:PUSH2 4185:PUSH2 4188:SWAP3 4189:PUSH2 4192:JUMP
erc721_evm,4197,JUMP,adjacent_push,4179:PUSH2 4182:PUSH2 4185:PUSH2 4188:SWAP3 4189:PUSH2 4192:JUMP 4193:JUMPDEST 4194:PUSH2 4197:JUMP
erc721_evm,4202,JUMP,adjacent_push,4188:SWAP3 4189:PUSH2 4192:JUMP 4193:JUMPDEST 4194:PUSH2 4197:JUMP 4198:JUMPDEST 4199:PUSH2 4202:JUMP
erc721_evm,4205,JUMP,internal_return,4193:JUMPDEST 4194:PUSH2 4197:JUMP 4198:JUMPDEST 4199:PUSH2 4202:JUMP 4203:JUMPDEST 4204:SWAP1 4205:JUMP
erc721_evm,4214,JUMP,adjacent_push,4202:JUMP 4203:JUMPDEST 4204:SWAP1 4205:JUMP 4206:JUMPDEST 4207:PUSH2 4210:SWAP1 4211:PUSH2 4214:JUMP
erc721_evm,4217,JUMP,internal_return,4205:JUMP 4206:JUMPDEST 4207:PUSH2 4210:SWAP1 4211:PUSH2 4214:JUMP 4215:JUMPDEST 4216:SWAP1 4217:JUMP
erc721_evm,4248,JUMP,adjacent_push,4238:DUP5 4239:ADD 4240:SWAP9 4241:PUSH0 4242:DUP6 4243:ADD 4244:SWAP1 4245:PUSH2 4248:JUMP
erc721_evm,4265,JUMP,adjacent_push,4253:ADD 4254:SWAP1 4255:PUSH2 4258:JUMP 4259:JUMPDEST 4260:ADD 4261:SWAP1 4262:PUSH2 4265:JUMP
erc721_evm,4267,JUMP,bare_jumpdest_jump,4255:PUSH2 4258:JUMP 4259:JUMPDEST 4260:ADD 4261:SWAP1 4262:PUSH2 4265:JUMP 4266:JUMPDEST 4267:JUMP
erc721_evm,4285,JUMP,adjacent_push,4269:SWAP2 4270:SWAP1 4271:DUP1 4272:PUSH2 4275:PUSH2 4278:PUSH2 4281:PUSH0 4282:PUSH2 4285:JUMP
erc721_evm,4290,JUMP,adjacent_push,4272:PUSH2 4275:PUSH2 4278:PUSH2 4281:PUSH0 4282:PUSH2 4285:JUMP 4286:JUMPDEST 4287:PUSH2 4290:JUMP
erc721_evm,4296,JUMP,adjacent_push,4282:PUSH2 4285:JUMP 4286:JUMPDEST 4287:PUSH2 4290:JUMP 4291:JUMPDEST 4292:SWAP2 4293:PUSH2 4296:JUMP
erc721_evm,4302,JUMPI,adjacent_push,4290:JUMP 4291:JUMPDEST 4292:SWAP2 4293:PUSH2 4296:JUMP 4297:JUMPDEST 4298:EQ 4299:PUSH2 4302:JUMPI
erc721_evm,4314,JUMP,adjacent_push,4298:EQ 4299:PUSH2 4302:JUMPI 4303:PUSH2 4306:SWAP1 4307:DUP3 4308:PUSH2 4311:PUSH2 4314:JUMP
erc721_evm,4320,JUMP,adjacent_push,4306:SWAP1 4307:DUP3 4308:PUSH2 4311:PUSH2 4314:JUMP 4315:JUMPDEST 4316:SWAP2 4317:PUSH2 4320:JUMP
erc721_evm,4334,JUMP,adjacent_push,4320:JUMP 4321:JUMPDEST 4322:SWAP2 4323:DUP3 4324:PUSH2 4327:PUSH2 4330:DUP4 4331:PUSH2 4334:JUMP
erc721_evm,4340,JUMP,adjacent_push,4324:PUSH2 4327:PUSH2 4330:DUP4 4331:PUSH2 4334:JUMP 4335:JUMPDEST 4336:SWAP2 4337:PUSH2 4340:JUMP
erc721_evm,4346,JUMPI,adjacent_push,4334:JUMP 4335:JUMPDEST 4336:SWAP2 4337:PUSH2 4340:JUMP 4341:JUMPDEST 4342:SUB 4343:PUSH2 4346:JUMPI
erc721_evm,4350,JUMP,unknown_dynamic,4340:JUMP 4341:JUMPDEST 4342:SUB 4343:PUSH2 4346:JUMPI 4347:POP 4348:POP 4349:POP 4350:JUMP
erc721_evm,4379,JUMP,adjacent_push,4367:PUSH1 4369:SHL 4370:DUP6 4371:MSTORE 4372:PUSH1 4374:DUP6 4375:ADD 4376:PUSH2 4379:JUMP
erc721_evm,4395,JUMP,adjacent_push,4381:SUB 4382:SWAP1 4383:OP_fd 4384:JUMPDEST 4385:PUSH2 4388:PUSH2 4391:PUSH0 4392:PUSH2 4395:JUMP
erc721_evm,4418,JUMP,adjacent_push,4406:PUSH1 4408:SHL 4409:DUP4 4410:MSTORE 4411:PUSH1 4413:DUP4 4414:ADD 4415:PUSH2 4418:JUMP
erc721_evm,4438,JUMPI,adjacent_push,4420:SUB 4421:SWAP1 4422:OP_fd 4423:JUMPDEST 4424:PUSH8 4433:DUP2 4434:GT 4435:PUSH2 4438:JUMPI
erc721_evm,4452,JUMP,internal_return,4439:PUSH2 4442:PUSH1 4444:SWAP2 4445:PUSH2 4448:JUMP 4449:JUMPDEST 4450:ADD 4451:SWAP1 4452:JUMP
erc721_evm,4457,JUMP,adjacent_push,4445:PUSH2 4448:JUMP 4449:JUMPDEST 4450:ADD 4451:SWAP1 4452:JUMP 4453:JUMPDEST 4454:PUSH2 4457:JUMP
erc721_evm,4470,JUMP,adjacent_push,4454:PUSH2 4457:JUMP 4458:JUMPDEST 4459:SWAP1 4460:PUSH2 4463:PUSH2 4466:DUP4 4467:PUSH2 4470:JUMP
erc721_evm,4475,JUMP,adjacent_push,4459:SWAP1 4460:PUSH2 4463:PUSH2 4466:DUP4 4467:PUSH2 4470:JUMP 4471:JUMPDEST 4472:PUSH2 4475:JUMP
erc721_evm,4480,JUMP,unknown_dynamic,4470:JUMP 4471:JUMPDEST 4472:PUSH2 4475:JUMP 4476:JUMPDEST 4477:SWAP2 4478:DUP3 4479:MSTORE 4480:JUMP
erc721_evm,4489,JUMP,adjacent_push,4477:SWAP2 4478:DUP3 4479:MSTORE 4480:JUMP 4481:JUMPDEST 4482:PUSH2 4485:PUSH0 4486:PUSH2 4489:JUMP
erc721_evm,4492,JUMP,internal_return,4480:JUMP 4481:JUMPDEST 4482:PUSH2 4485:PUSH0 4486:PUSH2 4489:JUMP 4490:JUMPDEST 4491:SWAP1 4492:JUMP
erc721_evm,4500,JUMP,adjacent_push,4486:PUSH2 4489:JUMP 4490:JUMPDEST 4491:SWAP1 4492:JUMP 4493:JUMPDEST 4494:PUSH2 4497:PUSH2 4500:JUMP
erc721_evm,4503,JUMP,internal_return,4491:SWAP1 4492:JUMP 4493:JUMPDEST 4494:PUSH2 4497:PUSH2 4500:JUMP 4501:JUMPDEST 4502:SWAP1 4503:JUMP
erc721_evm,4517,JUMP,adjacent_push,4503:JUMP 4504:JUMPDEST 4505:SWAP2 4506:PUSH2 4509:SWAP3 4510:SWAP2 4511:PUSH2 4514:PUSH2 4517:JUMP
erc721_evm,4523,JUMP,adjacent_push,4509:SWAP3 4510:SWAP2 4511:PUSH2 4514:PUSH2 4517:JUMP 4518:JUMPDEST 4519:SWAP3 4520:PUSH2 4523:JUMP
erc721_evm,4525,JUMP,bare_jumpdest_jump,4511:PUSH2 4514:PUSH2 4517:JUMP 4518:JUMPDEST 4519:SWAP3 4520:PUSH2 4523:JUMP 4524:JUMPDEST 4525:JUMP
erc721_evm,4543,JUMP,adjacent_push,4527:PUSH2 4530:SWAP1 4531:PUSH2 4534:PUSH2 4537:JUMP 4538:JUMPDEST 4539:POP 4540:PUSH2 4543:JUMP
erc721_evm,4546,JUMP,internal_return,4534:PUSH2 4537:JUMP 4538:JUMPDEST 4539:POP 4540:PUSH2 4543:JUMP 4544:JUMPDEST 4545:SWAP1 4546:JUMP
erc721_evm,4550,JUMP,internal_return,4540:PUSH2 4543:JUMP 4544:JUMPDEST 4545:SWAP1 4546:JUMP 4547:JUMPDEST 4548:PUSH0 4549:SWAP1 4550:JUMP
erc721_evm,4563,JUMP,adjacent_push,4549:SWAP1 4550:JUMP 4551:JUMPDEST 4552:SWAP1 4553:PUSH2 4556:SWAP2 4557:PUSH2 4560:PUSH2 4563:JUMP
erc721_evm,4568,JUMP,adjacent_push,4552:SWAP1 4553:PUSH2 4556:SWAP2 4557:PUSH2 4560:PUSH2 4563:JUMP 4564:JUMPDEST 4565:PUSH2 4568:JUMP
erc721_evm,4571,JUMP,internal_return,4557:PUSH2 4560:PUSH2 4563:JUMP 4564:JUMPDEST 4565:PUSH2 4568:JUMP 4569:JUMPDEST 4570:SWAP1 4571:JUMP
erc721_evm,4576,JUMP,internal_return,4568:JUMP 4569:JUMPDEST 4570:SWAP1 4571:JUMP 4572:JUMPDEST 4573:PUSH0 4574:SHR 4575:SWAP1 4576:JUMP
erc721_evm,4579,JUMP,internal_return,4571:JUMP 4572:JUMPDEST 4573:PUSH0 4574:SHR 4575:SWAP1 4576:JUMP 4577:JUMPDEST 4578:SWAP1 4579:JUMP
erc721_evm,4591,JUMP,adjacent_push,4577:JUMPDEST 4578:SWAP1 4579:JUMP 4580:JUMPDEST 4581:PUSH2 4584:PUSH2 4587:SWAP2 4588:PUSH2 4591:JUMP
erc721_evm,4596,JUMP,adjacent_push,4580:JUMPDEST 4581:PUSH2 4584:PUSH2 4587:SWAP2 4588:PUSH2 4591:JUMP 4592:JUMPDEST 4593:PUSH2 4596:JUMP
erc721_evm,4599,JUMP,internal_return,4587:SWAP2 4588:PUSH2 4591:JUMP 4592:JUMPDEST 4593:PUSH2 4596:JUMP 4597:JUMPDEST 4598:SWAP1 4599:JUMP
erc721_evm,4609,JUMP,adjacent_push,4597:JUMPDEST 4598:SWAP1 4599:JUMP 4600:JUMPDEST 4601:PUSH2 4604:SWAP1 4605:SLOAD 4606:PUSH2 4609:JUMP
erc721_evm,4612,JUMP,internal_return,4600:JUMPDEST 4601:PUSH2 4604:SWAP1 4605:SLOAD 4606:PUSH2 4609:JUMP 4610:JUMPDEST 4611:SWAP1 4612:JUMP
erc721_evm,4641,JUMP,adjacent_push,4628:MSTORE 4629:PUSH1 4631:PUSH0 4632:OP_fd 4633:JUMPDEST 4634:PUSH2 4637:SWAP1 4638:PUSH2 4641:JUMP
erc721_evm,4650,JUMPI,adjacent_push,4638:PUSH2 4641:JUMP 4642:JUMPDEST 4643:PUSH0 4644:NOT 4645:DUP2 4646:EQ 4647:PUSH2 4650:JUMPI
erc721_evm,4655,JUMP,internal_return,4644:NOT 4645:DUP2 4646:EQ 4647:PUSH2 4650:JUMPI 4651:PUSH1 4653:ADD 4654:SWAP1 4655:JUMP
erc721_evm,4660,JUMP,adjacent_push,4647:PUSH2 4650:JUMPI 4651:PUSH1 4653:ADD 4654:SWAP1 4655:JUMP 4656:JUMPDEST 4657:PUSH2 4660:JUMP
erc721_evm,4665,JUMP,internal_return,4655:JUMP 4656:JUMPDEST 4657:PUSH2 4660:JUMP 4661:JUMPDEST 4662:PUSH0 4663:SHL 4664:SWAP1 4665:JUMP
erc721_evm,4677,JUMP,adjacent_push,4665:JUMP 4666:JUMPDEST 4667:SWAP1 4668:PUSH2 4671:PUSH0 4672:NOT 4673:SWAP2 4674:PUSH2 4677:JUMP
erc721_evm,4687,JUMP,internal_return,4679:SWAP2 4680:DUP2 4681:NOT 4682:AND 4683:SWAP2 4684:AND 4685:OR 4686:SWAP1 4687:JUMP
erc721_evm,4702,JUMP,adjacent_push,4686:SWAP1 4687:JUMP 4688:JUMPDEST 4689:PUSH2 4692:PUSH2 4695:PUSH2 4698:SWAP3 4699:PUSH2 4702:JUMP
erc721_evm,4707,JUMP,adjacent_push,4689:PUSH2 4692:PUSH2 4695:PUSH2 4698:SWAP3 4699:PUSH2 4702:JUMP 4703:JUMPDEST 4704:PUSH2 4707:JUMP
erc721_evm,4712,JUMP,adjacent_push,4698:SWAP3 4699:PUSH2 4702:JUMP 4703:JUMPDEST 4704:PUSH2 4707:JUMP 4708:JUMPDEST 4709:PUSH2 4712:JUMP
erc721_evm,4715,JUMP,internal_return,4703:JUMPDEST 4704:PUSH2 4707:JUMP 4708:JUMPDEST 4709:PUSH2 4712:JUMP 4713:JUMPDEST 4714:SWAP1 4715:JUMP
erc721_evm,4718,JUMP,internal_return,4708:JUMPDEST 4709:PUSH2 4712:JUMP 4713:JUMPDEST 4714:SWAP1 4715:JUMP 4716:JUMPDEST 4717:SWAP1 4718:JUMP
erc721_evm,4734,JUMP,adjacent_push,4718:JUMP 4719:JUMPDEST 4720:SWAP1 4721:PUSH2 4724:PUSH2 4727:PUSH2 4730:SWAP3 4731:PUSH2 4734:JUMP
erc721_evm,4739,JUMP,adjacent_push,4721:PUSH2 4724:PUSH2 4727:PUSH2 4730:SWAP3 4731:PUSH2 4734:JUMP 4735:JUMPDEST 4736:PUSH2 4739:JUMP
erc721_evm,4746,JUMP,adjacent_push,4734:JUMP 4735:JUMPDEST 4736:PUSH2 4739:JUMP 4740:JUMPDEST 4741:DUP3 4742:SLOAD 4743:PUSH2 4746:JUMP
erc721_evm,4750,JUMP,unknown_dynamic,4740:JUMPDEST 4741:DUP3 4742:SLOAD 4743:PUSH2 4746:JUMP 4747:JUMPDEST 4748:SWAP1 4749:SSTORE 4750:JUMP
erc721_evm,4764,JUMP,adjacent_push,4749:SSTORE 4750:JUMP 4751:JUMPDEST 4752:POP 4753:PUSH2 4756:PUSH2 4759:PUSH1 4761:PUSH2 4764:JUMP
erc721_evm,4776,JUMP,adjacent_push,4759:PUSH1 4761:PUSH2 4764:JUMP 4765:JUMPDEST 4766:PUSH2 4769:PUSH2 4772:DUP3 4773:PUSH2 4776:JUMP
erc721_evm,4791,JUMP,adjacent_push,4778:PUSH1 4780:PUSH2 4783:JUMP 4784:JUMPDEST 4785:SWAP2 4786:DUP3 4787:SWAP1 4788:PUSH2 4791:JUMP
erc721_evm,4794,JUMP,internal_return,4784:JUMPDEST 4785:SWAP2 4786:DUP3 4787:SWAP1 4788:PUSH2 4791:JUMP 4792:JUMPDEST 4793:SWAP1 4794:JUMP
erc721_evm,4806,JUMP,adjacent_push,4792:JUMPDEST 4793:SWAP1 4794:JUMP 4795:JUMPDEST 4796:PUSH2 4799:SWAP1 4800:PUSH2 4803:PUSH2 4806:JUMP
erc721_evm,4811,JUMP,adjacent_push,4795:JUMPDEST 4796:PUSH2 4799:SWAP1 4800:PUSH2 4803:PUSH2 4806:JUMP 4807:JUMPDEST 4808:PUSH2 4811:JUMP
erc721_evm,4814,JUMP,internal_return,4800:PUSH2 4803:PUSH2 4806:JUMP 4807:JUMPDEST 4808:PUSH2 4811:JUMP 4812:JUMPDEST 4813:SWAP1 4814:JUMP
erc721_evm,4829,JUMP,adjacent_push,4813:SWAP1 4814:JUMP 4815:JUMPDEST 4816:PUSH2 4819:PUSH2 4822:PUSH2 4825:SWAP3 4826:PUSH2 4829:JUMP
erc721_evm,4834,JUMP,adjacent_push,4816:PUSH2 4819:PUSH2 4822:PUSH2 4825:SWAP3 4826:PUSH2 4829:JUMP 4830:JUMPDEST 4831:PUSH2 4834:JUMP
erc721_evm,4839,JUMP,adjacent_push,4825:SWAP3 4826:PUSH2 4829:JUMP 4830:JUMPDEST 4831:PUSH2 4834:JUMP 4835:JUMPDEST 4836:PUSH2 4839:JUMP
erc721_evm,4842,JUMP,internal_return,4830:JUMPDEST 4831:PUSH2 4834:JUMP 4835:JUMPDEST 4836:PUSH2 4839:JUMP 4840:JUMPDEST 4841:SWAP1 4842:JUMP
erc721_evm,4851,JUMP,adjacent_push,4839:JUMP 4840:JUMPDEST 4841:SWAP1 4842:JUMP 4843:JUMPDEST 4844:PUSH2 4847:SWAP1 4848:PUSH2 4851:JUMP
erc721_evm,4854,JUMP,internal_return,4842:JUMP 4843:JUMPDEST 4844:PUSH2 4847:SWAP1 4848:PUSH2 4851:JUMP 4852:JUMPDEST 4853:SWAP1 4854:JUMP
erc721_evm,4863,JUMP,adjacent_push,4851:JUMP 4852:JUMPDEST 4853:SWAP1 4854:JUMP 4855:JUMPDEST 4856:PUSH2 4859:SWAP1 4860:PUSH2 4863:JUMP
erc721_evm,4866,JUMP,internal_return,4854:JUMP 4855:JUMPDEST 4856:PUSH2 4859:SWAP1 4860:PUSH2 4863:JUMP 4864:JUMPDEST 4865:SWAP1 4866:JUMP
erc721_evm,4876,JUMP,adjacent_push,4864:JUMPDEST 4865:SWAP1 4866:JUMP 4867:JUMPDEST 4868:SWAP1 4869:PUSH2 4872:SWAP1 4873:PUSH2 4876:JUMP
erc721_evm,4888,JUMP,internal_return,4878:PUSH0 4879:MSTORE 4880:PUSH1 4882:MSTORE 4883:PUSH1 4885:PUSH0 4886:SHA3 4887:SWAP1 4888:JUMP
erc721_evm,4896,JUMP,adjacent_push,4883:PUSH1 4885:PUSH0 4886:SHA3 4887:SWAP1 4888:JUMP 4889:JUMPDEST 4890:PUSH2 4893:PUSH2 4896:JUMP
erc721_evm,4913,JUMP,adjacent_push,4897:JUMPDEST 4898:POP 4899:DUP1 4900:PUSH2 4903:PUSH2 4906:PUSH2 4909:PUSH0 4910:PUSH2 4913:JUMP
erc721_evm,4918,JUMP,adjacent_push,4900:PUSH2 4903:PUSH2 4906:PUSH2 4909:PUSH0 4910:PUSH2 4913:JUMP 4914:JUMPDEST 4915:PUSH2 4918:JUMP
erc721_evm,4924,JUMP,adjacent_push,4910:PUSH2 4913:JUMP 4914:JUMPDEST 4915:PUSH2 4918:JUMP 4919:JUMPDEST 4920:SWAP2 4921:PUSH2 4924:JUMP
erc721_evm,4930,JUMPI,adjacent_push,4918:JUMP 4919:JUMPDEST 4920:SWAP2 4921:PUSH2 4924:JUMP 4925:JUMPDEST 4926:EQ 4927:PUSH2 4930:JUMPI
erc721_evm,4943,JUMP,adjacent_push,4926:EQ 4927:PUSH2 4930:JUMPI 4931:PUSH2 4934:PUSH2 4937:SWAP2 4938:PUSH1 4940:PUSH2 4943:JUMP
erc721_evm,4948,JUMP,adjacent_push,4931:PUSH2 4934:PUSH2 4937:SWAP2 4938:PUSH1 4940:PUSH2 4943:JUMP 4944:JUMPDEST 4945:PUSH2 4948:JUMP
erc721_evm,4951,JUMP,internal_return,4938:PUSH1 4940:PUSH2 4943:JUMP 4944:JUMPDEST 4945:PUSH2 4948:JUMP 4949:JUMPDEST 4950:SWAP1 4951:JUMP
erc721_evm,4963,JUMP,adjacent_push,4949:JUMPDEST 4950:SWAP1 4951:JUMP 4952:JUMPDEST 4953:PUSH2 4956:PUSH2 4959:PUSH0 4960:PUSH2 4963:JUMP
erc721_evm,4986,JUMP,adjacent_push,4974:PUSH1 4976:SHL 4977:DUP4 4978:MSTORE 4979:PUSH1 4981:DUP4 4982:ADD 4983:PUSH2 4986:JUMP
erc721_evm,4998,JUMP,adjacent_push,4986:JUMP 4987:JUMPDEST 4988:SUB 4989:SWAP1 4990:OP_fd 4991:JUMPDEST 4992:PUSH2 4995:PUSH2 4998:JUMP
erc721_evm,5006,JUMP,adjacent_push,4990:OP_fd 4991:JUMPDEST 4992:PUSH2 4995:PUSH2 4998:JUMP 4999:JUMPDEST 5000:PUSH2 5003:PUSH2 5006:JUMP
erc721_evm,5008,JUMP,bare_jumpdest_jump,4992:PUSH2 4995:PUSH2 4998:JUMP 4999:JUMPDEST 5000:PUSH2 5003:PUSH2 5006:JUMP 5007:JUMPDEST 5008:JUMP
erc721_evm,5020,JUMP,adjacent_push,5006:JUMP 5007:JUMPDEST 5008:JUMP 5009:JUMPDEST 5010:PUSH2 5013:PUSH2 5016:PUSH0 5017:PUSH2 5020:JUMP
erc721_evm,5027,JUMP,bare_jumpdest_jump,5013:PUSH2 5016:PUSH0 5017:PUSH2 5020:JUMP 5021:JUMPDEST 5022:PUSH2 5025:JUMP 5026:JUMPDEST 5027:JUMP
erc721_evm,5035,JUMP,adjacent_push,5021:JUMPDEST 5022:PUSH2 5025:JUMP 5026:JUMPDEST 5027:JUMP 5028:JUMPDEST 5029:PUSH2 5032:PUSH2 5035:JUMP
erc721_evm,5037,JUMP,bare_jumpdest_jump,5025:JUMP 5026:JUMPDEST 5027:JUMP 5028:JUMPDEST 5029:PUSH2 5032:PUSH2 5035:JUMP 5036:JUMPDEST 5037:JUMP
erc721_evm,5048,JUMP,internal_return,5038:JUMPDEST 5039:PUSH1 5041:DUP1 5042:PUSH1 5044:SHL 5045:SUB 5046:AND 5047:SWAP1 5048:JUMP
erc721_evm,5060,JUMP,adjacent_push,5046:AND 5047:SWAP1 5048:JUMP 5049:JUMPDEST 5050:PUSH2 5053:PUSH2 5056:SWAP2 5057:PUSH2 5060:JUMP
erc721_evm,5065,JUMP,adjacent_push,5049:JUMPDEST 5050:PUSH2 5053:PUSH2 5056:SWAP2 5057:PUSH2 5060:JUMP 5061:JUMPDEST 5062:PUSH2 5065:JUMP
erc721_evm,5068,JUMP,internal_return,5056:SWAP2 5057:PUSH2 5060:JUMP 5061:JUMPDEST 5062:PUSH2 5065:JUMP 5066:JUMPDEST 5067:SWAP1 5068:JUMP
erc721_evm,5078,JUMP,adjacent_push,5066:JUMPDEST 5067:SWAP1 5068:JUMP 5069:JUMPDEST 5070:PUSH2 5073:SWAP1 5074:SLOAD 5075:PUSH2 5078:JUMP
erc721_evm,5081,JUMP,internal_return,5069:JUMPDEST 5070:PUSH2 5073:SWAP1 5074:SLOAD 5075:PUSH2 5078:JUMP 5079:JUMPDEST 5080:SWAP1 5081:JUMP
erc721_evm,5100,JUMP,adjacent_push,5083:PUSH2 5086:PUSH2 5089:JUMP 5090:JUMPDEST 5091:POP 5092:PUSH2 5095:PUSH1 5097:PUSH2 5100:JUMP
erc721_evm,5103,JUMP,internal_return,5090:JUMPDEST 5091:POP 5092:PUSH2 5095:PUSH1 5097:PUSH2 5100:JUMP 5101:JUMPDEST 5102:SWAP1 5103:JUMP
erc721_evm,5111,JUMP,adjacent_push,5097:PUSH2 5100:JUMP 5101:JUMPDEST 5102:SWAP1 5103:JUMP 5104:JUMPDEST 5105:PUSH2 5108:PUSH2 5111:JUMP
erc721_evm,5122,JUMP,adjacent_push,5105:PUSH2 5108:PUSH2 5111:JUMP 5112:JUMPDEST 5113:POP 5114:PUSH2 5117:PUSH1 5119:PUSH2 5122:JUMP
erc721_evm,5125,JUMP,internal_return,5112:JUMPDEST 5113:POP 5114:PUSH2 5117:PUSH1 5119:PUSH2 5122:JUMP 5123:JUMPDEST 5124:SWAP1 5125:JUMP
erc721_evm,5137,JUMP,adjacent_push,5123:JUMPDEST 5124:SWAP1 5125:JUMP 5126:JUMPDEST 5127:PUSH2 5130:SWAP2 5131:PUSH2 5134:PUSH2 5137:JUMP
erc721_evm,5145,JUMP,adjacent_push,5131:PUSH2 5134:PUSH2 5137:JUMP 5138:JUMPDEST 5139:SWAP2 5140:SWAP1 5141:SWAP2 5142:PUSH2 5145:JUMP
erc721_evm,5147,JUMP,bare_jumpdest_jump,5137:JUMP 5138:JUMPDEST 5139:SWAP2 5140:SWAP1 5141:SWAP2 5142:PUSH2 5145:JUMP 5146:JUMPDEST 5147:JUMP
erc721_evm,5173,JUMP,adjacent_push,5159:DUP3 5160:DUP5 5161:SWAP2 5162:PUSH2 5165:JUMP 5166:JUMPDEST 5167:PUSH2 5170:PUSH2 5173:JUMP
erc721_evm,5183,JUMP,adjacent_push,5173:JUMP 5174:JUMPDEST 5175:SWAP4 5176:SWAP1 5177:SWAP2 5178:SWAP3 5179:SWAP4 5180:PUSH2 5183:JUMP
erc721_evm,5185,JUMP,bare_jumpdest_jump,5175:SWAP4 5176:SWAP1 5177:SWAP2 5178:SWAP3 5179:SWAP4 5180:PUSH2 5183:JUMP 5184:JUMPDEST 5185:JUMP
erc721_evm,5188,JUMP,internal_return,5178:SWAP3 5179:SWAP4 5180:PUSH2 5183:JUMP 5184:JUMPDEST 5185:JUMP 5186:JUMPDEST 5187:SWAP1 5188:JUMP
erc721_evm,5192,JUMP,internal_return,5184:JUMPDEST 5185:JUMP 5186:JUMPDEST 5187:SWAP1 5188:JUMP 5189:JUMPDEST 5190:MLOAD 5191:SWAP1 5192:JUMP
erc721_evm,5207,JUMP,adjacent_push,5191:SWAP1 5192:JUMP 5193:JUMPDEST 5194:PUSH2 5197:PUSH2 5200:PUSH2 5203:SWAP3 5204:PUSH2 5207:JUMP
erc721_evm,5212,JUMP,adjacent_push,5194:PUSH2 5197:PUSH2 5200:PUSH2 5203:SWAP3 5204:PUSH2 5207:JUMP 5208:JUMPDEST 5209:PUSH2 5212:JUMP
erc721_evm,5217,JUMP,adjacent_push,5203:SWAP3 5204:PUSH2 5207:JUMP 5208:JUMPDEST 5209:PUSH2 5212:JUMP 5213:JUMPDEST 5214:PUSH2 5217:JUMP
erc721_evm,5220,JUMP,internal_return,5208:JUMPDEST 5209:PUSH2 5212:JUMP 5213:JUMPDEST 5214:PUSH2 5217:JUMP 5218:JUMPDEST 5219:SWAP1 5220:JUMP
erc721_evm,5228,JUMP,adjacent_push,5214:PUSH2 5217:JUMP 5218:JUMPDEST 5219:SWAP1 5220:JUMP 5221:JUMPDEST 5222:PUSH2 5225:PUSH2 5228:JUMP
erc721_evm,5231,JUMP,internal_return,5219:SWAP1 5220:JUMP 5221:JUMPDEST 5222:PUSH2 5225:PUSH2 5228:JUMP 5229:JUMPDEST 5230:SWAP1 5231:JUMP
erc721_evm,5236,JUMP,internal_return,5228:JUMP 5229:JUMPDEST 5230:SWAP1 5231:JUMP 5232:JUMPDEST 5233:SWAP1 5234:POP 5235:SWAP1 5236:JUMP
erc721_evm,5255,JUMP,adjacent_push,5238:PUSH2 5241:PUSH2 5244:SWAP3 5245:PUSH1 5247:SWAP3 5248:PUSH2 5251:DUP2 5252:PUSH2 5255:JUMP
erc721_evm,5264,JUMP,adjacent_push,5252:PUSH2 5255:JUMP 5256:JUMPDEST 5257:SWAP5 5258:DUP6 5259:DUP1 5260:SWAP4 5261:PUSH2 5264:JUMP
erc721_evm,5273,JUMP,adjacent_push,5261:PUSH2 5264:JUMP 5265:JUMPDEST 5266:SWAP4 5267:DUP5 5268:SWAP2 5269:ADD 5270:PUSH2 5273:JUMP
erc721_evm,5277,JUMP,internal_return,5267:DUP5 5268:SWAP2 5269:ADD 5270:PUSH2 5273:JUMP 5274:JUMPDEST 5275:ADD 5276:SWAP1 5277:JUMP
erc721_evm,5291,JUMP,adjacent_push,5277:JUMP 5278:JUMPDEST 5279:PUSH2 5282:SWAP1 5283:PUSH2 5286:SWAP4 5287:SWAP3 5288:PUSH2 5291:JUMP
erc721_evm,5297,JUMP,adjacent_push,5283:PUSH2 5286:SWAP4 5287:SWAP3 5288:PUSH2 5291:JUMP 5292:JUMPDEST 5293:SWAP1 5294:PUSH2 5297:JUMP
erc721_evm,5300,JUMP,internal_return,5288:PUSH2 5291:JUMP 5292:JUMPDEST 5293:SWAP1 5294:PUSH2 5297:JUMP 5298:JUMPDEST 5299:SWAP1 5300:JUMP
erc721_evm,5317,JUMP,adjacent_push,5301:JUMPDEST 5302:PUSH2 5305:SWAP3 5306:SWAP2 5307:PUSH2 5310:SWAP2 5311:PUSH2 5314:PUSH2 5317:JUMP
erc721_evm,5343,JUMP,adjacent_push,5333:SWAP1 5334:DUP2 5335:SUB 5336:DUP3 5337:MSTORE 5338:SUB 5339:DUP4 5340:PUSH2 5343:JUMP
erc721_evm,5345,JUMP,bare_jumpdest_jump,5335:SUB 5336:DUP3 5337:MSTORE 5338:SUB 5339:DUP4 5340:PUSH2 5343:JUMP 5344:JUMPDEST 5345:JUMP
erc721_evm,5353,JUMP,adjacent_push,5339:DUP4 5340:PUSH2 5343:JUMP 5344:JUMPDEST 5345:JUMP 5346:JUMPDEST 5347:PUSH2 5350:PUSH2 5353:JUMP
erc721_evm,5363,JUMP,adjacent_push,5347:PUSH2 5350:PUSH2 5353:JUMP 5354:JUMPDEST 5355:POP 5356:PUSH2 5359:DUP2 5360:PUSH2 5363:JUMP
erc721_evm,5372,JUMP,adjacent_push,5356:PUSH2 5359:DUP2 5360:PUSH2 5363:JUMP 5364:JUMPDEST 5365:POP 5366:PUSH2 5369:PUSH2 5372:JUMP
erc721_evm,5385,JUMP,adjacent_push,5369:PUSH2 5372:JUMP 5373:JUMPDEST 5374:SWAP1 5375:PUSH2 5378:PUSH2 5381:DUP4 5382:PUSH2 5385:JUMP
erc721_evm,5390,JUMP,adjacent_push,5374:SWAP1 5375:PUSH2 5378:PUSH2 5381:DUP4 5382:PUSH2 5385:JUMP 5386:JUMPDEST 5387:PUSH2 5390:JUMP
erc721_evm,5402,JUMP,adjacent_push,5386:JUMPDEST 5387:PUSH2 5390:JUMP 5391:JUMPDEST 5392:PUSH2 5395:PUSH2 5398:PUSH0 5399:PUSH2 5402:JUMP
erc721_evm,5408,JUMP,adjacent_push,5392:PUSH2 5395:PUSH2 5398:PUSH0 5399:PUSH2 5402:JUMP 5403:JUMPDEST 5404:SWAP2 5405:PUSH2 5408:JUMP
erc721_evm,5416,JUMPI,adjacent_push,5404:SWAP2 5405:PUSH2 5408:JUMP 5409:JUMPDEST 5410:GT 5411:PUSH0 5412:EQ 5413:PUSH2 5416:JUMPI
erc721_evm,5428,JUMP,adjacent_push,5412:EQ 5413:PUSH2 5416:JUMPI 5417:PUSH2 5420:PUSH2 5423:SWAP3 5424:SWAP2 5425:PUSH2 5428:JUMP
erc721_evm,5434,JUMP,adjacent_push,5420:PUSH2 5423:SWAP3 5424:SWAP2 5425:PUSH2 5428:JUMP 5429:JUMPDEST 5430:SWAP1 5431:PUSH2 5434:JUMP
erc721_evm,5438,JUMP,internal_return,5428:JUMP 5429:JUMPDEST 5430:SWAP1 5431:PUSH2 5434:JUMP 5435:JUMPDEST 5436:JUMPDEST 5437:SWAP1 5438:JUMP
erc721_evm,5448,JUMP,adjacent_push,5436:JUMPDEST 5437:SWAP1 5438:JUMP 5439:JUMPDEST 5440:POP 5441:POP 5442:PUSH2 5445:PUSH2 5448:JUMP
erc721_evm,5453,JUMP,adjacent_push,5439:JUMPDEST 5440:POP 5441:POP 5442:PUSH2 5445:PUSH2 5448:JUMP 5449:JUMPDEST 5450:PUSH2 5453:JUMP
erc721_evm,5463,JUMP,adjacent_push,5449:JUMPDEST 5450:PUSH2 5453:JUMP 5454:JUMPDEST 5455:SWAP1 5456:PUSH2 5459:SWAP1 5460:PUSH2 5463:JUMP
erc721_evm,5475,JUMP,internal_return,5465:PUSH0 5466:MSTORE 5467:PUSH1 5469:MSTORE 5470:PUSH1 5472:PUSH0 5473:SHA3 5474:SWAP1 5475:JUMP
erc721_evm,5485,JUMP,adjacent_push,5473:SHA3 5474:SWAP1 5475:JUMP 5476:JUMPDEST 5477:SWAP1 5478:PUSH2 5481:SWAP1 5482:PUSH2 5485:JUMP
erc721_evm,5497,JUMP,internal_return,5487:PUSH0 5488:MSTORE 5489:PUSH1 5491:MSTORE 5492:PUSH1 5494:PUSH0 5495:SHA3 5496:SWAP1 5497:JUMP
erc721_evm,5503,JUMP,internal_return,5494:PUSH0 5495:SHA3 5496:SWAP1 5497:JUMP 5498:JUMPDEST 5499:PUSH1 5501:AND 5502:SWAP1 5503:JUMP
erc721_evm,5515,JUMP,adjacent_push,5501:AND 5502:SWAP1 5503:JUMP 5504:JUMPDEST 5505:PUSH2 5508:PUSH2 5511:SWAP2 5512:PUSH2 5515:JUMP
erc721_evm,5523,JUMP,internal_return,5511:SWAP2 5512:PUSH2 5515:JUMP 5516:JUMPDEST 5517:PUSH2 5520:JUMP 5521:JUMPDEST 5522:SWAP1 5523:JUMP
erc721_evm,5533,JUMP,adjacent_push,5521:JUMPDEST 5522:SWAP1 5523:JUMP 5524:JUMPDEST 5525:PUSH2 5528:SWAP1 5529:SLOAD 5530:PUSH2 5533:JUMP
erc721_evm,5536,JUMP,internal_return,5524:JUMPDEST 5525:PUSH2 5528:SWAP1 5529:SLOAD 5530:PUSH2 5533:JUMP 5534:JUMPDEST 5535:SWAP1 5536:JUMP
erc721_evm,5555,JUMP,adjacent_push,5537:JUMPDEST 5538:PUSH2 5541:SWAP2 5542:PUSH2 5545:PUSH2 5548:SWAP3 5549:PUSH2 5552:PUSH2 5555:JUMP
erc721_evm,5563,JUMP,adjacent_push,5548:SWAP3 5549:PUSH2 5552:PUSH2 5555:JUMP 5556:JUMPDEST 5557:POP 5558:PUSH1 5560:PUSH2 5563:JUMP
erc721_evm,5568,JUMP,adjacent_push,5555:JUMP 5556:JUMPDEST 5557:POP 5558:PUSH1 5560:PUSH2 5563:JUMP 5564:JUMPDEST 5565:PUSH2 5568:JUMP
erc721_evm,5573,JUMP,adjacent_push,5558:PUSH1 5560:PUSH2 5563:JUMP 5564:JUMPDEST 5565:PUSH2 5568:JUMP 5569:JUMPDEST 5570:PUSH2 5573:JUMP
erc721_evm,5576,JUMP,internal_return,5564:JUMPDEST 5565:PUSH2 5568:JUMP 5569:JUMPDEST 5570:PUSH2 5573:JUMP 5574:JUMPDEST 5575:SWAP1 5576:JUMP
erc721_evm,5588,JUMP,adjacent_push,5574:JUMPDEST 5575:SWAP1 5576:JUMP 5577:JUMPDEST 5578:PUSH2 5581:SWAP1 5582:PUSH2 5585:PUSH2 5588:JUMP
erc721_evm,5593,JUMP,adjacent_push,5577:JUMPDEST 5578:PUSH2 5581:SWAP1 5582:PUSH2 5585:PUSH2 5588:JUMP 5589:JUMPDEST 5590:PUSH2 5593:JUMP
erc721_evm,5595,JUMP,bare_jumpdest_jump,5581:SWAP1 5582:PUSH2 5585:PUSH2 5588:JUMP 5589:JUMPDEST 5590:PUSH2 5593:JUMP 5594:JUMPDEST 5595:JUMP
erc721_evm,5611,JUMP,adjacent_push,5595:JUMP 5596:JUMPDEST 5597:DUP1 5598:PUSH2 5601:PUSH2 5604:PUSH2 5607:PUSH0 5608:PUSH2 5611:JUMP
erc721_evm,5616,JUMP,adjacent_push,5598:PUSH2 5601:PUSH2 5604:PUSH2 5607:PUSH0 5608:PUSH2 5611:JUMP 5612:JUMPDEST 5613:PUSH2 5616:JUMP
erc721_evm,5622,JUMP,adjacent_push,5608:PUSH2 5611:JUMP 5612:JUMPDEST 5613:PUSH2 5616:JUMP 5617:JUMPDEST 5618:SWAP2 5619:PUSH2 5622:JUMP
erc721_evm,5628,JUMPI,adjacent_push,5616:JUMP 5617:JUMPDEST 5618:SWAP2 5619:PUSH2 5622:JUMP 5623:JUMPDEST 5624:EQ 5625:PUSH2 5628:JUMPI
erc721_evm,5638,JUMP,bare_jumpdest_jump,5624:EQ 5625:PUSH2 5628:JUMPI 5629:PUSH2 5632:SWAP1 5633:PUSH2 5636:JUMP 5637:JUMPDEST 5638:JUMP
erc721_evm,5650,JUMP,adjacent_push,5636:JUMP 5637:JUMPDEST 5638:JUMP 5639:JUMPDEST 5640:PUSH2 5643:PUSH2 5646:PUSH0 5647:PUSH2 5650:JUMP
erc721_evm,5673,JUMP,adjacent_push,5661:PUSH1 5663:SHL 5664:DUP4 5665:MSTORE 5666:PUSH1 5668:DUP4 5669:ADD 5670:PUSH2 5673:JUMP
erc721_evm,5686,JUMP,adjacent_push,5674:JUMPDEST 5675:SUB 5676:SWAP1 5677:OP_fd 5678:JUMPDEST 5679:PUSH2 5682:SWAP1 5683:PUSH2 5686:JUMP
erc721_evm,5688,JUMP,bare_jumpdest_jump,5676:SWAP1 5677:OP_fd 5678:JUMPDEST 5679:PUSH2 5682:SWAP1 5683:PUSH2 5686:JUMP 5687:JUMPDEST 5688:JUMP
erc721_evm,5696,JUMP,adjacent_push,5682:SWAP1 5683:PUSH2 5686:JUMP 5687:JUMPDEST 5688:JUMP 5689:JUMPDEST 5690:PUSH2 5693:PUSH2 5696:JUMP
erc721_evm,5726,JUMP,internal_return,5716:JUMP 5717:JUMPDEST 5718:SWAP2 5719:PUSH2 5722:JUMP 5723:JUMPDEST 5724:EQ 5725:SWAP1 5726:JUMP
erc721_evm,5744,JUMP,adjacent_push,5728:PUSH2 5731:PUSH2 5734:JUMP 5735:JUMPDEST 5736:POP 5737:PUSH2 5740:DUP2 5741:PUSH2 5744:JUMP
erc721_evm,5761,JUMP,adjacent_push,5745:JUMPDEST 5746:SWAP1 5747:DUP2 5748:PUSH2 5751:PUSH2 5754:PUSH2 5757:PUSH0 5758:PUSH2 5761:JUMP
erc721_evm,5766,JUMP,adjacent_push,5748:PUSH2 5751:PUSH2 5754:PUSH2 5757:PUSH0 5758:PUSH2 5761:JUMP 5762:JUMPDEST 5763:PUSH2 5766:JUMP
erc721_evm,5772,JUMP,adjacent_push,5758:PUSH2 5761:JUMP 5762:JUMPDEST 5763:PUSH2 5766:JUMP 5767:JUMPDEST 5768:SWAP2 5769:PUSH2 5772:JUMP
erc721_evm,5778,JUMPI,adjacent_push,5766:JUMP 5767:JUMPDEST 5768:SWAP2 5769:PUSH2 5772:JUMP 5773:JUMPDEST 5774:EQ 5775:PUSH2 5778:JUMPI
erc721_evm,5781,JUMP,internal_return,5769:PUSH2 5772:JUMP 5773:JUMPDEST 5774:EQ 5775:PUSH2 5778:JUMPI 5779:POP 5780:SWAP1 5781:JUMP
erc721_evm,5822,JUMP,adjacent_push,5810:SUB 5811:SWAP1 5812:OP_fd 5813:JUMPDEST 5814:SWAP1 5815:PUSH2 5818:SWAP1 5819:PUSH2 5822:JUMP
erc721_evm,5834,JUMP,internal_return,5824:PUSH0 5825:MSTORE 5826:PUSH1 5828:MSTORE 5829:PUSH1 5831:PUSH0 5832:SHA3 5833:SWAP1 5834:JUMP
erc721_evm,5857,JUMP,adjacent_push,5842:SWAP2 5843:PUSH2 5846:PUSH2 5849:JUMP 5850:JUMPDEST 5851:POP 5852:PUSH1 5854:PUSH2 5857:JUMP
erc721_evm,5862,JUMP,adjacent_push,5849:JUMP 5850:JUMPDEST 5851:POP 5852:PUSH1 5854:PUSH2 5857:JUMP 5858:JUMPDEST 5859:PUSH2 5862:JUMP
erc721_evm,5865,JUMP,internal_return,5852:PUSH1 5854:PUSH2 5857:JUMP 5858:JUMPDEST 5859:PUSH2 5862:JUMP 5863:JUMPDEST 5864:SWAP1 5865:JUMP
erc721_evm,5878,JUMP,internal_return,5866:JUMPDEST 5867:PUSH2 5870:PUSH2 5873:JUMP 5874:JUMPDEST 5875:POP 5876:OP_33 5877:SWAP1 5878:JUMP
erc721_evm,5894,JUMP,bare_jumpdest_jump,5881:PUSH2 5884:SWAP3 5885:SWAP2 5886:PUSH1 5888:SWAP3 5889:PUSH2 5892:JUMP 5893:JUMPDEST 5894:JUMP
erc721_evm,5897,JUMP,internal_return,5886:PUSH1 5888:SWAP3 5889:PUSH2 5892:JUMP 5893:JUMPDEST 5894:JUMP 5895:JUMPDEST 5896:SWAP1 5897:JUMP
erc721_evm,5912,JUMP,adjacent_push,5896:SWAP1 5897:JUMP 5898:JUMPDEST 5899:PUSH2 5902:PUSH2 5905:PUSH2 5908:SWAP3 5909:PUSH2 5912:JUMP
erc721_evm,5917,JUMP,adjacent_push,5899:PUSH2 5902:PUSH2 5905:PUSH2 5908:SWAP3 5909:PUSH2 5912:JUMP 5913:JUMPDEST 5914:PUSH2 5917:JUMP
erc721_evm,5922,JUMP,adjacent_push,5908:SWAP3 5909:PUSH2 5912:JUMP 5913:JUMPDEST 5914:PUSH2 5917:JUMP 5918:JUMPDEST 5919:PUSH2 5922:JUMP
erc721_evm,5925,JUMP,internal_return,5913:JUMPDEST 5914:PUSH2 5917:JUMP 5918:JUMPDEST 5919:PUSH2 5922:JUMP 5923:JUMPDEST 5924:SWAP1 5925:JUMP
erc721_evm,5936,JUMP,adjacent_push,5924:SWAP1 5925:JUMP 5926:JUMPDEST 5927:SWAP1 5928:PUSH2 5931:SWAP2 5932:SUB 5933:PUSH2 5936:JUMP
erc721_evm,5939,JUMP,internal_return,5927:SWAP1 5928:PUSH2 5931:SWAP2 5932:SUB 5933:PUSH2 5936:JUMP 5937:JUMPDEST 5938:SWAP1 5939:JUMP
erc721_evm,5950,JUMP,adjacent_push,5938:SWAP1 5939:JUMP 5940:JUMPDEST 5941:SWAP1 5942:PUSH2 5945:SWAP2 5946:ADD 5947:PUSH2 5950:JUMP
erc721_evm,5953,JUMP,internal_return,5941:SWAP1 5942:PUSH2 5945:SWAP2 5946:ADD 5947:PUSH2 5950:JUMP 5951:JUMPDEST 5952:SWAP1 5953:JUMP
erc721_evm,5970,JUMP,adjacent_push,5956:PUSH2 5959:PUSH1 5961:DUP1 5962:PUSH1 5964:SHL 5965:SUB 5966:SWAP2 5967:PUSH2 5970:JUMP
erc721_evm,5980,JUMP,internal_return,5972:SWAP2 5973:DUP2 5974:NOT 5975:AND 5976:SWAP2 5977:AND 5978:OR 5979:SWAP1 5980:JUMP
erc721_evm,5983,JUMP,internal_return,5975:AND 5976:SWAP2 5977:AND 5978:OR 5979:SWAP1 5980:JUMP 5981:JUMPDEST 5982:SWAP1 5983:JUMP
erc721_evm,5999,JUMP,adjacent_push,5983:JUMP 5984:JUMPDEST 5985:SWAP1 5986:PUSH2 5989:PUSH2 5992:PUSH2 5995:SWAP3 5996:PUSH2 5999:JUMP
erc721_evm,6011,JUMP,adjacent_push,5999:JUMP 6000:JUMPDEST 6001:PUSH2 6004:JUMP 6005:JUMPDEST 6006:DUP3 6007:SLOAD 6008:PUSH2 6011:JUMP
erc721_evm,6015,JUMP,unknown_dynamic,6005:JUMPDEST 6006:DUP3 6007:SLOAD 6008:PUSH2 6011:JUMP 6012:JUMPDEST 6013:SWAP1 6014:SSTORE 6015:JUMP
erc721_evm,6034,JUMP,adjacent_push,6018:PUSH2 6021:PUSH2 6024:JUMP 6025:JUMPDEST 6026:POP 6027:PUSH2 6030:DUP2 6031:PUSH2 6034:JUMP
erc721_evm,6051,JUMP,adjacent_push,6035:JUMPDEST 6036:SWAP3 6037:DUP1 6038:PUSH2 6041:PUSH2 6044:PUSH2 6047:PUSH0 6048:PUSH2 6051:JUMP
erc721_evm,6056,JUMP,adjacent_push,6038:PUSH2 6041:PUSH2 6044:PUSH2 6047:PUSH0 6048:PUSH2 6051:JUMP 6052:JUMPDEST 6053:PUSH2 6056:JUMP
erc721_evm,6062,JUMP,adjacent_push,6048:PUSH2 6051:JUMP 6052:JUMPDEST 6053:PUSH2 6056:JUMP 6057:JUMPDEST 6058:SWAP2 6059:PUSH2 6062:JUMP
erc721_evm,6085,JUMP,adjacent_push,6069:JUMPDEST 6070:POP 6071:DUP3 6072:PUSH2 6075:PUSH2 6078:PUSH2 6081:PUSH0 6082:PUSH2 6085:JUMP
erc721_evm,6090,JUMP,adjacent_push,6072:PUSH2 6075:PUSH2 6078:PUSH2 6081:PUSH0 6082:PUSH2 6085:JUMP 6086:JUMPDEST 6087:PUSH2 6090:JUMP
erc721_evm,6096,JUMP,adjacent_push,6082:PUSH2 6085:JUMP 6086:JUMPDEST 6087:PUSH2 6090:JUMP 6091:JUMPDEST 6092:SWAP2 6093:PUSH2 6096:JUMP
erc721_evm,6118,JUMP,adjacent_push,6102:JUMPI 6103:JUMPDEST 6104:DUP2 6105:PUSH2 6108:PUSH2 6111:PUSH2 6114:PUSH0 6115:PUSH2 6118:JUMP
erc721_evm,6123,JUMP,adjacent_push,6105:PUSH2 6108:PUSH2 6111:PUSH2 6114:PUSH0 6115:PUSH2 6118:JUMP 6119:JUMPDEST 6120:PUSH2 6123:JUMP
erc721_evm,6129,JUMP,adjacent_push,6115:PUSH2 6118:JUMP 6119:JUMPDEST 6120:PUSH2 6123:JUMP 6124:JUMPDEST 6125:SWAP2 6126:PUSH2 6129:JUMP
erc721_evm,6135,JUMPI,adjacent_push,6123:JUMP 6124:JUMPDEST 6125:SWAP2 6126:PUSH2 6129:JUMP 6130:JUMPDEST 6131:SUB 6132:PUSH2 6135:JUMPI
erc721_evm,6151,JUMP,adjacent_push,6136:JUMPDEST 6137:PUSH2 6140:DUP3 6141:PUSH2 6144:PUSH1 6146:DUP5 6147:SWAP1 6148:PUSH2 6151:JUMP
erc721_evm,6156,JUMP,adjacent_push,6141:PUSH2 6144:PUSH1 6146:DUP5 6147:SWAP1 6148:PUSH2 6151:JUMP 6152:JUMPDEST 6153:PUSH2 6156:JUMP
erc721_evm,6206,JUMP,adjacent_push,6158:DUP3 6159:SWAP2 6160:PUSH2 6163:PUSH2 6166:PUSH2 6169:PUSH32 6202:SWAP6 6203:PUSH2 6206:JUMP
erc721_evm,6212,JUMP,adjacent_push,6166:PUSH2 6169:PUSH32 6202:SWAP6 6203:PUSH2 6206:JUMP 6207:JUMPDEST 6208:SWAP3 6209:PUSH2 6212:JUMP
erc721_evm,6218,JUMP,adjacent_push,6206:JUMP 6207:JUMPDEST 6208:SWAP3 6209:PUSH2 6212:JUMP 6213:JUMPDEST 6214:SWAP3 6215:PUSH2 6218:JUMP
erc721_evm,6227,JUMP,adjacent_push,6213:JUMPDEST 6214:SWAP3 6215:PUSH2 6218:JUMP 6219:JUMPDEST 6220:SWAP3 6221:PUSH2 6224:PUSH2 6227:JUMP
erc721_evm,6237,JUMP,adjacent_push,6221:PUSH2 6224:PUSH2 6227:JUMP 6228:JUMPDEST 6229:DUP1 6230:PUSH2 6233:DUP2 6234:PUSH2 6237:JUMP
erc721_evm,6243,JUMP,internal_return,6233:DUP2 6234:PUSH2 6237:JUMP 6238:JUMPDEST 6239:SUB 6240:SWAP1 6241:OP_a4 6242:SWAP1 6243:JUMP
erc721_evm,6256,JUMP,adjacent_push,6241:OP_a4 6242:SWAP1 6243:JUMP 6244:JUMPDEST 6245:PUSH2 6248:PUSH2 6251:PUSH1 6253:PUSH2 6256:JUMP
erc721_evm,6271,JUMP,adjacent_push,6256:JUMP 6257:JUMPDEST 6258:PUSH2 6261:PUSH2 6264:PUSH1 6266:DUP7 6267:SWAP1 6268:PUSH2 6271:JUMP
erc721_evm,6281,JUMP,adjacent_push,6267:SWAP1 6268:PUSH2 6271:JUMP 6272:JUMPDEST 6273:SWAP2 6274:PUSH2 6277:DUP4 6278:PUSH2 6281:JUMP
erc721_evm,6286,JUMP,adjacent_push,6272:JUMPDEST 6273:SWAP2 6274:PUSH2 6277:DUP4 6278:PUSH2 6281:JUMP 6282:JUMPDEST 6283:PUSH2 6286:JUMP
erc721_evm,6297,JUMP,adjacent_push,6283:PUSH2 6286:JUMP 6287:JUMPDEST 6288:SWAP1 6289:PUSH2 6292:JUMP 6293:JUMPDEST 6294:PUSH2 6297:JUMP
erc721_evm,6309,JUMP,adjacent_push,6293:JUMPDEST 6294:PUSH2 6297:JUMP 6298:JUMPDEST 6299:PUSH2 6302:PUSH2 6305:PUSH0 6306:PUSH2 6309:JUMP
erc721_evm,6319,JUMP,adjacent_push,6305:PUSH0 6306:PUSH2 6309:JUMP 6310:JUMPDEST 6311:DUP3 6312:PUSH2 6315:PUSH0 6316:PUSH2 6319:JUMP
erc721_evm,6340,JUMP,adjacent_push,6323:SWAP3 6324:PUSH2 6327:JUMP 6328:JUMPDEST 6329:PUSH2 6332:PUSH2 6335:PUSH1 6337:PUSH2 6340:JUMP
erc721_evm,6355,JUMP,adjacent_push,6340:JUMP 6341:JUMPDEST 6342:PUSH2 6345:PUSH2 6348:PUSH1 6350:DUP8 6351:SWAP1 6352:PUSH2 6355:JUMP
erc721_evm,6365,JUMP,adjacent_push,6351:SWAP1 6352:PUSH2 6355:JUMP 6356:JUMPDEST 6357:SWAP2 6358:PUSH2 6361:DUP4 6362:PUSH2 6365:JUMP
erc721_evm,6370,JUMP,adjacent_push,6356:JUMPDEST 6357:SWAP2 6358:PUSH2 6361:DUP4 6362:PUSH2 6365:JUMP 6366:JUMPDEST 6367:PUSH2 6370:JUMP
erc721_evm,6381,JUMP,adjacent_push,6367:PUSH2 6370:JUMP 6371:JUMPDEST 6372:SWAP1 6373:PUSH2 6376:JUMP 6377:JUMPDEST 6378:PUSH2 6381:JUMP
erc721_evm,6394,JUMP,adjacent_push,6382:JUMPDEST 6383:PUSH2 6386:SWAP1 6387:DUP5 6388:SWAP1 6389:DUP4 6390:SWAP2 6391:PUSH2 6394:JUMP
erc721_evm,6400,JUMP,adjacent_push,6388:SWAP1 6389:DUP4 6390:SWAP2 6391:PUSH2 6394:JUMP 6395:JUMPDEST 6396:PUSH0 6397:PUSH2 6400:JUMP
erc721_evm,6408,JUMP,adjacent_push,6394:JUMP 6395:JUMPDEST 6396:PUSH0 6397:PUSH2 6400:JUMP 6401:JUMPDEST 6402:PUSH2 6405:PUSH2 6408:JUMP
erc721_evm,6422,JUMP,adjacent_push,6402:PUSH2 6405:PUSH2 6408:JUMP 6409:JUMPDEST 6410:PUSH2 6413:PUSH2 6416:PUSH2 6419:PUSH2 6422:JUMP
erc721_evm,6427,JUMP,adjacent_push,6409:JUMPDEST 6410:PUSH2 6413:PUSH2 6416:PUSH2 6419:PUSH2 6422:JUMP 6423:JUMPDEST 6424:PUSH2 6427:JUMP
erc721_evm,6433,JUMP,adjacent_push,6419:PUSH2 6422:JUMP 6423:JUMPDEST 6424:PUSH2 6427:JUMP 6428:JUMPDEST 6429:SWAP2 6430:PUSH2 6433:JUMP
erc721_evm,6439,JUMPI,adjacent_push,6427:JUMP 6428:JUMPDEST 6429:SWAP2 6430:PUSH2 6433:JUMP 6434:JUMPDEST 6435:SUB 6436:PUSH2 6439:JUMPI
erc721_evm,6440,JUMP,top_computed,6428:JUMPDEST 6429:SWAP2 6430:PUSH2 6433:JUMP 6434:JUMPDEST 6435:SUB 6436:PUSH2 6439:JUMPI 6440:JUMP
erc721_evm,6451,JUMP,adjacent_push,6435:SUB 6436:PUSH2 6439:JUMPI 6440:JUMP 6441:JUMPDEST 6442:PUSH2 6445:PUSH2 6448:PUSH2 6451:JUMP
erc721_evm,6474,JUMP,adjacent_push,6462:PUSH1 6464:SHL 6465:DUP4 6466:MSTORE 6467:PUSH1 6469:DUP4 6470:ADD 6471:PUSH2 6474:JUMP
erc721_evm,6492,JUMP,adjacent_push,6478:OP_fd 6479:JUMPDEST 6480:SWAP1 6481:PUSH2 6484:SWAP2 6485:SWAP1 6486:PUSH2 6489:PUSH2 6492:JUMP
erc721_evm,6498,JUMP,adjacent_push,6484:SWAP2 6485:SWAP1 6486:PUSH2 6489:PUSH2 6492:JUMP 6493:JUMPDEST 6494:SWAP2 6495:PUSH2 6498:JUMP
erc721_evm,6500,JUMP,bare_jumpdest_jump,6486:PUSH2 6489:PUSH2 6492:JUMP 6493:JUMPDEST 6494:SWAP2 6495:PUSH2 6498:JUMP 6499:JUMPDEST 6500:JUMP
erc721_evm,6510,JUMP,adjacent_push,6495:PUSH2 6498:JUMP 6499:JUMPDEST 6500:JUMP 6501:JUMPDEST 6502:PUSH2 6505:PUSH1 6507:PUSH2 6510:JUMP
erc721_evm,6521,JUMP,adjacent_push,6505:PUSH1 6507:PUSH2 6510:JUMP 6511:JUMPDEST 6512:PUSH2 6515:DUP3 6516:PUSH1 6518:PUSH2 6521:JUMP
erc721_evm,6567,JUMP,adjacent_push,6521:JUMP 6522:JUMPDEST 6523:SWAP1 6524:PUSH2 6527:PUSH2 6530:PUSH32 6563:SWAP4 6564:PUSH2 6567:JUMP
erc721_evm,6573,JUMP,adjacent_push,6527:PUSH2 6530:PUSH32 6563:SWAP4 6564:PUSH2 6567:JUMP 6568:JUMPDEST 6569:SWAP2 6570:PUSH2 6573:JUMP
erc721_evm,6582,JUMP,adjacent_push,6568:JUMPDEST 6569:SWAP2 6570:PUSH2 6573:JUMP 6574:JUMPDEST 6575:SWAP2 6576:PUSH2 6579:PUSH2 6582:JUMP
erc721_evm,6592,JUMP,adjacent_push,6576:PUSH2 6579:PUSH2 6582:JUMP 6583:JUMPDEST 6584:DUP1 6585:PUSH2 6588:DUP2 6589:PUSH2 6592:JUMP
erc721_evm,6597,JUMP,top_computed,6585:PUSH2 6588:DUP2 6589:PUSH2 6592:JUMP 6593:JUMPDEST 6594:SUB 6595:SWAP1 6596:OP_a3 6597:JUMP
erc721_evm,6609,JUMP,adjacent_push,6596:OP_a3 6597:JUMP 6598:JUMPDEST 6599:SWAP1 6600:PUSH2 6603:PUSH1 6605:SWAP2 6606:PUSH2 6609:JUMP
erc721_evm,6619,JUMP,internal_return,6611:SWAP2 6612:DUP2 6613:NOT 6614:AND 6615:SWAP2 6616:AND 6617:OR 6618:SWAP1 6619:JUMP
erc721_evm,6628,JUMP,adjacent_push,6616:AND 6617:OR 6618:SWAP1 6619:JUMP 6620:JUMPDEST 6621:PUSH2 6624:SWAP1 6625:PUSH2 6628:JUMP
erc721_evm,6631,JUMP,internal_return,6619:JUMP 6620:JUMPDEST 6621:PUSH2 6624:SWAP1 6625:PUSH2 6628:JUMP 6629:JUMPDEST 6630:SWAP1 6631:JUMP
erc721_evm,6634,JUMP,internal_return,6624:SWAP1 6625:PUSH2 6628:JUMP 6629:JUMPDEST 6630:SWAP1 6631:JUMP 6632:JUMPDEST 6633:SWAP1 6634:JUMP
erc721_evm,6650,JUMP,adjacent_push,6634:JUMP 6635:JUMPDEST 6636:SWAP1 6637:PUSH2 6640:PUSH2 6643:PUSH2 6646:SWAP3 6647:PUSH2 6650:JUMP
erc721_evm,6655,JUMP,adjacent_push,6637:PUSH2 6640:PUSH2 6643:PUSH2 6646:SWAP3 6647:PUSH2 6650:JUMP 6651:JUMPDEST 6652:PUSH2 6655:JUMP
erc721_evm,6662,JUMP,adjacent_push,6650:JUMP 6651:JUMPDEST 6652:PUSH2 6655:JUMP 6656:JUMPDEST 6657:DUP3 6658:SLOAD 6659:PUSH2 6662:JUMP
erc721_evm,6666,JUMP,unknown_dynamic,6656:JUMPDEST 6657:DUP3 6658:SLOAD 6659:PUSH2 6662:JUMP 6663:JUMPDEST 6664:SWAP1 6665:SSTORE 6666:JUMP
erc721_evm,6685,JUMP,adjacent_push,6669:SWAP1 6670:SWAP2 6671:DUP3 6672:PUSH2 6675:PUSH2 6678:PUSH2 6681:PUSH0 6682:PUSH2 6685:JUMP
erc721_evm,6690,JUMP,adjacent_push,6672:PUSH2 6675:PUSH2 6678:PUSH2 6681:PUSH0 6682:PUSH2 6685:JUMP 6686:JUMPDEST 6687:PUSH2 6690:JUMP
erc721_evm,6696,JUMP,adjacent_push,6682:PUSH2 6685:JUMP 6686:JUMPDEST 6687:PUSH2 6690:JUMP 6691:JUMPDEST 6692:SWAP2 6693:PUSH2 6696:JUMP
erc721_evm,6702,JUMPI,adjacent_push,6690:JUMP 6691:JUMPDEST 6692:SWAP2 6693:PUSH2 6696:JUMP 6697:JUMPDEST 6698:EQ 6699:PUSH2 6702:JUMPI
erc721_evm,6720,JUMP,adjacent_push,6703:PUSH2 6706:DUP3 6707:PUSH2 6710:PUSH2 6713:PUSH1 6715:DUP6 6716:SWAP1 6717:PUSH2 6720:JUMP
erc721_evm,6727,JUMP,adjacent_push,6715:DUP6 6716:SWAP1 6717:PUSH2 6720:JUMP 6721:JUMPDEST 6722:DUP7 6723:SWAP1 6724:PUSH2 6727:JUMP
erc721_evm,6732,JUMP,adjacent_push,6720:JUMP 6721:JUMPDEST 6722:DUP7 6723:SWAP1 6724:PUSH2 6727:JUMP 6728:JUMPDEST 6729:PUSH2 6732:JUMP
erc721_evm,6783,JUMP,adjacent_push,6735:SWAP1 6736:SWAP2 6737:PUSH2 6740:PUSH2 6743:PUSH2 6746:PUSH32 6779:SWAP4 6780:PUSH2 6783:JUMP
erc721_evm,6789,JUMP,adjacent_push,6743:PUSH2 6746:PUSH32 6779:SWAP4 6780:PUSH2 6783:JUMP 6784:JUMPDEST 6785:SWAP4 6786:PUSH2 6789:JUMP
erc721_evm,6798,JUMP,adjacent_push,6784:JUMPDEST 6785:SWAP4 6786:PUSH2 6789:JUMP 6790:JUMPDEST 6791:SWAP4 6792:PUSH2 6795:PUSH2 6798:JUMP
erc721_evm,6807,JUMP,adjacent_push,6795:PUSH2 6798:JUMP 6799:JUMPDEST 6800:SWAP2 6801:DUP3 6802:SWAP2 6803:DUP3 6804:PUSH2 6807:JUMP
erc721_evm,6812,JUMP,top_computed,6802:SWAP2 6803:DUP3 6804:PUSH2 6807:JUMP 6808:JUMPDEST 6809:SUB 6810:SWAP1 6811:OP_a3 6812:JUMP
erc721_evm,6839,JUMP,adjacent_push,6827:PUSH1 6829:SHL 6830:DUP4 6831:MSTORE 6832:PUSH1 6834:DUP4 6835:ADD 6836:PUSH2 6839:JUMP
erc721_evm,6852,JUMP,adjacent_push,6840:JUMPDEST 6841:SUB 6842:SWAP1 6843:OP_fd 6844:JUMPDEST 6845:PUSH2 6848:SWAP1 6849:PUSH2 6852:JUMP
erc721_evm,6855,JUMP,internal_return,6843:OP_fd 6844:JUMPDEST 6845:PUSH2 6848:SWAP1 6849:PUSH2 6852:JUMP 6853:JUMPDEST 6854:SWAP1 6855:JUMP
erc721_evm,6864,JUMP,adjacent_push,6852:JUMP 6853:JUMPDEST 6854:SWAP1 6855:JUMP 6856:JUMPDEST 6857:PUSH2 6860:SWAP1 6861:PUSH2 6864:JUMP
erc721_evm,6867,JUMP,internal_return,6855:JUMP 6856:JUMPDEST 6857:PUSH2 6860:SWAP1 6861:PUSH2 6864:JUMP 6865:JUMPDEST 6866:SWAP1 6867:JUMP
erc721_evm,6876,JUMP,adjacent_push,6864:JUMP 6865:JUMPDEST 6866:SWAP1 6867:JUMP 6868:JUMPDEST 6869:PUSH2 6872:SWAP1 6873:PUSH2 6876:JUMP
erc721_evm,6879,JUMP,internal_return,6867:JUMP 6868:JUMPDEST 6869:PUSH2 6872:SWAP1 6873:PUSH2 6876:JUMP 6877:JUMPDEST 6878:SWAP1 6879:JUMP
erc721_evm,6885,JUMP,internal_return,6876:JUMP 6877:JUMPDEST 6878:SWAP1 6879:JUMP 6880:JUMPDEST 6881:PUSH1 6883:SHL 6884:SWAP1 6885:JUMP
erc721_evm,6898,JUMP,adjacent_push,6886:JUMPDEST 6887:SWAP1 6888:POP 6889:MLOAD 6890:SWAP1 6891:PUSH2 6894:DUP3 6895:PUSH2 6898:JUMP
erc721_evm,6900,JUMP,bare_jumpdest_jump,6888:POP 6889:MLOAD 6890:SWAP1 6891:PUSH2 6894:DUP3 6895:PUSH2 6898:JUMP 6899:JUMPDEST 6900:JUMP
erc721_evm,6912,JUMPI,adjacent_push,6901:JUMPDEST 6902:SWAP1 6903:PUSH1 6905:DUP3 6906:DUP3 6907:SUB 6908:OP_12 6909:PUSH2 6912:JUMPI
erc721_evm,6922,JUMP,adjacent_push,6908:OP_12 6909:PUSH2 6912:JUMPI 6913:PUSH2 6916:SWAP2 6917:PUSH0 6918:ADD 6919:PUSH2 6922:JUMP
erc721_evm,6925,JUMP,internal_return,6913:PUSH2 6916:SWAP2 6917:PUSH0 6918:ADD 6919:PUSH2 6922:JUMP 6923:JUMPDEST 6924:SWAP1 6925:JUMP
erc721_evm,6930,JUMP,adjacent_push,6918:ADD 6919:PUSH2 6922:JUMP 6923:JUMPDEST 6924:SWAP1 6925:JUMP 6926:JUMPDEST 6927:PUSH2 6930:JUMP
erc721_evm,6939,JUMP,internal_return,6930:JUMP 6931:JUMPDEST 6932:PUSH1 6934:SWAP2 6935:DUP2 6936:MSTORE 6937:ADD 6938:SWAP1 6939:JUMP
erc721_evm,6961,JUMP,adjacent_push,6944:PUSH2 6947:PUSH1 6949:SWAP4 6950:PUSH2 6953:SWAP4 6954:PUSH2 6957:DUP2 6958:PUSH2 6961:JUMP
erc721_evm,6970,JUMP,adjacent_push,6958:PUSH2 6961:JUMP 6962:JUMPDEST 6963:SWAP4 6964:DUP5 6965:DUP1 6966:SWAP4 6967:PUSH2 6970:JUMP
erc721_evm,6979,JUMP,adjacent_push,6967:PUSH2 6970:JUMP 6971:JUMPDEST 6972:SWAP6 6973:DUP7 6974:SWAP2 6975:ADD 6976:PUSH2 6979:JUMP
erc721_evm,6988,JUMP,internal_return,6976:PUSH2 6979:JUMP 6980:JUMPDEST 6981:PUSH2 6984:JUMP 6985:JUMPDEST 6986:ADD 6987:SWAP1 6988:JUMP
erc721_evm,7019,JUMP,adjacent_push,7009:DUP7 7010:ADD 7011:SWAP8 7012:PUSH0 7013:DUP8 7014:ADD 7015:SWAP1 7016:PUSH2 7019:JUMP
erc721_evm,7029,JUMP,adjacent_push,7016:PUSH2 7019:JUMP 7020:JUMPDEST 7021:PUSH1 7023:DUP6 7024:ADD 7025:SWAP1 7026:PUSH2 7029:JUMP
erc721_evm,7052,JUMP,adjacent_push,7041:PUSH1 7043:DUP2 7044:DUP5 7045:SUB 7046:SWAP2 7047:ADD 7048:MSTORE 7049:PUSH2 7052:JUMP
erc721_evm,7055,JUMP,internal_return,7045:SUB 7046:SWAP2 7047:ADD 7048:MSTORE 7049:PUSH2 7052:JUMP 7053:JUMPDEST 7054:SWAP1 7055:JUMP
erc721_evm,7068,JUMP,adjacent_push,7054:SWAP1 7055:JUMP 7056:JUMPDEST 7057:SWAP1 7058:PUSH2 7061:PUSH2 7064:DUP4 7065:PUSH2 7068:JUMP
erc721_evm,7073,JUMP,adjacent_push,7057:SWAP1 7058:PUSH2 7061:PUSH2 7064:DUP4 7065:PUSH2 7068:JUMP 7069:JUMPDEST 7070:PUSH2 7073:JUMP
erc721_evm,7078,JUMP,unknown_dynamic,7068:JUMP 7069:JUMPDEST 7070:PUSH2 7073:JUMP 7074:JUMPDEST 7075:SWAP2 7076:DUP3 7077:MSTORE 7078:JUMP
erc721_evm,7083,JUMP,internal_return,7074:JUMPDEST 7075:SWAP2 7076:DUP3 7077:MSTORE 7078:JUMP 7079:JUMPDEST 7080:PUSH1 7082:SWAP1 7083:JUMP
erc721_evm,7091,JUMPI,adjacent_push,7080:PUSH1 7082:SWAP1 7083:JUMP 7084:JUMPDEST 7085:OP_3d 7086:PUSH0 7087:EQ 7088:PUSH2 7091:JUMPI
erc721_evm,7099,JUMP,adjacent_push,7085:OP_3d 7086:PUSH0 7087:EQ 7088:PUSH2 7091:JUMPI 7092:PUSH2 7095:OP_3d 7096:PUSH2 7099:JUMP
erc721_evm,7110,JUMP,top_computed,7101:SWAP1 7102:OP_3d 7103:PUSH0 7104:PUSH1 7106:DUP5 7107:ADD 7108:OP_3e 7109:JUMPDEST 7110:JUMP
erc721_evm,7118,JUMP,adjacent_push,7106:DUP5 7107:ADD 7108:OP_3e 7109:JUMPDEST 7110:JUMP 7111:JUMPDEST 7112:PUSH2 7115:PUSH2 7118:JUMP
erc721_evm,7124,JUMP,adjacent_push,7110:JUMP 7111:JUMPDEST 7112:PUSH2 7115:PUSH2 7118:JUMP 7119:JUMPDEST 7120:SWAP1 7121:PUSH2 7124:JUMP
erc721_evm,7140,JUMP,adjacent_push,7126:SWAP2 7127:SWAP4 7128:DUP5 7129:OP_3b 7130:PUSH2 7133:PUSH2 7136:PUSH0 7137:PUSH2 7140:JUMP
erc721_evm,7146,JUMP,adjacent_push,7130:PUSH2 7133:PUSH2 7136:PUSH0 7137:PUSH2 7140:JUMP 7141:JUMPDEST 7142:SWAP2 7143:PUSH2 7146:JUMP
erc721_evm,7159,JUMP,unknown_dynamic,7149:PUSH2 7152:JUMPI 7153:JUMPDEST 7154:POP 7155:POP 7156:POP 7157:POP 7158:POP 7159:JUMP
erc721_evm,7181,JUMP,adjacent_push,7164:PUSH0 7165:PUSH1 7167:SWAP5 7168:PUSH2 7171:PUSH2 7174:PUSH2 7177:DUP11 7178:PUSH2 7181:JUMP
erc721_evm,7186,JUMP,adjacent_push,7168:PUSH2 7171:PUSH2 7174:PUSH2 7177:DUP11 7178:PUSH2 7181:JUMP 7182:JUMPDEST 7183:PUSH2 7186:JUMP
erc721_evm,7203,JUMP,adjacent_push,7187:JUMPDEST 7188:SWAP5 7189:PUSH4 7194:SWAP3 7195:SWAP7 7196:SWAP9 7197:PUSH2 7200:PUSH2 7203:JUMP
erc721_evm,7215,JUMP,adjacent_push,7205:SWAP10 7206:DUP11 7207:SWAP9 7208:DUP10 7209:SWAP8 7210:DUP9 7211:SWAP7 7212:PUSH2 7215:JUMP
erc721_evm,7226,JUMP,adjacent_push,7215:JUMP 7216:JUMPDEST 7217:DUP7 7218:MSTORE 7219:PUSH1 7221:DUP7 7222:ADD 7223:PUSH2 7226:JUMP
erc721_evm,7248,JUMPI,adjacent_push,7236:PUSH2 7239:JUMPI 7240:JUMPDEST 7241:POP 7242:ISZERO 7243:PUSH0 7244:EQ 7245:PUSH2 7248:JUMPI
erc721_evm,7255,JUMPI,adjacent_push,7242:ISZERO 7243:PUSH0 7244:EQ 7245:PUSH2 7248:JUMPI 7249:POP 7250:PUSH1 7252:PUSH2 7255:JUMPI
erc721_evm,7266,JUMP,adjacent_push,7256:POP 7257:JUMPDEST 7258:PUSH0 7259:DUP1 7260:DUP1 7261:DUP1 7262:DUP1 7263:PUSH2 7266:JUMP
erc721_evm,7274,JUMP,adjacent_push,7260:DUP1 7261:DUP1 7262:DUP1 7263:PUSH2 7266:JUMP 7267:JUMPDEST 7268:PUSH2 7271:PUSH2 7274:JUMP
erc721_evm,7284,JUMP,adjacent_push,7268:PUSH2 7271:PUSH2 7274:JUMP 7275:JUMPDEST 7276:SWAP1 7277:PUSH2 7280:DUP3 7281:PUSH2 7284:JUMP
erc721_evm,7296,JUMP,adjacent_push,7280:DUP3 7281:PUSH2 7284:JUMP 7285:JUMPDEST 7286:PUSH2 7289:PUSH2 7292:PUSH0 7293:PUSH2 7296:JUMP
erc721_evm,7302,JUMP,adjacent_push,7286:PUSH2 7289:PUSH2 7292:PUSH0 7293:PUSH2 7296:JUMP 7297:JUMPDEST 7298:SWAP2 7299:PUSH2 7302:JUMP
erc721_evm,7310,JUMPI,adjacent_push,7298:SWAP2 7299:PUSH2 7302:JUMP 7303:JUMPDEST 7304:EQ 7305:PUSH0 7306:EQ 7307:PUSH2 7310:JUMPI
erc721_evm,7336,JUMP,adjacent_push,7324:PUSH1 7326:SHL 7327:DUP4 7328:MSTORE 7329:PUSH1 7331:DUP4 7332:ADD 7333:PUSH2 7336:JUMP
erc721_evm,7385,JUMP,adjacent_push,7371:PUSH2 7374:JUMP 7375:JUMPDEST 7376:SUB 7377:PUSH2 7380:JUMPI 7381:POP 7382:PUSH2 7385:JUMP
erc721_evm,7412,JUMP,adjacent_push,7400:PUSH1 7402:SHL 7403:DUP4 7404:MSTORE 7405:PUSH1 7407:DUP4 7408:ADD 7409:PUSH2 7412:JUMP
erc721_evm,7432,JUMPI,adjacent_push,7421:SWAP2 7422:SWAP3 7423:POP 7424:PUSH1 7426:OP_3d 7427:DUP2 7428:GT 7429:PUSH2 7432:JUMPI
erc721_evm,7442,JUMP,adjacent_push,7428:GT 7429:PUSH2 7432:JUMPI 7433:JUMPDEST 7434:PUSH2 7437:DUP2 7438:DUP4 7439:PUSH2 7442:JUMP
erc721_evm,7450,JUMP,adjacent_push,7438:DUP4 7439:PUSH2 7442:JUMP 7443:JUMPDEST 7444:DUP2 7445:ADD 7446:SWAP1 7447:PUSH2 7450:JUMP
erc721_evm,7457,JUMP,adjacent_push,7445:ADD 7446:SWAP1 7447:PUSH2 7450:JUMP 7451:JUMPDEST 7452:SWAP1 7453:PUSH0 7454:PUSH2 7457:JUMP
erc721_evm,7464,JUMP,adjacent_push,7452:SWAP1 7453:PUSH0 7454:PUSH2 7457:JUMP 7458:JUMPDEST 7459:POP 7460:OP_3d 7461:PUSH2 7464:JUMP
erc721_evm,7472,JUMP,adjacent_push,7458:JUMPDEST 7459:POP 7460:OP_3d 7461:PUSH2 7464:JUMP 7465:JUMPDEST 7466:PUSH2 7469:PUSH2 7472:JUMP
erc721_evm,7481,JUMP,adjacent_push,7465:JUMPDEST 7466:PUSH2 7469:PUSH2 7472:JUMP 7473:JUMPDEST 7474:POP 7475:PUSH2 7478:PUSH2 7481:JUMP
erc721_evm,7484,JUMP,internal_return,7472:JUMP 7473:JUMPDEST 7474:POP 7475:PUSH2 7478:PUSH2 7481:JUMP 7482:JUMPDEST 7483:SWAP1 7484:JUMP
erc721_evm,7489,JUMP,unknown_dynamic,7481:JUMP 7482:JUMPDEST 7483:SWAP1 7484:JUMP 7485:JUMPDEST 7486:CALLDATASIZE 7487:SWAP1 7488:OP_37 7489:JUMP
erc721_evm,7502,JUMP,adjacent_push,7488:OP_37 7489:JUMP 7490:JUMPDEST 7491:SWAP1 7492:PUSH2 7495:PUSH2 7498:DUP4 7499:PUSH2 7502:JUMP
erc721_evm,7516,JUMP,adjacent_push,7503:JUMPDEST 7504:SWAP3 7505:PUSH1 7507:DUP1 7508:PUSH2 7511:DUP7 7512:SWAP4 7513:PUSH2 7516:JUMP
erc721_evm,7526,JUMP,adjacent_push,7516:JUMP 7517:JUMPDEST 7518:SWAP3 7519:ADD 7520:SWAP2 7521:SUB 7522:SWAP1 7523:PUSH2 7526:JUMP
erc721_evm,7528,JUMP,bare_jumpdest_jump,7518:SWAP3 7519:ADD 7520:SWAP2 7521:SUB 7522:SWAP1 7523:PUSH2 7526:JUMP 7527:JUMPDEST 7528:JUMP
erc721_evm,7540,JUMP,adjacent_push,7527:JUMPDEST 7528:JUMP 7529:JUMPDEST 7530:PUSH1 7532:PUSH2 7535:SWAP2 7536:SUB 7537:PUSH2 7540:JUMP
erc721_evm,7543,JUMP,internal_return,7530:PUSH1 7532:PUSH2 7535:SWAP2 7536:SUB 7537:PUSH2 7540:JUMP 7541:JUMPDEST 7542:SWAP1 7543:JUMP
erc721_evm,7546,JUMP,internal_return,7536:SUB 7537:PUSH2 7540:JUMP 7541:JUMPDEST 7542:SWAP1 7543:JUMP 7544:JUMPDEST 7545:SWAP1 7546:JUMP
erc721_evm,7561,JUMP,adjacent_push,7545:SWAP1 7546:JUMP 7547:JUMPDEST 7548:PUSH2 7551:PUSH2 7554:PUSH2 7557:SWAP3 7558:PUSH2 7561:JUMP
erc721_evm,7566,JUMP,adjacent_push,7548:PUSH2 7551:PUSH2 7554:PUSH2 7557:SWAP3 7558:PUSH2 7561:JUMP 7562:JUMPDEST 7563:PUSH2 7566:JUMP
erc721_evm,7571,JUMP,adjacent_push,7557:SWAP3 7558:PUSH2 7561:JUMP 7562:JUMPDEST 7563:PUSH2 7566:JUMP 7567:JUMPDEST 7568:PUSH2 7571:JUMP
erc721_evm,7574,JUMP,internal_return,7562:JUMPDEST 7563:PUSH2 7566:JUMP 7567:JUMPDEST 7568:PUSH2 7571:JUMP 7572:JUMPDEST 7573:SWAP1 7574:JUMP
erc721_evm,7606,JUMP,adjacent_push,7591:PUSH1 7593:PUSH0 7594:OP_fd 7595:JUMPDEST 7596:PUSH2 7599:PUSH2 7602:SWAP2 7603:PUSH2 7606:JUMP
erc721_evm,7612,JUMP,adjacent_push,7596:PUSH2 7599:PUSH2 7602:SWAP2 7603:PUSH2 7606:JUMP 7607:JUMPDEST 7608:SWAP2 7609:PUSH2 7612:JUMP
erc721_evm,7620,JUMPI,adjacent_push,7608:SWAP2 7609:PUSH2 7612:JUMP 7613:JUMPDEST 7614:SWAP1 7615:DUP2 7616:ISZERO 7617:PUSH2 7620:JUMPI
erc721_evm,7623,JUMP,internal_return,7613:JUMPDEST 7614:SWAP1 7615:DUP2 7616:ISZERO 7617:PUSH2 7620:JUMPI 7621:OP_04 7622:SWAP1 7623:JUMP
erc721_evm,7628,JUMP,adjacent_push,7616:ISZERO 7617:PUSH2 7620:JUMPI 7621:OP_04 7622:SWAP1 7623:JUMP 7624:JUMPDEST 7625:PUSH2 7628:JUMP
erc721_evm,7636,JUMP,adjacent_push,7622:SWAP1 7623:JUMP 7624:JUMPDEST 7625:PUSH2 7628:JUMP 7629:JUMPDEST 7630:PUSH2 7633:PUSH2 7636:JUMP
erc721_evm,7649,JUMP,adjacent_push,7633:PUSH2 7636:JUMP 7637:JUMPDEST 7638:POP 7639:PUSH2 7642:PUSH2 7645:DUP3 7646:PUSH2 7649:JUMP
erc721_evm,7659,JUMP,adjacent_push,7642:PUSH2 7645:DUP3 7646:PUSH2 7649:JUMP 7650:JUMPDEST 7651:PUSH2 7654:PUSH1 7656:PUSH2 7659:JUMP
erc721_evm,7665,JUMP,adjacent_push,7650:JUMPDEST 7651:PUSH2 7654:PUSH1 7656:PUSH2 7659:JUMP 7660:JUMPDEST 7661:SWAP1 7662:PUSH2 7665:JUMP
erc721_evm,7675,JUMP,adjacent_push,7661:SWAP1 7662:PUSH2 7665:JUMP 7666:JUMPDEST 7667:SWAP1 7668:PUSH2 7671:DUP3 7672:PUSH2 7675:JUMP
erc721_evm,7684,JUMP,adjacent_push,7668:PUSH2 7671:DUP3 7672:PUSH2 7675:JUMP 7676:JUMPDEST 7677:SWAP2 7678:PUSH2 7681:PUSH2 7684:JUMP
erc721_evm,7710,JUMP,adjacent_push,7693:PUSH1 7695:ISZERO 7696:PUSH2 7699:JUMPI 7700:PUSH2 7703:PUSH2 7706:SWAP2 7707:PUSH2 7710:JUMP
erc721_evm,7748,JUMP,adjacent_push,7735:DUP3 7736:OP_06 7737:BYTE 7738:DUP4 7739:OP_53 7740:PUSH2 7743:PUSH1 7745:PUSH2 7748:JUMP
erc721_evm,7754,JUMP,adjacent_push,7739:OP_53 7740:PUSH2 7743:PUSH1 7745:PUSH2 7748:JUMP 7749:JUMPDEST 7750:SWAP1 7751:PUSH2 7754:JUMP
erc721_evm,7767,JUMP,adjacent_push,7751:PUSH2 7754:JUMP 7755:JUMPDEST 7756:DUP1 7757:PUSH2 7760:PUSH2 7763:PUSH0 7764:PUSH2 7767:JUMP
erc721_evm,7773,JUMP,adjacent_push,7757:PUSH2 7760:PUSH2 7763:PUSH0 7764:PUSH2 7767:JUMP 7768:JUMPDEST 7769:SWAP2 7770:PUSH2 7773:JUMP
erc721_evm,7779,JUMPI,adjacent_push,7767:JUMP 7768:JUMPDEST 7769:SWAP2 7770:PUSH2 7773:JUMP 7774:JUMPDEST 7775:EQ 7776:PUSH2 7779:JUMPI
erc721_evm,7784,JUMP,adjacent_push,7770:PUSH2 7773:JUMP 7774:JUMPDEST 7775:EQ 7776:PUSH2 7779:JUMPI 7780:SWAP1 7781:PUSH2 7784:JUMP
erc721_evm,7790,JUMP,internal_return,7780:SWAP1 7781:PUSH2 7784:JUMP 7785:JUMPDEST 7786:POP 7787:POP 7788:JUMPDEST 7789:SWAP1 7790:JUMP
erc721_evm,7797,JUMP,adjacent_push,7787:POP 7788:JUMPDEST 7789:SWAP1 7790:JUMP 7791:JUMPDEST 7792:POP 7793:POP 7794:PUSH2 7797:JUMP
erc721_evm,7820,JUMP,adjacent_push,7805:SWAP2 7806:PUSH2 7809:PUSH2 7812:JUMP 7813:JUMPDEST 7814:POP 7815:PUSH1 7817:PUSH2 7820:JUMP
erc721_evm,7825,JUMP,adjacent_push,7812:JUMP 7813:JUMPDEST 7814:POP 7815:PUSH1 7817:PUSH2 7820:JUMP 7821:JUMPDEST 7822:PUSH2 7825:JUMP
erc721_evm,7828,JUMP,internal_return,7815:PUSH1 7817:PUSH2 7820:JUMP 7821:JUMPDEST 7822:PUSH2 7825:JUMP 7826:JUMPDEST 7827:SWAP1 7828:JUMP
erc721_evm,7839,JUMPI,adjacent_push,7829:JUMPDEST 7830:SWAP2 7831:SWAP1 7832:SWAP3 7833:DUP1 7834:DUP1 7835:ISZERO 7836:PUSH2 7839:JUMPI
erc721_evm,7844,JUMPI,adjacent_push,7832:SWAP3 7833:DUP1 7834:DUP1 7835:ISZERO 7836:PUSH2 7839:JUMPI 7840:JUMPDEST 7841:PUSH2 7844:JUMPI
erc721_evm,7862,JUMP,adjacent_push,7847:POP 7848:SWAP1 7849:PUSH2 7852:PUSH2 7855:SWAP3 7856:SWAP2 7857:PUSH1 7859:PUSH2 7862:JUMP
erc721_evm,7867,JUMP,adjacent_push,7852:PUSH2 7855:SWAP3 7856:SWAP2 7857:PUSH1 7859:PUSH2 7862:JUMP 7863:JUMPDEST 7864:PUSH2 7867:JUMP
erc721_evm,7869,JUMP,bare_jumpdest_jump,7856:SWAP2 7857:PUSH1 7859:PUSH2 7862:JUMP 7863:JUMPDEST 7864:PUSH2 7867:JUMP 7868:JUMPDEST 7869:JUMP
erc721_evm,7878,JUMP,adjacent_push,7864:PUSH2 7867:JUMP 7868:JUMPDEST 7869:JUMP 7870:JUMPDEST 7871:PUSH2 7874:DUP5 7875:PUSH2 7878:JUMP
erc721_evm,7895,JUMP,adjacent_push,7879:JUMPDEST 7880:SWAP2 7881:DUP1 7882:PUSH2 7885:PUSH2 7888:PUSH2 7891:PUSH0 7892:PUSH2 7895:JUMP
erc721_evm,7900,JUMP,adjacent_push,7882:PUSH2 7885:PUSH2 7888:PUSH2 7891:PUSH0 7892:PUSH2 7895:JUMP 7896:JUMPDEST 7897:PUSH2 7900:JUMP
erc721_evm,7906,JUMP,adjacent_push,7892:PUSH2 7895:JUMP 7896:JUMPDEST 7897:PUSH2 7900:JUMP 7901:JUMPDEST 7902:SWAP2 7903:PUSH2 7906:JUMP
erc721_evm,7914,JUMPI,adjacent_push,7902:SWAP2 7903:PUSH2 7906:JUMP 7907:JUMPDEST 7908:EQ 7909:ISZERO 7910:DUP1 7911:PUSH2 7914:JUMPI
erc721_evm,7920,JUMPI,adjacent_push,7908:EQ 7909:ISZERO 7910:DUP1 7911:PUSH2 7914:JUMPI 7915:JUMPDEST 7916:DUP1 7917:PUSH2 7920:JUMPI
erc721_evm,7925,JUMPI,adjacent_push,7911:PUSH2 7914:JUMPI 7915:JUMPDEST 7916:DUP1 7917:PUSH2 7920:JUMPI 7921:JUMPDEST 7922:PUSH2 7925:JUMPI
erc721_evm,7940,JUMPI,adjacent_push,7926:POP 7927:SWAP2 7928:PUSH2 7931:SWAP2 7932:PUSH2 7935:SWAP5 7936:SWAP4 7937:PUSH2 7940:JUMPI
erc721_evm,7999,JUMP,adjacent_push,7951:DUP5 7952:SWAP1 7953:PUSH2 7956:PUSH2 7959:PUSH2 7962:PUSH32 7995:SWAP6 7996:PUSH2 7999:JUMP
erc721_evm,8005,JUMP,adjacent_push,7959:PUSH2 7962:PUSH32 7995:SWAP6 7996:PUSH2 7999:JUMP 8000:JUMPDEST 8001:SWAP3 8002:PUSH2 8005:JUMP
erc721_evm,8011,JUMP,adjacent_push,7999:JUMP 8000:JUMPDEST 8001:SWAP3 8002:PUSH2 8005:JUMP 8006:JUMPDEST 8007:SWAP3 8008:PUSH2 8011:JUMP
erc721_evm,8020,JUMP,adjacent_push,8006:JUMPDEST 8007:SWAP3 8008:PUSH2 8011:JUMP 8012:JUMPDEST 8013:SWAP3 8014:PUSH2 8017:PUSH2 8020:JUMP
erc721_evm,8030,JUMP,adjacent_push,8014:PUSH2 8017:PUSH2 8020:JUMP 8021:JUMPDEST 8022:DUP1 8023:PUSH2 8026:DUP2 8027:PUSH2 8030:JUMP
erc721_evm,8039,JUMP,adjacent_push,8027:PUSH2 8030:JUMP 8031:JUMPDEST 8032:SUB 8033:SWAP1 8034:OP_a4 8035:PUSH0 8036:PUSH2 8039:JUMP
erc721_evm,8066,JUMP,adjacent_push,8054:PUSH1 8056:SHL 8057:DUP4 8058:MSTORE 8059:PUSH1 8061:DUP4 8062:ADD 8063:PUSH2 8066:JUMP
erc721_evm,8085,JUMP,adjacent_push,8071:JUMPDEST 8072:POP 8073:PUSH2 8076:PUSH2 8079:DUP5 8080:DUP4 8081:SWAP1 8082:PUSH2 8085:JUMP
erc721_evm,8091,JUMP,adjacent_push,8079:DUP5 8080:DUP4 8081:SWAP1 8082:PUSH2 8085:JUMP 8086:JUMPDEST 8087:ISZERO 8088:PUSH2 8091:JUMP
erc721_evm,8096,JUMP,adjacent_push,8082:PUSH2 8085:JUMP 8086:JUMPDEST 8087:ISZERO 8088:PUSH2 8091:JUMP 8092:JUMPDEST 8093:PUSH2 8096:JUMP
erc721_evm,8110,JUMP,adjacent_push,8096:JUMP 8097:JUMPDEST 8098:POP 8099:DUP3 8100:PUSH2 8103:PUSH2 8106:DUP4 8107:PUSH2 8110:JUMP
erc721_evm,8116,JUMP,adjacent_push,8100:PUSH2 8103:PUSH2 8106:DUP4 8107:PUSH2 8110:JUMP 8111:JUMPDEST 8112:SWAP2 8113:PUSH2 8116:JUMP
erc721_evm,8140,JUMP,adjacent_push,8124:JUMPDEST 8125:POP 8126:DUP2 8127:PUSH2 8130:PUSH2 8133:PUSH2 8136:PUSH0 8137:PUSH2 8140:JUMP
erc721_evm,8145,JUMP,adjacent_push,8127:PUSH2 8130:PUSH2 8133:PUSH2 8136:PUSH0 8137:PUSH2 8140:JUMP 8141:JUMPDEST 8142:PUSH2 8145:JUMP
erc721_evm,8151,JUMP,adjacent_push,8137:PUSH2 8140:JUMP 8141:JUMPDEST 8142:PUSH2 8145:JUMP 8146:JUMPDEST 8147:SWAP2 8148:PUSH2 8151:JUMP
erc721_evm,8184,JUMP,adjacent_push,8174:DUP3 8175:ADD 8176:SWAP7 8177:PUSH0 8178:DUP4 8179:ADD 8180:SWAP1 8181:PUSH2 8184:JUMP
erc721_evm,8193,JUMP,bare_jumpdest_jump,8181:PUSH2 8184:JUMP 8185:JUMPDEST 8186:ADD 8187:SWAP1 8188:PUSH2 8191:JUMP 8192:JUMPDEST 8193:JUMP
erc721_evm,8208,JUMP,adjacent_push,8194:JUMPDEST 8195:PUSH2 8198:PUSH2 8201:DUP3 8202:DUP5 8203:DUP7 8204:SWAP2 8205:PUSH2 8208:JUMP
erc721_evm,8214,JUMP,adjacent_push,8202:DUP5 8203:DUP7 8204:SWAP2 8205:PUSH2 8208:JUMP 8209:JUMPDEST 8210:ISZERO 8211:PUSH2 8214:JUMP
erc721_evm,8219,JUMPI,adjacent_push,8205:PUSH2 8208:JUMP 8209:JUMPDEST 8210:ISZERO 8211:PUSH2 8214:JUMP 8215:JUMPDEST 8216:PUSH2 8219:JUMPI
erc721_evm,8223,JUMP,unknown_dynamic,8211:PUSH2 8214:JUMP 8215:JUMPDEST 8216:PUSH2 8219:JUMPI 8220:POP 8221:POP 8222:POP 8223:JUMP
erc721_evm,8238,JUMP,adjacent_push,8222:POP 8223:JUMP 8224:JUMPDEST 8225:PUSH2 8228:PUSH2 8231:PUSH2 8234:PUSH0 8235:PUSH2 8238:JUMP
erc721_evm,8243,JUMP,adjacent_push,8225:PUSH2 8228:PUSH2 8231:PUSH2 8234:PUSH0 8235:PUSH2 8238:JUMP 8239:JUMPDEST 8240:PUSH2 8243:JUMP
erc721_evm,8249,JUMP,adjacent_push,8235:PUSH2 8238:JUMP 8239:JUMPDEST 8240:PUSH2 8243:JUMP 8244:JUMPDEST 8245:SWAP2 8246:PUSH2 8249:JUMP
erc721_evm,8257,JUMPI,adjacent_push,8245:SWAP2 8246:PUSH2 8249:JUMP 8250:JUMPDEST 8251:EQ 8252:PUSH0 8253:EQ 8254:PUSH2 8257:JUMPI
erc721_evm,8313,JUMP,adjacent_push,8301:PUSH1 8303:SHL 8304:DUP5 8305:MSTORE 8306:PUSH1 8308:DUP5 8309:ADD 8310:PUSH2 8313:JUMP
erc721_evm,8334,JUMP,adjacent_push,8320:SWAP2 8321:PUSH2 8324:SWAP3 8325:PUSH2 8328:DUP4 8329:DUP3 8330:SWAP1 8331:PUSH2 8334:JUMP
erc721_evm,8342,JUMP,adjacent_push,8328:DUP4 8329:DUP3 8330:SWAP1 8331:PUSH2 8334:JUMP 8335:JUMPDEST 8336:PUSH2 8339:PUSH2 8342:JUMP
erc721_evm,8352,JUMP,adjacent_push,8336:PUSH2 8339:PUSH2 8342:JUMP 8343:JUMPDEST 8344:SWAP3 8345:PUSH2 8348:PUSH0 8349:PUSH2 8352:JUMP
erc721_evm,8361,JUMP,adjacent_push,8349:PUSH2 8352:JUMP 8353:JUMPDEST 8354:SWAP1 8355:SWAP2 8356:SWAP3 8357:SWAP4 8358:PUSH2 8361:JUMP
erc721_evm,8363,JUMP,bare_jumpdest_jump,8353:JUMPDEST 8354:SWAP1 8355:SWAP2 8356:SWAP3 8357:SWAP4 8358:PUSH2 8361:JUMP 8362:JUMPDEST 8363:JUMP
erc721_evm,8366,JUMP,internal_return,8356:SWAP3 8357:SWAP4 8358:PUSH2 8361:JUMP 8362:JUMPDEST 8363:JUMP 8364:JUMPDEST 8365:SWAP1 8366:JUMP
erc721_evm,8386,JUMP,adjacent_push,8368:PUSH2 8371:PUSH2 8374:PUSH2 8377:SWAP3 8378:PUSH2 8381:JUMP 8382:JUMPDEST 8383:PUSH2 8386:JUMP
erc721_evm,8391,JUMP,adjacent_push,8377:SWAP3 8378:PUSH2 8381:JUMP 8382:JUMPDEST 8383:PUSH2 8386:JUMP 8387:JUMPDEST 8388:PUSH2 8391:JUMP
erc721_evm,8394,JUMP,internal_return,8382:JUMPDEST 8383:PUSH2 8386:JUMP 8387:JUMPDEST 8388:PUSH2 8391:JUMP 8392:JUMPDEST 8393:SWAP1 8394:JUMP
erc721_evm,8397,JUMP,internal_return,8387:JUMPDEST 8388:PUSH2 8391:JUMP 8392:JUMPDEST 8393:SWAP1 8394:JUMP 8395:JUMPDEST 8396:SWAP1 8397:JUMP
erc721_evm,8412,JUMP,adjacent_push,8396:SWAP1 8397:JUMP 8398:JUMPDEST 8399:PUSH2 8402:PUSH2 8405:PUSH2 8408:SWAP3 8409:PUSH2 8412:JUMP
erc721_evm,8417,JUMP,adjacent_push,8399:PUSH2 8402:PUSH2 8405:PUSH2 8408:SWAP3 8409:PUSH2 8412:JUMP 8413:JUMPDEST 8414:PUSH2 8417:JUMP
erc721_evm,8422,JUMP,adjacent_push,8408:SWAP3 8409:PUSH2 8412:JUMP 8413:JUMPDEST 8414:PUSH2 8417:JUMP 8418:JUMPDEST 8419:PUSH2 8422:JUMP
erc721_evm,8425,JUMP,internal_return,8413:JUMPDEST 8414:PUSH2 8417:JUMP 8418:JUMPDEST 8419:PUSH2 8422:JUMP 8423:JUMPDEST 8424:SWAP1 8425:JUMP
erc721_evm,8428,JUMP,internal_return,8418:JUMPDEST 8419:PUSH2 8422:JUMP 8423:JUMPDEST 8424:SWAP1 8425:JUMP 8426:JUMPDEST 8427:SWAP1 8428:JUMP
erc721_evm,8443,JUMP,adjacent_push,8427:SWAP1 8428:JUMP 8429:JUMPDEST 8430:PUSH2 8433:PUSH2 8436:PUSH2 8439:SWAP3 8440:PUSH2 8443:JUMP
erc721_evm,8448,JUMP,adjacent_push,8430:PUSH2 8433:PUSH2 8436:PUSH2 8439:SWAP3 8440:PUSH2 8443:JUMP 8444:JUMPDEST 8445:PUSH2 8448:JUMP
erc721_evm,8453,JUMP,adjacent_push,8439:SWAP3 8440:PUSH2 8443:JUMP 8444:JUMPDEST 8445:PUSH2 8448:JUMP 8449:JUMPDEST 8450:PUSH2 8453:JUMP
erc721_evm,8456,JUMP,internal_return,8444:JUMPDEST 8445:PUSH2 8448:JUMP 8449:JUMPDEST 8450:PUSH2 8453:JUMP 8454:JUMPDEST 8455:SWAP1 8456:JUMP
erc721_evm,8459,JUMP,internal_return,8449:JUMPDEST 8450:PUSH2 8453:JUMP 8454:JUMPDEST 8455:SWAP1 8456:JUMP 8457:JUMPDEST 8458:SWAP1 8459:JUMP
erc721_evm,8474,JUMP,adjacent_push,8458:SWAP1 8459:JUMP 8460:JUMPDEST 8461:PUSH2 8464:PUSH2 8467:PUSH2 8470:SWAP3 8471:PUSH2 8474:JUMP
erc721_evm,8479,JUMP,adjacent_push,8461:PUSH2 8464:PUSH2 8467:PUSH2 8470:SWAP3 8471:PUSH2 8474:JUMP 8475:JUMPDEST 8476:PUSH2 8479:JUMP
erc721_evm,8484,JUMP,adjacent_push,8470:SWAP3 8471:PUSH2 8474:JUMP 8475:JUMPDEST 8476:PUSH2 8479:JUMP 8480:JUMPDEST 8481:PUSH2 8484:JUMP
erc721_evm,8487,JUMP,internal_return,8475:JUMPDEST 8476:PUSH2 8479:JUMP 8480:JUMPDEST 8481:PUSH2 8484:JUMP 8485:JUMPDEST 8486:SWAP1 8487:JUMP
erc721_evm,8490,JUMP,internal_return,8480:JUMPDEST 8481:PUSH2 8484:JUMP 8485:JUMPDEST 8486:SWAP1 8487:JUMP 8488:JUMPDEST 8489:SWAP1 8490:JUMP
erc721_evm,8505,JUMP,adjacent_push,8489:SWAP1 8490:JUMP 8491:JUMPDEST 8492:PUSH2 8495:PUSH2 8498:PUSH2 8501:SWAP3 8502:PUSH2 8505:JUMP
erc721_evm,8510,JUMP,adjacent_push,8492:PUSH2 8495:PUSH2 8498:PUSH2 8501:SWAP3 8502:PUSH2 8505:JUMP 8506:JUMPDEST 8507:PUSH2 8510:JUMP
erc721_evm,8515,JUMP,adjacent_push,8501:SWAP3 8502:PUSH2 8505:JUMP 8506:JUMPDEST 8507:PUSH2 8510:JUMP 8511:JUMPDEST 8512:PUSH2 8515:JUMP
erc721_evm,8518,JUMP,internal_return,8506:JUMPDEST 8507:PUSH2 8510:JUMP 8511:JUMPDEST 8512:PUSH2 8515:JUMP 8516:JUMPDEST 8517:SWAP1 8518:JUMP
erc721_evm,8521,JUMP,internal_return,8511:JUMPDEST 8512:PUSH2 8515:JUMP 8516:JUMPDEST 8517:SWAP1 8518:JUMP 8519:JUMPDEST 8520:SWAP1 8521:JUMP
erc721_evm,8541,JUMP,adjacent_push,8523:PUSH2 8526:PUSH2 8529:PUSH2 8532:SWAP3 8533:PUSH2 8536:JUMP 8537:JUMPDEST 8538:PUSH2 8541:JUMP
erc721_evm,8546,JUMP,adjacent_push,8532:SWAP3 8533:PUSH2 8536:JUMP 8537:JUMPDEST 8538:PUSH2 8541:JUMP 8542:JUMPDEST 8543:PUSH2 8546:JUMP
erc721_evm,8549,JUMP,internal_return,8537:JUMPDEST 8538:PUSH2 8541:JUMP 8542:JUMPDEST 8543:PUSH2 8546:JUMP 8547:JUMPDEST 8548:SWAP1 8549:JUMP
erc721_evm,8552,JUMP,internal_return,8542:JUMPDEST 8543:PUSH2 8546:JUMP 8547:JUMPDEST 8548:SWAP1 8549:JUMP 8550:JUMPDEST 8551:SWAP1 8552:JUMP
erc721_evm,8567,JUMP,adjacent_push,8551:SWAP1 8552:JUMP 8553:JUMPDEST 8554:PUSH2 8557:PUSH2 8560:PUSH2 8563:SWAP3 8564:PUSH2 8567:JUMP
erc721_evm,8572,JUMP,adjacent_push,8554:PUSH2 8557:PUSH2 8560:PUSH2 8563:SWAP3 8564:PUSH2 8567:JUMP 8568:JUMPDEST 8569:PUSH2 8572:JUMP
erc721_evm,8577,JUMP,adjacent_push,8563:SWAP3 8564:PUSH2 8567:JUMP 8568:JUMPDEST 8569:PUSH2 8572:JUMP 8573:JUMPDEST 8574:PUSH2 8577:JUMP
erc721_evm,8580,JUMP,internal_return,8568:JUMPDEST 8569:PUSH2 8572:JUMP 8573:JUMPDEST 8574:PUSH2 8577:JUMP 8578:JUMPDEST 8579:SWAP1 8580:JUMP
erc721_evm,8583,JUMP,internal_return,8573:JUMPDEST 8574:PUSH2 8577:JUMP 8578:JUMPDEST 8579:SWAP1 8580:JUMP 8581:JUMPDEST 8582:SWAP1 8583:JUMP
erc721_evm,8598,JUMP,adjacent_push,8582:SWAP1 8583:JUMP 8584:JUMPDEST 8585:PUSH2 8588:PUSH2 8591:PUSH2 8594:SWAP3 8595:PUSH2 8598:JUMP
erc721_evm,8603,JUMP,adjacent_push,8585:PUSH2 8588:PUSH2 8591:PUSH2 8594:SWAP3 8595:PUSH2 8598:JUMP 8599:JUMPDEST 8600:PUSH2 8603:JUMP
erc721_evm,8608,JUMP,adjacent_push,8594:SWAP3 8595:PUSH2 8598:JUMP 8599:JUMPDEST 8600:PUSH2 8603:JUMP 8604:JUMPDEST 8605:PUSH2 8608:JUMP
erc721_evm,8611,JUMP,internal_return,8599:JUMPDEST 8600:PUSH2 8603:JUMP 8604:JUMPDEST 8605:PUSH2 8608:JUMP 8609:JUMPDEST 8610:SWAP1 8611:JUMP
erc721_evm,8614,JUMP,internal_return,8604:JUMPDEST 8605:PUSH2 8608:JUMP 8609:JUMPDEST 8610:SWAP1 8611:JUMP 8612:JUMPDEST 8613:SWAP1 8614:JUMP
erc721_evm,8629,JUMP,adjacent_push,8613:SWAP1 8614:JUMP 8615:JUMPDEST 8616:PUSH2 8619:PUSH2 8622:PUSH2 8625:SWAP3 8626:PUSH2 8629:JUMP
erc721_evm,8634,JUMP,adjacent_push,8616:PUSH2 8619:PUSH2 8622:PUSH2 8625:SWAP3 8626:PUSH2 8629:JUMP 8630:JUMPDEST 8631:PUSH2 8634:JUMP
erc721_evm,8639,JUMP,adjacent_push,8625:SWAP3 8626:PUSH2 8629:JUMP 8630:JUMPDEST 8631:PUSH2 8634:JUMP 8635:JUMPDEST 8636:PUSH2 8639:JUMP
erc721_evm,8642,JUMP,internal_return,8630:JUMPDEST 8631:PUSH2 8634:JUMP 8635:JUMPDEST 8636:PUSH2 8639:JUMP 8640:JUMPDEST 8641:SWAP1 8642:JUMP
erc721_evm,8645,JUMP,internal_return,8635:JUMPDEST 8636:PUSH2 8639:JUMP 8640:JUMPDEST 8641:SWAP1 8642:JUMP 8643:JUMPDEST 8644:SWAP1 8645:JUMP
erc721_evm,8660,JUMP,adjacent_push,8644:SWAP1 8645:JUMP 8646:JUMPDEST 8647:PUSH2 8650:PUSH2 8653:PUSH2 8656:SWAP3 8657:PUSH2 8660:JUMP
erc721_evm,8665,JUMP,adjacent_push,8647:PUSH2 8650:PUSH2 8653:PUSH2 8656:SWAP3 8657:PUSH2 8660:JUMP 8661:JUMPDEST 8662:PUSH2 8665:JUMP
erc721_evm,8670,JUMP,adjacent_push,8656:SWAP3 8657:PUSH2 8660:JUMP 8661:JUMPDEST 8662:PUSH2 8665:JUMP 8666:JUMPDEST 8667:PUSH2 8670:JUMP
erc721_evm,8673,JUMP,internal_return,8661:JUMPDEST 8662:PUSH2 8665:JUMP 8666:JUMPDEST 8667:PUSH2 8670:JUMP 8671:JUMPDEST 8672:SWAP1 8673:JUMP
erc721_evm,8676,JUMP,internal_return,8666:JUMPDEST 8667:PUSH2 8670:JUMP 8671:JUMPDEST 8672:SWAP1 8673:JUMP 8674:JUMPDEST 8675:SWAP1 8676:JUMP
erc721_evm,8691,JUMP,adjacent_push,8675:SWAP1 8676:JUMP 8677:JUMPDEST 8678:PUSH2 8681:PUSH2 8684:PUSH2 8687:SWAP3 8688:PUSH2 8691:JUMP
erc721_evm,8696,JUMP,adjacent_push,8678:PUSH2 8681:PUSH2 8684:PUSH2 8687:SWAP3 8688:PUSH2 8691:JUMP 8692:JUMPDEST 8693:PUSH2 8696:JUMP
erc721_evm,8701,JUMP,adjacent_push,8687:SWAP3 8688:PUSH2 8691:JUMP 8692:JUMPDEST 8693:PUSH2 8696:JUMP 8697:JUMPDEST 8698:PUSH2 8701:JUMP
erc721_evm,8704,JUMP,internal_return,8692:JUMPDEST 8693:PUSH2 8696:JUMP 8697:JUMPDEST 8698:PUSH2 8701:JUMP 8702:JUMPDEST 8703:SWAP1 8704:JUMP
erc721_evm,8707,JUMP,internal_return,8697:JUMPDEST 8698:PUSH2 8701:JUMP 8702:JUMPDEST 8703:SWAP1 8704:JUMP 8705:JUMPDEST 8706:SWAP1 8707:JUMP
erc721_evm,8722,JUMP,adjacent_push,8706:SWAP1 8707:JUMP 8708:JUMPDEST 8709:PUSH2 8712:PUSH2 8715:PUSH2 8718:SWAP3 8719:PUSH2 8722:JUMP
erc721_evm,8727,JUMP,adjacent_push,8709:PUSH2 8712:PUSH2 8715:PUSH2 8718:SWAP3 8719:PUSH2 8722:JUMP 8723:JUMPDEST 8724:PUSH2 8727:JUMP
erc721_evm,8732,JUMP,adjacent_push,8718:SWAP3 8719:PUSH2 8722:JUMP 8723:JUMPDEST 8724:PUSH2 8727:JUMP 8728:JUMPDEST 8729:PUSH2 8732:JUMP
erc721_evm,8735,JUMP,internal_return,8723:JUMPDEST 8724:PUSH2 8727:JUMP 8728:JUMPDEST 8729:PUSH2 8732:JUMP 8733:JUMPDEST 8734:SWAP1 8735:JUMP
erc721_evm,8743,JUMP,adjacent_push,8729:PUSH2 8732:JUMP 8733:JUMPDEST 8734:SWAP1 8735:JUMP 8736:JUMPDEST 8737:PUSH2 8740:PUSH2 8743:JUMP
erc721_evm,8753,JUMP,adjacent_push,8737:PUSH2 8740:PUSH2 8743:JUMP 8744:JUMPDEST 8745:POP 8746:PUSH2 8749:PUSH0 8750:PUSH2 8753:JUMP
erc721_evm,8794,JUMP,adjacent_push,8753:JUMP 8754:JUMPDEST 8755:SWAP1 8756:DUP1 8757:PUSH2 8760:PUSH2 8763:PUSH27 8791:PUSH2 8794:JUMP
erc721_evm,8800,JUMP,adjacent_push,8757:PUSH2 8760:PUSH2 8763:PUSH27 8791:PUSH2 8794:JUMP 8795:JUMPDEST 8796:SWAP2 8797:PUSH2 8800:JUMP
erc721_evm,8807,JUMPI,adjacent_push,8795:JUMPDEST 8796:SWAP2 8797:PUSH2 8800:JUMP 8801:JUMPDEST 8802:LT 8803:ISZERO 8804:PUSH2 8807:JUMPI
erc721_evm,8834,JUMP,adjacent_push,8804:PUSH2 8807:JUMPI 8808:JUMPDEST 8809:DUP1 8810:PUSH2 8813:PUSH2 8816:PUSH14 8831:PUSH2 8834:JUMP
erc721_evm,8840,JUMP,adjacent_push,8810:PUSH2 8813:PUSH2 8816:PUSH14 8831:PUSH2 8834:JUMP 8835:JUMPDEST 8836:SWAP2 8837:PUSH2 8840:JUMP
erc721_evm,8847,JUMPI,adjacent_push,8835:JUMPDEST 8836:SWAP2 8837:PUSH2 8840:JUMP 8841:JUMPDEST 8842:LT 8843:ISZERO 8844:PUSH2 8847:JUMPI
erc721_evm,8867,JUMP,adjacent_push,8844:PUSH2 8847:JUMPI 8848:JUMPDEST 8849:DUP1 8850:PUSH2 8853:PUSH2 8856:PUSH7 8864:PUSH2 8867:JUMP
erc721_evm,8873,JUMP,adjacent_push,8850:PUSH2 8853:PUSH2 8856:PUSH7 8864:PUSH2 8867:JUMP 8868:JUMPDEST 8869:SWAP2 8870:PUSH2 8873:JUMP
erc721_evm,8880,JUMPI,adjacent_push,8868:JUMPDEST 8869:SWAP2 8870:PUSH2 8873:JUMP 8874:JUMPDEST 8875:LT 8876:ISZERO 8877:PUSH2 8880:JUMPI
erc721_evm,8897,JUMP,adjacent_push,8877:PUSH2 8880:JUMPI 8881:JUMPDEST 8882:DUP1 8883:PUSH2 8886:PUSH2 8889:PUSH4 8894:PUSH2 8897:JUMP
erc721_evm,8903,JUMP,adjacent_push,8883:PUSH2 8886:PUSH2 8889:PUSH4 8894:PUSH2 8897:JUMP 8898:JUMPDEST 8899:SWAP2 8900:PUSH2 8903:JUMP
erc721_evm,8925,JUMP,adjacent_push,8907:PUSH2 8910:JUMPI 8911:JUMPDEST 8912:DUP1 8913:PUSH2 8916:PUSH2 8919:PUSH2 8922:PUSH2 8925:JUMP
erc721_evm,8931,JUMP,adjacent_push,8913:PUSH2 8916:PUSH2 8919:PUSH2 8922:PUSH2 8925:JUMP 8926:JUMPDEST 8927:SWAP2 8928:PUSH2 8931:JUMP
erc721_evm,8938,JUMPI,adjacent_push,8926:JUMPDEST 8927:SWAP2 8928:PUSH2 8931:JUMP 8932:JUMPDEST 8933:LT 8934:ISZERO 8935:PUSH2 8938:JUMPI
erc721_evm,8952,JUMP,adjacent_push,8935:PUSH2 8938:JUMPI 8939:JUMPDEST 8940:DUP1 8941:PUSH2 8944:PUSH2 8947:PUSH1 8949:PUSH2 8952:JUMP
erc721_evm,8958,JUMP,adjacent_push,8941:PUSH2 8944:PUSH2 8947:PUSH1 8949:PUSH2 8952:JUMP 8953:JUMPDEST 8954:SWAP2 8955:PUSH2 8958:JUMP
erc721_evm,8965,JUMPI,adjacent_push,8953:JUMPDEST 8954:SWAP2 8955:PUSH2 8958:JUMP 8959:JUMPDEST 8960:LT 8961:ISZERO 8962:PUSH2 8965:JUMPI
erc721_evm,8978,JUMP,adjacent_push,8961:ISZERO 8962:PUSH2 8965:JUMPI 8966:JUMPDEST 8967:PUSH2 8970:PUSH2 8973:PUSH1 8975:PUSH2 8978:JUMP
erc721_evm,8984,JUMP,adjacent_push,8967:PUSH2 8970:PUSH2 8973:PUSH1 8975:PUSH2 8978:JUMP 8979:JUMPDEST 8980:SWAP2 8981:PUSH2 8984:JUMP
erc721_evm,8991,JUMPI,adjacent_push,8979:JUMPDEST 8980:SWAP2 8981:PUSH2 8984:JUMP 8985:JUMPDEST 8986:LT 8987:ISZERO 8988:PUSH2 8991:JUMPI
erc721_evm,8994,JUMP,internal_return,8984:JUMP 8985:JUMPDEST 8986:LT 8987:ISZERO 8988:PUSH2 8991:JUMPI 8992:JUMPDEST 8993:SWAP1 8994:JUMP
erc721_evm,9008,JUMP,adjacent_push,8993:SWAP1 8994:JUMP 8995:JUMPDEST 8996:PUSH2 8999:SWAP1 9000:PUSH2 9003:PUSH1 9005:PUSH2 9008:JUMP
erc721_evm,9014,JUMP,adjacent_push,8999:SWAP1 9000:PUSH2 9003:PUSH1 9005:PUSH2 9008:JUMP 9009:JUMPDEST 9010:SWAP1 9011:PUSH2 9014:JUMP
erc721_evm,9036,JUMP,adjacent_push,9019:JUMP 9020:JUMPDEST 9021:PUSH2 9024:PUSH2 9027:SWAP2 9028:PUSH2 9031:PUSH1 9033:PUSH2 9036:JUMP
erc721_evm,9042,JUMP,adjacent_push,9027:SWAP2 9028:PUSH2 9031:PUSH1 9033:PUSH2 9036:JUMP 9037:JUMPDEST 9038:SWAP1 9039:PUSH2 9042:JUMP
erc721_evm,9053,JUMP,adjacent_push,9038:SWAP1 9039:PUSH2 9042:JUMP 9043:JUMPDEST 9044:SWAP2 9045:PUSH2 9048:PUSH1 9050:PUSH2 9053:JUMP
erc721_evm,9059,JUMP,adjacent_push,9044:SWAP2 9045:PUSH2 9048:PUSH1 9050:PUSH2 9053:JUMP 9054:JUMPDEST 9055:SWAP1 9056:PUSH2 9059:JUMP
erc721_evm,9083,JUMP,adjacent_push,9065:JUMP 9066:JUMPDEST 9067:PUSH2 9070:PUSH2 9073:SWAP2 9074:PUSH2 9077:PUSH2 9080:PUSH2 9083:JUMP
erc721_evm,9089,JUMP,adjacent_push,9073:SWAP2 9074:PUSH2 9077:PUSH2 9080:PUSH2 9083:JUMP 9084:JUMPDEST 9085:SWAP1 9086:PUSH2 9089:JUMP
erc721_evm,9100,JUMP,adjacent_push,9085:SWAP1 9086:PUSH2 9089:JUMP 9090:JUMPDEST 9091:SWAP2 9092:PUSH2 9095:PUSH1 9097:PUSH2 9100:JUMP
erc721_evm,9106,JUMP,adjacent_push,9091:SWAP2 9092:PUSH2 9095:PUSH1 9097:PUSH2 9100:JUMP 9101:JUMPDEST 9102:SWAP1 9103:PUSH2 9106:JUMP
erc721_evm,9112,JUMP,adjacent_push,9100:JUMP 9101:JUMPDEST 9102:SWAP1 9103:PUSH2 9106:JUMP 9107:JUMPDEST 9108:SWAP1 9109:PUSH2 9112:JUMP
erc721_evm,9132,JUMP,adjacent_push,9112:JUMP 9113:JUMPDEST 9114:PUSH2 9117:PUSH2 9120:SWAP2 9121:PUSH2 9124:PUSH4 9129:PUSH2 9132:JUMP
erc721_evm,9138,JUMP,adjacent_push,9120:SWAP2 9121:PUSH2 9124:PUSH4 9129:PUSH2 9132:JUMP 9133:JUMPDEST 9134:SWAP1 9135:PUSH2 9138:JUMP
erc721_evm,9149,JUMP,adjacent_push,9134:SWAP1 9135:PUSH2 9138:JUMP 9139:JUMPDEST 9140:SWAP2 9141:PUSH2 9144:PUSH1 9146:PUSH2 9149:JUMP
erc721_evm,9155,JUMP,adjacent_push,9140:SWAP2 9141:PUSH2 9144:PUSH1 9146:PUSH2 9149:JUMP 9150:JUMPDEST 9151:SWAP1 9152:PUSH2 9155:JUMP
erc721_evm,9161,JUMP,adjacent_push,9149:JUMP 9150:JUMPDEST 9151:SWAP1 9152:PUSH2 9155:JUMP 9156:JUMPDEST 9157:SWAP1 9158:PUSH2 9161:JUMP
erc721_evm,9184,JUMP,adjacent_push,9161:JUMP 9162:JUMPDEST 9163:PUSH2 9166:PUSH2 9169:SWAP2 9170:PUSH2 9173:PUSH7 9181:PUSH2 9184:JUMP
erc721_evm,9190,JUMP,adjacent_push,9169:SWAP2 9170:PUSH2 9173:PUSH7 9181:PUSH2 9184:JUMP 9185:JUMPDEST 9186:SWAP1 9187:PUSH2 9190:JUMP
erc721_evm,9201,JUMP,adjacent_push,9186:SWAP1 9187:PUSH2 9190:JUMP 9191:JUMPDEST 9192:SWAP2 9193:PUSH2 9196:PUSH1 9198:PUSH2 9201:JUMP
erc721_evm,9207,JUMP,adjacent_push,9192:SWAP2 9193:PUSH2 9196:PUSH1 9198:PUSH2 9201:JUMP 9202:JUMPDEST 9203:SWAP1 9204:PUSH2 9207:JUMP
erc721_evm,9213,JUMP,adjacent_push,9201:JUMP 9202:JUMPDEST 9203:SWAP1 9204:PUSH2 9207:JUMP 9208:JUMPDEST 9209:SWAP1 9210:PUSH2 9213:JUMP
erc721_evm,9243,JUMP,adjacent_push,9213:JUMP 9214:JUMPDEST 9215:PUSH2 9218:PUSH2 9221:SWAP2 9222:PUSH2 9225:PUSH14 9240:PUSH2 9243:JUMP
erc721_evm,9249,JUMP,adjacent_push,9221:SWAP2 9222:PUSH2 9225:PUSH14 9240:PUSH2 9243:JUMP 9244:JUMPDEST 9245:SWAP1 9246:PUSH2 9249:JUMP
erc721_evm,9260,JUMP,adjacent_push,9245:SWAP1 9246:PUSH2 9249:JUMP 9250:JUMPDEST 9251:SWAP2 9252:PUSH2 9255:PUSH1 9257:PUSH2 9260:JUMP
erc721_evm,9266,JUMP,adjacent_push,9251:SWAP2 9252:PUSH2 9255:PUSH1 9257:PUSH2 9260:JUMP 9261:JUMPDEST 9262:SWAP1 9263:PUSH2 9266:JUMP
erc721_evm,9272,JUMP,adjacent_push,9260:JUMP 9261:JUMPDEST 9262:SWAP1 9263:PUSH2 9266:JUMP 9267:JUMPDEST 9268:SWAP1 9269:PUSH2 9272:JUMP
erc721_evm,9315,JUMP,adjacent_push,9272:JUMP 9273:JUMPDEST 9274:PUSH2 9277:PUSH2 9280:SWAP2 9281:PUSH2 9284:PUSH27 9312:PUSH2 9315:JUMP
erc721_evm,9321,JUMP,adjacent_push,9280:SWAP2 9281:PUSH2 9284:PUSH27 9312:PUSH2 9315:JUMP 9316:JUMPDEST 9317:SWAP1 9318:PUSH2 9321:JUMP
erc721_evm,9332,JUMP,adjacent_push,9317:SWAP1 9318:PUSH2 9321:JUMP 9322:JUMPDEST 9323:SWAP2 9324:PUSH2 9327:PUSH1 9329:PUSH2 9332:JUMP
erc721_evm,9338,JUMP,adjacent_push,9323:SWAP2 9324:PUSH2 9327:PUSH1 9329:PUSH2 9332:JUMP 9333:JUMPDEST 9334:SWAP1 9335:PUSH2 9338:JUMP
erc721_evm,9344,JUMP,adjacent_push,9332:JUMP 9333:JUMPDEST 9334:SWAP1 9335:PUSH2 9338:JUMP 9339:JUMPDEST 9340:SWAP1 9341:PUSH2 9344:JUMP
erc721_evm,9354,JUMP,adjacent_push,9340:SWAP1 9341:PUSH2 9344:JUMP 9345:JUMPDEST 9346:SWAP2 9347:SWAP1 9348:PUSH2 9351:PUSH2 9354:JUMP
erc721_evm,9371,JUMP,adjacent_push,9355:JUMPDEST 9356:POP 9357:DUP1 9358:PUSH2 9361:PUSH2 9364:PUSH2 9367:PUSH0 9368:PUSH2 9371:JUMP
erc721_evm,9376,JUMP,adjacent_push,9358:PUSH2 9361:PUSH2 9364:PUSH2 9367:PUSH0 9368:PUSH2 9371:JUMP 9372:JUMPDEST 9373:PUSH2 9376:JUMP
erc721_evm,9382,JUMP,adjacent_push,9368:PUSH2 9371:JUMP 9372:JUMPDEST 9373:PUSH2 9376:JUMP 9377:JUMPDEST 9378:SWAP2 9379:PUSH2 9382:JUMP
erc721_evm,9391,JUMPI,adjacent_push,9379:PUSH2 9382:JUMP 9383:JUMPDEST 9384:EQ 9385:ISZERO 9386:SWAP3 9387:DUP4 9388:PUSH2 9391:JUMPI
erc721_evm,9397,JUMP,internal_return,9387:DUP4 9388:PUSH2 9391:JUMPI 9392:JUMPDEST 9393:POP 9394:POP 9395:POP 9396:SWAP1 9397:JUMP
erc721_evm,9414,JUMP,adjacent_push,9400:SWAP2 9401:SWAP3 9402:SWAP4 9403:POP 9404:PUSH2 9407:PUSH2 9410:DUP5 9411:PUSH2 9414:JUMP
erc721_evm,9420,JUMP,adjacent_push,9404:PUSH2 9407:PUSH2 9410:DUP5 9411:PUSH2 9414:JUMP 9415:JUMPDEST 9416:SWAP2 9417:PUSH2 9420:JUMP
erc721_evm,9429,JUMPI,adjacent_push,9417:PUSH2 9420:JUMP 9421:JUMPDEST 9422:EQ 9423:SWAP1 9424:DUP2 9425:ISZERO 9426:PUSH2 9429:JUMPI
erc721_evm,9438,JUMPI,adjacent_push,9426:PUSH2 9429:JUMPI 9430:JUMPDEST 9431:POP 9432:SWAP2 9433:DUP3 9434:ISZERO 9435:PUSH2 9438:JUMPI
erc721_evm,9448,JUMP,adjacent_push,9438:JUMPI 9439:JUMPDEST 9440:POP 9441:POP 9442:PUSH0 9443:DUP1 9444:DUP1 9445:PUSH2 9448:JUMP
erc721_evm,9466,JUMP,adjacent_push,9450:PUSH2 9453:SWAP2 9454:SWAP3 9455:POP 9456:PUSH2 9459:PUSH2 9462:SWAP2 9463:PUSH2 9466:JUMP
erc721_evm,9472,JUMP,adjacent_push,9456:PUSH2 9459:PUSH2 9462:SWAP2 9463:PUSH2 9466:JUMP 9467:JUMPDEST 9468:SWAP3 9469:PUSH2 9472:JUMP
erc721_evm,9478,JUMP,adjacent_push,9466:JUMP 9467:JUMPDEST 9468:SWAP3 9469:PUSH2 9472:JUMP 9473:JUMPDEST 9474:SWAP2 9475:PUSH2 9478:JUMP
erc721_evm,9486,JUMP,adjacent_push,9474:SWAP2 9475:PUSH2 9478:JUMP 9479:JUMPDEST 9480:EQ 9481:PUSH0 9482:DUP1 9483:PUSH2 9486:JUMP
erc721_evm,9498,JUMP,adjacent_push,9486:JUMP 9487:JUMPDEST 9488:PUSH2 9491:SWAP2 9492:POP 9493:DUP3 9494:SWAP1 9495:PUSH2 9498:JUMP
erc721_evm,9504,JUMP,adjacent_push,9492:POP 9493:DUP3 9494:SWAP1 9495:PUSH2 9498:JUMP 9499:JUMPDEST 9500:PUSH0 9501:PUSH2 9504:JUMP
erc721_evm,9521,JUMP,adjacent_push,9505:JUMPDEST 9506:SWAP1 9507:DUP2 9508:PUSH2 9511:PUSH2 9514:PUSH2 9517:PUSH0 9518:PUSH2 9521:JUMP
erc721_evm,9526,JUMP,adjacent_push,9508:PUSH2 9511:PUSH2 9514:PUSH2 9517:PUSH0 9518:PUSH2 9521:JUMP 9522:JUMPDEST 9523:PUSH2 9526:JUMP
erc721_evm,9532,JUMP,adjacent_push,9518:PUSH2 9521:JUMP 9522:JUMPDEST 9523:PUSH2 9526:JUMP 9527:JUMPDEST 9528:SWAP2 9529:PUSH2 9532:JUMP
erc721_evm,9538,JUMPI,adjacent_push,9526:JUMP 9527:JUMPDEST 9528:SWAP2 9529:PUSH2 9532:JUMP 9533:JUMPDEST 9534:EQ 9535:PUSH2 9538:JUMPI
erc721_evm,9551,JUMP,adjacent_push,9535:PUSH2 9538:JUMPI 9539:PUSH2 9542:SWAP2 9543:SWAP1 9544:PUSH2 9547:PUSH0 9548:PUSH2 9551:JUMP
erc721_evm,9557,JUMP,adjacent_push,9543:SWAP1 9544:PUSH2 9547:PUSH0 9548:PUSH2 9551:JUMP 9552:JUMPDEST 9553:SWAP2 9554:PUSH2 9557:JUMP
erc721_evm,9572,JUMP,adjacent_push,9554:PUSH2 9557:JUMP 9558:JUMPDEST 9559:PUSH2 9562:PUSH2 9565:PUSH2 9568:PUSH0 9569:PUSH2 9572:JUMP
erc721_evm,9577,JUMP,adjacent_push,9559:PUSH2 9562:PUSH2 9565:PUSH2 9568:PUSH0 9569:PUSH2 9572:JUMP 9573:JUMPDEST 9574:PUSH2 9577:JUMP
erc721_evm,9583,JUMP,adjacent_push,9569:PUSH2 9572:JUMP 9573:JUMPDEST 9574:PUSH2 9577:JUMP 9578:JUMPDEST 9579:SWAP2 9580:PUSH2 9583:JUMP
erc721_evm,9589,JUMPI,adjacent_push,9577:JUMP 9578:JUMPDEST 9579:SWAP2 9580:PUSH2 9583:JUMP 9584:JUMPDEST 9585:SUB 9586:PUSH2 9589:JUMPI
erc721_evm,9590,JUMP,top_computed,9578:JUMPDEST 9579:SWAP2 9580:PUSH2 9583:JUMP 9584:JUMPDEST 9585:SUB 9586:PUSH2 9589:JUMPI 9590:JUMP
erc721_evm,9602,JUMP,adjacent_push,9586:PUSH2 9589:JUMPI 9590:JUMP 9591:JUMPDEST 9592:PUSH2 9595:PUSH2 9598:PUSH0 9599:PUSH2 9602:JUMP
erc721_evm,9625,JUMP,adjacent_push,9613:PUSH1 9615:SHL 9616:DUP4 9617:MSTORE 9618:PUSH1 9620:DUP4 9621:ADD 9622:PUSH2 9625:JUMP
erc721_evm,9641,JUMP,adjacent_push,9627:SUB 9628:SWAP1 9629:OP_fd 9630:JUMPDEST 9631:PUSH2 9634:PUSH2 9637:PUSH0 9638:PUSH2 9641:JUMP
erc721_evm,9664,JUMP,adjacent_push,9652:PUSH1 9654:SHL 9655:DUP4 9656:MSTORE 9657:PUSH1 9659:DUP4 9660:ADD 9661:PUSH2 9664:JUMP
fib_evm,134,JUMP,unknown_dynamic,124:SWAP1 125:DUP3 126:ADD 127:DUP1 128:SWAP3 129:GT 130:PUSH2 133:JUMPI 134:JUMP
fib_evm,222,JUMP,internal_return,210:JUMP 211:JUMPDEST 212:PUSH2 215:SWAP2 216:PUSH2 219:JUMP 220:JUMPDEST 221:SWAP1 222:JUMP
fib_evm,228,JUMP,internal_return,219:JUMP 220:JUMPDEST 221:SWAP1 222:JUMP 223:JUMPDEST 224:POP 225:PUSH1 227:SWAP1 228:JUMP
fib_evm,233,JUMP,internal_return,224:POP 225:PUSH1 227:SWAP1 228:JUMP 229:JUMPDEST 230:POP 231:PUSH0 232:SWAP1 233:JUMP
fib_evm,285,JUMP,internal_return,275:SWAP2 276:PUSH2 279:JUMP 280:JUMPDEST 281:SWAP2 282:POP 283:POP 284:SWAP1 285:JUMP
fib_evm,290,JUMP,internal_return,282:POP 283:POP 284:SWAP1 285:JUMP 286:JUMPDEST 287:POP 288:POP 289:SWAP1 290:JUMP
generative_nft_evm,204,JUMP,internal_return,196:OP_39 197:DUP2 198:MLOAD 199:SWAP2 200:MSTORE 201:SWAP2 202:OP_08 203:SWAP1 204:JUMP
merkle_evm,321,JUMP,internal_return,313:JUMPDEST 314:SWAP5 315:POP 316:POP 317:POP 318:POP 319:POP 320:SWAP1 321:JUMP
merkle_evm,515,JUMP,unknown_dynamic,505:SWAP1 506:SWAP3 507:ADD 508:SWAP2 509:POP 510:PUSH2 513:SWAP1 514:POP 515:JUMP
merkle_evm,544,JUMP,unknown_dynamic,536:POP 537:POP 538:POP 539:JUMPDEST 540:SWAP3 541:SWAP2 542:POP 543:POP 544:JUMP
merkle_evm,676,JUMP,unknown_dynamic,668:SWAP4 669:EQ 670:SWAP5 671:SWAP4 672:POP 673:POP 674:POP 675:POP 676:JUMP
merkle_evm,789,JUMP,internal_return,780:MSTORE 781:PUSH1 783:PUSH0 784:OP_fd 785:JUMPDEST 786:POP 787:OP_06 788:SWAP1 789:JUMP
poseidon_evm,8587,JUMP,unknown_dynamic,8579:POP 8580:POP 8581:POP 8582:POP 8583:POP 8584:POP 8585:POP 8586:POP 8587:JUMP
poseidon_evm,8653,JUMP,unknown_dynamic,8645:DUP6 8646:OP_09 8647:SWAP5 8648:SWAP4 8649:POP 8650:POP 8651:POP 8652:POP 8653:JUMP
poseidon_evm,8792,JUMP,unknown_dynamic,8784:SWAP1 8785:SWAP2 8786:EQ 8787:SWAP4 8788:SWAP3 8789:POP 8790:POP 8791:POP 8792:JUMP
poseidon_evm,8936,JUMP,unknown_dynamic,8928:SWAP2 8929:SWAP6 8930:SWAP5 8931:POP 8932:POP 8933:POP 8934:POP 8935:POP 8936:JUMP
poseidon_evm,8959,JUMP,top_calldata,8951:DUP1 8952:OP_fd 8953:JUMPDEST 8954:POP 8955:CALLDATALOAD 8956:SWAP2 8957:SWAP1 8958:POP 8959:JUMP
poseidon_evm,9024,JUMP,unknown_dynamic,9012:PUSH2 9015:PUSH2 9018:JUMP 9019:JUMPDEST 9020:SWAP3 9021:SWAP2 9022:POP 9023:POP 9024:JUMP
poseidon_evm,9078,JUMP,internal_return,9069:MSTORE 9070:PUSH1 9072:PUSH0 9073:OP_fd 9074:JUMPDEST 9075:POP 9076:OP_04 9077:SWAP1 9078:JUMP
poseidon_evm,9108,JUMP,unknown_dynamic,9099:JUMP 9100:JUMPDEST 9101:PUSH1 9103:ADD 9104:SWAP3 9105:SWAP2 9106:POP 9107:POP 9108:JUMP
uniswapv2_erc20_evm,218,JUMP,top_computed,202:PUSH3 206:OP_33 207:DUP3 208:PUSH3 212:PUSH1 214:SHL 215:PUSH1 217:SHR 218:JUMP
uniswapv2_erc20_evm,362,JUMP,top_computed,348:PUSH1 350:DUP4 351:DUP4 352:PUSH3 356:PUSH1 358:SHL 359:PUSH1 361:SHR 362:JUMP
uniswapv2_erc20_evm,366,JUMP,unknown_dynamic,356:PUSH1 358:SHL 359:PUSH1 361:SHR 362:JUMP 363:JUMPDEST 364:POP 365:POP 366:JUMP
uniswapv2_erc20_evm,926,JUMP,unknown_dynamic,918:DUP1 919:SWAP2 920:SUB 921:SWAP1 922:OP_a3 923:POP 924:POP 925:POP 926:JUMP
uniswapv2_erc20_evm,941,JUMP,unknown_dynamic,932:JUMPDEST 933:PUSH1 935:DUP2 936:SWAP1 937:POP 938:SWAP2 939:SWAP1 940:POP 941:JUMP
uniswapv2_erc20_evm,967,JUMP,unknown_dynamic,955:EQ 956:PUSH3 960:JUMPI 961:PUSH1 963:DUP1 964:OP_fd 965:JUMPDEST 966:POP 967:JUMP
uniswapv2_erc20_evm,990,JUMP,unknown_dynamic,979:DUP2 980:PUSH3 984:JUMP 985:JUMPDEST 986:SWAP3 987:SWAP2 988:POP 989:POP 990:JUMP
uniswapv2_erc20_evm,1040,JUMP,unknown_dynamic,1032:JUMPDEST 1033:SWAP2 1034:POP 1035:POP 1036:SWAP3 1037:SWAP2 1038:POP 1039:POP 1040:JUMP
uniswapv2_erc20_evm,1051,JUMP,unknown_dynamic,1042:PUSH1 1044:DUP2 1045:MLOAD 1046:SWAP1 1047:POP 1048:SWAP2 1049:SWAP1 1050:POP 1051:JUMP
uniswapv2_erc20_evm,1198,JUMP,unknown_dynamic,1187:PUSH3 1191:JUMP 1192:JUMPDEST 1193:JUMPDEST 1194:POP 1195:SWAP2 1196:SWAP1 1197:POP 1198:JUMP
uniswapv2_erc20_evm,1219,JUMP,unknown_dynamic,1209:PUSH1 1211:PUSH1 1213:SHA3 1214:SWAP1 1215:POP 1216:SWAP2 1217:SWAP1 1218:POP 1219:JUMP
uniswapv2_erc20_evm,1235,JUMP,unknown_dynamic,1227:DUP4 1228:ADD 1229:OP_04 1230:SWAP1 1231:POP 1232:SWAP2 1233:SWAP1 1234:POP 1235:JUMP
uniswapv2_erc20_evm,1248,JUMP,unknown_dynamic,1240:DUP3 1241:SHL 1242:SWAP1 1243:POP 1244:SWAP3 1245:SWAP2 1246:POP 1247:POP 1248:JUMP
uniswapv2_erc20_evm,1334,JUMP,unknown_dynamic,1326:POP 1327:POP 1328:POP 1329:SWAP4 1330:SWAP3 1331:POP 1332:POP 1333:POP 1334:JUMP
uniswapv2_erc20_evm,1344,JUMP,unknown_dynamic,1335:JUMPDEST 1336:PUSH1 1338:DUP2 1339:SWAP1 1340:POP 1341:SWAP2 1342:SWAP1 1343:POP 1344:JUMP
uniswapv2_erc20_evm,1384,JUMP,unknown_dynamic,1373:PUSH3 1377:JUMP 1378:JUMPDEST 1379:SWAP1 1380:POP 1381:SWAP2 1382:SWAP1 1383:POP 1384:JUMP
uniswapv2_erc20_evm,1394,JUMP,unknown_dynamic,1385:JUMPDEST 1386:PUSH1 1388:DUP2 1389:SWAP1 1390:POP 1391:SWAP2 1392:SWAP1 1393:POP 1394:JUMP
uniswapv2_erc20_evm,1437,JUMP,unknown_dynamic,1429:JUMP 1430:JUMPDEST 1431:DUP3 1432:SSTORE 1433:POP 1434:POP 1435:POP 1436:POP 1437:JUMP
uniswapv2_erc20_evm,1442,JUMP,internal_return,1433:POP 1434:POP 1435:POP 1436:POP 1437:JUMP 1438:JUMPDEST 1439:PUSH1 1441:SWAP1 1442:JUMP
uniswapv2_erc20_evm,1470,JUMP,unknown_dynamic,1459:DUP5 1460:DUP5 1461:PUSH3 1465:JUMP 1466:JUMPDEST 1467:POP 1468:POP 1469:POP 1470:JUMP
uniswapv2_erc20_evm,1509,JUMP,unknown_dynamic,1498:ADD 1499:SWAP1 1500:POP 1501:PUSH3 1505:JUMP 1506:JUMPDEST 1507:POP 1508:POP 1509:JUMP
uniswapv2_erc20_evm,1589,JUMP,unknown_dynamic,1581:JUMP 1582:JUMPDEST 1583:POP 1584:POP 1585:JUMPDEST 1586:POP 1587:POP 1588:POP 1589:JUMP
uniswapv2_erc20_evm,1602,JUMP,unknown_dynamic,1594:DUP3 1595:SHR 1596:SWAP1 1597:POP 1598:SWAP3 1599:SWAP2 1600:POP 1601:POP 1602:JUMP
uniswapv2_erc20_evm,1634,JUMP,unknown_dynamic,1626:AND 1627:SWAP2 1628:POP 1629:POP 1630:SWAP3 1631:SWAP2 1632:POP 1633:POP 1634:JUMP
uniswapv2_erc20_evm,1664,JUMP,unknown_dynamic,1656:DUP3 1657:OR 1658:SWAP1 1659:POP 1660:SWAP3 1661:SWAP2 1662:POP 1663:POP 1664:JUMP
uniswapv2_erc20_evm,1895,JUMP,unknown_dynamic,1887:POP 1888:JUMPDEST 1889:POP 1890:POP 1891:POP 1892:POP 1893:POP 1894:POP 1895:JUMP
uniswapv2_erc20_evm,1927,JUMP,unknown_dynamic,1899:PUSH20 1920:DUP3 1921:AND 1922:SWAP1 1923:POP 1924:SWAP2 1925:SWAP1 1926:POP 1927:JUMP
uniswapv2_erc20_evm,1947,JUMP,unknown_dynamic,1936:PUSH3 1940:JUMP 1941:JUMPDEST 1942:SWAP1 1943:POP 1944:SWAP2 1945:SWAP1 1946:POP 1947:JUMP
uniswapv2_erc20_evm,1964,JUMP,unknown_dynamic,1953:DUP2 1954:PUSH3 1958:JUMP 1959:JUMPDEST 1960:DUP3 1961:MSTORE 1962:POP 1963:POP 1964:JUMP
uniswapv2_erc20_evm,1993,JUMP,unknown_dynamic,1982:DUP5 1983:PUSH3 1987:JUMP 1988:JUMPDEST 1989:SWAP3 1990:SWAP2 1991:POP 1992:POP 1993:JUMP
uniswapv2_erc20_evm,2099,JUMP,unknown_dynamic,2088:PUSH3 2092:JUMP 2093:JUMPDEST 2094:JUMPDEST 2095:SWAP3 2096:SWAP2 2097:POP 2098:POP 2099:JUMP
uniswapv2_erc20_evm,2116,JUMP,unknown_dynamic,2105:DUP2 2106:PUSH3 2110:JUMP 2111:JUMPDEST 2112:DUP3 2113:MSTORE 2114:POP 2115:POP 2116:JUMP
uniswapv2_erc20_evm,2177,JUMP,unknown_dynamic,2169:JUMP 2170:JUMPDEST 2171:SWAP5 2172:SWAP4 2173:POP 2174:POP 2175:POP 2176:POP 2177:JUMP
uniswapv2_erc20_evm,2206,JUMP,unknown_dynamic,2195:DUP5 2196:PUSH3 2200:JUMP 2201:JUMPDEST 2202:SWAP3 2203:SWAP2 2204:POP 2205:POP 2206:JUMP
uniswapv2_erc20_evm,2234,JUMPI,adjacent_push,2222:OP_fe 2223:PUSH1 2225:PUSH1 2227:MSTORE 2228:OP_34 2229:DUP1 2230:ISZERO 2231:PUSH2 2234:JUMPI
uniswapv2_erc20_evm,2248,JUMPI,adjacent_push,2237:DUP1 2238:OP_fd 2239:JUMPDEST 2240:POP 2241:PUSH1 2243:CALLDATASIZE 2244:LT 2245:PUSH2 2248:JUMPI
uniswapv2_erc20_evm,2265,JUMPI,adjacent_push,2249:PUSH1 2251:CALLDATALOAD 2252:PUSH1 2254:SHR 2255:DUP1 2256:PUSH4 2261:GT 2262:PUSH2 2265:JUMPI
uniswapv2_erc20_evm,2276,JUMPI,adjacent_push,2256:PUSH4 2261:GT 2262:PUSH2 2265:JUMPI 2266:DUP1 2267:PUSH4 2272:EQ 2273:PUSH2 2276:JUMPI
uniswapv2_erc20_evm,2287,JUMPI,adjacent_push,2267:PUSH4 2272:EQ 2273:PUSH2 2276:JUMPI 2277:DUP1 2278:PUSH4 2283:EQ 2284:PUSH2 2287:JUMPI
uniswapv2_erc20_evm,2298,JUMPI,adjacent_push,2278:PUSH4 2283:EQ 2284:PUSH2 2287:JUMPI 2288:DUP1 2289:PUSH4 2294:EQ 2295:PUSH2 2298:JUMPI
uniswapv2_erc20_evm,2309,JUMPI,adjacent_push,2289:PUSH4 2294:EQ 2295:PUSH2 2298:JUMPI 2299:DUP1 2300:PUSH4 2305:EQ 2306:PUSH2 2309:JUMPI
uniswapv2_erc20_evm,2320,JUMPI,adjacent_push,2300:PUSH4 2305:EQ 2306:PUSH2 2309:JUMPI 2310:DUP1 2311:PUSH4 2316:EQ 2317:PUSH2 2320:JUMPI
uniswapv2_erc20_evm,2324,JUMP,adjacent_push,2306:PUSH2 2309:JUMPI 2310:DUP1 2311:PUSH4 2316:EQ 2317:PUSH2 2320:JUMPI 2321:PUSH2 2324:JUMP
uniswapv2_erc20_evm,2336,JUMPI,adjacent_push,2320:JUMPI 2321:PUSH2 2324:JUMP 2325:JUMPDEST 2326:DUP1 2327:PUSH4 2332:EQ 2333:PUSH2 2336:JUMPI
uniswapv2_erc20_evm,2347,JUMPI,adjacent_push,2327:PUSH4 2332:EQ 2333:PUSH2 2336:JUMPI 2337:DUP1 2338:PUSH4 2343:EQ 2344:PUSH2 2347:JUMPI
uniswapv2_erc20_evm,2358,JUMPI,adjacent_push,2338:PUSH4 2343:EQ 2344:PUSH2 2347:JUMPI 2348:DUP1 2349:PUSH4 2354:EQ 2355:PUSH2 2358:JUMPI
uniswapv2_erc20_evm,2369,JUMPI,adjacent_push,2349:PUSH4 2354:EQ 2355:PUSH2 2358:JUMPI 2359:DUP1 2360:PUSH4 2365:EQ 2366:PUSH2 2369:JUMPI
uniswapv2_erc20_evm,2380,JUMPI,adjacent_push,2360:PUSH4 2365:EQ 2366:PUSH2 2369:JUMPI 2370:DUP1 2371:PUSH4 2376:EQ 2377:PUSH2 2380:JUMPI
uniswapv2_erc20_evm,2393,JUMP,adjacent_push,2380:JUMPI 2381:JUMPDEST 2382:PUSH1 2384:DUP1 2385:OP_fd 2386:JUMPDEST 2387:PUSH2 2390:PUSH2 2393:JUMP
uniswapv2_erc20_evm,2406,JUMP,adjacent_push,2393:JUMP 2394:JUMPDEST 2395:PUSH1 2397:MLOAD 2398:PUSH2 2401:SWAP2 2402:SWAP1 2403:PUSH2 2406:JUMP
uniswapv2_erc20_evm,2436,JUMP,adjacent_push,2424:SUB 2425:DUP2 2426:ADD 2427:SWAP1 2428:PUSH2 2431:SWAP2 2432:SWAP1 2433:PUSH2 2436:JUMP
uniswapv2_erc20_evm,2441,JUMP,adjacent_push,2427:SWAP1 2428:PUSH2 2431:SWAP2 2432:SWAP1 2433:PUSH2 2436:JUMP 2437:JUMPDEST 2438:PUSH2 2441:JUMP
uniswapv2_erc20_evm,2454,JUMP,adjacent_push,2441:JUMP 2442:JUMPDEST 2443:PUSH1 2445:MLOAD 2446:PUSH2 2449:SWAP2 2450:SWAP1 2451:PUSH2 2454:JUMP
uniswapv2_erc20_evm,2471,JUMP,adjacent_push,2459:DUP1 2460:SWAP2 2461:SUB 2462:SWAP1 2463:OP_f3 2464:JUMPDEST 2465:PUSH2 2468:PUSH2 2471:JUMP
uniswapv2_erc20_evm,2484,JUMP,adjacent_push,2471:JUMP 2472:JUMPDEST 2473:PUSH1 2475:MLOAD 2476:PUSH2 2479:SWAP2 2480:SWAP1 2481:PUSH2 2484:JUMP
uniswapv2_erc20_evm,2514,JUMP,adjacent_push,2502:SUB 2503:DUP2 2504:ADD 2505:SWAP1 2506:PUSH2 2509:SWAP2 2510:SWAP1 2511:PUSH2 2514:JUMP
uniswapv2_erc20_evm,2532,JUMP,adjacent_push,2519:JUMP 2520:JUMPDEST 2521:PUSH1 2523:MLOAD 2524:PUSH2 2527:SWAP2 2528:SWAP1 2529:PUSH2 2532:JUMP
uniswapv2_erc20_evm,2549,JUMP,adjacent_push,2537:DUP1 2538:SWAP2 2539:SUB 2540:SWAP1 2541:OP_f3 2542:JUMPDEST 2543:PUSH2 2546:PUSH2 2549:JUMP
uniswapv2_erc20_evm,2562,JUMP,adjacent_push,2549:JUMP 2550:JUMPDEST 2551:PUSH1 2553:MLOAD 2554:PUSH2 2557:SWAP2 2558:SWAP1 2559:PUSH2 2562:JUMP
uniswapv2_erc20_evm,2592,JUMP,adjacent_push,2580:SUB 2581:DUP2 2582:ADD 2583:SWAP1 2584:PUSH2 2587:SWAP2 2588:SWAP1 2589:PUSH2 2592:JUMP
uniswapv2_erc20_evm,2597,JUMP,adjacent_push,2583:SWAP1 2584:PUSH2 2587:SWAP2 2588:SWAP1 2589:PUSH2 2592:JUMP 2593:JUMPDEST 2594:PUSH2 2597:JUMP
uniswapv2_erc20_evm,2620,JUMP,adjacent_push,2608:SUB 2609:DUP2 2610:ADD 2611:SWAP1 2612:PUSH2 2615:SWAP2 2616:SWAP1 2617:PUSH2 2620:JUMP
uniswapv2_erc20_evm,2625,JUMP,adjacent_push,2611:SWAP1 2612:PUSH2 2615:SWAP2 2616:SWAP1 2617:PUSH2 2620:JUMP 2621:JUMPDEST 2622:PUSH2 2625:JUMP
uniswapv2_erc20_evm,2638,JUMP,adjacent_push,2625:JUMP 2626:JUMPDEST 2627:PUSH1 2629:MLOAD 2630:PUSH2 2633:SWAP2 2634:SWAP1 2635:PUSH2 2638:JUMP
uniswapv2_erc20_evm,2655,JUMP,adjacent_push,2643:DUP1 2644:SWAP2 2645:SUB 2646:SWAP1 2647:OP_f3 2648:JUMPDEST 2649:PUSH2 2652:PUSH2 2655:JUMP
uniswapv2_erc20_evm,2668,JUMP,adjacent_push,2655:JUMP 2656:JUMPDEST 2657:PUSH1 2659:MLOAD 2660:PUSH2 2663:SWAP2 2664:SWAP1 2665:PUSH2 2668:JUMP
uniswapv2_erc20_evm,2698,JUMP,adjacent_push,2686:SUB 2687:DUP2 2688:ADD 2689:SWAP1 2690:PUSH2 2693:SWAP2 2694:SWAP1 2695:PUSH2 2698:JUMP
uniswapv2_erc20_evm,2703,JUMP,adjacent_push,2689:SWAP1 2690:PUSH2 2693:SWAP2 2694:SWAP1 2695:PUSH2 2698:JUMP 2699:JUMPDEST 2700:PUSH2 2703:JUMP
uniswapv2_erc20_evm,2716,JUMP,adjacent_push,2703:JUMP 2704:JUMPDEST 2705:PUSH1 2707:MLOAD 2708:PUSH2 2711:SWAP2 2712:SWAP1 2713:PUSH2 2716:JUMP
uniswapv2_erc20_evm,2746,JUMP,adjacent_push,2734:SUB 2735:DUP2 2736:ADD 2737:SWAP1 2738:PUSH2 2741:SWAP2 2742:SWAP1 2743:PUSH2 2746:JUMP
uniswapv2_erc20_evm,2751,JUMP,adjacent_push,2737:SWAP1 2738:PUSH2 2741:SWAP2 2742:SWAP1 2743:PUSH2 2746:JUMP 2747:JUMPDEST 2748:PUSH2 2751:JUMP
uniswapv2_erc20_evm,2764,JUMP,adjacent_push,2751:JUMP 2752:JUMPDEST 2753:PUSH1 2755:MLOAD 2756:PUSH2 2759:SWAP2 2760:SWAP1 2761:PUSH2 2764:JUMP
uniswapv2_erc20_evm,2788,JUMP,adjacent_push,2774:JUMPDEST 2775:PUSH1 2777:PUSH1 2779:DUP1 2780:SLOAD 2781:PUSH2 2784:SWAP1 2785:PUSH2 2788:JUMP
uniswapv2_erc20_evm,2832,JUMP,adjacent_push,2819:PUSH1 2821:ADD 2822:DUP3 2823:DUP1 2824:SLOAD 2825:PUSH2 2828:SWAP1 2829:PUSH2 2832:JUMP
uniswapv2_erc20_evm,2839,JUMPI,adjacent_push,2825:PUSH2 2828:SWAP1 2829:PUSH2 2832:JUMP 2833:JUMPDEST 2834:DUP1 2835:ISZERO 2836:PUSH2 2839:JUMPI
uniswapv2_erc20_evm,2847,JUMPI,adjacent_push,2834:DUP1 2835:ISZERO 2836:PUSH2 2839:JUMPI 2840:DUP1 2841:PUSH1 2843:LT 2844:PUSH2 2847:JUMPI
uniswapv2_erc20_evm,2866,JUMP,adjacent_push,2855:MUL 2856:DUP4 2857:MSTORE 2858:SWAP2 2859:PUSH1 2861:ADD 2862:SWAP2 2863:PUSH2 2866:JUMP
uniswapv2_erc20_evm,2900,JUMPI,adjacent_push,2889:ADD 2890:SWAP1 2891:PUSH1 2893:ADD 2894:DUP1 2895:DUP4 2896:GT 2897:PUSH2 2900:JUMPI
uniswapv2_erc20_evm,2919,JUMP,internal_return,2911:POP 2912:POP 2913:POP 2914:POP 2915:POP 2916:SWAP1 2917:POP 2918:SWAP1 2919:JUMP
uniswapv2_erc20_evm,2930,JUMP,adjacent_push,2917:POP 2918:SWAP1 2919:JUMP 2920:JUMPDEST 2921:PUSH1 2923:DUP1 2924:PUSH2 2927:PUSH2 2930:JUMP
uniswapv2_erc20_evm,2943,JUMP,adjacent_push,2931:JUMPDEST 2932:SWAP1 2933:POP 2934:PUSH2 2937:DUP2 2938:DUP6 2939:DUP6 2940:PUSH2 2943:JUMP
uniswapv2_erc20_evm,2954,JUMP,unknown_dynamic,2945:PUSH1 2947:SWAP2 2948:POP 2949:POP 2950:SWAP3 2951:SWAP2 2952:POP 2953:POP 2954:JUMP
uniswapv2_erc20_evm,2964,JUMP,internal_return,2954:JUMP 2955:JUMPDEST 2956:PUSH1 2958:PUSH1 2960:SLOAD 2961:SWAP1 2962:POP 2963:SWAP1 2964:JUMP
uniswapv2_erc20_evm,2975,JUMP,adjacent_push,2962:POP 2963:SWAP1 2964:JUMP 2965:JUMPDEST 2966:PUSH1 2968:DUP1 2969:PUSH2 2972:PUSH2 2975:JUMP
uniswapv2_erc20_evm,2988,JUMP,adjacent_push,2976:JUMPDEST 2977:SWAP1 2978:POP 2979:PUSH2 2982:DUP6 2983:DUP3 2984:DUP6 2985:PUSH2 2988:JUMP
uniswapv2_erc20_evm,2999,JUMP,adjacent_push,2985:PUSH2 2988:JUMP 2989:JUMPDEST 2990:PUSH2 2993:DUP6 2994:DUP6 2995:DUP6 2996:PUSH2 2999:JUMP
uniswapv2_erc20_evm,3011,JUMP,unknown_dynamic,3003:SWAP2 3004:POP 3005:POP 3006:SWAP4 3007:SWAP3 3008:POP 3009:POP 3010:POP 3011:JUMP
uniswapv2_erc20_evm,3020,JUMP,internal_return,3010:POP 3011:JUMP 3012:JUMPDEST 3013:PUSH1 3015:PUSH1 3017:SWAP1 3018:POP 3019:SWAP1 3020:JUMP
uniswapv2_erc20_evm,3030,JUMP,adjacent_push,3018:POP 3019:SWAP1 3020:JUMP 3021:JUMPDEST 3022:PUSH2 3025:DUP3 3026:DUP3 3027:PUSH2 3030:JUMP
uniswapv2_erc20_evm,3034,JUMP,unknown_dynamic,3022:PUSH2 3025:DUP3 3026:DUP3 3027:PUSH2 3030:JUMP 3031:JUMPDEST 3032:POP 3033:POP 3034:JUMP
uniswapv2_erc20_evm,3106,JUMP,unknown_dynamic,3097:PUSH1 3099:SHA3 3100:SLOAD 3101:SWAP1 3102:POP 3103:SWAP2 3104:SWAP1 3105:POP 3106:JUMP
uniswapv2_erc20_evm,3121,JUMP,adjacent_push,3107:JUMPDEST 3108:PUSH1 3110:PUSH1 3112:DUP1 3113:SLOAD 3114:PUSH2 3117:SWAP1 3118:PUSH2 3121:JUMP
uniswapv2_erc20_evm,3165,JUMP,adjacent_push,3152:PUSH1 3154:ADD 3155:DUP3 3156:DUP1 3157:SLOAD 3158:PUSH2 3161:SWAP1 3162:PUSH2 3165:JUMP
uniswapv2_erc20_evm,3172,JUMPI,adjacent_push,3158:PUSH2 3161:SWAP1 3162:PUSH2 3165:JUMP 3166:JUMPDEST 3167:DUP1 3168:ISZERO 3169:PUSH2 3172:JUMPI
uniswapv2_erc20_evm,3180,JUMPI,adjacent_push,3167:DUP1 3168:ISZERO 3169:PUSH2 3172:JUMPI 3173:DUP1 3174:PUSH1 3176:LT 3177:PUSH2 3180:JUMPI
uniswapv2_erc20_evm,3199,JUMP,adjacent_push,3188:MUL 3189:DUP4 3190:MSTORE 3191:SWAP2 3192:PUSH1 3194:ADD 3195:SWAP2 3196:PUSH2 3199:JUMP
uniswapv2_erc20_evm,3252,JUMP,internal_return,3244:POP 3245:POP 3246:POP 3247:POP 3248:POP 3249:SWAP1 3250:POP 3251:SWAP1 3252:JUMP
uniswapv2_erc20_evm,3263,JUMP,adjacent_push,3250:POP 3251:SWAP1 3252:JUMP 3253:JUMPDEST 3254:PUSH1 3256:DUP1 3257:PUSH2 3260:PUSH2 3263:JUMP
uniswapv2_erc20_evm,3276,JUMP,adjacent_push,3264:JUMPDEST 3265:SWAP1 3266:POP 3267:PUSH2 3270:DUP2 3271:DUP6 3272:DUP6 3273:PUSH2 3276:JUMP
uniswapv2_erc20_evm,3287,JUMP,unknown_dynamic,3278:PUSH1 3280:SWAP2 3281:POP 3282:POP 3283:SWAP3 3284:SWAP2 3285:POP 3286:POP 3287:JUMP
uniswapv2_erc20_evm,3422,JUMP,unknown_dynamic,3414:SHA3 3415:SLOAD 3416:SWAP1 3417:POP 3418:SWAP3 3419:SWAP2 3420:POP 3421:POP 3422:JUMP
uniswapv2_erc20_evm,3430,JUMP,internal_return,3421:POP 3422:JUMP 3423:JUMPDEST 3424:PUSH1 3426:OP_33 3427:SWAP1 3428:POP 3429:SWAP1 3430:JUMP
uniswapv2_erc20_evm,3443,JUMP,adjacent_push,3430:JUMP 3431:JUMPDEST 3432:PUSH2 3435:DUP4 3436:DUP4 3437:DUP4 3438:PUSH1 3440:PUSH2 3443:JUMP
uniswapv2_erc20_evm,3448,JUMP,unknown_dynamic,3437:DUP4 3438:PUSH1 3440:PUSH2 3443:JUMP 3444:JUMPDEST 3445:POP 3446:POP 3447:POP 3448:JUMP
uniswapv2_erc20_evm,3460,JUMP,adjacent_push,3447:POP 3448:JUMP 3449:JUMPDEST 3450:PUSH1 3452:PUSH2 3455:DUP5 3456:DUP5 3457:PUSH2 3460:JUMP
uniswapv2_erc20_evm,3502,JUMPI,adjacent_push,3460:JUMP 3461:JUMPDEST 3462:SWAP1 3463:POP 3464:PUSH32 3497:DUP2 3498:EQ 3499:PUSH2 3502:JUMPI
uniswapv2_erc20_evm,3510,JUMPI,adjacent_push,3498:EQ 3499:PUSH2 3502:JUMPI 3503:DUP2 3504:DUP2 3505:LT 3506:ISZERO 3507:PUSH2 3510:JUMPI
uniswapv2_erc20_evm,3565,JUMP,adjacent_push,3552:PUSH1 3554:ADD 3555:PUSH2 3558:SWAP4 3559:SWAP3 3560:SWAP2 3561:SWAP1 3562:PUSH2 3565:JUMP
uniswapv2_erc20_evm,3589,JUMP,adjacent_push,3576:PUSH2 3579:DUP5 3580:DUP5 3581:DUP5 3582:DUP5 3583:SUB 3584:PUSH1 3586:PUSH2 3589:JUMP
uniswapv2_erc20_evm,3596,JUMP,unknown_dynamic,3586:PUSH2 3589:JUMP 3590:JUMPDEST 3591:JUMPDEST 3592:POP 3593:POP 3594:POP 3595:POP 3596:JUMP
uniswapv2_erc20_evm,3649,JUMPI,adjacent_push,3598:PUSH1 3600:PUSH20 3621:AND 3622:DUP4 3623:PUSH20 3644:AND 3645:SUB 3646:PUSH2 3649:JUMPI
uniswapv2_erc20_evm,3701,JUMP,adjacent_push,3688:DUP2 3689:MSTORE 3690:PUSH1 3692:ADD 3693:PUSH2 3696:SWAP2 3697:SWAP1 3698:PUSH2 3701:JUMP
uniswapv2_erc20_evm,3763,JUMPI,adjacent_push,3712:PUSH1 3714:PUSH20 3735:AND 3736:DUP3 3737:PUSH20 3758:AND 3759:SUB 3760:PUSH2 3763:JUMPI
uniswapv2_erc20_evm,3815,JUMP,adjacent_push,3802:DUP2 3803:MSTORE 3804:PUSH1 3806:ADD 3807:PUSH2 3810:SWAP2 3811:SWAP1 3812:PUSH2 3815:JUMP
uniswapv2_erc20_evm,3835,JUMP,adjacent_push,3823:SWAP1 3824:OP_fd 3825:JUMPDEST 3826:PUSH2 3829:DUP4 3830:DUP4 3831:DUP4 3832:PUSH2 3835:JUMP
uniswapv2_erc20_evm,3840,JUMP,unknown_dynamic,3830:DUP4 3831:DUP4 3832:PUSH2 3835:JUMP 3836:JUMPDEST 3837:POP 3838:POP 3839:POP 3840:JUMP
uniswapv2_erc20_evm,3893,JUMPI,adjacent_push,3842:PUSH1 3844:PUSH20 3865:AND 3866:DUP3 3867:PUSH20 3888:AND 3889:SUB 3890:PUSH2 3893:JUMPI
uniswapv2_erc20_evm,3945,JUMP,adjacent_push,3932:DUP2 3933:MSTORE 3934:PUSH1 3936:ADD 3937:PUSH2 3940:SWAP2 3941:SWAP1 3942:PUSH2 3945:JUMP
uniswapv2_erc20_evm,3966,JUMP,adjacent_push,3953:SWAP1 3954:OP_fd 3955:JUMPDEST 3956:PUSH2 3959:PUSH1 3961:DUP4 3962:DUP4 3963:PUSH2 3966:JUMP
uniswapv2_erc20_evm,3970,JUMP,unknown_dynamic,3959:PUSH1 3961:DUP4 3962:DUP4 3963:PUSH2 3966:JUMP 3967:JUMPDEST 3968:POP 3969:POP 3970:JUMP
uniswapv2_erc20_evm,4023,JUMPI,adjacent_push,3972:PUSH1 3974:PUSH20 3995:AND 3996:DUP5 3997:PUSH20 4018:AND 4019:SUB 4020:PUSH2 4023:JUMPI
uniswapv2_erc20_evm,4075,JUMP,adjacent_push,4062:DUP2 4063:MSTORE 4064:PUSH1 4066:ADD 4067:PUSH2 4070:SWAP2 4071:SWAP1 4072:PUSH2 4075:JUMP
uniswapv2_erc20_evm,4137,JUMPI,adjacent_push,4086:PUSH1 4088:PUSH20 4109:AND 4110:DUP4 4111:PUSH20 4132:AND 4133:SUB 4134:PUSH2 4137:JUMPI
uniswapv2_erc20_evm,4189,JUMP,adjacent_push,4176:DUP2 4177:MSTORE 4178:PUSH1 4180:ADD 4181:PUSH2 4184:SWAP2 4185:SWAP1 4186:PUSH2 4189:JUMP
uniswapv2_erc20_evm,4334,JUMPI,adjacent_push,4324:SHA3 4325:DUP2 4326:SWAP1 4327:SSTORE 4328:POP 4329:DUP1 4330:ISZERO 4331:PUSH2 4334:JUMPI
uniswapv2_erc20_evm,4426,JUMP,adjacent_push,4381:PUSH32 4414:DUP5 4415:PUSH1 4417:MLOAD 4418:PUSH2 4421:SWAP2 4422:SWAP1 4423:PUSH2 4426:JUMP
uniswapv2_erc20_evm,4441,JUMP,unknown_dynamic,4433:SUB 4434:SWAP1 4435:OP_a3 4436:JUMPDEST 4437:POP 4438:POP 4439:POP 4440:POP 4441:JUMP
uniswapv2_erc20_evm,4494,JUMPI,adjacent_push,4443:PUSH1 4445:PUSH20 4466:AND 4467:DUP4 4468:PUSH20 4489:AND 4490:SUB 4491:PUSH2 4494:JUMPI
uniswapv2_erc20_evm,4511,JUMP,adjacent_push,4498:PUSH1 4500:DUP3 4501:DUP3 4502:SLOAD 4503:PUSH2 4506:SWAP2 4507:SWAP1 4508:PUSH2 4511:JUMP
uniswapv2_erc20_evm,4523,JUMP,adjacent_push,4513:SWAP3 4514:POP 4515:POP 4516:DUP2 4517:SWAP1 4518:SSTORE 4519:POP 4520:PUSH2 4523:JUMP
uniswapv2_erc20_evm,4599,JUMPI,adjacent_push,4589:SLOAD 4590:SWAP1 4591:POP 4592:DUP2 4593:DUP2 4594:LT 4595:ISZERO 4596:PUSH2 4599:JUMPI
uniswapv2_erc20_evm,4654,JUMP,adjacent_push,4641:PUSH1 4643:ADD 4644:PUSH2 4647:SWAP4 4648:SWAP3 4649:SWAP2 4650:SWAP1 4651:PUSH2 4654:JUMP
uniswapv2_erc20_evm,4787,JUMPI,adjacent_push,4736:PUSH1 4738:PUSH20 4759:AND 4760:DUP3 4761:PUSH20 4782:AND 4783:SUB 4784:PUSH2 4787:JUMPI
uniswapv2_erc20_evm,4807,JUMP,adjacent_push,4797:SWAP3 4798:POP 4799:POP 4800:DUP2 4801:SWAP1 4802:SSTORE 4803:POP 4804:PUSH2 4807:JUMP
uniswapv2_erc20_evm,4977,JUMP,adjacent_push,4932:PUSH32 4965:DUP4 4966:PUSH1 4968:MLOAD 4969:PUSH2 4972:SWAP2 4973:SWAP1 4974:PUSH2 4977:JUMP
uniswapv2_erc20_evm,4990,JUMP,unknown_dynamic,4982:DUP1 4983:SWAP2 4984:SUB 4985:SWAP1 4986:OP_a3 4987:POP 4988:POP 4989:POP 4990:JUMP
uniswapv2_erc20_evm,5001,JUMP,unknown_dynamic,4992:PUSH1 4994:DUP2 4995:MLOAD 4996:SWAP1 4997:POP 4998:SWAP2 4999:SWAP1 5000:POP 5001:JUMP
uniswapv2_erc20_evm,5018,JUMP,unknown_dynamic,5010:DUP3 5011:ADD 5012:SWAP1 5013:POP 5014:SWAP3 5015:SWAP2 5016:POP 5017:POP 5018:JUMP
uniswapv2_erc20_evm,5030,JUMPI,adjacent_push,5019:JUMPDEST 5020:PUSH1 5022:JUMPDEST 5023:DUP4 5024:DUP2 5025:LT 5026:ISZERO 5027:PUSH2 5030:JUMPI
uniswapv2_erc20_evm,5048,JUMP,adjacent_push,5037:ADD 5038:MSTORE 5039:PUSH1 5041:DUP2 5042:ADD 5043:SWAP1 5044:POP 5045:PUSH2 5048:JUMP
uniswapv2_erc20_evm,5060,JUMP,unknown_dynamic,5052:DUP5 5053:DUP5 5054:ADD 5055:MSTORE 5056:POP 5057:POP 5058:POP 5059:POP 5060:JUMP
uniswapv2_erc20_evm,5077,JUMP,unknown_dynamic,5069:DUP4 5070:ADD 5071:AND 5072:SWAP1 5073:POP 5074:SWAP2 5075:SWAP1 5076:POP 5077:JUMP
uniswapv2_erc20_evm,5088,JUMP,adjacent_push,5075:SWAP1 5076:POP 5077:JUMP 5078:JUMPDEST 5079:PUSH1 5081:PUSH2 5084:DUP3 5085:PUSH2 5088:JUMP
uniswapv2_erc20_evm,5098,JUMP,adjacent_push,5084:DUP3 5085:PUSH2 5088:JUMP 5089:JUMPDEST 5090:PUSH2 5093:DUP2 5094:DUP6 5095:PUSH2 5098:JUMP
uniswapv2_erc20_evm,5114,JUMP,adjacent_push,5101:POP 5102:PUSH2 5105:DUP2 5106:DUP6 5107:PUSH1 5109:DUP7 5110:ADD 5111:PUSH2 5114:JUMP
uniswapv2_erc20_evm,5123,JUMP,adjacent_push,5109:DUP7 5110:ADD 5111:PUSH2 5114:JUMP 5115:JUMPDEST 5116:PUSH2 5119:DUP2 5120:PUSH2 5123:JUMP
uniswapv2_erc20_evm,5134,JUMP,unknown_dynamic,5126:ADD 5127:SWAP2 5128:POP 5129:POP 5130:SWAP3 5131:SWAP2 5132:POP 5133:POP 5134:JUMP
uniswapv2_erc20_evm,5160,JUMP,adjacent_push,5147:PUSH1 5149:DUP4 5150:ADD 5151:MSTORE 5152:PUSH2 5155:DUP2 5156:DUP5 5157:PUSH2 5160:JUMP
uniswapv2_erc20_evm,5168,JUMP,unknown_dynamic,5160:JUMP 5161:JUMPDEST 5162:SWAP1 5163:POP 5164:SWAP3 5165:SWAP2 5166:POP 5167:POP 5168:JUMP
uniswapv2_erc20_evm,5205,JUMP,unknown_dynamic,5177:PUSH20 5198:DUP3 5199:AND 5200:SWAP1 5201:POP 5202:SWAP2 5203:SWAP1 5204:POP 5205:JUMP
uniswapv2_erc20_evm,5216,JUMP,adjacent_push,5203:SWAP1 5204:POP 5205:JUMP 5206:JUMPDEST 5207:PUSH1 5209:PUSH2 5212:DUP3 5213:PUSH2 5216:JUMP
uniswapv2_erc20_evm,5223,JUMP,unknown_dynamic,5213:PUSH2 5216:JUMP 5217:JUMPDEST 5218:SWAP1 5219:POP 5220:SWAP2 5221:SWAP1 5222:POP 5223:JUMP
uniswapv2_erc20_evm,5232,JUMP,adjacent_push,5220:SWAP2 5221:SWAP1 5222:POP 5223:JUMP 5224:JUMPDEST 5225:PUSH2 5228:DUP2 5229:PUSH2 5232:JUMP
uniswapv2_erc20_evm,5246,JUMP,unknown_dynamic,5235:EQ 5236:PUSH2 5239:JUMPI 5240:PUSH1 5242:DUP1 5243:OP_fd 5244:JUMPDEST 5245:POP 5246:JUMP
uniswapv2_erc20_evm,5261,JUMP,adjacent_push,5248:PUSH1 5250:DUP2 5251:CALLDATALOAD 5252:SWAP1 5253:POP 5254:PUSH2 5257:DUP2 5258:PUSH2 5261:JUMP
uniswapv2_erc20_evm,5267,JUMP,unknown_dynamic,5257:DUP2 5258:PUSH2 5261:JUMP 5262:JUMPDEST 5263:SWAP3 5264:SWAP2 5265:POP 5266:POP 5267:JUMP
uniswapv2_erc20_evm,5277,JUMP,unknown_dynamic,5268:JUMPDEST 5269:PUSH1 5271:DUP2 5272:SWAP1 5273:POP 5274:SWAP2 5275:SWAP1 5276:POP 5277:JUMP
uniswapv2_erc20_evm,5286,JUMP,adjacent_push,5274:SWAP2 5275:SWAP1 5276:POP 5277:JUMP 5278:JUMPDEST 5279:PUSH2 5282:DUP2 5283:PUSH2 5286:JUMP
uniswapv2_erc20_evm,5293,JUMPI,adjacent_push,5279:PUSH2 5282:DUP2 5283:PUSH2 5286:JUMP 5287:JUMPDEST 5288:DUP2 5289:EQ 5290:PUSH2 5293:JUMPI
uniswapv2_erc20_evm,5300,JUMP,unknown_dynamic,5289:EQ 5290:PUSH2 5293:JUMPI 5294:PUSH1 5296:DUP1 5297:OP_fd 5298:JUMPDEST 5299:POP 5300:JUMP
uniswapv2_erc20_evm,5315,JUMP,adjacent_push,5302:PUSH1 5304:DUP2 5305:CALLDATALOAD 5306:SWAP1 5307:POP 5308:PUSH2 5311:DUP2 5312:PUSH2 5315:JUMP
uniswapv2_erc20_evm,5321,JUMP,unknown_dynamic,5311:DUP2 5312:PUSH2 5315:JUMP 5316:JUMPDEST 5317:SWAP3 5318:SWAP2 5319:POP 5320:POP 5321:JUMP
uniswapv2_erc20_evm,5343,JUMP,adjacent_push,5329:DUP6 5330:SUB 5331:OP_12 5332:ISZERO 5333:PUSH2 5336:JUMPI 5337:PUSH2 5340:PUSH2 5343:JUMP
uniswapv2_erc20_evm,5358,JUMP,adjacent_push,5345:JUMPDEST 5346:PUSH1 5348:PUSH2 5351:DUP6 5352:DUP3 5353:DUP7 5354:ADD 5355:PUSH2 5358:JUMP
uniswapv2_erc20_evm,5375,JUMP,adjacent_push,5362:POP 5363:PUSH1 5365:PUSH2 5368:DUP6 5369:DUP3 5370:DUP7 5371:ADD 5372:PUSH2 5375:JUMP
uniswapv2_erc20_evm,5385,JUMP,unknown_dynamic,5377:SWAP2 5378:POP 5379:POP 5380:SWAP3 5381:POP 5382:SWAP3 5383:SWAP1 5384:POP 5385:JUMP
uniswapv2_erc20_evm,5397,JUMP,unknown_dynamic,5389:DUP2 5390:ISZERO 5391:ISZERO 5392:SWAP1 5393:POP 5394:SWAP2 5395:SWAP1 5396:POP 5397:JUMP
uniswapv2_erc20_evm,5406,JUMP,adjacent_push,5394:SWAP2 5395:SWAP1 5396:POP 5397:JUMP 5398:JUMPDEST 5399:PUSH2 5402:DUP2 5403:PUSH2 5406:JUMP
uniswapv2_erc20_evm,5412,JUMP,unknown_dynamic,5402:DUP2 5403:PUSH2 5406:JUMP 5407:JUMPDEST 5408:DUP3 5409:MSTORE 5410:POP 5411:POP 5412:JUMP
uniswapv2_erc20_evm,5433,JUMP,adjacent_push,5420:SWAP1 5421:POP 5422:PUSH2 5425:PUSH1 5427:DUP4 5428:ADD 5429:DUP5 5430:PUSH2 5433:JUMP
uniswapv2_erc20_evm,5439,JUMP,unknown_dynamic,5429:DUP5 5430:PUSH2 5433:JUMP 5434:JUMPDEST 5435:SWAP3 5436:SWAP2 5437:POP 5438:POP 5439:JUMP
uniswapv2_erc20_evm,5448,JUMP,adjacent_push,5436:SWAP2 5437:POP 5438:POP 5439:JUMP 5440:JUMPDEST 5441:PUSH2 5444:DUP2 5445:PUSH2 5448:JUMP
uniswapv2_erc20_evm,5454,JUMP,unknown_dynamic,5444:DUP2 5445:PUSH2 5448:JUMP 5449:JUMPDEST 5450:DUP3 5451:MSTORE 5452:POP 5453:POP 5454:JUMP
uniswapv2_erc20_evm,5475,JUMP,adjacent_push,5462:SWAP1 5463:POP 5464:PUSH2 5467:PUSH1 5469:DUP4 5470:ADD 5471:DUP5 5472:PUSH2 5475:JUMP
uniswapv2_erc20_evm,5481,JUMP,unknown_dynamic,5471:DUP5 5472:PUSH2 5475:JUMP 5476:JUMPDEST 5477:SWAP3 5478:SWAP2 5479:POP 5480:POP 5481:JUMP
uniswapv2_erc20_evm,5498,JUMPI,adjacent_push,5486:PUSH1 5488:PUSH1 5490:DUP5 5491:DUP7 5492:SUB 5493:OP_12 5494:ISZERO 5495:PUSH2 5498:JUMPI
uniswapv2_erc20_evm,5505,JUMP,adjacent_push,5491:DUP7 5492:SUB 5493:OP_12 5494:ISZERO 5495:PUSH2 5498:JUMPI 5499:PUSH2 5502:PUSH2 5505:JUMP
uniswapv2_erc20_evm,5520,JUMP,adjacent_push,5507:JUMPDEST 5508:PUSH1 5510:PUSH2 5513:DUP7 5514:DUP3 5515:DUP8 5516:ADD 5517:PUSH2 5520:JUMP
uniswapv2_erc20_evm,5537,JUMP,adjacent_push,5524:POP 5525:PUSH1 5527:PUSH2 5530:DUP7 5531:DUP3 5532:DUP8 5533:ADD 5534:PUSH2 5537:JUMP
uniswapv2_erc20_evm,5554,JUMP,adjacent_push,5541:POP 5542:PUSH1 5544:PUSH2 5547:DUP7 5548:DUP3 5549:DUP8 5550:ADD 5551:PUSH2 5554:JUMP
uniswapv2_erc20_evm,5564,JUMP,internal_return,5556:SWAP2 5557:POP 5558:POP 5559:SWAP3 5560:POP 5561:SWAP3 5562:POP 5563:SWAP3 5564:JUMP
uniswapv2_erc20_evm,5577,JUMP,unknown_dynamic,5568:PUSH1 5570:DUP3 5571:AND 5572:SWAP1 5573:POP 5574:SWAP2 5575:SWAP1 5576:POP 5577:JUMP
uniswapv2_erc20_evm,5586,JUMP,adjacent_push,5574:SWAP2 5575:SWAP1 5576:POP 5577:JUMP 5578:JUMPDEST 5579:PUSH2 5582:DUP2 5583:PUSH2 5586:JUMP
uniswapv2_erc20_evm,5592,JUMP,unknown_dynamic,5582:DUP2 5583:PUSH2 5586:JUMP 5587:JUMPDEST 5588:DUP3 5589:MSTORE 5590:POP 5591:POP 5592:JUMP
uniswapv2_erc20_evm,5613,JUMP,adjacent_push,5600:SWAP1 5601:POP 5602:PUSH2 5605:PUSH1 5607:DUP4 5608:ADD 5609:DUP5 5610:PUSH2 5613:JUMP
uniswapv2_erc20_evm,5619,JUMP,unknown_dynamic,5609:DUP5 5610:PUSH2 5613:JUMP 5614:JUMPDEST 5615:SWAP3 5616:SWAP2 5617:POP 5618:POP 5619:JUMP
uniswapv2_erc20_evm,5633,JUMPI,adjacent_push,5621:PUSH1 5623:PUSH1 5625:DUP3 5626:DUP5 5627:SUB 5628:OP_12 5629:ISZERO 5630:PUSH2 5633:JUMPI
uniswapv2_erc20_evm,5640,JUMP,adjacent_push,5626:DUP5 5627:SUB 5628:OP_12 5629:ISZERO 5630:PUSH2 5633:JUMPI 5634:PUSH2 5637:PUSH2 5640:JUMP
uniswapv2_erc20_evm,5655,JUMP,adjacent_push,5642:JUMPDEST 5643:PUSH1 5645:PUSH2 5648:DUP5 5649:DUP3 5650:DUP6 5651:ADD 5652:PUSH2 5655:JUMP
uniswapv2_erc20_evm,5664,JUMP,unknown_dynamic,5656:JUMPDEST 5657:SWAP2 5658:POP 5659:POP 5660:SWAP3 5661:SWAP2 5662:POP 5663:POP 5664:JUMP
uniswapv2_erc20_evm,5679,JUMPI,adjacent_push,5668:DUP1 5669:PUSH1 5671:DUP4 5672:DUP6 5673:SUB 5674:OP_12 5675:ISZERO 5676:PUSH2 5679:JUMPI
uniswapv2_erc20_evm,5686,JUMP,adjacent_push,5672:DUP6 5673:SUB 5674:OP_12 5675:ISZERO 5676:PUSH2 5679:JUMPI 5680:PUSH2 5683:PUSH2 5686:JUMP
uniswapv2_erc20_evm,5701,JUMP,adjacent_push,5688:JUMPDEST 5689:PUSH1 5691:PUSH2 5694:DUP6 5695:DUP3 5696:DUP7 5697:ADD 5698:PUSH2 5701:JUMP
uniswapv2_erc20_evm,5718,JUMP,adjacent_push,5705:POP 5706:PUSH1 5708:PUSH2 5711:DUP6 5712:DUP3 5713:DUP7 5714:ADD 5715:PUSH2 5718:JUMP
uniswapv2_erc20_evm,5728,JUMP,unknown_dynamic,5720:SWAP2 5721:POP 5722:POP 5723:SWAP3 5724:POP 5725:SWAP3 5726:SWAP1 5727:POP 5728:JUMP
uniswapv2_erc20_evm,5793,JUMPI,adjacent_push,5782:OP_04 5783:SWAP1 5784:POP 5785:PUSH1 5787:DUP3 5788:AND 5789:DUP1 5790:PUSH2 5793:JUMPI
uniswapv2_erc20_evm,5810,JUMPI,adjacent_push,5799:POP 5800:JUMPDEST 5801:PUSH1 5803:DUP3 5804:LT 5805:DUP2 5806:SUB 5807:PUSH2 5810:JUMPI
uniswapv2_erc20_evm,5817,JUMP,adjacent_push,5803:DUP3 5804:LT 5805:DUP2 5806:SUB 5807:PUSH2 5810:JUMPI 5811:PUSH2 5814:PUSH2 5817:JUMP
uniswapv2_erc20_evm,5824,JUMP,unknown_dynamic,5814:PUSH2 5817:JUMP 5818:JUMPDEST 5819:JUMPDEST 5820:POP 5821:SWAP2 5822:SWAP1 5823:POP 5824:JUMP
uniswapv2_erc20_evm,5833,JUMP,adjacent_push,5821:SWAP2 5822:SWAP1 5823:POP 5824:JUMP 5825:JUMPDEST 5826:PUSH2 5829:DUP2 5830:PUSH2 5833:JUMP
uniswapv2_erc20_evm,5839,JUMP,unknown_dynamic,5829:DUP2 5830:PUSH2 5833:JUMP 5834:JUMPDEST 5835:DUP3 5836:MSTORE 5837:POP 5838:POP 5839:JUMP
uniswapv2_erc20_evm,5860,JUMP,adjacent_push,5847:SWAP1 5848:POP 5849:PUSH2 5852:PUSH1 5854:DUP4 5855:ADD 5856:DUP7 5857:PUSH2 5860:JUMP
uniswapv2_erc20_evm,5873,JUMP,adjacent_push,5860:JUMP 5861:JUMPDEST 5862:PUSH2 5865:PUSH1 5867:DUP4 5868:ADD 5869:DUP6 5870:PUSH2 5873:JUMP
uniswapv2_erc20_evm,5886,JUMP,adjacent_push,5873:JUMP 5874:JUMPDEST 5875:PUSH2 5878:PUSH1 5880:DUP4 5881:ADD 5882:DUP5 5883:PUSH2 5886:JUMP
uniswapv2_erc20_evm,5894,JUMP,unknown_dynamic,5886:JUMP 5887:JUMPDEST 5888:SWAP5 5889:SWAP4 5890:POP 5891:POP 5892:POP 5893:POP 5894:JUMP
uniswapv2_erc20_evm,5915,JUMP,adjacent_push,5902:SWAP1 5903:POP 5904:PUSH2 5907:PUSH1 5909:DUP4 5910:ADD 5911:DUP5 5912:PUSH2 5915:JUMP
uniswapv2_erc20_evm,5921,JUMP,unknown_dynamic,5911:DUP5 5912:PUSH2 5915:JUMP 5916:JUMPDEST 5917:SWAP3 5918:SWAP2 5919:POP 5920:POP 5921:JUMP
uniswapv2_erc20_evm,5979,JUMP,adjacent_push,5964:PUSH1 5966:PUSH1 5968:OP_fd 5969:JUMPDEST 5970:PUSH1 5972:PUSH2 5975:DUP3 5976:PUSH2 5979:JUMP
uniswapv2_erc20_evm,5990,JUMP,adjacent_push,5976:PUSH2 5979:JUMP 5980:JUMPDEST 5981:SWAP2 5982:POP 5983:PUSH2 5986:DUP4 5987:PUSH2 5990:JUMP
uniswapv2_erc20_evm,6006,JUMPI,adjacent_push,5996:ADD 5997:SWAP1 5998:POP 5999:DUP1 6000:DUP3 6001:GT 6002:ISZERO 6003:PUSH2 6006:JUMPI
uniswapv2_erc20_evm,6013,JUMP,adjacent_push,5999:DUP1 6000:DUP3 6001:GT 6002:ISZERO 6003:PUSH2 6006:JUMPI 6007:PUSH2 6010:PUSH2 6013:JUMP
uniswapv2_erc20_evm,6020,JUMP,unknown_dynamic,6010:PUSH2 6013:JUMP 6014:JUMPDEST 6015:JUMPDEST 6016:SWAP3 6017:SWAP2 6018:POP 6019:POP 6020:JUMP
uniswapv2_factory_evm,125,JUMP,unknown_dynamic,117:DUP1 118:OP_fd 119:JUMPDEST 120:SWAP4 121:SWAP3 122:POP 123:POP 124:POP 125:JUMP
uniswapv2_factory_evm,150,JUMPI,adjacent_push,138:OP_fe 139:PUSH1 141:PUSH1 143:MSTORE 144:OP_34 145:DUP1 146:ISZERO 147:PUSH2 150:JUMPI
uniswapv2_factory_evm,163,JUMPI,adjacent_push,152:DUP1 153:OP_fd 154:JUMPDEST 155:POP 156:PUSH1 158:CALLDATASIZE 159:LT 160:PUSH2 163:JUMPI
uniswapv2_factory_evm,179,JUMPI,adjacent_push,164:PUSH0 165:CALLDATALOAD 166:PUSH1 168:SHR 169:DUP1 170:PUSH4 175:GT 176:PUSH2 179:JUMPI
uniswapv2_factory_evm,190,JUMPI,adjacent_push,170:PUSH4 175:GT 176:PUSH2 179:JUMPI 180:DUP1 181:PUSH4 186:EQ 187:PUSH2 190:JUMPI
uniswapv2_factory_evm,201,JUMPI,adjacent_push,181:PUSH4 186:EQ 187:PUSH2 190:JUMPI 191:DUP1 192:PUSH4 197:EQ 198:PUSH2 201:JUMPI
uniswapv2_factory_evm,212,JUMPI,adjacent_push,192:PUSH4 197:EQ 198:PUSH2 201:JUMPI 202:DUP1 203:PUSH4 208:EQ 209:PUSH2 212:JUMPI
uniswapv2_factory_evm,223,JUMPI,adjacent_push,203:PUSH4 208:EQ 209:PUSH2 212:JUMPI 213:DUP1 214:PUSH4 219:EQ 220:PUSH2 223:JUMPI
uniswapv2_factory_evm,234,JUMPI,adjacent_push,214:PUSH4 219:EQ 220:PUSH2 223:JUMPI 224:DUP1 225:PUSH4 230:EQ 231:PUSH2 234:JUMPI
uniswapv2_factory_evm,249,JUMPI,adjacent_push,235:PUSH0 236:DUP1 237:OP_fd 238:JUMPDEST 239:DUP1 240:PUSH4 245:EQ 246:PUSH2 249:JUMPI
uniswapv2_factory_evm,260,JUMPI,adjacent_push,240:PUSH4 245:EQ 246:PUSH2 249:JUMPI 250:DUP1 251:PUSH4 256:EQ 257:PUSH2 260:JUMPI
uniswapv2_factory_evm,271,JUMPI,adjacent_push,251:PUSH4 256:EQ 257:PUSH2 260:JUMPI 261:DUP1 262:PUSH4 267:EQ 268:PUSH2 271:JUMPI
uniswapv2_factory_evm,282,JUMPI,adjacent_push,262:PUSH4 267:EQ 268:PUSH2 271:JUMPI 272:DUP1 273:PUSH4 278:EQ 279:PUSH2 282:JUMPI
uniswapv2_factory_evm,293,JUMPI,adjacent_push,273:PUSH4 278:EQ 279:PUSH2 282:JUMPI 283:DUP1 284:PUSH4 289:EQ 290:PUSH2 293:JUMPI
uniswapv2_factory_evm,315,JUMP,local_dup_push,304:SWAP1 305:PUSH1 307:PUSH1 309:PUSH1 311:SHL 312:SUB 313:AND 314:DUP2 315:JUMP
uniswapv2_factory_evm,363,JUMP,local_dup_push,352:SWAP1 353:PUSH1 355:PUSH1 357:PUSH1 359:SHL 360:SUB 361:AND 362:DUP2 363:JUMP
uniswapv2_factory_evm,377,JUMP,adjacent_push,362:DUP2 363:JUMP 364:JUMPDEST 365:PUSH2 368:PUSH2 371:CALLDATASIZE 372:PUSH1 374:PUSH2 377:JUMP
uniswapv2_factory_evm,382,JUMP,adjacent_push,365:PUSH2 368:PUSH2 371:CALLDATASIZE 372:PUSH1 374:PUSH2 377:JUMP 378:JUMPDEST 379:PUSH2 382:JUMP
uniswapv2_factory_evm,400,JUMP,adjacent_push,388:PUSH1 390:MLOAD 391:SWAP1 392:DUP2 393:MSTORE 394:PUSH1 396:ADD 397:PUSH2 400:JUMP
uniswapv2_factory_evm,408,JUMP,adjacent_push,394:PUSH1 396:ADD 397:PUSH2 400:JUMP 401:JUMPDEST 402:PUSH1 404:SLOAD 405:PUSH2 408:JUMP
uniswapv2_factory_evm,416,JUMP,adjacent_push,401:JUMPDEST 402:PUSH1 404:SLOAD 405:PUSH2 408:JUMP 409:JUMPDEST 410:PUSH2 413:PUSH2 416:JUMP
uniswapv2_factory_evm,430,JUMP,adjacent_push,413:PUSH2 416:JUMP 417:JUMPDEST 418:PUSH2 421:PUSH2 424:CALLDATASIZE 425:PUSH1 427:PUSH2 430:JUMP
uniswapv2_factory_evm,435,JUMP,adjacent_push,418:PUSH2 421:PUSH2 424:CALLDATASIZE 425:PUSH1 427:PUSH2 430:JUMP 431:JUMPDEST 432:PUSH2 435:JUMP
uniswapv2_factory_evm,451,JUMP,adjacent_push,436:JUMPDEST 437:STOP 438:JUMPDEST 439:PUSH2 442:PUSH2 445:CALLDATASIZE 446:PUSH1 448:PUSH2 451:JUMP
uniswapv2_factory_evm,456,JUMP,adjacent_push,439:PUSH2 442:PUSH2 445:CALLDATASIZE 446:PUSH1 448:PUSH2 451:JUMP 452:JUMPDEST 453:PUSH2 456:JUMP
uniswapv2_factory_evm,470,JUMP,adjacent_push,453:PUSH2 456:JUMP 457:JUMPDEST 458:PUSH2 461:PUSH2 464:CALLDATASIZE 465:PUSH1 467:PUSH2 470:JUMP
uniswapv2_factory_evm,507,JUMP,local_dup_push,496:SLOAD 497:PUSH1 499:PUSH1 501:PUSH1 503:SHL 504:SUB 505:AND 506:DUP2 507:JUMP
uniswapv2_factory_evm,521,JUMP,adjacent_push,506:DUP2 507:JUMP 508:JUMPDEST 509:PUSH2 512:PUSH2 515:CALLDATASIZE 516:PUSH1 518:PUSH2 521:JUMP
uniswapv2_factory_evm,526,JUMP,adjacent_push,509:PUSH2 512:PUSH2 515:CALLDATASIZE 516:PUSH1 518:PUSH2 521:JUMP 522:JUMPDEST 523:PUSH2 526:JUMP
uniswapv2_factory_evm,538,JUMPI,adjacent_push,527:JUMPDEST 528:PUSH1 530:DUP2 531:DUP2 532:SLOAD 533:DUP2 534:LT 535:PUSH2 538:JUMPI
uniswapv2_factory_evm,566,JUMP,local_dup_push,556:PUSH1 558:PUSH1 560:SHL 561:SUB 562:AND 563:SWAP1 564:POP 565:DUP2 566:JUMP
uniswapv2_factory_evm,581,JUMP,adjacent_push,567:JUMPDEST 568:PUSH1 570:MLOAD 571:PUSH2 574:PUSH1 576:DUP3 577:ADD 578:PUSH2 581:JUMP
uniswapv2_factory_evm,611,JUMP,local_dup_push,602:POP 603:DUP1 604:MLOAD 605:SWAP1 606:PUSH1 608:ADD 609:SHA3 610:DUP2 611:JUMP
uniswapv2_factory_evm,630,JUMPI,adjacent_push,618:PUSH1 620:PUSH1 622:SHL 623:SUB 624:AND 625:OP_33 626:EQ 627:PUSH2 630:JUMPI
uniswapv2_factory_evm,731,JUMP,top_computed,723:SWAP3 724:AND 725:SWAP2 726:SWAP1 727:SWAP2 728:OR 729:SWAP1 730:SSTORE 731:JUMP
uniswapv2_factory_evm,758,JUMPI,adjacent_push,745:PUSH1 747:PUSH1 749:PUSH1 751:SHL 752:SUB 753:AND 754:SUB 755:PUSH2 758:JUMPI
uniswapv2_factory_evm,829,JUMP,adjacent_push,785:PUSH32 818:PUSH1 820:DUP3 821:ADD 822:MSTORE 823:PUSH1 825:ADD 826:PUSH2 829:JUMP
uniswapv2_factory_evm,857,JUMPI,adjacent_push,844:PUSH1 846:PUSH1 848:PUSH1 850:SHL 851:SUB 852:AND 853:LT 854:PUSH2 857:JUMPI
uniswapv2_factory_evm,863,JUMP,adjacent_push,851:SUB 852:AND 853:LT 854:PUSH2 857:JUMPI 858:DUP4 859:DUP6 860:PUSH2 863:JUMP
uniswapv2_factory_evm,886,JUMPI,adjacent_push,873:PUSH1 875:PUSH1 877:PUSH1 879:SHL 880:SUB 881:DUP3 882:AND 883:PUSH2 886:JUMPI
uniswapv2_factory_evm,957,JUMP,adjacent_push,913:PUSH32 946:PUSH1 948:DUP3 949:ADD 950:MSTORE 951:PUSH1 953:ADD 954:PUSH2 957:JUMP
uniswapv2_factory_evm,1002,JUMPI,adjacent_push,992:SWAP2 993:MSTORE 994:SWAP1 995:SHA3 996:SLOAD 997:AND 998:ISZERO 999:PUSH2 1002:JUMPI
uniswapv2_factory_evm,1066,JUMP,adjacent_push,1054:SHL 1055:PUSH1 1057:DUP3 1058:ADD 1059:MSTORE 1060:PUSH1 1062:ADD 1063:PUSH2 1066:JUMP
uniswapv2_factory_evm,1141,JUMP,adjacent_push,1127:PUSH1 1129:ADD 1130:SHA3 1131:PUSH1 1133:MLOAD 1134:PUSH2 1137:SWAP1 1138:PUSH2 1141:JUMP
uniswapv2_factory_evm,1163,JUMPI,adjacent_push,1153:OP_f5 1154:SWAP1 1155:POP 1156:DUP1 1157:ISZERO 1158:DUP1 1159:ISZERO 1160:PUSH2 1163:JUMPI
uniswapv2_factory_evm,1182,JUMPI,adjacent_push,1171:JUMPDEST 1172:POP 1173:PUSH1 1175:SLOAD 1176:SWAP1 1177:SWAP4 1178:POP 1179:PUSH2 1182:JUMPI
uniswapv2_factory_evm,1199,JUMP,adjacent_push,1186:DUP4 1187:OP_3f 1188:SWAP1 1189:PUSH2 1192:PUSH1 1194:DUP3 1195:ADD 1196:PUSH2 1199:JUMP
uniswapv2_factory_evm,1301,JUMPI,adjacent_push,1291:PUSH0 1292:DUP8 1293:DUP1 1294:OP_3b 1295:ISZERO 1296:DUP1 1297:ISZERO 1298:PUSH2 1301:JUMPI
uniswapv2_factory_evm,1315,JUMPI,adjacent_push,1305:JUMPDEST 1306:POP 1307:OP_5a 1308:OP_f1 1309:ISZERO 1310:DUP1 1311:ISZERO 1312:PUSH2 1315:JUMPI
uniswapv2_factory_evm,1531,JUMP,unknown_dynamic,1523:SWAP1 1524:OP_a3 1525:POP 1526:POP 1527:SWAP3 1528:SWAP2 1529:POP 1530:POP 1531:JUMP
uniswapv2_factory_evm,1550,JUMPI,adjacent_push,1538:PUSH1 1540:PUSH1 1542:SHL 1543:SUB 1544:AND 1545:OP_33 1546:EQ 1547:PUSH2 1550:JUMPI
uniswapv2_factory_evm,1612,JUMP,adjacent_push,1600:SHL 1601:PUSH1 1603:DUP3 1604:ADD 1605:MSTORE 1606:PUSH1 1608:ADD 1609:PUSH2 1612:JUMP
uniswapv2_factory_evm,1645,JUMP,top_computed,1637:SWAP3 1638:AND 1639:SWAP2 1640:SWAP1 1641:SWAP2 1642:OR 1643:SWAP1 1644:SSTORE 1645:JUMP
uniswapv2_factory_evm,1658,JUMP,internal_return,1646:JUMPDEST 1647:PUSH2 1650:DUP1 1651:PUSH2 1654:DUP4 1655:OP_39 1656:ADD 1657:SWAP1 1658:JUMP
uniswapv2_factory_evm,1671,JUMPI,adjacent_push,1660:PUSH0 1661:PUSH1 1663:DUP3 1664:DUP5 1665:SUB 1666:OP_12 1667:ISZERO 1668:PUSH2 1671:JUMPI
uniswapv2_factory_evm,1681,JUMP,top_calldata,1673:DUP1 1674:OP_fd 1675:JUMPDEST 1676:POP 1677:CALLDATALOAD 1678:SWAP2 1679:SWAP1 1680:POP 1681:JUMP
uniswapv2_factory_evm,1700,JUMPI,adjacent_push,1689:PUSH1 1691:SHL 1692:SUB 1693:DUP2 1694:AND 1695:DUP2 1696:EQ 1697:PUSH2 1700:JUMPI
uniswapv2_factory_evm,1708,JUMP,unknown_dynamic,1700:JUMPI 1701:PUSH0 1702:DUP1 1703:OP_fd 1704:JUMPDEST 1705:SWAP2 1706:SWAP1 1707:POP 1708:JUMP
uniswapv2_factory_evm,1721,JUMPI,adjacent_push,1710:PUSH0 1711:PUSH1 1713:DUP3 1714:DUP5 1715:SUB 1716:OP_12 1717:ISZERO 1718:PUSH2 1721:JUMPI
uniswapv2_factory_evm,1733,JUMP,adjacent_push,1721:JUMPI 1722:PUSH0 1723:DUP1 1724:OP_fd 1725:JUMPDEST 1726:PUSH2 1729:DUP3 1730:PUSH2 1733:JUMP
uniswapv2_factory_evm,1740,JUMP,unknown_dynamic,1730:PUSH2 1733:JUMP 1734:JUMPDEST 1735:SWAP4 1736:SWAP3 1737:POP 1738:POP 1739:POP 1740:JUMP
uniswapv2_factory_evm,1754,JUMPI,adjacent_push,1743:DUP1 1744:PUSH1 1746:DUP4 1747:DUP6 1748:SUB 1749:OP_12 1750:ISZERO 1751:PUSH2 1754:JUMPI
uniswapv2_factory_evm,1766,JUMP,adjacent_push,1754:JUMPI 1755:PUSH0 1756:DUP1 1757:OP_fd 1758:JUMPDEST 1759:PUSH2 1762:DUP4 1763:PUSH2 1766:JUMP
uniswapv2_factory_evm,1780,JUMP,adjacent_push,1767:JUMPDEST 1768:SWAP2 1769:POP 1770:PUSH2 1773:PUSH1 1775:DUP5 1776:ADD 1777:PUSH2 1780:JUMP
uniswapv2_factory_evm,1789,JUMP,unknown_dynamic,1781:JUMPDEST 1782:SWAP1 1783:POP 1784:SWAP3 1785:POP 1786:SWAP3 1787:SWAP1 1788:POP 1789:JUMP
uniswapv2_factory_evm,1807,JUMPI,adjacent_push,1795:MSTORE 1796:PUSH1 1798:PUSH1 1800:SSTORE 1801:OP_34 1802:DUP1 1803:ISZERO 1804:PUSH2 1807:JUMPI
uniswapv2_factory_evm,2069,JUMPI,adjacent_push,2057:OP_fe 2058:PUSH1 2060:PUSH1 2062:MSTORE 2063:OP_34 2064:DUP1 2065:ISZERO 2066:PUSH2 2069:JUMPI
uniswapv2_factory_evm,2098,JUMPI,adjacent_push,2083:PUSH0 2084:CALLDATALOAD 2085:PUSH1 2087:SHR 2088:DUP1 2089:PUSH4 2094:GT 2095:PUSH2 2098:JUMPI
uniswapv2_factory_evm,2109,JUMPI,adjacent_push,2089:PUSH4 2094:GT 2095:PUSH2 2098:JUMPI 2099:DUP1 2100:PUSH4 2105:GT 2106:PUSH2 2109:JUMPI
uniswapv2_factory_evm,2120,JUMPI,adjacent_push,2100:PUSH4 2105:GT 2106:PUSH2 2109:JUMPI 2110:DUP1 2111:PUSH4 2116:GT 2117:PUSH2 2120:JUMPI
uniswapv2_factory_evm,2131,JUMPI,adjacent_push,2111:PUSH4 2116:GT 2117:PUSH2 2120:JUMPI 2121:DUP1 2122:PUSH4 2127:EQ 2128:PUSH2 2131:JUMPI
uniswapv2_factory_evm,2142,JUMPI,adjacent_push,2122:PUSH4 2127:EQ 2128:PUSH2 2131:JUMPI 2132:DUP1 2133:PUSH4 2138:EQ 2139:PUSH2 2142:JUMPI
uniswapv2_factory_evm,2153,JUMPI,adjacent_push,2133:PUSH4 2138:EQ 2139:PUSH2 2142:JUMPI 2143:DUP1 2144:PUSH4 2149:EQ 2150:PUSH2 2153:JUMPI
uniswapv2_factory_evm,2164,JUMPI,adjacent_push,2144:PUSH4 2149:EQ 2150:PUSH2 2153:JUMPI 2154:DUP1 2155:PUSH4 2160:EQ 2161:PUSH2 2164:JUMPI
uniswapv2_factory_evm,2179,JUMPI,adjacent_push,2165:PUSH0 2166:DUP1 2167:OP_fd 2168:JUMPDEST 2169:DUP1 2170:PUSH4 2175:EQ 2176:PUSH2 2179:JUMPI
uniswapv2_factory_evm,2190,JUMPI,adjacent_push,2170:PUSH4 2175:EQ 2176:PUSH2 2179:JUMPI 2180:DUP1 2181:PUSH4 2186:EQ 2187:PUSH2 2190:JUMPI
uniswapv2_factory_evm,2201,JUMPI,adjacent_push,2181:PUSH4 2186:EQ 2187:PUSH2 2190:JUMPI 2191:DUP1 2192:PUSH4 2197:EQ 2198:PUSH2 2201:JUMPI
uniswapv2_factory_evm,2216,JUMPI,adjacent_push,2202:PUSH0 2203:DUP1 2204:OP_fd 2205:JUMPDEST 2206:DUP1 2207:PUSH4 2212:GT 2213:PUSH2 2216:JUMPI
uniswapv2_factory_evm,2227,JUMPI,adjacent_push,2207:PUSH4 2212:GT 2213:PUSH2 2216:JUMPI 2217:DUP1 2218:PUSH4 2223:EQ 2224:PUSH2 2227:JUMPI
uniswapv2_factory_evm,2238,JUMPI,adjacent_push,2218:PUSH4 2223:EQ 2224:PUSH2 2227:JUMPI 2228:DUP1 2229:PUSH4 2234:EQ 2235:PUSH2 2238:JUMPI
uniswapv2_factory_evm,2249,JUMPI,adjacent_push,2229:PUSH4 2234:EQ 2235:PUSH2 2238:JUMPI 2239:DUP1 2240:PUSH4 2245:EQ 2246:PUSH2 2249:JUMPI
uniswapv2_factory_evm,2260,JUMPI,adjacent_push,2240:PUSH4 2245:EQ 2246:PUSH2 2249:JUMPI 2250:DUP1 2251:PUSH4 2256:EQ 2257:PUSH2 2260:JUMPI
uniswapv2_factory_evm,2275,JUMPI,adjacent_push,2261:PUSH0 2262:DUP1 2263:OP_fd 2264:JUMPDEST 2265:DUP1 2266:PUSH4 2271:EQ 2272:PUSH2 2275:JUMPI
uniswapv2_factory_evm,2286,JUMPI,adjacent_push,2266:PUSH4 2271:EQ 2272:PUSH2 2275:JUMPI 2276:DUP1 2277:PUSH4 2282:EQ 2283:PUSH2 2286:JUMPI
uniswapv2_factory_evm,2297,JUMPI,adjacent_push,2277:PUSH4 2282:EQ 2283:PUSH2 2286:JUMPI 2287:DUP1 2288:PUSH4 2293:EQ 2294:PUSH2 2297:JUMPI
uniswapv2_factory_evm,2312,JUMPI,adjacent_push,2298:PUSH0 2299:DUP1 2300:OP_fd 2301:JUMPDEST 2302:DUP1 2303:PUSH4 2308:GT 2309:PUSH2 2312:JUMPI
uniswapv2_factory_evm,2323,JUMPI,adjacent_push,2303:PUSH4 2308:GT 2309:PUSH2 2312:JUMPI 2313:DUP1 2314:PUSH4 2319:GT 2320:PUSH2 2323:JUMPI
uniswapv2_factory_evm,2334,JUMPI,adjacent_push,2314:PUSH4 2319:GT 2320:PUSH2 2323:JUMPI 2324:DUP1 2325:PUSH4 2330:EQ 2331:PUSH2 2334:JUMPI
uniswapv2_factory_evm,2345,JUMPI,adjacent_push,2325:PUSH4 2330:EQ 2331:PUSH2 2334:JUMPI 2335:DUP1 2336:PUSH4 2341:EQ 2342:PUSH2 2345:JUMPI
uniswapv2_factory_evm,2356,JUMPI,adjacent_push,2336:PUSH4 2341:EQ 2342:PUSH2 2345:JUMPI 2346:DUP1 2347:PUSH4 2352:EQ 2353:PUSH2 2356:JUMPI
uniswapv2_factory_evm,2367,JUMPI,adjacent_push,2347:PUSH4 2352:EQ 2353:PUSH2 2356:JUMPI 2357:DUP1 2358:PUSH4 2363:EQ 2364:PUSH2 2367:JUMPI
uniswapv2_factory_evm,2382,JUMPI,adjacent_push,2368:PUSH0 2369:DUP1 2370:OP_fd 2371:JUMPDEST 2372:DUP1 2373:PUSH4 2378:EQ 2379:PUSH2 2382:JUMPI
uniswapv2_factory_evm,2393,JUMPI,adjacent_push,2373:PUSH4 2378:EQ 2379:PUSH2 2382:JUMPI 2383:DUP1 2384:PUSH4 2389:EQ 2390:PUSH2 2393:JUMPI
uniswapv2_factory_evm,2404,JUMPI,adjacent_push,2384:PUSH4 2389:EQ 2390:PUSH2 2393:JUMPI 2394:DUP1 2395:PUSH4 2400:EQ 2401:PUSH2 2404:JUMPI
uniswapv2_factory_evm,2419,JUMPI,adjacent_push,2405:PUSH0 2406:DUP1 2407:OP_fd 2408:JUMPDEST 2409:DUP1 2410:PUSH4 2415:EQ 2416:PUSH2 2419:JUMPI
uniswapv2_factory_evm,2430,JUMPI,adjacent_push,2410:PUSH4 2415:EQ 2416:PUSH2 2419:JUMPI 2420:DUP1 2421:PUSH4 2426:EQ 2427:PUSH2 2430:JUMPI
uniswapv2_factory_evm,2441,JUMPI,adjacent_push,2421:PUSH4 2426:EQ 2427:PUSH2 2430:JUMPI 2431:DUP1 2432:PUSH4 2437:EQ 2438:PUSH2 2441:JUMPI
uniswapv2_factory_evm,2452,JUMPI,adjacent_push,2432:PUSH4 2437:EQ 2438:PUSH2 2441:JUMPI 2442:DUP1 2443:PUSH4 2448:EQ 2449:PUSH2 2452:JUMPI
uniswapv2_factory_evm,2463,JUMPI,adjacent_push,2443:PUSH4 2448:EQ 2449:PUSH2 2452:JUMPI 2453:DUP1 2454:PUSH4 2459:EQ 2460:PUSH2 2463:JUMPI
uniswapv2_factory_evm,2474,JUMPI,adjacent_push,2454:PUSH4 2459:EQ 2460:PUSH2 2463:JUMPI 2464:DUP1 2465:PUSH4 2470:EQ 2471:PUSH2 2474:JUMPI
uniswapv2_factory_evm,2492,JUMP,adjacent_push,2477:DUP1 2478:OP_fd 2479:JUMPDEST 2480:PUSH2 2483:PUSH2 2486:CALLDATASIZE 2487:PUSH1 2489:PUSH2 2492:JUMP
uniswapv2_factory_evm,2497,JUMP,adjacent_push,2480:PUSH2 2483:PUSH2 2486:CALLDATASIZE 2487:PUSH1 2489:PUSH2 2492:JUMP 2493:JUMPDEST 2494:PUSH2 2497:JUMP
uniswapv2_factory_evm,2540,JUMP,local_dup_push,2521:ADD 2522:PUSH10 2533:PUSH1 2535:SHL 2536:DUP2 2537:MSTORE 2538:POP 2539:DUP2 2540:JUMP
uniswapv2_factory_evm,2553,JUMP,adjacent_push,2540:JUMP 2541:JUMPDEST 2542:PUSH1 2544:MLOAD 2545:PUSH2 2548:SWAP2 2549:SWAP1 2550:PUSH2 2553:JUMP
uniswapv2_factory_evm,2570,JUMP,adjacent_push,2558:DUP1 2559:SWAP2 2560:SUB 2561:SWAP1 2562:OP_f3 2563:JUMPDEST 2564:PUSH2 2567:PUSH2 2570:JUMP
uniswapv2_factory_evm,2614,JUMP,adjacent_push,2603:AND 2604:SWAP1 2605:DUP3 2606:ADD 2607:MSTORE 2608:PUSH1 2610:ADD 2611:PUSH2 2614:JUMP
uniswapv2_factory_evm,2628,JUMP,adjacent_push,2611:PUSH2 2614:JUMP 2615:JUMPDEST 2616:PUSH2 2619:PUSH2 2622:CALLDATASIZE 2623:PUSH1 2625:PUSH2 2628:JUMP
uniswapv2_factory_evm,2633,JUMP,adjacent_push,2616:PUSH2 2619:PUSH2 2622:CALLDATASIZE 2623:PUSH1 2625:PUSH2 2628:JUMP 2629:JUMPDEST 2630:PUSH2 2633:JUMP
uniswapv2_factory_evm,2649,JUMP,adjacent_push,2638:SWAP1 2639:ISZERO 2640:ISZERO 2641:DUP2 2642:MSTORE 2643:PUSH1 2645:ADD 2646:PUSH2 2649:JUMP
uniswapv2_factory_evm,2668,JUMP,local_dup_push,2657:SWAP1 2658:PUSH1 2660:PUSH1 2662:PUSH1 2664:SHL 2665:SUB 2666:AND 2667:DUP2 2668:JUMP
uniswapv2_factory_evm,2692,JUMP,adjacent_push,2681:SWAP1 2682:SWAP2 2683:AND 2684:DUP2 2685:MSTORE 2686:PUSH1 2688:ADD 2689:PUSH2 2692:JUMP
uniswapv2_factory_evm,2700,JUMP,local_dup_push,2688:ADD 2689:PUSH2 2692:JUMP 2693:JUMPDEST 2694:PUSH2 2697:PUSH0 2698:SLOAD 2699:DUP2 2700:JUMP
uniswapv2_factory_evm,2714,JUMP,adjacent_push,2702:PUSH1 2704:MLOAD 2705:SWAP1 2706:DUP2 2707:MSTORE 2708:PUSH1 2710:ADD 2711:PUSH2 2714:JUMP
uniswapv2_factory_evm,2728,JUMP,adjacent_push,2711:PUSH2 2714:JUMP 2715:JUMPDEST 2716:PUSH2 2719:PUSH2 2722:CALLDATASIZE 2723:PUSH1 2725:PUSH2 2728:JUMP
uniswapv2_factory_evm,2733,JUMP,adjacent_push,2716:PUSH2 2719:PUSH2 2722:CALLDATASIZE 2723:PUSH1 2725:PUSH2 2728:JUMP 2729:JUMPDEST 2730:PUSH2 2733:JUMP
uniswapv2_factory_evm,2772,JUMP,local_dup_push,2728:JUMP 2729:JUMPDEST 2730:PUSH2 2733:JUMP 2734:JUMPDEST 2735:PUSH2 2738:PUSH32 2771:DUP2 2772:JUMP
uniswapv2_factory_evm,2780,JUMP,local_dup_push,2735:PUSH2 2738:PUSH32 2771:DUP2 2772:JUMP 2773:JUMPDEST 2774:PUSH2 2777:PUSH1 2779:DUP2 2780:JUMP
uniswapv2_factory_evm,2798,JUMP,adjacent_push,2787:SWAP1 2788:SWAP2 2789:AND 2790:DUP2 2791:MSTORE 2792:PUSH1 2794:ADD 2795:PUSH2 2798:JUMP
uniswapv2_factory_evm,2807,JUMP,local_dup_push,2794:ADD 2795:PUSH2 2798:JUMP 2799:JUMPDEST 2800:PUSH2 2803:PUSH1 2805:SLOAD 2806:DUP2 2807:JUMP
uniswapv2_factory_evm,2821,JUMP,adjacent_push,2806:DUP2 2807:JUMP 2808:JUMPDEST 2809:PUSH2 2812:PUSH2 2815:CALLDATASIZE 2816:PUSH1 2818:PUSH2 2821:JUMP
uniswapv2_factory_evm,2826,JUMP,adjacent_push,2809:PUSH2 2812:PUSH2 2815:CALLDATASIZE 2816:PUSH1 2818:PUSH2 2821:JUMP 2822:JUMPDEST 2823:PUSH2 2826:JUMP
uniswapv2_factory_evm,2835,JUMP,local_dup_push,2822:JUMPDEST 2823:PUSH2 2826:JUMP 2827:JUMPDEST 2828:PUSH2 2831:PUSH1 2833:SLOAD 2834:DUP2 2835:JUMP
uniswapv2_factory_evm,2844,JUMP,local_dup_push,2833:SLOAD 2834:DUP2 2835:JUMP 2836:JUMPDEST 2837:PUSH2 2840:PUSH1 2842:SLOAD 2843:DUP2 2844:JUMP
uniswapv2_factory_evm,2858,JUMP,adjacent_push,2843:DUP2 2844:JUMP 2845:JUMPDEST 2846:PUSH2 2849:PUSH2 2852:CALLDATASIZE 2853:PUSH1 2855:PUSH2 2858:JUMP
uniswapv2_factory_evm,2863,JUMP,adjacent_push,2846:PUSH2 2849:PUSH2 2852:CALLDATASIZE 2853:PUSH1 2855:PUSH2 2858:JUMP 2859:JUMPDEST 2860:PUSH2 2863:JUMP
uniswapv2_factory_evm,2877,JUMP,adjacent_push,2860:PUSH2 2863:JUMP 2864:JUMPDEST 2865:PUSH2 2868:PUSH2 2871:CALLDATASIZE 2872:PUSH1 2874:PUSH2 2877:JUMP
uniswapv2_factory_evm,2894,JUMP,local_dup_push,2885:SWAP1 2886:DUP2 2887:MSTORE 2888:PUSH1 2890:SWAP1 2891:SHA3 2892:SLOAD 2893:DUP2 2894:JUMP
uniswapv2_factory_evm,2903,JUMP,local_dup_push,2892:SLOAD 2893:DUP2 2894:JUMP 2895:JUMPDEST 2896:PUSH2 2899:PUSH1 2901:SLOAD 2902:DUP2 2903:JUMP
uniswapv2_factory_evm,2917,JUMP,adjacent_push,2902:DUP2 2903:JUMP 2904:JUMPDEST 2905:PUSH2 2908:PUSH2 2911:CALLDATASIZE 2912:PUSH1 2914:PUSH2 2917:JUMP
uniswapv2_factory_evm,2934,JUMP,local_dup_push,2925:SWAP1 2926:DUP2 2927:MSTORE 2928:PUSH1 2930:SWAP1 2931:SHA3 2932:SLOAD 2933:DUP2 2934:JUMP
uniswapv2_factory_evm,2948,JUMP,adjacent_push,2933:DUP2 2934:JUMP 2935:JUMPDEST 2936:PUSH2 2939:PUSH2 2942:CALLDATASIZE 2943:PUSH1 2945:PUSH2 2948:JUMP
uniswapv2_factory_evm,2953,JUMP,adjacent_push,2936:PUSH2 2939:PUSH2 2942:CALLDATASIZE 2943:PUSH1 2945:PUSH2 2948:JUMP 2949:JUMPDEST 2950:PUSH2 2953:JUMP
uniswapv2_factory_evm,2974,JUMP,adjacent_push,2964:DUP4 2965:ADD 2966:SWAP2 2967:SWAP1 2968:SWAP2 2969:MSTORE 2970:ADD 2971:PUSH2 2974:JUMP
uniswapv2_factory_evm,3011,JUMP,local_dup_push,2996:ADD 2997:PUSH6 3004:PUSH1 3006:SHL 3007:DUP2 3008:MSTORE 3009:POP 3010:DUP2 3011:JUMP
uniswapv2_factory_evm,3025,JUMP,adjacent_push,3010:DUP2 3011:JUMP 3012:JUMPDEST 3013:PUSH2 3016:PUSH2 3019:CALLDATASIZE 3020:PUSH1 3022:PUSH2 3025:JUMP
uniswapv2_factory_evm,3030,JUMP,adjacent_push,3013:PUSH2 3016:PUSH2 3019:CALLDATASIZE 3020:PUSH1 3022:PUSH2 3025:JUMP 3026:JUMPDEST 3027:PUSH2 3030:JUMP
uniswapv2_factory_evm,3039,JUMP,local_dup_push,3025:JUMP 3026:JUMPDEST 3027:PUSH2 3030:JUMP 3031:JUMPDEST 3032:PUSH2 3035:PUSH2 3038:DUP2 3039:JUMP
uniswapv2_factory_evm,3053,JUMP,adjacent_push,3038:DUP2 3039:JUMP 3040:JUMPDEST 3041:PUSH2 3044:PUSH2 3047:CALLDATASIZE 3048:PUSH1 3050:PUSH2 3053:JUMP
uniswapv2_factory_evm,3058,JUMP,adjacent_push,3041:PUSH2 3044:PUSH2 3047:CALLDATASIZE 3048:PUSH1 3050:PUSH2 3053:JUMP 3054:JUMPDEST 3055:PUSH2 3058:JUMP
uniswapv2_factory_evm,3077,JUMP,local_dup_push,3066:SWAP1 3067:PUSH1 3069:PUSH1 3071:PUSH1 3073:SHL 3074:SUB 3075:AND 3076:DUP2 3077:JUMP
uniswapv2_factory_evm,3096,JUMP,local_dup_push,3085:SWAP1 3086:PUSH1 3088:PUSH1 3090:PUSH1 3092:SHL 3093:SUB 3094:AND 3095:DUP2 3096:JUMP
uniswapv2_factory_evm,3110,JUMP,adjacent_push,3095:DUP2 3096:JUMP 3097:JUMPDEST 3098:PUSH2 3101:PUSH2 3104:CALLDATASIZE 3105:PUSH1 3107:PUSH2 3110:JUMP
uniswapv2_factory_evm,3115,JUMP,adjacent_push,3098:PUSH2 3101:PUSH2 3104:CALLDATASIZE 3105:PUSH1 3107:PUSH2 3110:JUMP 3111:JUMPDEST 3112:PUSH2 3115:JUMP
uniswapv2_factory_evm,3129,JUMP,adjacent_push,3112:PUSH2 3115:JUMP 3116:JUMPDEST 3117:PUSH2 3120:PUSH2 3123:CALLDATASIZE 3124:PUSH1 3126:PUSH2 3129:JUMP
uniswapv2_factory_evm,3157,JUMP,dup_target,3149:MSTORE 3150:SWAP1 3151:DUP3 3152:MSTORE 3153:SWAP1 3154:SHA3 3155:SLOAD 3156:DUP2 3157:JUMP
uniswapv2_factory_evm,3165,JUMP,adjacent_push,3153:SWAP1 3154:SHA3 3155:SLOAD 3156:DUP2 3157:JUMP 3158:JUMPDEST 3159:PUSH2 3162:PUSH2 3165:JUMP
uniswapv2_factory_evm,3176,JUMPI,adjacent_push,3162:PUSH2 3165:JUMP 3166:JUMPDEST 3167:PUSH1 3169:SLOAD 3170:PUSH1 3172:EQ 3173:PUSH2 3176:JUMPI
uniswapv2_factory_evm,3199,JUMP,adjacent_push,3186:SHL 3187:DUP2 3188:MSTORE 3189:PUSH1 3191:ADD 3192:PUSH2 3195:SWAP1 3196:PUSH2 3199:JUMP
uniswapv2_factory_evm,3221,JUMPI,adjacent_push,3210:PUSH0 3211:PUSH1 3213:SSTORE 3214:DUP5 3215:ISZERO 3216:ISZERO 3217:DUP1 3218:PUSH2 3221:JUMPI
uniswapv2_factory_evm,3230,JUMPI,adjacent_push,3218:PUSH2 3221:JUMPI 3222:POP 3223:PUSH0 3224:DUP5 3225:GT 3226:JUMPDEST 3227:PUSH2 3230:JUMPI
uniswapv2_factory_evm,3325,JUMP,adjacent_push,3311:ADD 3312:PUSH2 3315:JUMP 3316:JUMPDEST 3317:PUSH0 3318:DUP1 3319:PUSH2 3322:PUSH2 3325:JUMP
uniswapv2_factory_evm,3367,JUMPI,adjacent_push,3356:PUSH1 3358:SHL 3359:SUB 3360:AND 3361:DUP7 3362:LT 3363:JUMPDEST 3364:PUSH2 3367:JUMPI
uniswapv2_factory_evm,3486,JUMPI,adjacent_push,3476:DUP10 3477:AND 3478:DUP3 3479:EQ 3480:DUP1 3481:ISZERO 3482:SWAP1 3483:PUSH2 3486:JUMPI
uniswapv2_factory_evm,3514,JUMPI,adjacent_push,3503:PUSH1 3505:SHL 3506:SUB 3507:AND 3508:EQ 3509:ISZERO 3510:JUMPDEST 3511:PUSH2 3514:JUMPI
uniswapv2_factory_evm,3584,JUMPI,adjacent_push,3571:PUSH1 3573:ADD 3574:PUSH2 3577:JUMP 3578:JUMPDEST 3579:DUP11 3580:ISZERO 3581:PUSH2 3584:JUMPI
uniswapv2_factory_evm,3594,JUMP,adjacent_push,3580:ISZERO 3581:PUSH2 3584:JUMPI 3585:PUSH2 3588:DUP3 3589:DUP11 3590:DUP14 3591:PUSH2 3594:JUMP
uniswapv2_factory_evm,3601,JUMPI,adjacent_push,3589:DUP11 3590:DUP14 3591:PUSH2 3594:JUMP 3595:JUMPDEST 3596:DUP10 3597:ISZERO 3598:PUSH2 3601:JUMPI
uniswapv2_factory_evm,3611,JUMP,adjacent_push,3597:ISZERO 3598:PUSH2 3601:JUMPI 3602:PUSH2 3605:DUP2 3606:DUP11 3607:DUP13 3608:PUSH2 3611:JUMP
uniswapv2_factory_evm,3618,JUMPI,adjacent_push,3606:DUP11 3607:DUP13 3608:PUSH2 3611:JUMP 3612:JUMPDEST 3613:DUP7 3614:ISZERO 3615:PUSH2 3618:JUMPI
uniswapv2_factory_evm,3669,JUMP,adjacent_push,3658:SWAP1 3659:DUP15 3660:SWAP1 3661:DUP15 3662:SWAP1 3663:PUSH1 3665:ADD 3666:PUSH2 3669:JUMP
uniswapv2_factory_evm,3689,JUMPI,adjacent_push,3679:PUSH0 3680:DUP8 3681:DUP1 3682:OP_3b 3683:ISZERO 3684:DUP1 3685:ISZERO 3686:PUSH2 3689:JUMPI
uniswapv2_factory_evm,3703,JUMPI,adjacent_push,3693:JUMPDEST 3694:POP 3695:OP_5a 3696:OP_f1 3697:ISZERO 3698:DUP1 3699:ISZERO 3700:PUSH2 3703:JUMPI
uniswapv2_factory_evm,3774,JUMPI,adjacent_push,3764:DUP2 3765:DUP7 3766:OP_5a 3767:OP_fa 3768:ISZERO 3769:DUP1 3770:ISZERO 3771:PUSH2 3774:JUMPI
uniswapv2_factory_evm,3817,JUMP,adjacent_push,3805:POP 3806:DUP2 3807:ADD 3808:SWAP1 3809:PUSH2 3812:SWAP2 3813:SWAP1 3814:PUSH2 3817:JUMP
uniswapv2_factory_evm,3879,JUMPI,adjacent_push,3869:DUP2 3870:DUP7 3871:OP_5a 3872:OP_fa 3873:ISZERO 3874:DUP1 3875:ISZERO 3876:PUSH2 3879:JUMPI
uniswapv2_factory_evm,3922,JUMP,adjacent_push,3910:POP 3911:DUP2 3912:ADD 3913:SWAP1 3914:PUSH2 3917:SWAP2 3918:SWAP1 3919:PUSH2 3922:JUMP
uniswapv2_factory_evm,3948,JUMP,adjacent_push,3935:PUSH1 3937:SHL 3938:SUB 3939:AND 3940:PUSH2 3943:SWAP2 3944:SWAP1 3945:PUSH2 3948:JUMP
uniswapv2_factory_evm,3955,JUMPI,adjacent_push,3943:SWAP2 3944:SWAP1 3945:PUSH2 3948:JUMP 3949:JUMPDEST 3950:DUP4 3951:GT 3952:PUSH2 3955:JUMPI
uniswapv2_factory_evm,3960,JUMP,adjacent_push,3948:JUMP 3949:JUMPDEST 3950:DUP4 3951:GT 3952:PUSH2 3955:JUMPI 3956:PUSH0 3957:PUSH2 3960:JUMP
uniswapv2_factory_evm,3979,JUMP,adjacent_push,3966:PUSH1 3968:PUSH1 3970:PUSH1 3972:SHL 3973:SUB 3974:DUP8 3975:AND 3976:PUSH2 3979:JUMP
uniswapv2_factory_evm,3989,JUMP,adjacent_push,3975:AND 3976:PUSH2 3979:JUMP 3980:JUMPDEST 3981:PUSH2 3984:SWAP1 3985:DUP5 3986:PUSH2 3989:JUMP
uniswapv2_factory_evm,4011,JUMP,adjacent_push,3998:PUSH1 4000:PUSH1 4002:PUSH1 4004:SHL 4005:SUB 4006:DUP8 4007:AND 4008:PUSH2 4011:JUMP
uniswapv2_factory_evm,4018,JUMPI,adjacent_push,4006:DUP8 4007:AND 4008:PUSH2 4011:JUMP 4012:JUMPDEST 4013:DUP4 4014:GT 4015:PUSH2 4018:JUMPI
uniswapv2_factory_evm,4023,JUMP,adjacent_push,4011:JUMP 4012:JUMPDEST 4013:DUP4 4014:GT 4015:PUSH2 4018:JUMPI 4019:PUSH0 4020:PUSH2 4023:JUMP
uniswapv2_factory_evm,4042,JUMP,adjacent_push,4029:PUSH1 4031:PUSH1 4033:PUSH1 4035:SHL 4036:SUB 4037:DUP8 4038:AND 4039:PUSH2 4042:JUMP
uniswapv2_factory_evm,4052,JUMP,adjacent_push,4038:AND 4039:PUSH2 4042:JUMP 4043:JUMPDEST 4044:PUSH2 4047:SWAP1 4048:DUP5 4049:PUSH2 4052:JUMP
uniswapv2_factory_evm,4063,JUMPI,adjacent_push,4053:JUMPDEST 4054:SWAP1 4055:POP 4056:PUSH0 4057:DUP3 4058:GT 4059:DUP1 4060:PUSH2 4063:JUMPI
uniswapv2_factory_evm,4072,JUMPI,adjacent_push,4060:PUSH2 4063:JUMPI 4064:POP 4065:PUSH0 4066:DUP2 4067:GT 4068:JUMPDEST 4069:PUSH2 4072:JUMPI
uniswapv2_factory_evm,4167,JUMP,adjacent_push,4152:PUSH2 4155:JUMP 4156:JUMPDEST 4157:PUSH0 4158:PUSH2 4161:DUP4 4162:PUSH1 4164:PUSH2 4167:JUMP
uniswapv2_factory_evm,4179,JUMP,adjacent_push,4162:PUSH1 4164:PUSH2 4167:JUMP 4168:JUMPDEST 4169:PUSH2 4172:DUP7 4173:PUSH2 4176:PUSH2 4179:JUMP
uniswapv2_factory_evm,4189,JUMP,adjacent_push,4173:PUSH2 4176:PUSH2 4179:JUMP 4180:JUMPDEST 4181:PUSH2 4184:SWAP2 4185:SWAP1 4186:PUSH2 4189:JUMP
uniswapv2_factory_evm,4203,JUMP,adjacent_push,4190:JUMPDEST 4191:SWAP1 4192:POP 4193:PUSH0 4194:PUSH2 4197:DUP4 4198:PUSH1 4200:PUSH2 4203:JUMP
uniswapv2_factory_evm,4215,JUMP,adjacent_push,4198:PUSH1 4200:PUSH2 4203:JUMP 4204:JUMPDEST 4205:PUSH2 4208:DUP7 4209:PUSH2 4212:PUSH2 4215:JUMP
uniswapv2_factory_evm,4225,JUMP,adjacent_push,4209:PUSH2 4212:PUSH2 4215:JUMP 4216:JUMPDEST 4217:PUSH2 4220:SWAP2 4221:SWAP1 4222:PUSH2 4225:JUMP
uniswapv2_factory_evm,4249,JUMP,adjacent_push,4239:SUB 4240:DUP1 4241:DUP10 4242:AND 4243:SWAP1 4244:DUP11 4245:AND 4246:PUSH2 4249:JUMP
uniswapv2_factory_evm,4262,JUMP,adjacent_push,4245:AND 4246:PUSH2 4249:JUMP 4250:JUMPDEST 4251:PUSH2 4254:SWAP1 4255:PUSH3 4259:PUSH2 4262:JUMP
uniswapv2_factory_evm,4272,JUMP,adjacent_push,4255:PUSH3 4259:PUSH2 4262:JUMP 4263:JUMPDEST 4264:PUSH2 4267:DUP3 4268:DUP5 4269:PUSH2 4272:JUMP
uniswapv2_factory_evm,4279,JUMPI,adjacent_push,4267:DUP3 4268:DUP5 4269:PUSH2 4272:JUMP 4273:JUMPDEST 4274:LT 4275:ISZERO 4276:PUSH2 4279:JUMPI
uniswapv2_factory_evm,4347,JUMP,adjacent_push,4335:POP 4336:POP 4337:PUSH2 4340:DUP5 4341:DUP5 4342:DUP9 4343:DUP9 4344:PUSH2 4347:JUMP
uniswapv2_factory_evm,4450,JUMP,unknown_dynamic,4442:POP 4443:POP 4444:POP 4445:POP 4446:POP 4447:POP 4448:POP 4449:POP 4450:JUMP
uniswapv2_factory_evm,4492,JUMP,internal_return,4478:PUSH1 4480:PUSH1 4482:SHL 4483:SWAP1 4484:OP_04 4485:PUSH4 4490:AND 4491:SWAP1 4492:JUMP
uniswapv2_factory_evm,4504,JUMP,adjacent_push,4492:JUMP 4493:JUMPDEST 4494:PUSH0 4495:PUSH2 4498:OP_33 4499:DUP5 4500:DUP5 4501:PUSH2 4504:JUMP
uniswapv2_factory_evm,4514,JUMP,unknown_dynamic,4505:JUMPDEST 4506:POP 4507:PUSH1 4509:JUMPDEST 4510:SWAP3 4511:SWAP2 4512:POP 4513:POP 4514:JUMP
uniswapv2_factory_evm,4557,JUMPI,adjacent_push,4547:MSTORE 4548:DUP2 4549:SHA3 4550:SLOAD 4551:PUSH0 4552:NOT 4553:EQ 4554:PUSH2 4557:JUMPI
uniswapv2_factory_evm,4606,JUMP,adjacent_push,4594:DUP5 4595:SWAP3 4596:SWAP1 4597:PUSH2 4600:SWAP1 4601:DUP5 4602:SWAP1 4603:PUSH2 4606:JUMP
uniswapv2_factory_evm,4623,JUMP,adjacent_push,4611:POP 4612:POP 4613:JUMPDEST 4614:PUSH2 4617:DUP5 4618:DUP5 4619:DUP5 4620:PUSH2 4623:JUMP
uniswapv2_factory_evm,4633,JUMP,unknown_dynamic,4624:JUMPDEST 4625:POP 4626:PUSH1 4628:SWAP4 4629:SWAP3 4630:POP 4631:POP 4632:POP 4633:JUMP
uniswapv2_factory_evm,4652,JUMPI,adjacent_push,4640:PUSH1 4642:PUSH1 4644:SHL 4645:SUB 4646:AND 4647:OP_33 4648:EQ 4649:PUSH2 4652:JUMPI
uniswapv2_factory_evm,4760,JUMP,top_computed,4752:SWAP1 4753:SWAP4 4754:AND 4755:SWAP2 4756:AND 4757:OR 4758:SWAP1 4759:SSTORE 4760:JUMP
uniswapv2_factory_evm,4772,JUMPI,adjacent_push,4760:JUMP 4761:JUMPDEST 4762:PUSH0 4763:PUSH1 4765:SLOAD 4766:PUSH1 4768:EQ 4769:PUSH2 4772:JUMPI
uniswapv2_factory_evm,4795,JUMP,adjacent_push,4782:SHL 4783:DUP2 4784:MSTORE 4785:PUSH1 4787:ADD 4788:PUSH2 4791:SWAP1 4792:PUSH2 4795:JUMP
uniswapv2_factory_evm,4810,JUMP,adjacent_push,4797:PUSH0 4798:PUSH1 4800:DUP2 4801:SWAP1 4802:SSTORE 4803:DUP1 4804:PUSH2 4807:PUSH2 4810:JUMP
uniswapv2_factory_evm,4882,JUMPI,adjacent_push,4872:DUP2 4873:DUP7 4874:OP_5a 4875:OP_fa 4876:ISZERO 4877:DUP1 4878:ISZERO 4879:PUSH2 4882:JUMPI
uniswapv2_factory_evm,4925,JUMP,adjacent_push,4913:POP 4914:DUP2 4915:ADD 4916:SWAP1 4917:PUSH2 4920:SWAP2 4921:SWAP1 4922:PUSH2 4925:JUMP
uniswapv2_factory_evm,4993,JUMPI,adjacent_push,4983:DUP2 4984:DUP7 4985:OP_5a 4986:OP_fa 4987:ISZERO 4988:DUP1 4989:ISZERO 4990:PUSH2 4993:JUMPI
uniswapv2_factory_evm,5036,JUMP,adjacent_push,5024:POP 5025:DUP2 5026:ADD 5027:SWAP1 5028:PUSH2 5031:SWAP2 5032:SWAP1 5033:PUSH2 5036:JUMP
uniswapv2_factory_evm,5058,JUMP,adjacent_push,5046:PUSH1 5048:PUSH1 5050:SHL 5051:SUB 5052:DUP7 5053:AND 5054:DUP5 5055:PUSH2 5058:JUMP
uniswapv2_factory_evm,5080,JUMP,adjacent_push,5068:PUSH1 5070:PUSH1 5072:SHL 5073:SUB 5074:DUP7 5075:AND 5076:DUP5 5077:PUSH2 5080:JUMP
uniswapv2_factory_evm,5093,JUMP,adjacent_push,5081:JUMPDEST 5082:SWAP1 5083:POP 5084:PUSH0 5085:PUSH2 5088:DUP8 5089:DUP8 5090:PUSH2 5093:JUMP
uniswapv2_factory_evm,5107,JUMPI,adjacent_push,5097:SLOAD 5098:SWAP2 5099:SWAP3 5100:POP 5101:DUP2 5102:SWAP1 5103:SUB 5104:PUSH2 5107:JUMPI
uniswapv2_factory_evm,5122,JUMP,adjacent_push,5104:PUSH2 5107:JUMPI 5108:PUSH2 5111:PUSH2 5114:PUSH2 5117:DUP6 5118:DUP8 5119:PUSH2 5122:JUMP
uniswapv2_factory_evm,5127,JUMP,adjacent_push,5111:PUSH2 5114:PUSH2 5117:DUP6 5118:DUP8 5119:PUSH2 5122:JUMP 5123:JUMPDEST 5124:PUSH2 5127:JUMP
uniswapv2_factory_evm,5137,JUMP,adjacent_push,5123:JUMPDEST 5124:PUSH2 5127:JUMP 5128:JUMPDEST 5129:PUSH2 5132:SWAP2 5133:SWAP1 5134:PUSH2 5137:JUMP
uniswapv2_factory_evm,5151,JUMP,adjacent_push,5137:JUMP 5138:JUMPDEST 5139:SWAP9 5140:POP 5141:PUSH2 5144:PUSH0 5145:PUSH2 5148:PUSH2 5151:JUMP
uniswapv2_factory_evm,5156,JUMP,adjacent_push,5140:POP 5141:PUSH2 5144:PUSH0 5145:PUSH2 5148:PUSH2 5151:JUMP 5152:JUMPDEST 5153:PUSH2 5156:JUMP
uniswapv2_factory_evm,5179,JUMP,adjacent_push,5167:SHL 5168:SUB 5169:DUP10 5170:AND 5171:PUSH2 5174:DUP4 5175:DUP8 5176:PUSH2 5179:JUMP
uniswapv2_factory_evm,5189,JUMP,adjacent_push,5175:DUP8 5176:PUSH2 5179:JUMP 5180:JUMPDEST 5181:PUSH2 5184:SWAP2 5185:SWAP1 5186:PUSH2 5189:JUMP
uniswapv2_factory_evm,5209,JUMP,adjacent_push,5197:SHL 5198:SUB 5199:DUP10 5200:AND 5201:PUSH2 5204:DUP5 5205:DUP8 5206:PUSH2 5209:JUMP
uniswapv2_factory_evm,5219,JUMP,adjacent_push,5205:DUP8 5206:PUSH2 5209:JUMP 5210:JUMPDEST 5211:PUSH2 5214:SWAP2 5215:SWAP1 5216:PUSH2 5219:JUMP
uniswapv2_factory_evm,5224,JUMP,adjacent_push,5210:JUMPDEST 5211:PUSH2 5214:SWAP2 5215:SWAP1 5216:PUSH2 5219:JUMP 5220:JUMPDEST 5221:PUSH2 5224:JUMP
uniswapv2_factory_evm,5235,JUMPI,adjacent_push,5225:JUMPDEST 5226:SWAP9 5227:POP 5228:JUMPDEST 5229:PUSH0 5230:DUP10 5231:GT 5232:PUSH2 5235:JUMPI
uniswapv2_factory_evm,5333,JUMP,adjacent_push,5319:ADD 5320:PUSH2 5323:JUMP 5324:JUMPDEST 5325:PUSH2 5328:DUP11 5329:DUP11 5330:PUSH2 5333:JUMP
uniswapv2_factory_evm,5345,JUMP,adjacent_push,5333:JUMP 5334:JUMPDEST 5335:PUSH2 5338:DUP7 5339:DUP7 5340:DUP11 5341:DUP11 5342:PUSH2 5345:JUMP
uniswapv2_factory_evm,5352,JUMPI,adjacent_push,5340:DUP11 5341:DUP11 5342:PUSH2 5345:JUMP 5346:JUMPDEST 5347:DUP2 5348:ISZERO 5349:PUSH2 5352:JUMPI
uniswapv2_factory_evm,5382,JUMP,adjacent_push,5372:SHL 5373:DUP3 5374:OP_04 5375:DUP2 5376:AND 5377:SWAP2 5378:AND 5379:PUSH2 5382:JUMP
uniswapv2_factory_evm,5464,JUMP,unknown_dynamic,5456:SWAP7 5457:SWAP6 5458:POP 5459:POP 5460:POP 5461:POP 5462:POP 5463:POP 5464:JUMP
uniswapv2_factory_evm,5477,JUMPI,adjacent_push,5465:JUMPDEST 5466:PUSH0 5467:DUP1 5468:PUSH1 5470:SLOAD 5471:PUSH1 5473:EQ 5474:PUSH2 5477:JUMPI
uniswapv2_factory_evm,5500,JUMP,adjacent_push,5487:SHL 5488:DUP2 5489:MSTORE 5490:PUSH1 5492:ADD 5493:PUSH2 5496:SWAP1 5497:PUSH2 5500:JUMP
uniswapv2_factory_evm,5515,JUMP,adjacent_push,5502:PUSH0 5503:PUSH1 5505:DUP2 5506:SWAP1 5507:SSTORE 5508:DUP1 5509:PUSH2 5512:PUSH2 5515:JUMP
uniswapv2_factory_evm,5595,JUMPI,adjacent_push,5585:DUP2 5586:DUP7 5587:OP_5a 5588:OP_fa 5589:ISZERO 5590:DUP1 5591:ISZERO 5592:PUSH2 5595:JUMPI
uniswapv2_factory_evm,5638,JUMP,adjacent_push,5626:POP 5627:DUP2 5628:ADD 5629:SWAP1 5630:PUSH2 5633:SWAP2 5634:SWAP1 5635:PUSH2 5638:JUMP
uniswapv2_factory_evm,5702,JUMPI,adjacent_push,5692:DUP2 5693:DUP7 5694:OP_5a 5695:OP_fa 5696:ISZERO 5697:DUP1 5698:ISZERO 5699:PUSH2 5702:JUMPI
uniswapv2_factory_evm,5745,JUMP,adjacent_push,5733:POP 5734:DUP2 5735:ADD 5736:SWAP1 5737:PUSH2 5740:SWAP2 5741:SWAP1 5742:PUSH2 5745:JUMP
uniswapv2_factory_evm,5773,JUMP,adjacent_push,5761:SLOAD 5762:SWAP2 5763:SWAP3 5764:POP 5765:PUSH2 5768:DUP9 5769:DUP9 5770:PUSH2 5773:JUMP
uniswapv2_factory_evm,5789,JUMP,adjacent_push,5777:SWAP1 5778:SWAP2 5779:POP 5780:DUP1 5781:PUSH2 5784:DUP7 5785:DUP6 5786:PUSH2 5789:JUMP
uniswapv2_factory_evm,5799,JUMP,adjacent_push,5785:DUP6 5786:PUSH2 5789:JUMP 5790:JUMPDEST 5791:PUSH2 5794:SWAP2 5795:SWAP1 5796:PUSH2 5799:JUMP
uniswapv2_factory_evm,5812,JUMP,adjacent_push,5800:JUMPDEST 5801:SWAP11 5802:POP 5803:DUP1 5804:PUSH2 5807:DUP6 5808:DUP6 5809:PUSH2 5812:JUMP
uniswapv2_factory_evm,5822,JUMP,adjacent_push,5808:DUP6 5809:PUSH2 5812:JUMP 5813:JUMPDEST 5814:PUSH2 5817:SWAP2 5818:SWAP1 5819:PUSH2 5822:JUMP
uniswapv2_factory_evm,5834,JUMPI,adjacent_push,5824:SWAP10 5825:POP 5826:PUSH0 5827:DUP12 5828:GT 5829:DUP1 5830:ISZERO 5831:PUSH2 5834:JUMPI
uniswapv2_factory_evm,5843,JUMPI,adjacent_push,5831:PUSH2 5834:JUMPI 5835:POP 5836:PUSH0 5837:DUP11 5838:GT 5839:JUMPDEST 5840:PUSH2 5843:JUMPI
uniswapv2_factory_evm,5941,JUMP,adjacent_push,5927:ADD 5928:PUSH2 5931:JUMP 5932:JUMPDEST 5933:PUSH2 5936:OP_30 5937:DUP5 5938:PUSH2 5941:JUMP
uniswapv2_factory_evm,5952,JUMP,adjacent_push,5938:PUSH2 5941:JUMP 5942:JUMPDEST 5943:PUSH2 5946:DUP8 5947:DUP14 5948:DUP14 5949:PUSH2 5952:JUMP
uniswapv2_factory_evm,5963,JUMP,adjacent_push,5949:PUSH2 5952:JUMP 5953:JUMPDEST 5954:PUSH2 5957:DUP7 5958:DUP14 5959:DUP13 5960:PUSH2 5963:JUMP
uniswapv2_factory_evm,6022,JUMPI,adjacent_push,6012:DUP2 6013:DUP7 6014:OP_5a 6015:OP_fa 6016:ISZERO 6017:DUP1 6018:ISZERO 6019:PUSH2 6022:JUMPI
uniswapv2_factory_evm,6065,JUMP,adjacent_push,6053:POP 6054:DUP2 6055:ADD 6056:SWAP1 6057:PUSH2 6060:SWAP2 6061:SWAP1 6062:PUSH2 6065:JUMP
uniswapv2_factory_evm,6127,JUMPI,adjacent_push,6117:DUP2 6118:DUP7 6119:OP_5a 6120:OP_fa 6121:ISZERO 6122:DUP1 6123:ISZERO 6124:PUSH2 6127:JUMPI
uniswapv2_factory_evm,6170,JUMP,adjacent_push,6158:POP 6159:DUP2 6160:ADD 6161:SWAP1 6162:PUSH2 6165:SWAP2 6166:SWAP1 6167:PUSH2 6170:JUMP
uniswapv2_factory_evm,6184,JUMP,adjacent_push,6172:SWAP4 6173:POP 6174:PUSH2 6177:DUP6 6178:DUP6 6179:DUP12 6180:DUP12 6181:PUSH2 6184:JUMP
uniswapv2_factory_evm,6221,JUMP,adjacent_push,6211:SHL 6212:DUP3 6213:OP_04 6214:DUP2 6215:AND 6216:SWAP2 6217:AND 6218:PUSH2 6221:JUMP
uniswapv2_factory_evm,6317,JUMP,internal_return,6308:PUSH1 6310:DUP2 6311:SWAP1 6312:SSTORE 6313:POP 6314:SWAP2 6315:POP 6316:SWAP2 6317:JUMP
uniswapv2_factory_evm,6329,JUMP,adjacent_push,6317:JUMP 6318:JUMPDEST 6319:PUSH0 6320:PUSH2 6323:OP_33 6324:DUP5 6325:DUP5 6326:PUSH2 6329:JUMP
uniswapv2_factory_evm,6340,JUMPI,adjacent_push,6326:PUSH2 6329:JUMP 6330:JUMPDEST 6331:PUSH1 6333:SLOAD 6334:PUSH1 6336:EQ 6337:PUSH2 6340:JUMPI
uniswapv2_factory_evm,6363,JUMP,adjacent_push,6350:SHL 6351:DUP2 6352:MSTORE 6353:PUSH1 6355:ADD 6356:PUSH2 6359:SWAP1 6360:PUSH2 6363:JUMP
uniswapv2_factory_evm,6461,JUMPI,adjacent_push,6451:DUP2 6452:DUP7 6453:OP_5a 6454:OP_fa 6455:ISZERO 6456:DUP1 6457:ISZERO 6458:PUSH2 6461:JUMPI
uniswapv2_factory_evm,6504,JUMP,adjacent_push,6492:POP 6493:DUP2 6494:ADD 6495:SWAP1 6496:PUSH2 6499:SWAP2 6500:SWAP1 6501:PUSH2 6504:JUMP
uniswapv2_factory_evm,6514,JUMP,adjacent_push,6500:SWAP1 6501:PUSH2 6504:JUMP 6505:JUMPDEST 6506:PUSH2 6509:SWAP2 6510:SWAP1 6511:PUSH2 6514:JUMP
uniswapv2_factory_evm,6519,JUMP,adjacent_push,6505:JUMPDEST 6506:PUSH2 6509:SWAP2 6510:SWAP1 6511:PUSH2 6514:JUMP 6515:JUMPDEST 6516:PUSH2 6519:JUMP
uniswapv2_factory_evm,6591,JUMP,adjacent_push,6576:DUP5 6577:AND 6578:SWAP1 6579:PUSH4 6584:SWAP1 6585:PUSH1 6587:ADD 6588:PUSH2 6591:JUMP
uniswapv2_factory_evm,6601,JUMP,unknown_dynamic,6591:JUMP 6592:JUMPDEST 6593:POP 6594:POP 6595:PUSH1 6597:PUSH1 6599:SSTORE 6600:POP 6601:JUMP
uniswapv2_factory_evm,6752,JUMP,adjacent_push,6740:SWAP2 6741:DUP12 6742:SWAP2 6743:SWAP1 6744:DUP8 6745:PUSH2 6748:DUP4 6749:PUSH2 6752:JUMP
uniswapv2_factory_evm,6873,JUMP,internal_return,6863:MSTORE 6864:PUSH1 6866:DUP3 6867:ADD 6868:MSTORE 6869:PUSH1 6871:ADD 6872:SWAP1 6873:JUMP
uniswapv2_factory_evm,6970,JUMPI,adjacent_push,6960:SWAP1 6961:DUP6 6962:OP_5a 6963:OP_fa 6964:ISZERO 6965:DUP1 6966:ISZERO 6967:PUSH2 6970:JUMPI
uniswapv2_factory_evm,7009,JUMPI,adjacent_push,6999:SUB 7000:DUP2 7001:AND 7002:ISZERO 7003:DUP1 7004:ISZERO 7005:SWAP1 7006:PUSH2 7009:JUMPI
uniswapv2_factory_evm,7036,JUMPI,adjacent_push,7024:PUSH1 7026:PUSH1 7028:SHL 7029:SUB 7030:AND 7031:EQ 7032:JUMPDEST 7033:PUSH2 7036:JUMPI
uniswapv2_factory_evm,7118,JUMP,adjacent_push,7104:PUSH2 7107:JUMP 7108:JUMPDEST 7109:PUSH2 7112:DUP10 7113:DUP10 7114:DUP10 7115:PUSH2 7118:JUMP
uniswapv2_factory_evm,7129,JUMP,unknown_dynamic,7121:POP 7122:POP 7123:POP 7124:POP 7125:POP 7126:POP 7127:POP 7128:POP 7129:JUMP
uniswapv2_factory_evm,7140,JUMPI,adjacent_push,7128:POP 7129:JUMP 7130:JUMPDEST 7131:PUSH1 7133:SLOAD 7134:PUSH1 7136:EQ 7137:PUSH2 7140:JUMPI
uniswapv2_factory_evm,7163,JUMP,adjacent_push,7150:SHL 7151:DUP2 7152:MSTORE 7153:PUSH1 7155:ADD 7156:PUSH2 7159:SWAP1 7160:PUSH2 7163:JUMP
uniswapv2_factory_evm,7232,JUMPI,adjacent_push,7222:DUP2 7223:DUP7 7224:OP_5a 7225:OP_fa 7226:ISZERO 7227:DUP1 7228:ISZERO 7229:PUSH2 7232:JUMPI
uniswapv2_factory_evm,7275,JUMP,adjacent_push,7263:POP 7264:DUP2 7265:ADD 7266:SWAP1 7267:PUSH2 7270:SWAP2 7271:SWAP1 7272:PUSH2 7275:JUMP
uniswapv2_factory_evm,7338,JUMPI,adjacent_push,7328:DUP2 7329:DUP7 7330:OP_5a 7331:OP_fa 7332:ISZERO 7333:DUP1 7334:ISZERO 7335:PUSH2 7338:JUMPI
uniswapv2_factory_evm,7381,JUMP,adjacent_push,7369:POP 7370:DUP2 7371:ADD 7372:SWAP1 7373:PUSH2 7376:SWAP2 7377:SWAP1 7378:PUSH2 7381:JUMP
uniswapv2_factory_evm,7409,JUMP,adjacent_push,7397:SWAP2 7398:PUSH1 7400:PUSH1 7402:SHL 7403:SWAP1 7404:OP_04 7405:AND 7406:PUSH2 7409:JUMP
uniswapv2_factory_evm,7416,JUMP,unknown_dynamic,7404:OP_04 7405:AND 7406:PUSH2 7409:JUMP 7410:JUMPDEST 7411:PUSH1 7413:PUSH1 7415:SSTORE 7416:JUMP
uniswapv2_factory_evm,7507,JUMP,adjacent_push,7495:SWAP1 7496:DUP8 7497:AND 7498:SWAP2 7499:PUSH2 7502:SWAP2 7503:SWAP1 7504:PUSH2 7507:JUMP
uniswapv2_factory_evm,7532,JUMPI,adjacent_push,7522:POP 7523:POP 7524:OP_3d 7525:DUP1 7526:PUSH0 7527:DUP2 7528:EQ 7529:PUSH2 7532:JUMPI
uniswapv2_factory_evm,7564,JUMP,adjacent_push,7553:MSTORE 7554:OP_3d 7555:PUSH0 7556:PUSH1 7558:DUP5 7559:ADD 7560:OP_3e 7561:PUSH2 7564:JUMP
uniswapv2_factory_evm,7582,JUMPI,adjacent_push,7572:SWAP2 7573:POP 7574:SWAP2 7575:POP 7576:DUP2 7577:DUP1 7578:ISZERO 7579:PUSH2 7582:JUMPI
uniswapv2_factory_evm,7591,JUMPI,adjacent_push,7579:PUSH2 7582:JUMPI 7583:POP 7584:DUP1 7585:MLOAD 7586:ISZERO 7587:DUP1 7588:PUSH2 7591:JUMPI
uniswapv2_factory_evm,7611,JUMP,adjacent_push,7599:MLOAD 7600:DUP2 7601:ADD 7602:SWAP1 7603:PUSH2 7606:SWAP2 7607:SWAP1 7608:PUSH2 7611:JUMP
uniswapv2_factory_evm,7616,JUMPI,adjacent_push,7602:SWAP1 7603:PUSH2 7606:SWAP2 7607:SWAP1 7608:PUSH2 7611:JUMP 7612:JUMPDEST 7613:PUSH2 7616:JUMPI
uniswapv2_factory_evm,7694,JUMP,unknown_dynamic,7684:PUSH2 7687:JUMP 7688:JUMPDEST 7689:POP 7690:POP 7691:POP 7692:POP 7693:POP 7694:JUMP
uniswapv2_factory_evm,7712,JUMPI,adjacent_push,7702:SHL 7703:SUB 7704:DUP5 7705:GT 7706:DUP1 7707:ISZERO 7708:SWAP1 7709:PUSH2 7712:JUMPI
uniswapv2_factory_evm,7729,JUMPI,adjacent_push,7718:PUSH1 7720:SHL 7721:SUB 7722:DUP4 7723:GT 7724:ISZERO 7725:JUMPDEST 7726:PUSH2 7729:JUMPI
uniswapv2_factory_evm,7806,JUMP,adjacent_push,7787:PUSH2 7790:JUMP 7791:JUMPDEST 7792:PUSH0 7793:PUSH2 7796:PUSH5 7802:OP_42 7803:PUSH2 7806:JUMP
uniswapv2_factory_evm,7841,JUMPI,adjacent_push,7831:SWAP1 7832:DUP2 7833:AND 7834:ISZERO 7835:DUP1 7836:ISZERO 7837:SWAP1 7838:PUSH2 7841:JUMPI
uniswapv2_factory_evm,7861,JUMPI,adjacent_push,7851:DUP5 7852:AND 7853:ISZERO 7854:ISZERO 7855:JUMPDEST 7856:DUP1 7857:ISZERO 7858:PUSH2 7861:JUMPI
uniswapv2_factory_evm,7880,JUMPI,adjacent_push,7870:SUB 7871:DUP4 7872:AND 7873:ISZERO 7874:ISZERO 7875:JUMPDEST 7876:ISZERO 7877:PUSH2 7880:JUMPI
uniswapv2_factory_evm,7899,JUMP,adjacent_push,7881:DUP1 7882:PUSH4 7887:AND 7888:PUSH2 7891:DUP6 7892:PUSH2 7895:DUP7 7896:PUSH2 7899:JUMP
uniswapv2_factory_evm,7914,JUMP,adjacent_push,7901:PUSH1 7903:PUSH1 7905:PUSH1 7907:SHL 7908:SUB 7909:AND 7910:SWAP1 7911:PUSH2 7914:JUMP
uniswapv2_factory_evm,7957,JUMP,adjacent_push,7939:PUSH4 7944:DUP2 7945:AND 7946:PUSH2 7949:DUP5 7950:PUSH2 7953:DUP8 7954:PUSH2 7957:JUMP
uniswapv2_factory_evm,8133,JUMP,unknown_dynamic,8125:SUB 8126:SWAP1 8127:OP_a1 8128:POP 8129:POP 8130:POP 8131:POP 8132:POP 8133:JUMP
uniswapv2_factory_evm,8230,JUMP,unknown_dynamic,8222:DUP1 8223:SWAP2 8224:SUB 8225:SWAP1 8226:OP_a3 8227:POP 8228:POP 8229:POP 8230:JUMP
uniswapv2_factory_evm,8269,JUMP,adjacent_push,8257:DUP4 8258:SWAP3 8259:SWAP1 8260:PUSH2 8263:SWAP1 8264:DUP5 8265:SWAP1 8266:PUSH2 8269:JUMP
uniswapv2_factory_evm,8313,JUMP,adjacent_push,8301:DUP4 8302:SWAP3 8303:SWAP1 8304:PUSH2 8307:SWAP1 8308:DUP5 8309:SWAP1 8310:PUSH2 8313:JUMP
uniswapv2_factory_evm,8389,JUMP,internal_return,8378:MLOAD 8379:PUSH2 8382:SWAP2 8383:DUP2 8384:MSTORE 8385:PUSH1 8387:ADD 8388:SWAP1 8389:JUMP
uniswapv2_factory_evm,8464,JUMPI,adjacent_push,8454:DUP2 8455:DUP7 8456:OP_5a 8457:OP_fa 8458:ISZERO 8459:DUP1 8460:ISZERO 8461:PUSH2 8464:JUMPI
uniswapv2_factory_evm,8507,JUMP,adjacent_push,8495:POP 8496:DUP2 8497:ADD 8498:SWAP1 8499:PUSH2 8502:SWAP2 8503:SWAP1 8504:PUSH2 8507:JUMP
uniswapv2_factory_evm,8534,JUMPI,adjacent_push,8524:ISZERO 8525:SWAP5 8526:POP 8527:SWAP2 8528:SWAP3 8529:POP 8530:SWAP1 8531:PUSH2 8534:JUMPI
uniswapv2_factory_evm,8540,JUMPI,adjacent_push,8528:SWAP3 8529:POP 8530:SWAP1 8531:PUSH2 8534:JUMPI 8535:DUP1 8536:ISZERO 8537:PUSH2 8540:JUMPI
uniswapv2_factory_evm,8565,JUMP,adjacent_push,8555:SUB 8556:DUP1 8557:DUP9 8558:AND 8559:SWAP1 8560:DUP10 8561:AND 8562:PUSH2 8565:JUMP
uniswapv2_factory_evm,8577,JUMP,adjacent_push,8565:JUMP 8566:JUMPDEST 8567:SWAP1 8568:POP 8569:PUSH0 8570:PUSH2 8573:DUP4 8574:PUSH2 8577:JUMP
uniswapv2_factory_evm,8588,JUMPI,adjacent_push,8578:JUMPDEST 8579:SWAP1 8580:POP 8581:DUP1 8582:DUP3 8583:GT 8584:ISZERO 8585:PUSH2 8588:JUMPI
uniswapv2_factory_evm,8598,JUMP,adjacent_push,8584:ISZERO 8585:PUSH2 8588:JUMPI 8589:PUSH0 8590:PUSH2 8593:DUP3 8594:DUP5 8595:PUSH2 8598:JUMP
uniswapv2_factory_evm,8610,JUMP,adjacent_push,8598:JUMP 8599:JUMPDEST 8600:PUSH0 8601:SLOAD 8602:PUSH2 8605:SWAP2 8606:SWAP1 8607:PUSH2 8610:JUMP
uniswapv2_factory_evm,8625,JUMP,adjacent_push,8612:SWAP1 8613:POP 8614:PUSH0 8615:DUP3 8616:PUSH2 8619:DUP6 8620:PUSH1 8622:PUSH2 8625:JUMP
uniswapv2_factory_evm,8635,JUMP,adjacent_push,8620:PUSH1 8622:PUSH2 8625:JUMP 8626:JUMPDEST 8627:PUSH2 8630:SWAP2 8631:SWAP1 8632:PUSH2 8635:JUMP
uniswapv2_factory_evm,8648,JUMP,adjacent_push,8636:JUMPDEST 8637:SWAP1 8638:POP 8639:PUSH0 8640:PUSH2 8643:DUP3 8644:DUP5 8645:PUSH2 8648:JUMP
uniswapv2_factory_evm,8657,JUMPI,adjacent_push,8645:PUSH2 8648:JUMP 8649:JUMPDEST 8650:SWAP1 8651:POP 8652:DUP1 8653:ISZERO 8654:PUSH2 8657:JUMPI
uniswapv2_factory_evm,8666,JUMP,adjacent_push,8652:DUP1 8653:ISZERO 8654:PUSH2 8657:JUMPI 8658:PUSH2 8661:DUP8 8662:DUP3 8663:PUSH2 8666:JUMP
uniswapv2_factory_evm,8678,JUMP,adjacent_push,8668:POP 8669:POP 8670:POP 8671:JUMPDEST 8672:POP 8673:POP 8674:JUMPDEST 8675:PUSH2 8678:JUMP
uniswapv2_factory_evm,8685,JUMPI,adjacent_push,8673:POP 8674:JUMPDEST 8675:PUSH2 8678:JUMP 8679:JUMPDEST 8680:DUP1 8681:ISZERO 8682:PUSH2 8685:JUMPI
uniswapv2_factory_evm,8697,JUMP,unknown_dynamic,8689:SSTORE 8690:JUMPDEST 8691:POP 8692:POP 8693:SWAP3 8694:SWAP2 8695:POP 8696:POP 8697:JUMP
uniswapv2_factory_evm,8708,JUMPI,adjacent_push,8697:JUMP 8698:JUMPDEST 8699:PUSH0 8700:PUSH1 8702:DUP3 8703:GT 8704:ISZERO 8705:PUSH2 8708:JUMPI
uniswapv2_factory_evm,8721,JUMP,adjacent_push,8708:JUMPI 8709:POP 8710:DUP1 8711:PUSH0 8712:PUSH2 8715:PUSH1 8717:DUP4 8718:PUSH2 8721:JUMP
uniswapv2_factory_evm,8732,JUMP,adjacent_push,8717:DUP4 8718:PUSH2 8721:JUMP 8722:JUMPDEST 8723:PUSH2 8726:SWAP1 8727:PUSH1 8729:PUSH2 8732:JUMP
uniswapv2_factory_evm,8744,JUMPI,adjacent_push,8734:SWAP1 8735:POP 8736:JUMPDEST 8737:DUP2 8738:DUP2 8739:LT 8740:ISZERO 8741:PUSH2 8744:JUMPI
uniswapv2_factory_evm,8759,JUMP,adjacent_push,8746:POP 8747:DUP1 8748:PUSH1 8750:DUP2 8751:PUSH2 8754:DUP2 8755:DUP7 8756:PUSH2 8759:JUMP
uniswapv2_factory_evm,8769,JUMP,adjacent_push,8755:DUP7 8756:PUSH2 8759:JUMP 8760:JUMPDEST 8761:PUSH2 8764:SWAP2 8765:SWAP1 8766:PUSH2 8769:JUMP
uniswapv2_factory_evm,8779,JUMP,adjacent_push,8765:SWAP1 8766:PUSH2 8769:JUMP 8770:JUMPDEST 8771:PUSH2 8774:SWAP2 8775:SWAP1 8776:PUSH2 8779:JUMP
uniswapv2_factory_evm,8786,JUMP,adjacent_push,8774:SWAP2 8775:SWAP1 8776:PUSH2 8779:JUMP 8780:JUMPDEST 8781:SWAP1 8782:POP 8783:PUSH2 8786:JUMP
uniswapv2_factory_evm,8792,JUMP,unknown_dynamic,8782:POP 8783:PUSH2 8786:JUMP 8787:JUMPDEST 8788:POP 8789:SWAP2 8790:SWAP1 8791:POP 8792:JUMP
uniswapv2_factory_evm,8799,JUMPI,adjacent_push,8789:SWAP2 8790:SWAP1 8791:POP 8792:JUMP 8793:JUMPDEST 8794:DUP2 8795:ISZERO 8796:PUSH2 8799:JUMPI
uniswapv2_factory_evm,8807,JUMP,unknown_dynamic,8796:PUSH2 8799:JUMPI 8800:POP 8801:PUSH1 8803:JUMPDEST 8804:SWAP2 8805:SWAP1 8806:POP 8807:JUMP
uniswapv2_factory_evm,8823,JUMP,adjacent_push,8811:DUP1 8812:DUP3 8813:DUP3 8814:SLOAD 8815:PUSH2 8818:SWAP2 8819:SWAP1 8820:PUSH2 8823:JUMP
uniswapv2_factory_evm,8867,JUMP,adjacent_push,8855:DUP4 8856:SWAP3 8857:SWAP1 8858:PUSH2 8861:SWAP1 8862:DUP5 8863:SWAP1 8864:PUSH2 8867:JUMP
uniswapv2_factory_evm,8941,JUMP,unknown_dynamic,8933:MLOAD 8934:DUP1 8935:SWAP2 8936:SUB 8937:SWAP1 8938:OP_a3 8939:POP 8940:POP 8941:JUMP
uniswapv2_factory_evm,8950,JUMPI,adjacent_push,8940:POP 8941:JUMP 8942:JUMPDEST 8943:PUSH0 8944:DUP2 8945:DUP4 8946:LT 8947:PUSH2 8950:JUMPI
uniswapv2_factory_evm,8955,JUMP,adjacent_push,8943:PUSH0 8944:DUP2 8945:DUP4 8946:LT 8947:PUSH2 8950:JUMPI 8951:DUP2 8952:PUSH2 8955:JUMP
uniswapv2_factory_evm,8964,JUMP,unknown_dynamic,8956:JUMPDEST 8957:DUP3 8958:JUMPDEST 8959:SWAP4 8960:SWAP3 8961:POP 8962:POP 8963:POP 8964:JUMP
uniswapv2_factory_evm,9003,JUMP,adjacent_push,8991:DUP4 8992:SWAP3 8993:SWAP1 8994:PUSH2 8997:SWAP1 8998:DUP5 8999:SWAP1 9000:PUSH2 9003:JUMP
uniswapv2_factory_evm,9026,JUMP,adjacent_push,9014:DUP1 9015:DUP3 9016:DUP3 9017:SLOAD 9018:PUSH2 9021:SWAP2 9022:SWAP1 9023:PUSH2 9026:JUMP
uniswapv2_factory_evm,9092,JUMP,adjacent_push,9049:DUP5 9050:AND 9051:SWAP1 9052:PUSH32 9085:SWAP1 9086:PUSH1 9088:ADD 9089:PUSH2 9092:JUMP
uniswapv2_factory_evm,9136,JUMP,adjacent_push,9124:PUSH1 9126:PUSH1 9128:SHL 9129:SUB 9130:DUP4 9131:AND 9132:DUP5 9133:PUSH2 9136:JUMP
uniswapv2_factory_evm,9153,JUMPI,adjacent_push,9142:PUSH1 9144:SHL 9145:SUB 9146:DUP2 9147:AND 9148:DUP2 9149:EQ 9150:PUSH2 9153:JUMPI
uniswapv2_factory_evm,9159,JUMP,unknown_dynamic,9149:EQ 9150:PUSH2 9153:JUMPI 9154:PUSH0 9155:DUP1 9156:OP_fd 9157:JUMPDEST 9158:POP 9159:JUMP
uniswapv2_factory_evm,9176,JUMPI,adjacent_push,9165:PUSH0 9166:PUSH1 9168:DUP7 9169:DUP9 9170:SUB 9171:OP_12 9172:ISZERO 9173:PUSH2 9176:JUMPI
uniswapv2_factory_evm,9204,JUMP,adjacent_push,9191:POP 9192:PUSH1 9194:DUP7 9195:ADD 9196:CALLDATALOAD 9197:PUSH2 9200:DUP2 9201:PUSH2 9204:JUMP
uniswapv2_factory_evm,9228,JUMPI,adjacent_push,9210:DUP7 9211:ADD 9212:CALLDATALOAD 9213:PUSH8 9222:DUP2 9223:GT 9224:ISZERO 9225:PUSH2 9228:JUMPI
uniswapv2_factory_evm,9244,JUMPI,adjacent_push,9233:DUP7 9234:ADD 9235:PUSH1 9237:DUP2 9238:ADD 9239:DUP9 9240:OP_13 9241:PUSH2 9244:JUMPI
uniswapv2_factory_evm,9266,JUMPI,adjacent_push,9248:JUMPDEST 9249:DUP1 9250:CALLDATALOAD 9251:PUSH8 9260:DUP2 9261:GT 9262:ISZERO 9263:PUSH2 9266:JUMPI
uniswapv2_factory_evm,9283,JUMPI,adjacent_push,9272:PUSH1 9274:DUP3 9275:DUP5 9276:ADD 9277:ADD 9278:GT 9279:ISZERO 9280:PUSH2 9283:JUMPI
uniswapv2_factory_evm,9303,JUMP,internal_return,9294:SWAP6 9295:POP 9296:POP 9297:POP 9298:PUSH1 9300:ADD 9301:SWAP2 9302:SWAP1 9303:JUMP
uniswapv2_factory_evm,9356,JUMP,unknown_dynamic,9348:ADD 9349:SWAP2 9350:POP 9351:POP 9352:SWAP3 9353:SWAP2 9354:POP 9355:POP 9356:JUMP
uniswapv2_factory_evm,9370,JUMPI,adjacent_push,9359:DUP1 9360:PUSH1 9362:DUP4 9363:DUP6 9364:SUB 9365:OP_12 9366:ISZERO 9367:PUSH2 9370:JUMPI
uniswapv2_factory_evm,9384,JUMP,adjacent_push,9372:DUP1 9373:OP_fd 9374:JUMPDEST 9375:DUP3 9376:CALLDATALOAD 9377:PUSH2 9380:DUP2 9381:PUSH2 9384:JUMP
uniswapv2_factory_evm,9398,JUMP,unknown_dynamic,9390:SWAP1 9391:SWAP4 9392:ADD 9393:CALLDATALOAD 9394:SWAP4 9395:POP 9396:POP 9397:POP 9398:JUMP
uniswapv2_factory_evm,9413,JUMPI,adjacent_push,9402:PUSH0 9403:PUSH1 9405:DUP5 9406:DUP7 9407:SUB 9408:OP_12 9409:ISZERO 9410:PUSH2 9413:JUMPI
uniswapv2_factory_evm,9427,JUMP,adjacent_push,9415:DUP1 9416:OP_fd 9417:JUMPDEST 9418:DUP4 9419:CALLDATALOAD 9420:PUSH2 9423:DUP2 9424:PUSH2 9427:JUMP
uniswapv2_factory_evm,9443,JUMP,adjacent_push,9430:POP 9431:PUSH1 9433:DUP5 9434:ADD 9435:CALLDATALOAD 9436:PUSH2 9439:DUP2 9440:PUSH2 9443:JUMP
uniswapv2_factory_evm,9460,JUMP,internal_return,9451:POP 9452:PUSH1 9454:SWAP2 9455:SWAP1 9456:SWAP2 9457:ADD 9458:CALLDATALOAD 9459:SWAP1 9460:JUMP
uniswapv2_factory_evm,9474,JUMPI,adjacent_push,9463:DUP1 9464:PUSH1 9466:DUP4 9467:DUP6 9468:SUB 9469:OP_12 9470:ISZERO 9471:PUSH2 9474:JUMPI
uniswapv2_factory_evm,9488,JUMP,adjacent_push,9476:DUP1 9477:OP_fd 9478:JUMPDEST 9479:DUP3 9480:CALLDATALOAD 9481:PUSH2 9484:DUP2 9485:PUSH2 9488:JUMP
uniswapv2_factory_evm,9504,JUMP,adjacent_push,9491:POP 9492:PUSH1 9494:DUP4 9495:ADD 9496:CALLDATALOAD 9497:PUSH2 9500:DUP2 9501:PUSH2 9504:JUMP
uniswapv2_factory_evm,9515,JUMP,unknown_dynamic,9507:SWAP2 9508:POP 9509:POP 9510:SWAP3 9511:POP 9512:SWAP3 9513:SWAP1 9514:POP 9515:JUMP
uniswapv2_factory_evm,9528,JUMPI,adjacent_push,9517:PUSH0 9518:PUSH1 9520:DUP3 9521:DUP5 9522:SUB 9523:OP_12 9524:ISZERO 9525:PUSH2 9528:JUMPI
uniswapv2_factory_evm,9542,JUMP,adjacent_push,9530:DUP1 9531:OP_fd 9532:JUMPDEST 9533:DUP2 9534:CALLDATALOAD 9535:PUSH2 9538:DUP2 9539:PUSH2 9542:JUMP
uniswapv2_factory_evm,9561,JUMPI,adjacent_push,9550:PUSH0 9551:PUSH1 9553:DUP9 9554:DUP11 9555:SUB 9556:OP_12 9557:ISZERO 9558:PUSH2 9561:JUMPI
uniswapv2_factory_evm,9575,JUMP,adjacent_push,9563:DUP1 9564:OP_fd 9565:JUMPDEST 9566:DUP8 9567:CALLDATALOAD 9568:PUSH2 9571:DUP2 9572:PUSH2 9575:JUMP
uniswapv2_factory_evm,9591,JUMP,adjacent_push,9578:POP 9579:PUSH1 9581:DUP9 9582:ADD 9583:CALLDATALOAD 9584:PUSH2 9587:DUP2 9588:PUSH2 9591:JUMP
uniswapv2_factory_evm,9623,JUMPI,adjacent_push,9612:ADD 9613:CALLDATALOAD 9614:PUSH1 9616:DUP2 9617:AND 9618:DUP2 9619:EQ 9620:PUSH2 9623:JUMPI
uniswapv2_factory_evm,9655,JUMP,unknown_dynamic,9647:SWAP1 9648:SWAP4 9649:ADD 9650:CALLDATALOAD 9651:SWAP3 9652:SWAP2 9653:POP 9654:POP 9655:JUMP
uniswapv2_factory_evm,9698,JUMP,internal_return,9688:SHL 9689:PUSH1 9691:DUP3 9692:ADD 9693:MSTORE 9694:PUSH1 9696:ADD 9697:SWAP1 9698:JUMP
uniswapv2_factory_evm,9773,JUMP,unknown_dynamic,9765:ADD 9766:ADD 9767:SWAP5 9768:SWAP4 9769:POP 9770:POP 9771:POP 9772:POP 9773:JUMP
uniswapv2_factory_evm,9786,JUMPI,adjacent_push,9775:PUSH0 9776:PUSH1 9778:DUP3 9779:DUP5 9780:SUB 9781:OP_12 9782:ISZERO 9783:PUSH2 9786:JUMPI
uniswapv2_factory_evm,9796,JUMP,top_computed,9788:DUP1 9789:OP_fd 9790:JUMPDEST 9791:POP 9792:MLOAD 9793:SWAP2 9794:SWAP1 9795:POP 9796:JUMP
uniswapv2_factory_evm,9828,JUMPI,adjacent_push,9818:DUP2 9819:DUP2 9820:SUB 9821:DUP2 9822:DUP2 9823:GT 9824:ISZERO 9825:PUSH2 9828:JUMPI
uniswapv2_factory_evm,9835,JUMP,adjacent_push,9821:DUP2 9822:DUP2 9823:GT 9824:ISZERO 9825:PUSH2 9828:JUMPI 9829:PUSH2 9832:PUSH2 9835:JUMP
uniswapv2_factory_evm,9851,JUMPI,adjacent_push,9841:ISZERO 9842:DUP3 9843:DUP3 9844:OP_04 9845:DUP5 9846:EQ 9847:OR 9848:PUSH2 9851:JUMPI
uniswapv2_factory_evm,9858,JUMP,adjacent_push,9844:OP_04 9845:DUP5 9846:EQ 9847:OR 9848:PUSH2 9851:JUMPI 9852:PUSH2 9855:PUSH2 9858:JUMP
uniswapv2_factory_evm,9885,JUMPI,adjacent_push,9874:MSTORE 9875:PUSH1 9877:PUSH0 9878:OP_fd 9879:JUMPDEST 9880:PUSH0 9881:DUP3 9882:PUSH2 9885:JUMPI
uniswapv2_factory_evm,9892,JUMP,adjacent_push,9878:OP_fd 9879:JUMPDEST 9880:PUSH0 9881:DUP3 9882:PUSH2 9885:JUMPI 9886:PUSH2 9889:PUSH2 9892:JUMP
uniswapv2_factory_evm,9897,JUMP,internal_return,9885:JUMPI 9886:PUSH2 9889:PUSH2 9892:JUMP 9893:JUMPDEST 9894:POP 9895:OP_04 9896:SWAP1 9897:JUMP
uniswapv2_factory_evm,9907,JUMPI,adjacent_push,9896:SWAP1 9897:JUMP 9898:JUMPDEST 9899:PUSH0 9900:PUSH1 9902:DUP3 9903:ADD 9904:PUSH2 9907:JUMPI
uniswapv2_factory_evm,9914,JUMP,adjacent_push,9899:PUSH0 9900:PUSH1 9902:DUP3 9903:ADD 9904:PUSH2 9907:JUMPI 9908:PUSH2 9911:PUSH2 9914:JUMP
uniswapv2_factory_evm,9921,JUMP,internal_return,9908:PUSH2 9911:PUSH2 9914:JUMP 9915:JUMPDEST 9916:POP 9917:PUSH1 9919:ADD 9920:SWAP1 9921:JUMP
uniswapv2_factory_evm,9943,JUMP,unknown_dynamic,9935:ADD 9936:SWAP2 9937:DUP3 9938:MSTORE 9939:POP 9940:SWAP2 9941:SWAP1 9942:POP 9943:JUMP
uniswapv2_factory_evm,9956,JUMPI,adjacent_push,9945:PUSH0 9946:PUSH1 9948:DUP3 9949:DUP5 9950:SUB 9951:OP_12 9952:ISZERO 9953:PUSH2 9956:JUMPI
uniswapv2_factory_evm,9971,JUMPI,adjacent_push,9961:DUP2 9962:MLOAD 9963:DUP1 9964:ISZERO 9965:ISZERO 9966:DUP2 9967:EQ 9968:PUSH2 9971:JUMPI
uniswapv2_factory_evm,9981,JUMPI,adjacent_push,9971:JUMPI 9972:PUSH0 9973:DUP1 9974:OP_fd 9975:JUMPDEST 9976:PUSH0 9977:DUP3 9978:PUSH2 9981:JUMPI
uniswapv2_factory_evm,9988,JUMP,adjacent_push,9974:OP_fd 9975:JUMPDEST 9976:PUSH0 9977:DUP3 9978:PUSH2 9981:JUMPI 9982:PUSH2 9985:PUSH2 9988:JUMP
uniswapv2_factory_evm,9993,JUMP,internal_return,9981:JUMPI 9982:PUSH2 9985:PUSH2 9988:JUMP 9989:JUMPDEST 9990:POP 9991:OP_06 9992:SWAP1 9993:JUMP
uniswapv2_factory_evm,10005,JUMPI,adjacent_push,9995:DUP1 9996:DUP3 9997:ADD 9998:DUP1 9999:DUP3 10000:GT 10001:ISZERO 10002:PUSH2 10005:JUMPI
uniswapv2_factory_evm,10012,JUMP,adjacent_push,9998:DUP1 9999:DUP3 10000:GT 10001:ISZERO 10002:PUSH2 10005:JUMPI 10006:PUSH2 10009:PUSH2 10012:JUMP
uniswapv2_factory_evm,10025,JUMPI,adjacent_push,10014:PUSH0 10015:PUSH1 10017:DUP3 10018:DUP5 10019:SUB 10020:OP_12 10021:ISZERO 10022:PUSH2 10025:JUMPI
uniswapv2_factory_evm,10039,JUMP,adjacent_push,10027:DUP1 10028:OP_fd 10029:JUMPDEST 10030:DUP2 10031:MLOAD 10032:PUSH2 10035:DUP2 10036:PUSH2 10039:JUMP
uniswapv2_factory_evm,10073,JUMPI,adjacent_push,10063:DUP4 10064:OP_04 10065:DUP2 10066:EQ 10067:DUP3 10068:ISZERO 10069:OR 10070:PUSH2 10073:JUMPI
uniswapv2_factory_evm,10080,JUMP,adjacent_push,10066:EQ 10067:DUP3 10068:ISZERO 10069:OR 10070:PUSH2 10073:JUMPI 10074:PUSH2 10077:PUSH2 10080:JUMP
uniswapv2_factory_evm,10097,JUMPI,adjacent_push,10085:PUSH1 10087:PUSH1 10089:SHL 10090:SUB 10091:DUP4 10092:AND 10093:DUP1 10094:PUSH2 10097:JUMPI
uniswapv2_factory_evm,10104,JUMP,adjacent_push,10090:SUB 10091:DUP4 10092:AND 10093:DUP1 10094:PUSH2 10097:JUMPI 10098:PUSH2 10101:PUSH2 10104:JUMP
uniswapv2_factory_evm,10126,JUMP,unknown_dynamic,10118:SWAP2 10119:SWAP1 10120:SWAP2 10121:OP_04 10122:SWAP3 10123:SWAP2 10124:POP 10125:POP 10126:JUMP
uniswapv2_router_evm,90,JUMP,unknown_dynamic,82:JUMPI 83:PUSH0 84:DUP1 85:OP_fd 86:JUMPDEST 87:SWAP2 88:SWAP1 89:POP 90:JUMP
uniswapv2_router_evm,134,JUMP,unknown_dynamic,126:JUMPDEST 127:SWAP1 128:POP 129:SWAP3 130:POP 131:SWAP3 132:SWAP1 133:POP 134:JUMP
uniswapv2_router_evm,544,JUMPI,adjacent_push,531:OP_fe 532:PUSH1 534:PUSH1 536:MSTORE 537:PUSH1 539:CALLDATASIZE 540:LT 541:PUSH2 544:JUMPI
uniswapv2_router_evm,560,JUMPI,adjacent_push,545:PUSH0 546:CALLDATALOAD 547:PUSH1 549:SHR 550:DUP1 551:PUSH4 556:GT 557:PUSH2 560:JUMPI
uniswapv2_router_evm,571,JUMPI,adjacent_push,551:PUSH4 556:GT 557:PUSH2 560:JUMPI 561:DUP1 562:PUSH4 567:GT 568:PUSH2 571:JUMPI
uniswapv2_router_evm,582,JUMPI,adjacent_push,562:PUSH4 567:GT 568:PUSH2 571:JUMPI 572:DUP1 573:PUSH4 578:EQ 579:PUSH2 582:JUMPI
uniswapv2_router_evm,593,JUMPI,adjacent_push,573:PUSH4 578:EQ 579:PUSH2 582:JUMPI 583:DUP1 584:PUSH4 589:EQ 590:PUSH2 593:JUMPI
uniswapv2_router_evm,604,JUMPI,adjacent_push,584:PUSH4 589:EQ 590:PUSH2 593:JUMPI 594:DUP1 595:PUSH4 600:EQ 601:PUSH2 604:JUMPI
uniswapv2_router_evm,615,JUMPI,adjacent_push,595:PUSH4 600:EQ 601:PUSH2 604:JUMPI 605:DUP1 606:PUSH4 611:EQ 612:PUSH2 615:JUMPI
uniswapv2_router_evm,637,JUMPI,adjacent_push,617:PUSH4 622:EQ 623:PUSH2 626:JUMPI 627:DUP1 628:PUSH4 633:EQ 634:PUSH2 637:JUMPI
uniswapv2_router_evm,652,JUMPI,adjacent_push,638:PUSH0 639:DUP1 640:OP_fd 641:JUMPDEST 642:DUP1 643:PUSH4 648:EQ 649:PUSH2 652:JUMPI
uniswapv2_router_evm,663,JUMPI,adjacent_push,643:PUSH4 648:EQ 649:PUSH2 652:JUMPI 653:DUP1 654:PUSH4 659:EQ 660:PUSH2 663:JUMPI
uniswapv2_router_evm,674,JUMPI,adjacent_push,654:PUSH4 659:EQ 660:PUSH2 663:JUMPI 664:DUP1 665:PUSH4 670:EQ 671:PUSH2 674:JUMPI
uniswapv2_router_evm,685,JUMPI,adjacent_push,665:PUSH4 670:EQ 671:PUSH2 674:JUMPI 675:DUP1 676:PUSH4 681:EQ 682:PUSH2 685:JUMPI
uniswapv2_router_evm,696,JUMPI,adjacent_push,676:PUSH4 681:EQ 682:PUSH2 685:JUMPI 686:DUP1 687:PUSH4 692:EQ 693:PUSH2 696:JUMPI
uniswapv2_router_evm,722,JUMPI,adjacent_push,708:PUSH0 709:DUP1 710:OP_fd 711:JUMPDEST 712:DUP1 713:PUSH4 718:GT 719:PUSH2 722:JUMPI
uniswapv2_router_evm,733,JUMPI,adjacent_push,713:PUSH4 718:GT 719:PUSH2 722:JUMPI 723:DUP1 724:PUSH4 729:EQ 730:PUSH2 733:JUMPI
uniswapv2_router_evm,744,JUMPI,adjacent_push,724:PUSH4 729:EQ 730:PUSH2 733:JUMPI 734:DUP1 735:PUSH4 740:EQ 741:PUSH2 744:JUMPI
uniswapv2_router_evm,755,JUMPI,adjacent_push,735:PUSH4 740:EQ 741:PUSH2 744:JUMPI 745:DUP1 746:PUSH4 751:EQ 752:PUSH2 755:JUMPI
uniswapv2_router_evm,766,JUMPI,adjacent_push,746:PUSH4 751:EQ 752:PUSH2 755:JUMPI 756:DUP1 757:PUSH4 762:EQ 763:PUSH2 766:JUMPI
uniswapv2_router_evm,777,JUMPI,adjacent_push,757:PUSH4 762:EQ 763:PUSH2 766:JUMPI 767:DUP1 768:PUSH4 773:EQ 774:PUSH2 777:JUMPI
uniswapv2_router_evm,788,JUMPI,adjacent_push,768:PUSH4 773:EQ 774:PUSH2 777:JUMPI 778:DUP1 779:PUSH4 784:EQ 785:PUSH2 788:JUMPI
uniswapv2_router_evm,803,JUMPI,adjacent_push,789:PUSH0 790:DUP1 791:OP_fd 792:JUMPDEST 793:DUP1 794:PUSH4 799:EQ 800:PUSH2 803:JUMPI
uniswapv2_router_evm,814,JUMPI,adjacent_push,794:PUSH4 799:EQ 800:PUSH2 803:JUMPI 804:DUP1 805:PUSH4 810:EQ 811:PUSH2 814:JUMPI
uniswapv2_router_evm,825,JUMPI,adjacent_push,805:PUSH4 810:EQ 811:PUSH2 814:JUMPI 815:DUP1 816:PUSH4 821:EQ 822:PUSH2 825:JUMPI
uniswapv2_router_evm,836,JUMPI,adjacent_push,816:PUSH4 821:EQ 822:PUSH2 825:JUMPI 826:DUP1 827:PUSH4 832:EQ 833:PUSH2 836:JUMPI
uniswapv2_router_evm,847,JUMPI,adjacent_push,827:PUSH4 832:EQ 833:PUSH2 836:JUMPI 837:DUP1 838:PUSH4 843:EQ 844:PUSH2 847:JUMPI
uniswapv2_router_evm,858,JUMPI,adjacent_push,838:PUSH4 843:EQ 844:PUSH2 847:JUMPI 848:DUP1 849:PUSH4 854:EQ 855:PUSH2 858:JUMPI
uniswapv2_router_evm,867,JUMPI,adjacent_push,855:PUSH2 858:JUMPI 859:PUSH0 860:DUP1 861:OP_fd 862:JUMPDEST 863:CALLDATASIZE 864:PUSH2 867:JUMPI
uniswapv2_router_evm,915,JUMPI,adjacent_push,871:PUSH1 873:PUSH1 875:SHL 876:SUB 877:PUSH32 910:AND 911:EQ 912:PUSH2 915:JUMPI
uniswapv2_router_evm,922,JUMP,adjacent_push,876:SUB 877:PUSH32 910:AND 911:EQ 912:PUSH2 915:JUMPI 916:PUSH2 919:PUSH2 922:JUMP
uniswapv2_router_evm,936,JUMPI,adjacent_push,926:PUSH0 927:DUP1 928:OP_fd 929:JUMPDEST 930:OP_34 931:DUP1 932:ISZERO 933:PUSH2 936:JUMPI
uniswapv2_router_evm,954,JUMP,adjacent_push,939:OP_fd 940:JUMPDEST 941:POP 942:PUSH2 945:PUSH2 948:CALLDATASIZE 949:PUSH1 951:PUSH2 954:JUMP
uniswapv2_router_evm,959,JUMP,adjacent_push,942:PUSH2 945:PUSH2 948:CALLDATASIZE 949:PUSH1 951:PUSH2 954:JUMP 955:JUMPDEST 956:PUSH2 959:JUMP
uniswapv2_router_evm,993,JUMPI,adjacent_push,983:SUB 984:SWAP1 985:OP_f3 986:JUMPDEST 987:OP_34 988:DUP1 989:ISZERO 990:PUSH2 993:JUMPI
uniswapv2_router_evm,1011,JUMP,adjacent_push,996:OP_fd 997:JUMPDEST 998:POP 999:PUSH2 1002:PUSH2 1005:CALLDATASIZE 1006:PUSH1 1008:PUSH2 1011:JUMP
uniswapv2_router_evm,1016,JUMP,adjacent_push,999:PUSH2 1002:PUSH2 1005:CALLDATASIZE 1006:PUSH1 1008:PUSH2 1011:JUMP 1012:JUMPDEST 1013:PUSH2 1016:JUMP
uniswapv2_router_evm,1030,JUMP,adjacent_push,1018:PUSH1 1020:MLOAD 1021:SWAP1 1022:DUP2 1023:MSTORE 1024:PUSH1 1026:ADD 1027:PUSH2 1030:JUMP
uniswapv2_router_evm,1038,JUMPI,adjacent_push,1026:ADD 1027:PUSH2 1030:JUMP 1031:JUMPDEST 1032:OP_34 1033:DUP1 1034:ISZERO 1035:PUSH2 1038:JUMPI
uniswapv2_router_evm,1056,JUMP,adjacent_push,1041:OP_fd 1042:JUMPDEST 1043:POP 1044:PUSH2 1047:PUSH2 1050:CALLDATASIZE 1051:PUSH1 1053:PUSH2 1056:JUMP
uniswapv2_router_evm,1061,JUMP,adjacent_push,1044:PUSH2 1047:PUSH2 1050:CALLDATASIZE 1051:PUSH1 1053:PUSH2 1056:JUMP 1057:JUMPDEST 1058:PUSH2 1061:JUMP
uniswapv2_router_evm,1074,JUMP,adjacent_push,1061:JUMP 1062:JUMPDEST 1063:PUSH1 1065:MLOAD 1066:PUSH2 1069:SWAP2 1070:SWAP1 1071:PUSH2 1074:JUMP
uniswapv2_router_evm,1082,JUMPI,adjacent_push,1070:SWAP1 1071:PUSH2 1074:JUMP 1075:JUMPDEST 1076:OP_34 1077:DUP1 1078:ISZERO 1079:PUSH2 1082:JUMPI
uniswapv2_router_evm,1100,JUMP,adjacent_push,1085:OP_fd 1086:JUMPDEST 1087:POP 1088:PUSH2 1091:PUSH2 1094:CALLDATASIZE 1095:PUSH1 1097:PUSH2 1100:JUMP
uniswapv2_router_evm,1105,JUMP,adjacent_push,1088:PUSH2 1091:PUSH2 1094:CALLDATASIZE 1095:PUSH1 1097:PUSH2 1100:JUMP 1101:JUMPDEST 1102:PUSH2 1105:JUMP
uniswapv2_router_evm,1113,JUMPI,adjacent_push,1101:JUMPDEST 1102:PUSH2 1105:JUMP 1106:JUMPDEST 1107:OP_34 1108:DUP1 1109:ISZERO 1110:PUSH2 1113:JUMPI
uniswapv2_router_evm,1131,JUMP,adjacent_push,1116:OP_fd 1117:JUMPDEST 1118:POP 1119:PUSH2 1122:PUSH2 1125:CALLDATASIZE 1126:PUSH1 1128:PUSH2 1131:JUMP
uniswapv2_router_evm,1136,JUMP,adjacent_push,1119:PUSH2 1122:PUSH2 1125:CALLDATASIZE 1126:PUSH1 1128:PUSH2 1131:JUMP 1132:JUMPDEST 1133:PUSH2 1136:JUMP
uniswapv2_router_evm,1144,JUMPI,adjacent_push,1132:JUMPDEST 1133:PUSH2 1136:JUMP 1137:JUMPDEST 1138:OP_34 1139:DUP1 1140:ISZERO 1141:PUSH2 1144:JUMPI
uniswapv2_router_evm,1162,JUMP,adjacent_push,1147:OP_fd 1148:JUMPDEST 1149:POP 1150:PUSH2 1153:PUSH2 1156:CALLDATASIZE 1157:PUSH1 1159:PUSH2 1162:JUMP
uniswapv2_router_evm,1167,JUMP,adjacent_push,1150:PUSH2 1153:PUSH2 1156:CALLDATASIZE 1157:PUSH1 1159:PUSH2 1162:JUMP 1163:JUMPDEST 1164:PUSH2 1167:JUMP
uniswapv2_router_evm,1175,JUMPI,adjacent_push,1163:JUMPDEST 1164:PUSH2 1167:JUMP 1168:JUMPDEST 1169:OP_34 1170:DUP1 1171:ISZERO 1172:PUSH2 1175:JUMPI
uniswapv2_router_evm,1193,JUMP,adjacent_push,1178:OP_fd 1179:JUMPDEST 1180:POP 1181:PUSH2 1184:PUSH2 1187:CALLDATASIZE 1188:PUSH1 1190:PUSH2 1193:JUMP
uniswapv2_router_evm,1198,JUMP,adjacent_push,1181:PUSH2 1184:PUSH2 1187:CALLDATASIZE 1188:PUSH1 1190:PUSH2 1193:JUMP 1194:JUMPDEST 1195:PUSH2 1198:JUMP
uniswapv2_router_evm,1206,JUMPI,adjacent_push,1194:JUMPDEST 1195:PUSH2 1198:JUMP 1199:JUMPDEST 1200:OP_34 1201:DUP1 1202:ISZERO 1203:PUSH2 1206:JUMPI
uniswapv2_router_evm,1224,JUMP,adjacent_push,1209:OP_fd 1210:JUMPDEST 1211:POP 1212:PUSH2 1215:PUSH2 1218:CALLDATASIZE 1219:PUSH1 1221:PUSH2 1224:JUMP
uniswapv2_router_evm,1229,JUMP,adjacent_push,1212:PUSH2 1215:PUSH2 1218:CALLDATASIZE 1219:PUSH1 1221:PUSH2 1224:JUMP 1225:JUMPDEST 1226:PUSH2 1229:JUMP
uniswapv2_router_evm,1237,JUMPI,adjacent_push,1225:JUMPDEST 1226:PUSH2 1229:JUMP 1230:JUMPDEST 1231:OP_34 1232:DUP1 1233:ISZERO 1234:PUSH2 1237:JUMPI
uniswapv2_router_evm,1255,JUMP,adjacent_push,1240:OP_fd 1241:JUMPDEST 1242:POP 1243:PUSH2 1246:PUSH2 1249:CALLDATASIZE 1250:PUSH1 1252:PUSH2 1255:JUMP
uniswapv2_router_evm,1260,JUMP,adjacent_push,1243:PUSH2 1246:PUSH2 1249:CALLDATASIZE 1250:PUSH1 1252:PUSH2 1255:JUMP 1256:JUMPDEST 1257:PUSH2 1260:JUMP
uniswapv2_router_evm,1268,JUMPI,adjacent_push,1256:JUMPDEST 1257:PUSH2 1260:JUMP 1261:JUMPDEST 1262:OP_34 1263:DUP1 1264:ISZERO 1265:PUSH2 1268:JUMPI
uniswapv2_router_evm,1286,JUMP,adjacent_push,1271:OP_fd 1272:JUMPDEST 1273:POP 1274:PUSH2 1277:PUSH2 1280:CALLDATASIZE 1281:PUSH1 1283:PUSH2 1286:JUMP
uniswapv2_router_evm,1291,JUMP,adjacent_push,1274:PUSH2 1277:PUSH2 1280:CALLDATASIZE 1281:PUSH1 1283:PUSH2 1286:JUMP 1287:JUMPDEST 1288:PUSH2 1291:JUMP
uniswapv2_router_evm,1305,JUMP,adjacent_push,1288:PUSH2 1291:JUMP 1292:JUMPDEST 1293:PUSH2 1296:PUSH2 1299:CALLDATASIZE 1300:PUSH1 1302:PUSH2 1305:JUMP
uniswapv2_router_evm,1310,JUMP,adjacent_push,1293:PUSH2 1296:PUSH2 1299:CALLDATASIZE 1300:PUSH1 1302:PUSH2 1305:JUMP 1306:JUMPDEST 1307:PUSH2 1310:JUMP
uniswapv2_router_evm,1318,JUMPI,adjacent_push,1306:JUMPDEST 1307:PUSH2 1310:JUMP 1311:JUMPDEST 1312:OP_34 1313:DUP1 1314:ISZERO 1315:PUSH2 1318:JUMPI
uniswapv2_router_evm,1336,JUMP,adjacent_push,1321:OP_fd 1322:JUMPDEST 1323:POP 1324:PUSH2 1327:PUSH2 1330:CALLDATASIZE 1331:PUSH1 1333:PUSH2 1336:JUMP
uniswapv2_router_evm,1341,JUMP,adjacent_push,1324:PUSH2 1327:PUSH2 1330:CALLDATASIZE 1331:PUSH1 1333:PUSH2 1336:JUMP 1337:JUMPDEST 1338:PUSH2 1341:JUMP
uniswapv2_router_evm,1349,JUMPI,adjacent_push,1337:JUMPDEST 1338:PUSH2 1341:JUMP 1342:JUMPDEST 1343:OP_34 1344:DUP1 1345:ISZERO 1346:PUSH2 1349:JUMPI
uniswapv2_router_evm,1367,JUMP,adjacent_push,1352:OP_fd 1353:JUMPDEST 1354:POP 1355:PUSH2 1358:PUSH2 1361:CALLDATASIZE 1362:PUSH1 1364:PUSH2 1367:JUMP
uniswapv2_router_evm,1372,JUMP,adjacent_push,1355:PUSH2 1358:PUSH2 1361:CALLDATASIZE 1362:PUSH1 1364:PUSH2 1367:JUMP 1368:JUMPDEST 1369:PUSH2 1372:JUMP
uniswapv2_router_evm,1380,JUMPI,adjacent_push,1368:JUMPDEST 1369:PUSH2 1372:JUMP 1373:JUMPDEST 1374:OP_34 1375:DUP1 1376:ISZERO 1377:PUSH2 1380:JUMPI
uniswapv2_router_evm,1423,JUMP,local_dup_push,1381:PUSH0 1382:DUP1 1383:OP_fd 1384:JUMPDEST 1385:POP 1386:PUSH2 1389:PUSH32 1422:DUP2 1423:JUMP
uniswapv2_router_evm,1447,JUMP,adjacent_push,1436:SWAP1 1437:SWAP2 1438:AND 1439:DUP2 1440:MSTORE 1441:PUSH1 1443:ADD 1444:PUSH2 1447:JUMP
uniswapv2_router_evm,1455,JUMPI,adjacent_push,1443:ADD 1444:PUSH2 1447:JUMP 1448:JUMPDEST 1449:OP_34 1450:DUP1 1451:ISZERO 1452:PUSH2 1455:JUMPI
uniswapv2_router_evm,1473,JUMP,adjacent_push,1458:OP_fd 1459:JUMPDEST 1460:POP 1461:PUSH2 1464:PUSH2 1467:CALLDATASIZE 1468:PUSH1 1470:PUSH2 1473:JUMP
uniswapv2_router_evm,1478,JUMP,adjacent_push,1461:PUSH2 1464:PUSH2 1467:CALLDATASIZE 1468:PUSH1 1470:PUSH2 1473:JUMP 1474:JUMPDEST 1475:PUSH2 1478:JUMP
uniswapv2_router_evm,1486,JUMPI,adjacent_push,1474:JUMPDEST 1475:PUSH2 1478:JUMP 1479:JUMPDEST 1480:OP_34 1481:DUP1 1482:ISZERO 1483:PUSH2 1486:JUMPI
uniswapv2_router_evm,1504,JUMP,adjacent_push,1489:OP_fd 1490:JUMPDEST 1491:POP 1492:PUSH2 1495:PUSH2 1498:CALLDATASIZE 1499:PUSH1 1501:PUSH2 1504:JUMP
uniswapv2_router_evm,1509,JUMP,adjacent_push,1492:PUSH2 1495:PUSH2 1498:CALLDATASIZE 1499:PUSH1 1501:PUSH2 1504:JUMP 1505:JUMPDEST 1506:PUSH2 1509:JUMP
uniswapv2_router_evm,1523,JUMP,adjacent_push,1506:PUSH2 1509:JUMP 1510:JUMPDEST 1511:PUSH2 1514:PUSH2 1517:CALLDATASIZE 1518:PUSH1 1520:PUSH2 1523:JUMP
uniswapv2_router_evm,1528,JUMP,adjacent_push,1511:PUSH2 1514:PUSH2 1517:CALLDATASIZE 1518:PUSH1 1520:PUSH2 1523:JUMP 1524:JUMPDEST 1525:PUSH2 1528:JUMP
uniswapv2_router_evm,1536,JUMPI,adjacent_push,1524:JUMPDEST 1525:PUSH2 1528:JUMP 1529:JUMPDEST 1530:OP_34 1531:DUP1 1532:ISZERO 1533:PUSH2 1536:JUMPI
uniswapv2_router_evm,1554,JUMP,adjacent_push,1539:OP_fd 1540:JUMPDEST 1541:POP 1542:PUSH2 1545:PUSH2 1548:CALLDATASIZE 1549:PUSH1 1551:PUSH2 1554:JUMP
uniswapv2_router_evm,1559,JUMP,adjacent_push,1542:PUSH2 1545:PUSH2 1548:CALLDATASIZE 1549:PUSH1 1551:PUSH2 1554:JUMP 1555:JUMPDEST 1556:PUSH2 1559:JUMP
uniswapv2_router_evm,1567,JUMPI,adjacent_push,1555:JUMPDEST 1556:PUSH2 1559:JUMP 1560:JUMPDEST 1561:OP_34 1562:DUP1 1563:ISZERO 1564:PUSH2 1567:JUMPI
uniswapv2_router_evm,1610,JUMP,local_dup_push,1568:PUSH0 1569:DUP1 1570:OP_fd 1571:JUMPDEST 1572:POP 1573:PUSH2 1576:PUSH32 1609:DUP2 1610:JUMP
uniswapv2_router_evm,1618,JUMPI,adjacent_push,1576:PUSH32 1609:DUP2 1610:JUMP 1611:JUMPDEST 1612:OP_34 1613:DUP1 1614:ISZERO 1615:PUSH2 1618:JUMPI
uniswapv2_router_evm,1636,JUMP,adjacent_push,1621:OP_fd 1622:JUMPDEST 1623:POP 1624:PUSH2 1627:PUSH2 1630:CALLDATASIZE 1631:PUSH1 1633:PUSH2 1636:JUMP
uniswapv2_router_evm,1641,JUMP,adjacent_push,1624:PUSH2 1627:PUSH2 1630:CALLDATASIZE 1631:PUSH1 1633:PUSH2 1636:JUMP 1637:JUMPDEST 1638:PUSH2 1641:JUMP
uniswapv2_router_evm,1649,JUMPI,adjacent_push,1637:JUMPDEST 1638:PUSH2 1641:JUMP 1642:JUMPDEST 1643:OP_34 1644:DUP1 1645:ISZERO 1646:PUSH2 1649:JUMPI
uniswapv2_router_evm,1667,JUMP,adjacent_push,1652:OP_fd 1653:JUMPDEST 1654:POP 1655:PUSH2 1658:PUSH2 1661:CALLDATASIZE 1662:PUSH1 1664:PUSH2 1667:JUMP
uniswapv2_router_evm,1672,JUMP,adjacent_push,1655:PUSH2 1658:PUSH2 1661:CALLDATASIZE 1662:PUSH1 1664:PUSH2 1667:JUMP 1668:JUMPDEST 1669:PUSH2 1672:JUMP
uniswapv2_router_evm,1680,JUMPI,adjacent_push,1668:JUMPDEST 1669:PUSH2 1672:JUMP 1673:JUMPDEST 1674:OP_34 1675:DUP1 1676:ISZERO 1677:PUSH2 1680:JUMPI
uniswapv2_router_evm,1698,JUMP,adjacent_push,1683:OP_fd 1684:JUMPDEST 1685:POP 1686:PUSH2 1689:PUSH2 1692:CALLDATASIZE 1693:PUSH1 1695:PUSH2 1698:JUMP
uniswapv2_router_evm,1703,JUMP,adjacent_push,1686:PUSH2 1689:PUSH2 1692:CALLDATASIZE 1693:PUSH1 1695:PUSH2 1698:JUMP 1699:JUMPDEST 1700:PUSH2 1703:JUMP
uniswapv2_router_evm,1730,JUMP,adjacent_push,1719:MSTORE 1720:SWAP1 1721:DUP3 1722:ADD 1723:MSTORE 1724:PUSH1 1726:ADD 1727:PUSH2 1730:JUMP
uniswapv2_router_evm,1744,JUMP,adjacent_push,1727:PUSH2 1730:JUMP 1731:JUMPDEST 1732:PUSH2 1735:PUSH2 1738:CALLDATASIZE 1739:PUSH1 1741:PUSH2 1744:JUMP
uniswapv2_router_evm,1749,JUMP,adjacent_push,1732:PUSH2 1735:PUSH2 1738:CALLDATASIZE 1739:PUSH1 1741:PUSH2 1744:JUMP 1745:JUMPDEST 1746:PUSH2 1749:JUMP
uniswapv2_router_evm,1763,JUMP,adjacent_push,1746:PUSH2 1749:JUMP 1750:JUMPDEST 1751:PUSH2 1754:PUSH2 1757:CALLDATASIZE 1758:PUSH1 1760:PUSH2 1763:JUMP
uniswapv2_router_evm,1768,JUMP,adjacent_push,1751:PUSH2 1754:PUSH2 1757:CALLDATASIZE 1758:PUSH1 1760:PUSH2 1763:JUMP 1764:JUMPDEST 1765:PUSH2 1768:JUMP
uniswapv2_router_evm,1780,JUMPI,adjacent_push,1770:PUSH0 1771:DUP1 1772:DUP3 1773:OP_42 1774:DUP2 1775:LT 1776:ISZERO 1777:PUSH2 1780:JUMPI
uniswapv2_router_evm,1803,JUMP,adjacent_push,1790:SHL 1791:DUP2 1792:MSTORE 1793:PUSH1 1795:ADD 1796:PUSH2 1799:SWAP1 1800:PUSH2 1803:JUMP
uniswapv2_router_evm,1859,JUMP,adjacent_push,1817:DUP10 1818:PUSH32 1851:DUP11 1852:DUP11 1853:DUP11 1854:OP_30 1855:DUP11 1856:PUSH2 1859:JUMP
uniswapv2_router_evm,1875,JUMP,adjacent_push,1863:POP 1864:SWAP2 1865:POP 1866:PUSH2 1869:DUP10 1870:DUP7 1871:DUP6 1872:PUSH2 1875:JUMP
uniswapv2_router_evm,1967,JUMPI,adjacent_push,1957:PUSH0 1958:DUP8 1959:DUP1 1960:OP_3b 1961:ISZERO 1962:DUP1 1963:ISZERO 1964:PUSH2 1967:JUMPI
uniswapv2_router_evm,1981,JUMPI,adjacent_push,1971:JUMPDEST 1972:POP 1973:OP_5a 1974:OP_f1 1975:ISZERO 1976:DUP1 1977:ISZERO 1978:PUSH2 1981:JUMPI
uniswapv2_router_evm,2002,JUMP,adjacent_push,1990:POP 1991:POP 1992:POP 1993:POP 1994:PUSH2 1997:DUP6 1998:DUP4 1999:PUSH2 2002:JUMP
uniswapv2_router_evm,2014,JUMP,unknown_dynamic,2006:POP 2007:SWAP7 2008:SWAP5 2009:POP 2010:POP 2011:POP 2012:POP 2013:POP 2014:JUMP
uniswapv2_router_evm,2026,JUMP,adjacent_push,2014:JUMP 2015:JUMPDEST 2016:PUSH0 2017:PUSH2 2020:DUP5 2021:DUP5 2022:DUP5 2023:PUSH2 2026:JUMP
uniswapv2_router_evm,2034,JUMP,unknown_dynamic,2026:JUMP 2027:JUMPDEST 2028:SWAP5 2029:SWAP4 2030:POP 2031:POP 2032:POP 2033:POP 2034:JUMP
uniswapv2_router_evm,2046,JUMPI,adjacent_push,2035:JUMPDEST 2036:PUSH1 2038:DUP2 2039:OP_42 2040:DUP2 2041:LT 2042:ISZERO 2043:PUSH2 2046:JUMPI
uniswapv2_router_evm,2069,JUMP,adjacent_push,2056:SHL 2057:DUP2 2058:MSTORE 2059:PUSH1 2061:ADD 2062:PUSH2 2065:SWAP1 2066:PUSH2 2069:JUMP
uniswapv2_router_evm,2124,JUMP,adjacent_push,2079:PUSH32 2112:AND 2113:DUP7 2114:DUP7 2115:PUSH2 2118:PUSH1 2120:DUP3 2121:PUSH2 2124:JUMP
uniswapv2_router_evm,2132,JUMPI,adjacent_push,2120:DUP3 2121:PUSH2 2124:JUMP 2125:JUMPDEST 2126:DUP2 2127:DUP2 2128:LT 2129:PUSH2 2132:JUMPI
uniswapv2_router_evm,2139,JUMP,adjacent_push,2125:JUMPDEST 2126:DUP2 2127:DUP2 2128:LT 2129:PUSH2 2132:JUMPI 2133:PUSH2 2136:PUSH2 2139:JUMP
uniswapv2_router_evm,2160,JUMP,adjacent_push,2147:PUSH1 2149:DUP2 2150:ADD 2151:SWAP1 2152:PUSH2 2155:SWAP2 2156:SWAP1 2157:PUSH2 2160:JUMP
uniswapv2_router_evm,2175,JUMPI,adjacent_push,2162:PUSH1 2164:PUSH1 2166:PUSH1 2168:SHL 2169:SUB 2170:AND 2171:EQ 2172:PUSH2 2175:JUMPI
uniswapv2_router_evm,2198,JUMP,adjacent_push,2185:SHL 2186:DUP2 2187:MSTORE 2188:PUSH1 2190:ADD 2191:PUSH2 2194:SWAP1 2195:PUSH2 2198:JUMP
uniswapv2_router_evm,2291,JUMP,unknown_dynamic,2281:SWAP2 2282:MSTORE 2283:POP 2284:PUSH2 2287:SWAP3 2288:POP 2289:POP 2290:POP 2291:JUMP
uniswapv2_router_evm,2309,JUMP,adjacent_push,2296:DUP3 2297:PUSH1 2299:DUP5 2300:MLOAD 2301:PUSH2 2304:SWAP2 2305:SWAP1 2306:PUSH2 2309:JUMP
uniswapv2_router_evm,2318,JUMPI,adjacent_push,2306:PUSH2 2309:JUMP 2310:JUMPDEST 2311:DUP2 2312:MLOAD 2313:DUP2 2314:LT 2315:PUSH2 2318:JUMPI
uniswapv2_router_evm,2325,JUMP,adjacent_push,2311:DUP2 2312:MLOAD 2313:DUP2 2314:LT 2315:PUSH2 2318:JUMPI 2319:PUSH2 2322:PUSH2 2325:JUMP
uniswapv2_router_evm,2340,JUMPI,adjacent_push,2329:MUL 2330:PUSH1 2332:ADD 2333:ADD 2334:MLOAD 2335:LT 2336:ISZERO 2337:PUSH2 2340:JUMPI
uniswapv2_router_evm,2363,JUMP,adjacent_push,2350:SHL 2351:DUP2 2352:MSTORE 2353:PUSH1 2355:ADD 2356:PUSH2 2359:SWAP1 2360:PUSH2 2363:JUMP
uniswapv2_router_evm,2377,JUMPI,adjacent_push,2365:PUSH2 2368:DUP7 2369:DUP7 2370:PUSH0 2371:DUP2 2372:DUP2 2373:LT 2374:PUSH2 2377:JUMPI
uniswapv2_router_evm,2384,JUMP,adjacent_push,2370:PUSH0 2371:DUP2 2372:DUP2 2373:LT 2374:PUSH2 2377:JUMPI 2378:PUSH2 2381:PUSH2 2384:JUMP
uniswapv2_router_evm,2405,JUMP,adjacent_push,2392:PUSH1 2394:DUP2 2395:ADD 2396:SWAP1 2397:PUSH2 2400:SWAP2 2401:SWAP1 2402:PUSH2 2405:JUMP
uniswapv2_router_evm,2453,JUMPI,adjacent_push,2411:PUSH32 2444:DUP11 2445:DUP11 2446:PUSH0 2447:DUP2 2448:DUP2 2449:LT 2450:PUSH2 2453:JUMPI
uniswapv2_router_evm,2460,JUMP,adjacent_push,2446:PUSH0 2447:DUP2 2448:DUP2 2449:LT 2450:PUSH2 2453:JUMPI 2454:PUSH2 2457:PUSH2 2460:JUMP
uniswapv2_router_evm,2481,JUMP,adjacent_push,2468:PUSH1 2470:DUP2 2471:ADD 2472:SWAP1 2473:PUSH2 2476:SWAP2 2477:SWAP1 2478:PUSH2 2481:JUMP
uniswapv2_router_evm,2493,JUMPI,adjacent_push,2482:JUMPDEST 2483:DUP12 2484:DUP12 2485:PUSH1 2487:DUP2 2488:DUP2 2489:LT 2490:PUSH2 2493:JUMPI
uniswapv2_router_evm,2500,JUMP,adjacent_push,2485:PUSH1 2487:DUP2 2488:DUP2 2489:LT 2490:PUSH2 2493:JUMPI 2494:PUSH2 2497:PUSH2 2500:JUMP
uniswapv2_router_evm,2521,JUMP,adjacent_push,2508:PUSH1 2510:DUP2 2511:ADD 2512:SWAP1 2513:PUSH2 2516:SWAP2 2517:SWAP1 2518:PUSH2 2521:JUMP
uniswapv2_router_evm,2526,JUMP,adjacent_push,2512:SWAP1 2513:PUSH2 2516:SWAP2 2517:SWAP1 2518:PUSH2 2521:JUMP 2522:JUMPDEST 2523:PUSH2 2526:JUMP
uniswapv2_router_evm,2537,JUMPI,adjacent_push,2527:JUMPDEST 2528:DUP6 2529:PUSH0 2530:DUP2 2531:MLOAD 2532:DUP2 2533:LT 2534:PUSH2 2537:JUMPI
uniswapv2_router_evm,2544,JUMP,adjacent_push,2530:DUP2 2531:MLOAD 2532:DUP2 2533:LT 2534:PUSH2 2537:JUMPI 2538:PUSH2 2541:PUSH2 2544:JUMP
uniswapv2_router_evm,2557,JUMP,adjacent_push,2545:JUMPDEST 2546:PUSH1 2548:MUL 2549:PUSH1 2551:ADD 2552:ADD 2553:MLOAD 2554:PUSH2 2557:JUMP
uniswapv2_router_evm,2619,JUMP,unknown_dynamic,2609:POP 2610:OP_30 2611:SWAP3 2612:POP 2613:PUSH2 2616:SWAP2 2617:POP 2618:POP 2619:JUMP
uniswapv2_router_evm,2681,JUMP,adjacent_push,2668:DUP4 2669:PUSH1 2671:DUP6 2672:MLOAD 2673:PUSH2 2676:SWAP2 2677:SWAP1 2678:PUSH2 2681:JUMP
uniswapv2_router_evm,2690,JUMPI,adjacent_push,2678:PUSH2 2681:JUMP 2682:JUMPDEST 2683:DUP2 2684:MLOAD 2685:DUP2 2686:LT 2687:PUSH2 2690:JUMPI
uniswapv2_router_evm,2697,JUMP,adjacent_push,2683:DUP2 2684:MLOAD 2685:DUP2 2686:LT 2687:PUSH2 2690:JUMPI 2691:PUSH2 2694:PUSH2 2697:JUMP
uniswapv2_router_evm,2735,JUMP,internal_return,2724:ADD 2725:PUSH2 2728:SWAP2 2729:DUP2 2730:MSTORE 2731:PUSH1 2733:ADD 2734:SWAP1 2735:JUMP
uniswapv2_router_evm,2755,JUMPI,adjacent_push,2745:PUSH0 2746:DUP8 2747:DUP1 2748:OP_3b 2749:ISZERO 2750:DUP1 2751:ISZERO 2752:PUSH2 2755:JUMPI
uniswapv2_router_evm,2769,JUMPI,adjacent_push,2759:JUMPDEST 2760:POP 2761:OP_5a 2762:OP_f1 2763:ISZERO 2764:DUP1 2765:ISZERO 2766:PUSH2 2769:JUMPI
uniswapv2_router_evm,2799,JUMP,adjacent_push,2786:DUP4 2787:PUSH1 2789:DUP6 2790:MLOAD 2791:PUSH2 2794:SWAP2 2795:SWAP1 2796:PUSH2 2799:JUMP
uniswapv2_router_evm,2808,JUMPI,adjacent_push,2796:PUSH2 2799:JUMP 2800:JUMPDEST 2801:DUP2 2802:MLOAD 2803:DUP2 2804:LT 2805:PUSH2 2808:JUMPI
uniswapv2_router_evm,2815,JUMP,adjacent_push,2801:DUP2 2802:MLOAD 2803:DUP2 2804:LT 2805:PUSH2 2808:JUMPI 2809:PUSH2 2812:PUSH2 2815:JUMP
uniswapv2_router_evm,2828,JUMP,adjacent_push,2816:JUMPDEST 2817:PUSH1 2819:MUL 2820:PUSH1 2822:ADD 2823:ADD 2824:MLOAD 2825:PUSH2 2828:JUMP
uniswapv2_router_evm,2839,JUMP,unknown_dynamic,2831:SWAP7 2832:SWAP6 2833:POP 2834:POP 2835:POP 2836:POP 2837:POP 2838:POP 2839:JUMP
uniswapv2_router_evm,2884,JUMP,adjacent_push,2839:JUMP 2840:JUMPDEST 2841:PUSH1 2843:PUSH2 2846:PUSH32 2879:DUP5 2880:DUP5 2881:PUSH2 2884:JUMP
uniswapv2_router_evm,2893,JUMP,unknown_dynamic,2885:JUMPDEST 2886:SWAP1 2887:POP 2888:JUMPDEST 2889:SWAP3 2890:SWAP2 2891:POP 2892:POP 2893:JUMP
uniswapv2_router_evm,2939,JUMP,adjacent_push,2895:PUSH0 2896:DUP1 2897:PUSH0 2898:PUSH2 2901:PUSH32 2934:DUP16 2935:DUP16 2936:PUSH2 2939:JUMP
uniswapv2_router_evm,2948,JUMPI,adjacent_push,2936:PUSH2 2939:JUMP 2940:JUMPDEST 2941:SWAP1 2942:POP 2943:PUSH0 2944:DUP8 2945:PUSH2 2948:JUMPI
uniswapv2_router_evm,2953,JUMP,adjacent_push,2941:SWAP1 2942:POP 2943:PUSH0 2944:DUP8 2945:PUSH2 2948:JUMPI 2949:DUP13 2950:PUSH2 2953:JUMP
uniswapv2_router_evm,3015,JUMP,adjacent_push,3004:SWAP1 3005:DUP15 3006:SWAP1 3007:DUP15 3008:SWAP1 3009:PUSH1 3011:ADD 3012:PUSH2 3015:JUMP
uniswapv2_router_evm,3035,JUMPI,adjacent_push,3025:PUSH0 3026:DUP8 3027:DUP1 3028:OP_3b 3029:ISZERO 3030:DUP1 3031:ISZERO 3032:PUSH2 3035:JUMPI
uniswapv2_router_evm,3049,JUMPI,adjacent_push,3039:JUMPDEST 3040:POP 3041:OP_5a 3042:OP_f1 3043:ISZERO 3044:DUP1 3045:ISZERO 3046:PUSH2 3049:JUMPI
uniswapv2_router_evm,3075,JUMP,adjacent_push,3065:DUP16 3066:DUP16 3067:DUP16 3068:DUP16 3069:DUP16 3070:DUP16 3071:DUP16 3072:PUSH2 3075:JUMP
uniswapv2_router_evm,3101,JUMP,unknown_dynamic,3093:POP 3094:POP 3095:POP 3096:POP 3097:POP 3098:POP 3099:POP 3100:POP 3101:JUMP
uniswapv2_router_evm,3113,JUMPI,adjacent_push,3102:JUMPDEST 3103:PUSH1 3105:DUP2 3106:OP_42 3107:DUP2 3108:LT 3109:ISZERO 3110:PUSH2 3113:JUMPI
uniswapv2_router_evm,3136,JUMP,adjacent_push,3123:SHL 3124:DUP2 3125:MSTORE 3126:PUSH1 3128:ADD 3129:PUSH2 3132:SWAP1 3133:PUSH2 3136:JUMP
uniswapv2_router_evm,3229,JUMP,unknown_dynamic,3219:SWAP2 3220:MSTORE 3221:POP 3222:PUSH2 3225:SWAP3 3226:POP 3227:POP 3228:POP 3229:JUMP
uniswapv2_router_evm,3247,JUMP,adjacent_push,3234:DUP3 3235:PUSH1 3237:DUP5 3238:MLOAD 3239:PUSH2 3242:SWAP2 3243:SWAP1 3244:PUSH2 3247:JUMP
uniswapv2_router_evm,3256,JUMPI,adjacent_push,3244:PUSH2 3247:JUMP 3248:JUMPDEST 3249:DUP2 3250:MLOAD 3251:DUP2 3252:LT 3253:PUSH2 3256:JUMPI
uniswapv2_router_evm,3263,JUMP,adjacent_push,3249:DUP2 3250:MLOAD 3251:DUP2 3252:LT 3253:PUSH2 3256:JUMPI 3257:PUSH2 3260:PUSH2 3263:JUMP
uniswapv2_router_evm,3278,JUMPI,adjacent_push,3267:MUL 3268:PUSH1 3270:ADD 3271:ADD 3272:MLOAD 3273:LT 3274:ISZERO 3275:PUSH2 3278:JUMPI
uniswapv2_router_evm,3301,JUMP,adjacent_push,3288:SHL 3289:DUP2 3290:MSTORE 3291:PUSH1 3293:ADD 3294:PUSH2 3297:SWAP1 3298:PUSH2 3301:JUMP
uniswapv2_router_evm,3315,JUMPI,adjacent_push,3303:PUSH2 3306:DUP7 3307:DUP7 3308:PUSH0 3309:DUP2 3310:DUP2 3311:LT 3312:PUSH2 3315:JUMPI
uniswapv2_router_evm,3322,JUMP,adjacent_push,3308:PUSH0 3309:DUP2 3310:DUP2 3311:LT 3312:PUSH2 3315:JUMPI 3316:PUSH2 3319:PUSH2 3322:JUMP
uniswapv2_router_evm,3384,JUMP,unknown_dynamic,3374:POP 3375:DUP10 3376:SWAP3 3377:POP 3378:PUSH2 3381:SWAP2 3382:POP 3383:POP 3384:JUMP
uniswapv2_router_evm,3419,JUMP,adjacent_push,3406:SHL 3407:DUP2 3408:MSTORE 3409:PUSH1 3411:ADD 3412:PUSH2 3415:SWAP1 3416:PUSH2 3419:JUMP
uniswapv2_router_evm,3474,JUMP,adjacent_push,3429:PUSH32 3462:AND 3463:DUP7 3464:DUP7 3465:PUSH2 3468:PUSH1 3470:DUP3 3471:PUSH2 3474:JUMP
uniswapv2_router_evm,3482,JUMPI,adjacent_push,3470:DUP3 3471:PUSH2 3474:JUMP 3475:JUMPDEST 3476:DUP2 3477:DUP2 3478:LT 3479:PUSH2 3482:JUMPI
uniswapv2_router_evm,3489,JUMP,adjacent_push,3475:JUMPDEST 3476:DUP2 3477:DUP2 3478:LT 3479:PUSH2 3482:JUMPI 3483:PUSH2 3486:PUSH2 3489:JUMP
uniswapv2_router_evm,3510,JUMP,adjacent_push,3497:PUSH1 3499:DUP2 3500:ADD 3501:SWAP1 3502:PUSH2 3505:SWAP2 3506:SWAP1 3507:PUSH2 3510:JUMP
uniswapv2_router_evm,3525,JUMPI,adjacent_push,3512:PUSH1 3514:PUSH1 3516:PUSH1 3518:SHL 3519:SUB 3520:AND 3521:EQ 3522:PUSH2 3525:JUMPI
uniswapv2_router_evm,3548,JUMP,adjacent_push,3535:SHL 3536:DUP2 3537:MSTORE 3538:PUSH1 3540:ADD 3541:PUSH2 3544:SWAP1 3545:PUSH2 3548:JUMP
uniswapv2_router_evm,3641,JUMP,unknown_dynamic,3631:SWAP2 3632:MSTORE 3633:POP 3634:PUSH2 3637:SWAP3 3638:POP 3639:POP 3640:POP 3641:JUMP
uniswapv2_router_evm,3655,JUMPI,adjacent_push,3645:DUP7 3646:DUP3 3647:PUSH0 3648:DUP2 3649:MLOAD 3650:DUP2 3651:LT 3652:PUSH2 3655:JUMPI
uniswapv2_router_evm,3662,JUMP,adjacent_push,3648:DUP2 3649:MLOAD 3650:DUP2 3651:LT 3652:PUSH2 3655:JUMPI 3656:PUSH2 3659:PUSH2 3662:JUMP
uniswapv2_router_evm,3677,JUMPI,adjacent_push,3666:MUL 3667:PUSH1 3669:ADD 3670:ADD 3671:MLOAD 3672:GT 3673:ISZERO 3674:PUSH2 3677:JUMPI
uniswapv2_router_evm,3700,JUMP,adjacent_push,3687:SHL 3688:DUP2 3689:MSTORE 3690:PUSH1 3692:ADD 3693:PUSH2 3696:SWAP1 3697:PUSH2 3700:JUMP
uniswapv2_router_evm,3777,JUMP,adjacent_push,3701:JUMPDEST 3702:PUSH0 3703:DUP1 3704:PUSH2 3707:PUSH32 3740:DUP14 3741:PUSH32 3774:PUSH2 3777:JUMP
uniswapv2_router_evm,3786,JUMPI,adjacent_push,3774:PUSH2 3777:JUMP 3778:JUMPDEST 3779:SWAP1 3780:POP 3781:PUSH0 3782:DUP7 3783:PUSH2 3786:JUMPI
uniswapv2_router_evm,3791,JUMP,adjacent_push,3779:SWAP1 3780:POP 3781:PUSH0 3782:DUP7 3783:PUSH2 3786:JUMPI 3787:DUP12 3788:PUSH2 3791:JUMP
uniswapv2_router_evm,3853,JUMP,adjacent_push,3842:SWAP1 3843:DUP14 3844:SWAP1 3845:DUP14 3846:SWAP1 3847:PUSH1 3849:ADD 3850:PUSH2 3853:JUMP
uniswapv2_router_evm,3873,JUMPI,adjacent_push,3863:PUSH0 3864:DUP8 3865:DUP1 3866:OP_3b 3867:ISZERO 3868:DUP1 3869:ISZERO 3870:PUSH2 3873:JUMPI
uniswapv2_router_evm,3887,JUMPI,adjacent_push,3877:JUMPDEST 3878:POP 3879:OP_5a 3880:OP_f1 3881:ISZERO 3882:DUP1 3883:ISZERO 3884:PUSH2 3887:JUMPI
uniswapv2_router_evm,3912,JUMP,adjacent_push,3900:PUSH2 3903:DUP14 3904:DUP14 3905:DUP14 3906:DUP14 3907:DUP14 3908:DUP14 3909:PUSH2 3912:JUMP
uniswapv2_router_evm,3929,JUMP,unknown_dynamic,3921:POP 3922:POP 3923:POP 3924:POP 3925:POP 3926:POP 3927:POP 3928:POP 3929:JUMP
uniswapv2_router_evm,3939,JUMPI,adjacent_push,3929:JUMP 3930:JUMPDEST 3931:DUP1 3932:OP_42 3933:DUP2 3934:LT 3935:ISZERO 3936:PUSH2 3939:JUMPI
uniswapv2_router_evm,3962,JUMP,adjacent_push,3949:SHL 3950:DUP2 3951:MSTORE 3952:PUSH1 3954:ADD 3955:PUSH2 3958:SWAP1 3959:PUSH2 3962:JUMP
uniswapv2_router_evm,3976,JUMPI,adjacent_push,3964:PUSH2 3967:DUP6 3968:DUP6 3969:PUSH0 3970:DUP2 3971:DUP2 3972:LT 3973:PUSH2 3976:JUMPI
uniswapv2_router_evm,3983,JUMP,adjacent_push,3969:PUSH0 3970:DUP2 3971:DUP2 3972:LT 3973:PUSH2 3976:JUMPI 3977:PUSH2 3980:PUSH2 3983:JUMP
uniswapv2_router_evm,4004,JUMP,adjacent_push,3991:PUSH1 3993:DUP2 3994:ADD 3995:SWAP1 3996:PUSH2 3999:SWAP2 4000:SWAP1 4001:PUSH2 4004:JUMP
uniswapv2_router_evm,4052,JUMPI,adjacent_push,4010:PUSH32 4043:DUP10 4044:DUP10 4045:PUSH0 4046:DUP2 4047:DUP2 4048:LT 4049:PUSH2 4052:JUMPI
uniswapv2_router_evm,4059,JUMP,adjacent_push,4045:PUSH0 4046:DUP2 4047:DUP2 4048:LT 4049:PUSH2 4052:JUMPI 4053:PUSH2 4056:PUSH2 4059:JUMP
uniswapv2_router_evm,4080,JUMP,adjacent_push,4067:PUSH1 4069:DUP2 4070:ADD 4071:SWAP1 4072:PUSH2 4075:SWAP2 4076:SWAP1 4077:PUSH2 4080:JUMP
uniswapv2_router_evm,4092,JUMPI,adjacent_push,4081:JUMPDEST 4082:DUP11 4083:DUP11 4084:PUSH1 4086:DUP2 4087:DUP2 4088:LT 4089:PUSH2 4092:JUMPI
uniswapv2_router_evm,4099,JUMP,adjacent_push,4084:PUSH1 4086:DUP2 4087:DUP2 4088:LT 4089:PUSH2 4092:JUMPI 4093:PUSH2 4096:PUSH2 4099:JUMP
uniswapv2_router_evm,4105,JUMP,adjacent_push,4089:PUSH2 4092:JUMPI 4093:PUSH2 4096:PUSH2 4099:JUMP 4100:JUMPDEST 4101:DUP11 4102:PUSH2 4105:JUMP
uniswapv2_router_evm,4119,JUMP,adjacent_push,4106:JUMPDEST 4107:PUSH0 4108:DUP6 4109:DUP6 4110:PUSH2 4113:PUSH1 4115:DUP3 4116:PUSH2 4119:JUMP
uniswapv2_router_evm,4127,JUMPI,adjacent_push,4115:DUP3 4116:PUSH2 4119:JUMP 4120:JUMPDEST 4121:DUP2 4122:DUP2 4123:LT 4124:PUSH2 4127:JUMPI
uniswapv2_router_evm,4134,JUMP,adjacent_push,4120:JUMPDEST 4121:DUP2 4122:DUP2 4123:LT 4124:PUSH2 4127:JUMPI 4128:PUSH2 4131:PUSH2 4134:JUMP
uniswapv2_router_evm,4155,JUMP,adjacent_push,4142:PUSH1 4144:DUP2 4145:ADD 4146:SWAP1 4147:PUSH2 4150:SWAP2 4151:SWAP1 4152:PUSH2 4155:JUMP
uniswapv2_router_evm,4218,JUMPI,adjacent_push,4208:DUP2 4209:DUP7 4210:OP_5a 4211:OP_fa 4212:ISZERO 4213:DUP1 4214:ISZERO 4215:PUSH2 4218:JUMPI
uniswapv2_router_evm,4261,JUMP,adjacent_push,4249:POP 4250:DUP2 4251:ADD 4252:SWAP1 4253:PUSH2 4256:SWAP2 4257:SWAP1 4258:PUSH2 4261:JUMP
uniswapv2_router_evm,4324,JUMP,unknown_dynamic,4314:POP 4315:DUP9 4316:SWAP3 4317:POP 4318:PUSH2 4321:SWAP2 4322:POP 4323:POP 4324:JUMP
uniswapv2_router_evm,4339,JUMP,adjacent_push,4326:DUP7 4327:DUP2 4328:DUP8 4329:DUP8 4330:PUSH2 4333:PUSH1 4335:DUP3 4336:PUSH2 4339:JUMP
uniswapv2_router_evm,4347,JUMPI,adjacent_push,4335:DUP3 4336:PUSH2 4339:JUMP 4340:JUMPDEST 4341:DUP2 4342:DUP2 4343:LT 4344:PUSH2 4347:JUMPI
uniswapv2_router_evm,4354,JUMP,adjacent_push,4340:JUMPDEST 4341:DUP2 4342:DUP2 4343:LT 4344:PUSH2 4347:JUMPI 4348:PUSH2 4351:PUSH2 4354:JUMP
uniswapv2_router_evm,4375,JUMP,adjacent_push,4362:PUSH1 4364:DUP2 4365:ADD 4366:SWAP1 4367:PUSH2 4370:SWAP2 4371:SWAP1 4372:PUSH2 4375:JUMP
uniswapv2_router_evm,4439,JUMPI,adjacent_push,4429:DUP2 4430:DUP7 4431:OP_5a 4432:OP_fa 4433:ISZERO 4434:DUP1 4435:ISZERO 4436:PUSH2 4439:JUMPI
uniswapv2_router_evm,4482,JUMP,adjacent_push,4470:POP 4471:DUP2 4472:ADD 4473:SWAP1 4474:PUSH2 4477:SWAP2 4478:SWAP1 4479:PUSH2 4482:JUMP
uniswapv2_router_evm,4492,JUMP,adjacent_push,4478:SWAP1 4479:PUSH2 4482:JUMP 4483:JUMPDEST 4484:PUSH2 4487:SWAP2 4488:SWAP1 4489:PUSH2 4492:JUMP
uniswapv2_router_evm,4499,JUMPI,adjacent_push,4487:SWAP2 4488:SWAP1 4489:PUSH2 4492:JUMP 4493:JUMPDEST 4494:LT 4495:ISZERO 4496:PUSH2 4499:JUMPI
uniswapv2_router_evm,4522,JUMP,adjacent_push,4509:SHL 4510:DUP2 4511:MSTORE 4512:PUSH1 4514:ADD 4515:PUSH2 4518:SWAP1 4519:PUSH2 4522:JUMP
uniswapv2_router_evm,4532,JUMP,unknown_dynamic,4524:POP 4525:POP 4526:POP 4527:POP 4528:POP 4529:POP 4530:POP 4531:POP 4532:JUMP
uniswapv2_router_evm,4542,JUMPI,adjacent_push,4532:JUMP 4533:JUMPDEST 4534:DUP1 4535:OP_42 4536:DUP2 4537:LT 4538:ISZERO 4539:PUSH2 4542:JUMPI
uniswapv2_router_evm,4565,JUMP,adjacent_push,4552:SHL 4553:DUP2 4554:MSTORE 4555:PUSH1 4557:ADD 4558:PUSH2 4561:SWAP1 4562:PUSH2 4565:JUMP
uniswapv2_router_evm,4620,JUMP,adjacent_push,4575:PUSH32 4608:AND 4609:DUP6 4610:DUP6 4611:PUSH2 4614:PUSH1 4616:DUP3 4617:PUSH2 4620:JUMP
uniswapv2_router_evm,4628,JUMPI,adjacent_push,4616:DUP3 4617:PUSH2 4620:JUMP 4621:JUMPDEST 4622:DUP2 4623:DUP2 4624:LT 4625:PUSH2 4628:JUMPI
uniswapv2_router_evm,4635,JUMP,adjacent_push,4621:JUMPDEST 4622:DUP2 4623:DUP2 4624:LT 4625:PUSH2 4628:JUMPI 4629:PUSH2 4632:PUSH2 4635:JUMP
uniswapv2_router_evm,4656,JUMP,adjacent_push,4643:PUSH1 4645:DUP2 4646:ADD 4647:SWAP1 4648:PUSH2 4651:SWAP2 4652:SWAP1 4653:PUSH2 4656:JUMP
uniswapv2_router_evm,4671,JUMPI,adjacent_push,4658:PUSH1 4660:PUSH1 4662:PUSH1 4664:SHL 4665:SUB 4666:AND 4667:EQ 4668:PUSH2 4671:JUMPI
uniswapv2_router_evm,4694,JUMP,adjacent_push,4681:SHL 4682:DUP2 4683:MSTORE 4684:PUSH1 4686:ADD 4687:PUSH2 4690:SWAP1 4691:PUSH2 4694:JUMP
uniswapv2_router_evm,4708,JUMPI,adjacent_push,4696:PUSH2 4699:DUP6 4700:DUP6 4701:PUSH0 4702:DUP2 4703:DUP2 4704:LT 4705:PUSH2 4708:JUMPI
uniswapv2_router_evm,4715,JUMP,adjacent_push,4701:PUSH0 4702:DUP2 4703:DUP2 4704:LT 4705:PUSH2 4708:JUMPI 4709:PUSH2 4712:PUSH2 4715:JUMP
uniswapv2_router_evm,4776,JUMP,unknown_dynamic,4766:POP 4767:OP_30 4768:SWAP3 4769:POP 4770:PUSH2 4773:SWAP2 4774:POP 4775:POP 4776:JUMP
uniswapv2_router_evm,4869,JUMPI,adjacent_push,4859:DUP2 4860:DUP7 4861:OP_5a 4862:OP_fa 4863:ISZERO 4864:DUP1 4865:ISZERO 4866:PUSH2 4869:JUMPI
uniswapv2_router_evm,4912,JUMP,adjacent_push,4900:POP 4901:DUP2 4902:ADD 4903:SWAP1 4904:PUSH2 4907:SWAP2 4908:SWAP1 4909:PUSH2 4912:JUMP
uniswapv2_router_evm,4923,JUMPI,adjacent_push,4913:JUMPDEST 4914:SWAP1 4915:POP 4916:DUP7 4917:DUP2 4918:LT 4919:ISZERO 4920:PUSH2 4923:JUMPI
uniswapv2_router_evm,4946,JUMP,adjacent_push,4933:SHL 4934:DUP2 4935:MSTORE 4936:PUSH1 4938:ADD 4939:PUSH2 4942:SWAP1 4943:PUSH2 4946:JUMP
uniswapv2_router_evm,5038,JUMPI,adjacent_push,5028:PUSH0 5029:DUP8 5030:DUP1 5031:OP_3b 5032:ISZERO 5033:DUP1 5034:ISZERO 5035:PUSH2 5038:JUMPI
uniswapv2_router_evm,5052,JUMPI,adjacent_push,5042:JUMPDEST 5043:POP 5044:OP_5a 5045:OP_f1 5046:ISZERO 5047:DUP1 5048:ISZERO 5049:PUSH2 5052:JUMPI
uniswapv2_router_evm,5073,JUMP,adjacent_push,5061:POP 5062:POP 5063:POP 5064:POP 5065:PUSH2 5068:DUP5 5069:DUP3 5070:PUSH2 5073:JUMP
uniswapv2_router_evm,5085,JUMPI,adjacent_push,5074:JUMPDEST 5075:PUSH1 5077:DUP2 5078:OP_42 5079:DUP2 5080:LT 5081:ISZERO 5082:PUSH2 5085:JUMPI
uniswapv2_router_evm,5108,JUMP,adjacent_push,5095:SHL 5096:DUP2 5097:MSTORE 5098:PUSH1 5100:ADD 5101:PUSH2 5104:SWAP1 5105:PUSH2 5108:JUMP
uniswapv2_router_evm,5161,JUMPI,adjacent_push,5151:AND 5152:DUP7 5153:DUP7 5154:PUSH0 5155:DUP2 5156:DUP2 5157:LT 5158:PUSH2 5161:JUMPI
uniswapv2_router_evm,5168,JUMP,adjacent_push,5154:PUSH0 5155:DUP2 5156:DUP2 5157:LT 5158:PUSH2 5161:JUMPI 5162:PUSH2 5165:PUSH2 5168:JUMP
uniswapv2_router_evm,5189,JUMP,adjacent_push,5176:PUSH1 5178:DUP2 5179:ADD 5180:SWAP1 5181:PUSH2 5184:SWAP2 5185:SWAP1 5186:PUSH2 5189:JUMP
uniswapv2_router_evm,5204,JUMPI,adjacent_push,5191:PUSH1 5193:PUSH1 5195:PUSH1 5197:SHL 5198:SUB 5199:AND 5200:EQ 5201:PUSH2 5204:JUMPI
uniswapv2_router_evm,5227,JUMP,adjacent_push,5214:SHL 5215:DUP2 5216:MSTORE 5217:PUSH1 5219:ADD 5220:PUSH2 5223:SWAP1 5224:PUSH2 5227:JUMP
uniswapv2_router_evm,5320,JUMP,unknown_dynamic,5310:SWAP2 5311:MSTORE 5312:POP 5313:PUSH2 5316:SWAP3 5317:POP 5318:POP 5319:POP 5320:JUMP
uniswapv2_router_evm,5338,JUMP,adjacent_push,5325:DUP3 5326:PUSH1 5328:DUP5 5329:MLOAD 5330:PUSH2 5333:SWAP2 5334:SWAP1 5335:PUSH2 5338:JUMP
uniswapv2_router_evm,5347,JUMPI,adjacent_push,5335:PUSH2 5338:JUMP 5339:JUMPDEST 5340:DUP2 5341:MLOAD 5342:DUP2 5343:LT 5344:PUSH2 5347:JUMPI
uniswapv2_router_evm,5354,JUMP,adjacent_push,5340:DUP2 5341:MLOAD 5342:DUP2 5343:LT 5344:PUSH2 5347:JUMPI 5348:PUSH2 5351:PUSH2 5354:JUMP
uniswapv2_router_evm,5369,JUMPI,adjacent_push,5358:MUL 5359:PUSH1 5361:ADD 5362:ADD 5363:MLOAD 5364:LT 5365:ISZERO 5366:PUSH2 5369:JUMPI
uniswapv2_router_evm,5392,JUMP,adjacent_push,5379:SHL 5380:DUP2 5381:MSTORE 5382:PUSH1 5384:ADD 5385:PUSH2 5388:SWAP1 5389:PUSH2 5392:JUMP
uniswapv2_router_evm,5450,JUMPI,adjacent_push,5436:PUSH4 5441:DUP4 5442:PUSH0 5443:DUP2 5444:MLOAD 5445:DUP2 5446:LT 5447:PUSH2 5450:JUMPI
uniswapv2_router_evm,5457,JUMP,adjacent_push,5443:DUP2 5444:MLOAD 5445:DUP2 5446:LT 5447:PUSH2 5450:JUMPI 5451:PUSH2 5454:PUSH2 5457:JUMP
uniswapv2_router_evm,5503,JUMPI,adjacent_push,5493:DUP6 5494:DUP9 5495:DUP1 5496:OP_3b 5497:ISZERO 5498:DUP1 5499:ISZERO 5500:PUSH2 5503:JUMPI
uniswapv2_router_evm,5517,JUMPI,adjacent_push,5507:JUMPDEST 5508:POP 5509:OP_5a 5510:OP_f1 5511:ISZERO 5512:DUP1 5513:ISZERO 5514:PUSH2 5517:JUMPI
uniswapv2_router_evm,5623,JUMPI,adjacent_push,5581:PUSH32 5614:DUP10 5615:DUP10 5616:PUSH0 5617:DUP2 5618:DUP2 5619:LT 5620:PUSH2 5623:JUMPI
uniswapv2_router_evm,5630,JUMP,adjacent_push,5616:PUSH0 5617:DUP2 5618:DUP2 5619:LT 5620:PUSH2 5623:JUMPI 5624:PUSH2 5627:PUSH2 5630:JUMP
uniswapv2_router_evm,5641,JUMPI,adjacent_push,5631:JUMPDEST 5632:DUP5 5633:PUSH0 5634:DUP2 5635:MLOAD 5636:DUP2 5637:LT 5638:PUSH2 5641:JUMPI
uniswapv2_router_evm,5648,JUMP,adjacent_push,5634:DUP2 5635:MLOAD 5636:DUP2 5637:LT 5638:PUSH2 5641:JUMPI 5642:PUSH2 5645:PUSH2 5648:JUMP
uniswapv2_router_evm,5705,JUMP,internal_return,5695:MSTORE 5696:PUSH1 5698:DUP3 5699:ADD 5700:MSTORE 5701:PUSH1 5703:ADD 5704:SWAP1 5705:JUMP
uniswapv2_router_evm,5726,JUMPI,adjacent_push,5716:PUSH0 5717:DUP8 5718:OP_5a 5719:OP_f1 5720:ISZERO 5721:DUP1 5722:ISZERO 5723:PUSH2 5726:JUMPI
uniswapv2_router_evm,5774,JUMPI,adjacent_push,5760:SWAP1 5761:PUSH2 5764:SWAP2 5765:SWAP1 5766:PUSH2 5769:JUMP 5770:JUMPDEST 5771:PUSH2 5774:JUMPI
uniswapv2_router_evm,5781,JUMP,adjacent_push,5765:SWAP1 5766:PUSH2 5769:JUMP 5770:JUMPDEST 5771:PUSH2 5774:JUMPI 5775:PUSH2 5778:PUSH2 5781:JUMP
uniswapv2_router_evm,5843,JUMP,unknown_dynamic,5833:POP 5834:DUP10 5835:SWAP3 5836:POP 5837:PUSH2 5840:SWAP2 5841:POP 5842:POP 5843:JUMP
uniswapv2_router_evm,5853,JUMP,unknown_dynamic,5845:POP 5846:SWAP6 5847:SWAP5 5848:POP 5849:POP 5850:POP 5851:POP 5852:POP 5853:JUMP
uniswapv2_router_evm,5865,JUMP,adjacent_push,5853:JUMP 5854:JUMPDEST 5855:PUSH0 5856:PUSH2 5859:DUP5 5860:DUP5 5861:DUP5 5862:PUSH2 5865:JUMP
uniswapv2_router_evm,5877,JUMPI,adjacent_push,5866:JUMPDEST 5867:PUSH1 5869:DUP2 5870:OP_42 5871:DUP2 5872:LT 5873:ISZERO 5874:PUSH2 5877:JUMPI
uniswapv2_router_evm,5900,JUMP,adjacent_push,5887:SHL 5888:DUP2 5889:MSTORE 5890:PUSH1 5892:ADD 5893:PUSH2 5896:SWAP1 5897:PUSH2 5900:JUMP
uniswapv2_router_evm,5993,JUMP,unknown_dynamic,5983:SWAP2 5984:MSTORE 5985:POP 5986:PUSH2 5989:SWAP3 5990:POP 5991:POP 5992:POP 5993:JUMP
uniswapv2_router_evm,6007,JUMPI,adjacent_push,5997:DUP7 5998:DUP3 5999:PUSH0 6000:DUP2 6001:MLOAD 6002:DUP2 6003:LT 6004:PUSH2 6007:JUMPI
uniswapv2_router_evm,6014,JUMP,adjacent_push,6000:DUP2 6001:MLOAD 6002:DUP2 6003:LT 6004:PUSH2 6007:JUMPI 6008:PUSH2 6011:PUSH2 6014:JUMP
uniswapv2_router_evm,6029,JUMPI,adjacent_push,6018:MUL 6019:PUSH1 6021:ADD 6022:ADD 6023:MLOAD 6024:GT 6025:ISZERO 6026:PUSH2 6029:JUMPI
uniswapv2_router_evm,6052,JUMP,adjacent_push,6039:SHL 6040:DUP2 6041:MSTORE 6042:PUSH1 6044:ADD 6045:PUSH2 6048:SWAP1 6049:PUSH2 6052:JUMP
uniswapv2_router_evm,6064,JUMP,adjacent_push,6052:JUMP 6053:JUMPDEST 6054:PUSH0 6055:PUSH2 6058:DUP5 6059:DUP5 6060:DUP5 6061:PUSH2 6064:JUMP
uniswapv2_router_evm,6075,JUMPI,adjacent_push,6065:JUMPDEST 6066:PUSH0 6067:DUP2 6068:OP_42 6069:DUP2 6070:LT 6071:ISZERO 6072:PUSH2 6075:JUMPI
uniswapv2_router_evm,6098,JUMP,adjacent_push,6085:SHL 6086:DUP2 6087:MSTORE 6088:PUSH1 6090:ADD 6091:PUSH2 6094:SWAP1 6095:PUSH2 6098:JUMP
uniswapv2_router_evm,6145,JUMP,adjacent_push,6103:DUP9 6104:PUSH32 6137:DUP10 6138:DUP10 6139:DUP10 6140:OP_30 6141:DUP10 6142:PUSH2 6145:JUMP
uniswapv2_router_evm,6216,JUMPI,adjacent_push,6206:DUP2 6207:DUP7 6208:OP_5a 6209:OP_fa 6210:ISZERO 6211:DUP1 6212:ISZERO 6213:PUSH2 6216:JUMPI
uniswapv2_router_evm,6259,JUMP,adjacent_push,6247:POP 6248:DUP2 6249:ADD 6250:SWAP1 6251:PUSH2 6254:SWAP2 6255:SWAP1 6256:PUSH2 6259:JUMP
uniswapv2_router_evm,6264,JUMP,adjacent_push,6250:SWAP1 6251:PUSH2 6254:SWAP2 6255:SWAP1 6256:PUSH2 6259:JUMP 6260:JUMPDEST 6261:PUSH2 6264:JUMP
uniswapv2_router_evm,6356,JUMPI,adjacent_push,6346:PUSH0 6347:DUP8 6348:DUP1 6349:OP_3b 6350:ISZERO 6351:DUP1 6352:ISZERO 6353:PUSH2 6356:JUMPI
uniswapv2_router_evm,6370,JUMPI,adjacent_push,6360:JUMPDEST 6361:POP 6362:OP_5a 6363:OP_f1 6364:ISZERO 6365:DUP1 6366:ISZERO 6367:PUSH2 6370:JUMPI
uniswapv2_router_evm,6391,JUMP,adjacent_push,6379:POP 6380:POP 6381:POP 6382:POP 6383:PUSH2 6386:DUP5 6387:DUP4 6388:PUSH2 6391:JUMP
uniswapv2_router_evm,6401,JUMPI,adjacent_push,6391:JUMP 6392:JUMPDEST 6393:DUP1 6394:OP_42 6395:DUP2 6396:LT 6397:ISZERO 6398:PUSH2 6401:JUMPI
uniswapv2_router_evm,6424,JUMP,adjacent_push,6411:SHL 6412:DUP2 6413:MSTORE 6414:PUSH1 6416:ADD 6417:PUSH2 6420:SWAP1 6421:PUSH2 6424:JUMP
uniswapv2_router_evm,6477,JUMPI,adjacent_push,6467:AND 6468:DUP6 6469:DUP6 6470:PUSH0 6471:DUP2 6472:DUP2 6473:LT 6474:PUSH2 6477:JUMPI
uniswapv2_router_evm,6484,JUMP,adjacent_push,6470:PUSH0 6471:DUP2 6472:DUP2 6473:LT 6474:PUSH2 6477:JUMPI 6478:PUSH2 6481:PUSH2 6484:JUMP
uniswapv2_router_evm,6505,JUMP,adjacent_push,6492:PUSH1 6494:DUP2 6495:ADD 6496:SWAP1 6497:PUSH2 6500:SWAP2 6501:SWAP1 6502:PUSH2 6505:JUMP
uniswapv2_router_evm,6520,JUMPI,adjacent_push,6507:PUSH1 6509:PUSH1 6511:PUSH1 6513:SHL 6514:SUB 6515:AND 6516:EQ 6517:PUSH2 6520:JUMPI
uniswapv2_router_evm,6543,JUMP,adjacent_push,6530:SHL 6531:DUP2 6532:MSTORE 6533:PUSH1 6535:ADD 6536:PUSH2 6539:SWAP1 6540:PUSH2 6543:JUMP
uniswapv2_router_evm,6633,JUMPI,adjacent_push,6623:DUP6 6624:DUP9 6625:DUP1 6626:OP_3b 6627:ISZERO 6628:DUP1 6629:ISZERO 6630:PUSH2 6633:JUMPI
uniswapv2_router_evm,6647,JUMPI,adjacent_push,6637:JUMPDEST 6638:POP 6639:OP_5a 6640:OP_f1 6641:ISZERO 6642:DUP1 6643:ISZERO 6644:PUSH2 6647:JUMPI
uniswapv2_router_evm,6753,JUMPI,adjacent_push,6711:PUSH32 6744:DUP10 6745:DUP10 6746:PUSH0 6747:DUP2 6748:DUP2 6749:LT 6750:PUSH2 6753:JUMPI
uniswapv2_router_evm,6760,JUMP,adjacent_push,6746:PUSH0 6747:DUP2 6748:DUP2 6749:LT 6750:PUSH2 6753:JUMPI 6754:PUSH2 6757:PUSH2 6760:JUMP
uniswapv2_router_evm,6827,JUMPI,adjacent_push,6817:PUSH0 6818:DUP8 6819:OP_5a 6820:OP_f1 6821:ISZERO 6822:DUP1 6823:ISZERO 6824:PUSH2 6827:JUMPI
uniswapv2_router_evm,6875,JUMPI,adjacent_push,6861:SWAP1 6862:PUSH2 6865:SWAP2 6866:SWAP1 6867:PUSH2 6870:JUMP 6871:JUMPDEST 6872:PUSH2 6875:JUMPI
uniswapv2_router_evm,6882,JUMP,adjacent_push,6866:SWAP1 6867:PUSH2 6870:JUMP 6871:JUMPDEST 6872:PUSH2 6875:JUMPI 6876:PUSH2 6879:PUSH2 6882:JUMP
uniswapv2_router_evm,6896,JUMP,adjacent_push,6883:JUMPDEST 6884:PUSH0 6885:DUP7 6886:DUP7 6887:PUSH2 6890:PUSH1 6892:DUP3 6893:PUSH2 6896:JUMP
uniswapv2_router_evm,6904,JUMPI,adjacent_push,6892:DUP3 6893:PUSH2 6896:JUMP 6897:JUMPDEST 6898:DUP2 6899:DUP2 6900:LT 6901:PUSH2 6904:JUMPI
uniswapv2_router_evm,6911,JUMP,adjacent_push,6897:JUMPDEST 6898:DUP2 6899:DUP2 6900:LT 6901:PUSH2 6904:JUMPI 6905:PUSH2 6908:PUSH2 6911:JUMP
uniswapv2_router_evm,6932,JUMP,adjacent_push,6919:PUSH1 6921:DUP2 6922:ADD 6923:SWAP1 6924:PUSH2 6927:SWAP2 6928:SWAP1 6929:PUSH2 6932:JUMP
uniswapv2_router_evm,6995,JUMPI,adjacent_push,6985:DUP2 6986:DUP7 6987:OP_5a 6988:OP_fa 6989:ISZERO 6990:DUP1 6991:ISZERO 6992:PUSH2 6995:JUMPI
uniswapv2_router_evm,7038,JUMP,adjacent_push,7026:POP 7027:DUP2 7028:ADD 7029:SWAP1 7030:PUSH2 7033:SWAP2 7034:SWAP1 7035:PUSH2 7038:JUMP
uniswapv2_router_evm,7101,JUMP,unknown_dynamic,7091:POP 7092:DUP10 7093:SWAP3 7094:POP 7095:PUSH2 7098:SWAP2 7099:POP 7100:POP 7101:JUMP
uniswapv2_router_evm,7116,JUMP,adjacent_push,7103:DUP8 7104:DUP2 7105:DUP9 7106:DUP9 7107:PUSH2 7110:PUSH1 7112:DUP3 7113:PUSH2 7116:JUMP
uniswapv2_router_evm,7124,JUMPI,adjacent_push,7112:DUP3 7113:PUSH2 7116:JUMP 7117:JUMPDEST 7118:DUP2 7119:DUP2 7120:LT 7121:PUSH2 7124:JUMPI
uniswapv2_router_evm,7131,JUMP,adjacent_push,7117:JUMPDEST 7118:DUP2 7119:DUP2 7120:LT 7121:PUSH2 7124:JUMPI 7125:PUSH2 7128:PUSH2 7131:JUMP
uniswapv2_router_evm,7152,JUMP,adjacent_push,7139:PUSH1 7141:DUP2 7142:ADD 7143:SWAP1 7144:PUSH2 7147:SWAP2 7148:SWAP1 7149:PUSH2 7152:JUMP
uniswapv2_router_evm,7200,JUMP,adjacent_push,7185:SWAP2 7186:AND 7187:SWAP1 7188:PUSH4 7193:SWAP1 7194:PUSH1 7196:ADD 7197:PUSH2 7200:JUMP
uniswapv2_router_evm,7212,JUMPI,adjacent_push,7202:PUSH0 7203:DUP1 7204:DUP3 7205:OP_42 7206:DUP2 7207:LT 7208:ISZERO 7209:PUSH2 7212:JUMPI
uniswapv2_router_evm,7235,JUMP,adjacent_push,7222:SHL 7223:DUP2 7224:MSTORE 7225:PUSH1 7227:ADD 7228:PUSH2 7231:SWAP1 7232:PUSH2 7235:JUMP
uniswapv2_router_evm,7279,JUMP,adjacent_push,7235:JUMP 7236:JUMPDEST 7237:PUSH0 7238:PUSH2 7241:PUSH32 7274:DUP13 7275:DUP13 7276:PUSH2 7279:JUMP
uniswapv2_router_evm,7355,JUMPI,adjacent_push,7345:PUSH0 7346:DUP8 7347:OP_5a 7348:OP_f1 7349:ISZERO 7350:DUP1 7351:ISZERO 7352:PUSH2 7355:JUMPI
uniswapv2_router_evm,7464,JUMPI,adjacent_push,7454:PUSH0 7455:DUP8 7456:OP_5a 7457:OP_f1 7458:ISZERO 7459:DUP1 7460:ISZERO 7461:PUSH2 7464:JUMPI
uniswapv2_router_evm,7522,JUMP,adjacent_push,7510:POP 7511:SWAP2 7512:POP 7513:PUSH0 7514:PUSH2 7517:DUP15 7518:DUP15 7519:PUSH2 7522:JUMP
uniswapv2_router_evm,7551,JUMPI,adjacent_push,7538:PUSH1 7540:PUSH1 7542:PUSH1 7544:SHL 7545:SUB 7546:AND 7547:EQ 7548:PUSH2 7551:JUMPI
uniswapv2_router_evm,7557,JUMP,adjacent_push,7545:SUB 7546:AND 7547:EQ 7548:PUSH2 7551:JUMPI 7552:DUP2 7553:DUP4 7554:PUSH2 7557:JUMP
uniswapv2_router_evm,7574,JUMPI,adjacent_push,7564:POP 7565:SWAP6 7566:POP 7567:DUP11 7568:DUP8 7569:LT 7570:ISZERO 7571:PUSH2 7574:JUMPI
uniswapv2_router_evm,7597,JUMP,adjacent_push,7584:SHL 7585:DUP2 7586:MSTORE 7587:PUSH1 7589:ADD 7590:PUSH2 7593:SWAP1 7594:PUSH2 7597:JUMP
uniswapv2_router_evm,7606,JUMPI,adjacent_push,7594:PUSH2 7597:JUMP 7598:JUMPDEST 7599:DUP10 7600:DUP7 7601:LT 7602:ISZERO 7603:PUSH2 7606:JUMPI
uniswapv2_router_evm,7629,JUMP,adjacent_push,7616:SHL 7617:DUP2 7618:MSTORE 7619:PUSH1 7621:ADD 7622:PUSH2 7625:SWAP1 7626:PUSH2 7629:JUMP
uniswapv2_router_evm,7646,JUMP,unknown_dynamic,7638:SWAP8 7639:SWAP6 7640:POP 7641:POP 7642:POP 7643:POP 7644:POP 7645:POP 7646:JUMP
uniswapv2_router_evm,7691,JUMP,adjacent_push,7646:JUMP 7647:JUMPDEST 7648:PUSH1 7650:PUSH2 7653:PUSH32 7686:DUP5 7687:DUP5 7688:PUSH2 7691:JUMP
uniswapv2_router_evm,7769,JUMP,adjacent_push,7693:PUSH0 7694:DUP1 7695:PUSH0 7696:PUSH2 7699:PUSH32 7732:DUP15 7733:PUSH32 7766:PUSH2 7769:JUMP
uniswapv2_router_evm,7778,JUMPI,adjacent_push,7766:PUSH2 7769:JUMP 7770:JUMPDEST 7771:SWAP1 7772:POP 7773:PUSH0 7774:DUP8 7775:PUSH2 7778:JUMPI
uniswapv2_router_evm,7783,JUMP,adjacent_push,7771:SWAP1 7772:POP 7773:PUSH0 7774:DUP8 7775:PUSH2 7778:JUMPI 7779:DUP13 7780:PUSH2 7783:JUMP
uniswapv2_router_evm,7845,JUMP,adjacent_push,7834:SWAP1 7835:DUP15 7836:SWAP1 7837:DUP15 7838:SWAP1 7839:PUSH1 7841:ADD 7842:PUSH2 7845:JUMP
uniswapv2_router_evm,7865,JUMPI,adjacent_push,7855:PUSH0 7856:DUP8 7857:DUP1 7858:OP_3b 7859:ISZERO 7860:DUP1 7861:ISZERO 7862:PUSH2 7865:JUMPI
uniswapv2_router_evm,7879,JUMPI,adjacent_push,7869:JUMPDEST 7870:POP 7871:OP_5a 7872:OP_f1 7873:ISZERO 7874:DUP1 7875:ISZERO 7876:PUSH2 7879:JUMPI
uniswapv2_router_evm,7904,JUMP,adjacent_push,7892:PUSH2 7895:DUP15 7896:DUP15 7897:DUP15 7898:DUP15 7899:DUP15 7900:DUP15 7901:PUSH2 7904:JUMP
uniswapv2_router_evm,7925,JUMP,unknown_dynamic,7917:POP 7918:POP 7919:POP 7920:POP 7921:POP 7922:POP 7923:POP 7924:POP 7925:JUMP
uniswapv2_router_evm,7938,JUMPI,adjacent_push,7928:DUP1 7929:PUSH0 7930:DUP4 7931:OP_42 7932:DUP2 7933:LT 7934:ISZERO 7935:PUSH2 7938:JUMPI
uniswapv2_router_evm,7961,JUMP,adjacent_push,7948:SHL 7949:DUP2 7950:MSTORE 7951:PUSH1 7953:ADD 7954:PUSH2 7957:SWAP1 7958:PUSH2 7961:JUMP
uniswapv2_router_evm,7975,JUMP,adjacent_push,7963:PUSH2 7966:DUP13 7967:DUP13 7968:DUP13 7969:DUP13 7970:DUP13 7971:DUP13 7972:PUSH2 7975:JUMP
uniswapv2_router_evm,8024,JUMP,adjacent_push,7980:SWAP3 7981:POP 7982:PUSH0 7983:PUSH2 7986:PUSH32 8019:DUP15 8020:DUP15 8021:PUSH2 8024:JUMP
uniswapv2_router_evm,8038,JUMP,adjacent_push,8026:SWAP1 8027:POP 8028:PUSH2 8031:DUP14 8032:OP_33 8033:DUP4 8034:DUP9 8035:PUSH2 8038:JUMP
uniswapv2_router_evm,8050,JUMP,adjacent_push,8038:JUMP 8039:JUMPDEST 8040:PUSH2 8043:DUP13 8044:OP_33 8045:DUP4 8046:DUP8 8047:PUSH2 8050:JUMP
uniswapv2_router_evm,8112,JUMPI,adjacent_push,8102:PUSH0 8103:DUP8 8104:OP_5a 8105:OP_f1 8106:ISZERO 8107:DUP1 8108:ISZERO 8109:PUSH2 8112:JUMPI
uniswapv2_router_evm,8155,JUMP,adjacent_push,8143:POP 8144:DUP2 8145:ADD 8146:SWAP1 8147:PUSH2 8150:SWAP2 8151:SWAP1 8152:PUSH2 8155:JUMP
uniswapv2_router_evm,8173,JUMP,unknown_dynamic,8165:SWAP9 8166:SWAP6 8167:POP 8168:POP 8169:POP 8170:POP 8171:POP 8172:POP 8173:JUMP
uniswapv2_router_evm,8186,JUMPI,adjacent_push,8176:DUP1 8177:PUSH0 8178:DUP4 8179:OP_42 8180:DUP2 8181:LT 8182:ISZERO 8183:PUSH2 8186:JUMPI
uniswapv2_router_evm,8209,JUMP,adjacent_push,8196:SHL 8197:DUP2 8198:MSTORE 8199:PUSH1 8201:ADD 8202:PUSH2 8205:SWAP1 8206:PUSH2 8209:JUMP
uniswapv2_router_evm,8255,JUMP,adjacent_push,8211:PUSH2 8214:DUP11 8215:PUSH32 8248:DUP12 8249:OP_34 8250:DUP13 8251:DUP13 8252:PUSH2 8255:JUMP
uniswapv2_router_evm,8336,JUMP,adjacent_push,8260:SWAP3 8261:POP 8262:PUSH0 8263:PUSH2 8266:PUSH32 8299:DUP13 8300:PUSH32 8333:PUSH2 8336:JUMP
uniswapv2_router_evm,8350,JUMP,adjacent_push,8338:SWAP1 8339:POP 8340:PUSH2 8343:DUP12 8344:OP_33 8345:DUP4 8346:DUP9 8347:PUSH2 8350:JUMP
uniswapv2_router_evm,8436,JUMPI,adjacent_push,8426:DUP6 8427:DUP9 8428:DUP1 8429:OP_3b 8430:ISZERO 8431:DUP1 8432:ISZERO 8433:PUSH2 8436:JUMPI
uniswapv2_router_evm,8564,JUMPI,adjacent_push,8554:PUSH0 8555:DUP8 8556:OP_5a 8557:OP_f1 8558:ISZERO 8559:DUP1 8560:ISZERO 8561:PUSH2 8564:JUMPI
uniswapv2_router_evm,8612,JUMPI,adjacent_push,8598:SWAP1 8599:PUSH2 8602:SWAP2 8603:SWAP1 8604:PUSH2 8607:JUMP 8608:JUMPDEST 8609:PUSH2 8612:JUMPI
uniswapv2_router_evm,8619,JUMP,adjacent_push,8603:SWAP1 8604:PUSH2 8607:JUMP 8608:JUMPDEST 8609:PUSH2 8612:JUMPI 8613:PUSH2 8616:PUSH2 8619:JUMP
uniswapv2_router_evm,8681,JUMPI,adjacent_push,8671:PUSH0 8672:DUP8 8673:OP_5a 8674:OP_f1 8675:ISZERO 8676:DUP1 8677:ISZERO 8678:PUSH2 8681:JUMPI
uniswapv2_router_evm,8724,JUMP,adjacent_push,8712:POP 8713:DUP2 8714:ADD 8715:SWAP1 8716:PUSH2 8719:SWAP2 8720:SWAP1 8721:PUSH2 8724:JUMP
uniswapv2_router_evm,8735,JUMPI,adjacent_push,8725:JUMPDEST 8726:SWAP3 8727:POP 8728:DUP4 8729:OP_34 8730:GT 8731:ISZERO 8732:PUSH2 8735:JUMPI
uniswapv2_router_evm,8748,JUMP,adjacent_push,8732:PUSH2 8735:JUMPI 8736:PUSH2 8739:OP_33 8740:PUSH2 8743:DUP7 8744:OP_34 8745:PUSH2 8748:JUMP
uniswapv2_router_evm,8753,JUMP,adjacent_push,8739:OP_33 8740:PUSH2 8743:DUP7 8744:OP_34 8745:PUSH2 8748:JUMP 8749:JUMPDEST 8750:PUSH2 8753:JUMP
uniswapv2_router_evm,8767,JUMP,unknown_dynamic,8759:SWAP7 8760:POP 8761:SWAP7 8762:SWAP4 8763:POP 8764:POP 8765:POP 8766:POP 8767:JUMP
uniswapv2_router_evm,8779,JUMPI,adjacent_push,8768:JUMPDEST 8769:PUSH1 8771:DUP2 8772:OP_42 8773:DUP2 8774:LT 8775:ISZERO 8776:PUSH2 8779:JUMPI
uniswapv2_router_evm,8802,JUMP,adjacent_push,8789:SHL 8790:DUP2 8791:MSTORE 8792:PUSH1 8794:ADD 8795:PUSH2 8798:SWAP1 8799:PUSH2 8802:JUMP
uniswapv2_router_evm,8855,JUMPI,adjacent_push,8845:AND 8846:DUP7 8847:DUP7 8848:PUSH0 8849:DUP2 8850:DUP2 8851:LT 8852:PUSH2 8855:JUMPI
uniswapv2_router_evm,8862,JUMP,adjacent_push,8848:PUSH0 8849:DUP2 8850:DUP2 8851:LT 8852:PUSH2 8855:JUMPI 8856:PUSH2 8859:PUSH2 8862:JUMP
uniswapv2_router_evm,8883,JUMP,adjacent_push,8870:PUSH1 8872:DUP2 8873:ADD 8874:SWAP1 8875:PUSH2 8878:SWAP2 8879:SWAP1 8880:PUSH2 8883:JUMP
uniswapv2_router_evm,8898,JUMPI,adjacent_push,8885:PUSH1 8887:PUSH1 8889:PUSH1 8891:SHL 8892:SUB 8893:AND 8894:EQ 8895:PUSH2 8898:JUMPI
uniswapv2_router_evm,8921,JUMP,adjacent_push,8908:SHL 8909:DUP2 8910:MSTORE 8911:PUSH1 8913:ADD 8914:PUSH2 8917:SWAP1 8918:PUSH2 8921:JUMP
uniswapv2_router_evm,9014,JUMP,unknown_dynamic,9004:SWAP2 9005:MSTORE 9006:POP 9007:PUSH2 9010:SWAP3 9011:POP 9012:POP 9013:POP 9014:JUMP
uniswapv2_router_evm,9028,JUMPI,adjacent_push,9018:OP_34 9019:DUP3 9020:PUSH0 9021:DUP2 9022:MLOAD 9023:DUP2 9024:LT 9025:PUSH2 9028:JUMPI
uniswapv2_router_evm,9035,JUMP,adjacent_push,9021:DUP2 9022:MLOAD 9023:DUP2 9024:LT 9025:PUSH2 9028:JUMPI 9029:PUSH2 9032:PUSH2 9035:JUMP
uniswapv2_router_evm,9050,JUMPI,adjacent_push,9039:MUL 9040:PUSH1 9042:ADD 9043:ADD 9044:MLOAD 9045:GT 9046:ISZERO 9047:PUSH2 9050:JUMPI
uniswapv2_router_evm,9073,JUMP,adjacent_push,9060:SHL 9061:DUP2 9062:MSTORE 9063:PUSH1 9065:ADD 9066:PUSH2 9069:SWAP1 9070:PUSH2 9073:JUMP
uniswapv2_router_evm,9131,JUMPI,adjacent_push,9117:PUSH4 9122:DUP4 9123:PUSH0 9124:DUP2 9125:MLOAD 9126:DUP2 9127:LT 9128:PUSH2 9131:JUMPI
uniswapv2_router_evm,9138,JUMP,adjacent_push,9124:DUP2 9125:MLOAD 9126:DUP2 9127:LT 9128:PUSH2 9131:JUMPI 9132:PUSH2 9135:PUSH2 9138:JUMP
uniswapv2_router_evm,9184,JUMPI,adjacent_push,9174:DUP6 9175:DUP9 9176:DUP1 9177:OP_3b 9178:ISZERO 9179:DUP1 9180:ISZERO 9181:PUSH2 9184:JUMPI
uniswapv2_router_evm,9198,JUMPI,adjacent_push,9188:JUMPDEST 9189:POP 9190:OP_5a 9191:OP_f1 9192:ISZERO 9193:DUP1 9194:ISZERO 9195:PUSH2 9198:JUMPI
uniswapv2_router_evm,9304,JUMPI,adjacent_push,9262:PUSH32 9295:DUP10 9296:DUP10 9297:PUSH0 9298:DUP2 9299:DUP2 9300:LT 9301:PUSH2 9304:JUMPI
uniswapv2_router_evm,9311,JUMP,adjacent_push,9297:PUSH0 9298:DUP2 9299:DUP2 9300:LT 9301:PUSH2 9304:JUMPI 9305:PUSH2 9308:PUSH2 9311:JUMP
uniswapv2_router_evm,9322,JUMPI,adjacent_push,9312:JUMPDEST 9313:DUP5 9314:PUSH0 9315:DUP2 9316:MLOAD 9317:DUP2 9318:LT 9319:PUSH2 9322:JUMPI
uniswapv2_router_evm,9329,JUMP,adjacent_push,9315:DUP2 9316:MLOAD 9317:DUP2 9318:LT 9319:PUSH2 9322:JUMPI 9323:PUSH2 9326:PUSH2 9329:JUMP
uniswapv2_router_evm,9386,JUMP,internal_return,9376:MSTORE 9377:PUSH1 9379:DUP3 9380:ADD 9381:MSTORE 9382:PUSH1 9384:ADD 9385:SWAP1 9386:JUMP
uniswapv2_router_evm,9407,JUMPI,adjacent_push,9397:PUSH0 9398:DUP8 9399:OP_5a 9400:OP_f1 9401:ISZERO 9402:DUP1 9403:ISZERO 9404:PUSH2 9407:JUMPI
uniswapv2_router_evm,9455,JUMPI,adjacent_push,9441:SWAP1 9442:PUSH2 9445:SWAP2 9446:SWAP1 9447:PUSH2 9450:JUMP 9451:JUMPDEST 9452:PUSH2 9455:JUMPI
uniswapv2_router_evm,9462,JUMP,adjacent_push,9446:SWAP1 9447:PUSH2 9450:JUMP 9451:JUMPDEST 9452:PUSH2 9455:JUMPI 9456:PUSH2 9459:PUSH2 9462:JUMP
uniswapv2_router_evm,9524,JUMP,unknown_dynamic,9514:POP 9515:DUP10 9516:SWAP3 9517:POP 9518:PUSH2 9521:SWAP2 9522:POP 9523:POP 9524:JUMP
uniswapv2_router_evm,9535,JUMPI,adjacent_push,9525:JUMPDEST 9526:DUP2 9527:PUSH0 9528:DUP2 9529:MLOAD 9530:DUP2 9531:LT 9532:PUSH2 9535:JUMPI
uniswapv2_router_evm,9542,JUMP,adjacent_push,9528:DUP2 9529:MLOAD 9530:DUP2 9531:LT 9532:PUSH2 9535:JUMPI 9536:PUSH2 9539:PUSH2 9542:JUMP
uniswapv2_router_evm,9558,JUMPI,adjacent_push,9547:PUSH1 9549:ADD 9550:ADD 9551:MLOAD 9552:OP_34 9553:GT 9554:ISZERO 9555:PUSH2 9558:JUMPI
uniswapv2_router_evm,9572,JUMPI,adjacent_push,9562:OP_33 9563:DUP4 9564:PUSH0 9565:DUP2 9566:MLOAD 9567:DUP2 9568:LT 9569:PUSH2 9572:JUMPI
uniswapv2_router_evm,9579,JUMP,adjacent_push,9565:DUP2 9566:MLOAD 9567:DUP2 9568:LT 9569:PUSH2 9572:JUMPI 9573:PUSH2 9576:PUSH2 9579:JUMP
uniswapv2_router_evm,9598,JUMP,adjacent_push,9586:ADD 9587:ADD 9588:MLOAD 9589:OP_34 9590:PUSH2 9593:SWAP2 9594:SWAP1 9595:PUSH2 9598:JUMP
uniswapv2_router_evm,9689,JUMP,adjacent_push,9677:SWAP1 9678:DUP8 9679:AND 9680:SWAP2 9681:PUSH2 9684:SWAP2 9685:SWAP1 9686:PUSH2 9689:JUMP
uniswapv2_router_evm,9714,JUMPI,adjacent_push,9704:POP 9705:POP 9706:OP_3d 9707:DUP1 9708:PUSH0 9709:DUP2 9710:EQ 9711:PUSH2 9714:JUMPI
uniswapv2_router_evm,9746,JUMP,adjacent_push,9735:MSTORE 9736:OP_3d 9737:PUSH0 9738:PUSH1 9740:DUP5 9741:ADD 9742:OP_3e 9743:PUSH2 9746:JUMP
uniswapv2_router_evm,9764,JUMPI,adjacent_push,9754:SWAP2 9755:POP 9756:SWAP2 9757:POP 9758:DUP2 9759:DUP1 9760:ISZERO 9761:PUSH2 9764:JUMPI
uniswapv2_router_evm,9773,JUMPI,adjacent_push,9761:PUSH2 9764:JUMPI 9765:POP 9766:DUP1 9767:MLOAD 9768:ISZERO 9769:DUP1 9770:PUSH2 9773:JUMPI
uniswapv2_router_evm,9798,JUMPI,adjacent_push,9784:SWAP1 9785:PUSH2 9788:SWAP2 9789:SWAP1 9790:PUSH2 9793:JUMP 9794:JUMPDEST 9795:PUSH2 9798:JUMPI
uniswapv2_router_evm,9898,JUMP,unknown_dynamic,9888:PUSH2 9891:JUMP 9892:JUMPDEST 9893:POP 9894:POP 9895:POP 9896:POP 9897:POP 9898:JUMP
uniswapv2_router_evm,9939,JUMP,adjacent_push,9926:DUP4 9927:SWAP1 9928:PUSH1 9930:MLOAD 9931:PUSH2 9934:SWAP2 9935:SWAP1 9936:PUSH2 9939:JUMP
uniswapv2_router_evm,9965,JUMPI,adjacent_push,9955:POP 9956:POP 9957:OP_3d 9958:DUP1 9959:PUSH0 9960:DUP2 9961:EQ 9962:PUSH2 9965:JUMPI
uniswapv2_router_evm,9997,JUMP,adjacent_push,9986:MSTORE 9987:OP_3d 9988:PUSH0 9989:PUSH1 9991:DUP5 9992:ADD 9993:OP_3e 9994:PUSH2 9997:JUMP
uniswapv2_router_evm,10012,JUMPI,adjacent_push,10002:POP 10003:JUMPDEST 10004:POP 10005:POP 10006:SWAP1 10007:POP 10008:DUP1 10009:PUSH2 10012:JUMPI
uniswapv2_router_evm,10117,JUMP,unknown_dynamic,10106:PUSH1 10108:ADD 10109:PUSH2 10112:JUMP 10113:JUMPDEST 10114:POP 10115:POP 10116:POP 10117:JUMP
uniswapv2_router_evm,10126,JUMPI,adjacent_push,10116:POP 10117:JUMP 10118:JUMPDEST 10119:PUSH0 10120:DUP1 10121:DUP5 10122:GT 10123:PUSH2 10126:JUMPI
uniswapv2_router_evm,10227,JUMPI,adjacent_push,10217:JUMP 10218:JUMPDEST 10219:PUSH0 10220:DUP4 10221:GT 10222:DUP1 10223:ISZERO 10224:PUSH2 10227:JUMPI
uniswapv2_router_evm,10236,JUMPI,adjacent_push,10224:PUSH2 10227:JUMPI 10228:POP 10229:PUSH0 10230:DUP3 10231:GT 10232:JUMPDEST 10233:PUSH2 10236:JUMPI
uniswapv2_router_evm,10259,JUMP,adjacent_push,10246:SHL 10247:DUP2 10248:MSTORE 10249:PUSH1 10251:ADD 10252:PUSH2 10255:SWAP1 10256:PUSH2 10259:JUMP
uniswapv2_router_evm,10272,JUMP,adjacent_push,10256:PUSH2 10259:JUMP 10260:JUMPDEST 10261:PUSH0 10262:PUSH2 10265:DUP6 10266:PUSH2 10269:PUSH2 10272:JUMP
uniswapv2_router_evm,10285,JUMP,adjacent_push,10273:JUMPDEST 10274:SWAP1 10275:POP 10276:PUSH0 10277:PUSH2 10280:DUP5 10281:DUP4 10282:PUSH2 10285:JUMP
uniswapv2_router_evm,10301,JUMP,adjacent_push,10287:SWAP1 10288:POP 10289:PUSH0 10290:DUP3 10291:PUSH2 10294:DUP8 10295:PUSH2 10298:PUSH2 10301:JUMP
uniswapv2_router_evm,10311,JUMP,adjacent_push,10295:PUSH2 10298:PUSH2 10301:JUMP 10302:JUMPDEST 10303:PUSH2 10306:SWAP2 10307:SWAP1 10308:PUSH2 10311:JUMP
uniswapv2_router_evm,10323,JUMP,adjacent_push,10311:JUMP 10312:JUMPDEST 10313:SWAP1 10314:POP 10315:PUSH2 10318:DUP2 10319:DUP4 10320:PUSH2 10323:JUMP
uniswapv2_router_evm,10334,JUMP,unknown_dynamic,10326:SWAP7 10327:POP 10328:POP 10329:POP 10330:POP 10331:POP 10332:POP 10333:POP 10334:JUMP
uniswapv2_router_evm,10347,JUMPI,adjacent_push,10335:JUMPDEST 10336:PUSH1 10338:PUSH1 10340:DUP3 10341:MLOAD 10342:LT 10343:ISZERO 10344:PUSH2 10347:JUMPI
uniswapv2_router_evm,10437,JUMPI,adjacent_push,10419:JUMPDEST 10420:DUP2 10421:MLOAD 10422:PUSH8 10431:DUP2 10432:GT 10433:ISZERO 10434:PUSH2 10437:JUMPI
uniswapv2_router_evm,10444,JUMP,adjacent_push,10422:PUSH8 10431:DUP2 10432:GT 10433:ISZERO 10434:PUSH2 10437:JUMPI 10438:PUSH2 10441:PUSH2 10444:JUMP
uniswapv2_router_evm,10470,JUMPI,adjacent_push,10459:ADD 10460:DUP3 10461:ADD 10462:PUSH1 10464:MSTORE 10465:DUP1 10466:ISZERO 10467:PUSH2 10470:JUMPI
uniswapv2_router_evm,10500,JUMPI,adjacent_push,10490:DUP3 10491:DUP2 10492:PUSH0 10493:DUP2 10494:MLOAD 10495:DUP2 10496:LT 10497:PUSH2 10500:JUMPI
uniswapv2_router_evm,10507,JUMP,adjacent_push,10493:DUP2 10494:MLOAD 10495:DUP2 10496:LT 10497:PUSH2 10500:JUMPI 10501:PUSH2 10504:PUSH2 10507:JUMP
uniswapv2_router_evm,10535,JUMP,adjacent_push,10522:JUMPDEST 10523:PUSH1 10525:DUP4 10526:MLOAD 10527:PUSH2 10530:SWAP2 10531:SWAP1 10532:PUSH2 10535:JUMP
uniswapv2_router_evm,10543,JUMPI,adjacent_push,10531:SWAP1 10532:PUSH2 10535:JUMP 10536:JUMPDEST 10537:DUP2 10538:LT 10539:ISZERO 10540:PUSH2 10543:JUMPI
uniswapv2_router_evm,10559,JUMPI,adjacent_push,10549:DUP8 10550:DUP7 10551:DUP6 10552:DUP2 10553:MLOAD 10554:DUP2 10555:LT 10556:PUSH2 10559:JUMPI
uniswapv2_router_evm,10566,JUMP,adjacent_push,10552:DUP2 10553:MLOAD 10554:DUP2 10555:LT 10556:PUSH2 10559:JUMPI 10560:PUSH2 10563:PUSH2 10566:JUMP
uniswapv2_router_evm,10588,JUMP,adjacent_push,10575:MLOAD 10576:DUP8 10577:DUP7 10578:PUSH1 10580:PUSH2 10583:SWAP2 10584:SWAP1 10585:PUSH2 10588:JUMP
uniswapv2_router_evm,10597,JUMPI,adjacent_push,10585:PUSH2 10588:JUMP 10589:JUMPDEST 10590:DUP2 10591:MLOAD 10592:DUP2 10593:LT 10594:PUSH2 10597:JUMPI
uniswapv2_router_evm,10604,JUMP,adjacent_push,10590:DUP2 10591:MLOAD 10592:DUP2 10593:LT 10594:PUSH2 10597:JUMPI 10598:PUSH2 10601:PUSH2 10604:JUMP
uniswapv2_router_evm,10617,JUMP,adjacent_push,10605:JUMPDEST 10606:PUSH1 10608:MUL 10609:PUSH1 10611:ADD 10612:ADD 10613:MLOAD 10614:PUSH2 10617:JUMP
uniswapv2_router_evm,10635,JUMPI,adjacent_push,10623:PUSH2 10626:DUP5 10627:DUP5 10628:DUP2 10629:MLOAD 10630:DUP2 10631:LT 10632:PUSH2 10635:JUMPI
uniswapv2_router_evm,10642,JUMP,adjacent_push,10628:DUP2 10629:MLOAD 10630:DUP2 10631:LT 10632:PUSH2 10635:JUMPI 10636:PUSH2 10639:PUSH2 10642:JUMP
uniswapv2_router_evm,10657,JUMP,adjacent_push,10646:MUL 10647:PUSH1 10649:ADD 10650:ADD 10651:MLOAD 10652:DUP4 10653:DUP4 10654:PUSH2 10657:JUMP
uniswapv2_router_evm,10669,JUMP,adjacent_push,10654:PUSH2 10657:JUMP 10658:JUMPDEST 10659:DUP5 10660:PUSH2 10663:DUP6 10664:PUSH1 10666:PUSH2 10669:JUMP
uniswapv2_router_evm,10678,JUMPI,adjacent_push,10666:PUSH2 10669:JUMP 10670:JUMPDEST 10671:DUP2 10672:MLOAD 10673:DUP2 10674:LT 10675:PUSH2 10678:JUMPI
uniswapv2_router_evm,10685,JUMP,adjacent_push,10671:DUP2 10672:MLOAD 10673:DUP2 10674:LT 10675:PUSH2 10678:JUMPI 10679:PUSH2 10682:PUSH2 10685:JUMP
uniswapv2_router_evm,10706,JUMP,adjacent_push,10695:ADD 10696:ADD 10697:MSTORE 10698:POP 10699:POP 10700:PUSH1 10702:ADD 10703:PUSH2 10706:JUMP
uniswapv2_router_evm,10714,JUMP,unknown_dynamic,10706:JUMP 10707:JUMPDEST 10708:POP 10709:SWAP4 10710:SWAP3 10711:POP 10712:POP 10713:POP 10714:JUMP
uniswapv2_router_evm,10727,JUMP,adjacent_push,10715:JUMPDEST 10716:PUSH0 10717:DUP1 10718:PUSH0 10719:PUSH2 10722:DUP6 10723:DUP6 10724:PUSH2 10727:JUMP
uniswapv2_router_evm,10785,JUMPI,adjacent_push,10775:DUP2 10776:DUP7 10777:OP_5a 10778:OP_fa 10779:ISZERO 10780:DUP1 10781:ISZERO 10782:PUSH2 10785:JUMPI
uniswapv2_router_evm,10828,JUMP,adjacent_push,10816:POP 10817:DUP2 10818:ADD 10819:SWAP1 10820:PUSH2 10823:SWAP2 10824:SWAP1 10825:PUSH2 10828:JUMP
uniswapv2_router_evm,10968,JUMP,unknown_dynamic,10960:ADD 10961:SHA3 10962:SWAP5 10963:SWAP4 10964:POP 10965:POP 10966:POP 10967:POP 10968:JUMP
uniswapv2_router_evm,11067,JUMP,adjacent_push,11055:SWAP1 11056:DUP9 11057:AND 11058:SWAP2 11059:PUSH2 11062:SWAP2 11063:SWAP1 11064:PUSH2 11067:JUMP
uniswapv2_router_evm,11092,JUMPI,adjacent_push,11082:POP 11083:POP 11084:OP_3d 11085:DUP1 11086:PUSH0 11087:DUP2 11088:EQ 11089:PUSH2 11092:JUMPI
uniswapv2_router_evm,11124,JUMP,adjacent_push,11113:MSTORE 11114:OP_3d 11115:PUSH0 11116:PUSH1 11118:DUP5 11119:ADD 11120:OP_3e 11121:PUSH2 11124:JUMP
uniswapv2_router_evm,11142,JUMPI,adjacent_push,11132:SWAP2 11133:POP 11134:SWAP2 11135:POP 11136:DUP2 11137:DUP1 11138:ISZERO 11139:PUSH2 11142:JUMPI
uniswapv2_router_evm,11151,JUMPI,adjacent_push,11139:PUSH2 11142:JUMPI 11143:POP 11144:DUP1 11145:MLOAD 11146:ISZERO 11147:DUP1 11148:PUSH2 11151:JUMPI
uniswapv2_router_evm,11176,JUMPI,adjacent_push,11162:SWAP1 11163:PUSH2 11166:SWAP2 11167:SWAP1 11168:PUSH2 11171:JUMP 11172:JUMPDEST 11173:PUSH2 11176:JUMPI
uniswapv2_router_evm,11281,JUMP,unknown_dynamic,11273:JUMP 11274:JUMPDEST 11275:POP 11276:POP 11277:POP 11278:POP 11279:POP 11280:POP 11281:JUMP
uniswapv2_router_evm,11297,JUMP,adjacent_push,11284:JUMPDEST 11285:PUSH1 11287:DUP4 11288:MLOAD 11289:PUSH2 11292:SWAP2 11293:SWAP1 11294:PUSH2 11297:JUMP
uniswapv2_router_evm,11324,JUMP,adjacent_push,11310:DUP2 11311:MLOAD 11312:DUP2 11313:LT 11314:PUSH2 11317:JUMPI 11318:PUSH2 11321:PUSH2 11324:JUMP
uniswapv2_router_evm,11346,JUMP,adjacent_push,11333:MLOAD 11334:DUP6 11335:DUP5 11336:PUSH1 11338:PUSH2 11341:SWAP2 11342:SWAP1 11343:PUSH2 11346:JUMP
uniswapv2_router_evm,11355,JUMPI,adjacent_push,11343:PUSH2 11346:JUMP 11347:JUMPDEST 11348:DUP2 11349:MLOAD 11350:DUP2 11351:LT 11352:PUSH2 11355:JUMPI
uniswapv2_router_evm,11362,JUMP,adjacent_push,11348:DUP2 11349:MLOAD 11350:DUP2 11351:LT 11352:PUSH2 11355:JUMPI 11356:PUSH2 11359:PUSH2 11362:JUMP
uniswapv2_router_evm,11385,JUMP,adjacent_push,11373:POP 11374:SWAP2 11375:POP 11376:PUSH0 11377:PUSH2 11380:DUP4 11381:DUP4 11382:PUSH2 11385:JUMP
uniswapv2_router_evm,11401,JUMP,adjacent_push,11388:SWAP1 11389:POP 11390:PUSH0 11391:DUP8 11392:PUSH2 11395:DUP7 11396:PUSH1 11398:PUSH2 11401:JUMP
uniswapv2_router_evm,11410,JUMPI,adjacent_push,11398:PUSH2 11401:JUMP 11402:JUMPDEST 11403:DUP2 11404:MLOAD 11405:DUP2 11406:LT 11407:PUSH2 11410:JUMPI
uniswapv2_router_evm,11417,JUMP,adjacent_push,11403:DUP2 11404:MLOAD 11405:DUP2 11406:LT 11407:PUSH2 11410:JUMPI 11411:PUSH2 11414:PUSH2 11417:JUMP
uniswapv2_router_evm,11455,JUMPI,adjacent_push,11442:PUSH1 11444:PUSH1 11446:PUSH1 11448:SHL 11449:SUB 11450:AND 11451:EQ 11452:PUSH2 11455:JUMPI
uniswapv2_router_evm,11461,JUMP,adjacent_push,11449:SUB 11450:AND 11451:EQ 11452:PUSH2 11455:JUMPI 11456:DUP3 11457:PUSH0 11458:PUSH2 11461:JUMP
uniswapv2_router_evm,11483,JUMP,adjacent_push,11470:PUSH0 11471:PUSH1 11473:DUP11 11474:MLOAD 11475:PUSH2 11478:SWAP2 11479:SWAP1 11480:PUSH2 11483:JUMP
uniswapv2_router_evm,11490,JUMPI,adjacent_push,11478:SWAP2 11479:SWAP1 11480:PUSH2 11483:JUMP 11484:JUMPDEST 11485:DUP9 11486:LT 11487:PUSH2 11490:JUMPI
uniswapv2_router_evm,11495,JUMP,adjacent_push,11483:JUMP 11484:JUMPDEST 11485:DUP9 11486:LT 11487:PUSH2 11490:JUMPI 11491:DUP9 11492:PUSH2 11495:JUMP
uniswapv2_router_evm,11544,JUMP,adjacent_push,11497:PUSH2 11500:PUSH32 11533:DUP8 11534:DUP13 11535:PUSH2 11538:DUP13 11539:PUSH1 11541:PUSH2 11544:JUMP
uniswapv2_router_evm,11553,JUMPI,adjacent_push,11541:PUSH2 11544:JUMP 11545:JUMPDEST 11546:DUP2 11547:MLOAD 11548:DUP2 11549:LT 11550:PUSH2 11553:JUMPI
uniswapv2_router_evm,11560,JUMP,adjacent_push,11546:DUP2 11547:MLOAD 11548:DUP2 11549:LT 11550:PUSH2 11553:JUMPI 11554:PUSH2 11557:PUSH2 11560:JUMP
uniswapv2_router_evm,11573,JUMP,adjacent_push,11561:JUMPDEST 11562:PUSH1 11564:MUL 11565:PUSH1 11567:ADD 11568:ADD 11569:MLOAD 11570:PUSH2 11573:JUMP
uniswapv2_router_evm,11618,JUMP,adjacent_push,11574:JUMPDEST 11575:SWAP1 11576:POP 11577:PUSH2 11580:PUSH32 11613:DUP9 11614:DUP9 11615:PUSH2 11618:JUMP
uniswapv2_router_evm,11666,JUMPI,adjacent_push,11655:ADD 11656:DUP3 11657:ADD 11658:PUSH1 11660:MSTORE 11661:DUP1 11662:ISZERO 11663:PUSH2 11666:JUMPI
uniswapv2_router_evm,11710,JUMP,adjacent_push,11698:ADD 11699:PUSH2 11702:SWAP5 11703:SWAP4 11704:SWAP3 11705:SWAP2 11706:SWAP1 11707:PUSH2 11710:JUMP
uniswapv2_router_evm,11730,JUMPI,adjacent_push,11720:PUSH0 11721:DUP8 11722:DUP1 11723:OP_3b 11724:ISZERO 11725:DUP1 11726:ISZERO 11727:PUSH2 11730:JUMPI
uniswapv2_router_evm,11744,JUMPI,adjacent_push,11734:JUMPDEST 11735:POP 11736:OP_5a 11737:OP_f1 11738:ISZERO 11739:DUP1 11740:ISZERO 11741:PUSH2 11744:JUMPI
uniswapv2_router_evm,11774,JUMP,unknown_dynamic,11766:POP 11767:POP 11768:POP 11769:POP 11770:POP 11771:POP 11772:POP 11773:POP 11774:JUMP
uniswapv2_router_evm,11780,JUMP,unknown_dynamic,11772:POP 11773:POP 11774:JUMP 11775:JUMPDEST 11776:POP 11777:POP 11778:POP 11779:POP 11780:JUMP
uniswapv2_router_evm,11793,JUMPI,adjacent_push,11781:JUMPDEST 11782:PUSH1 11784:PUSH1 11786:DUP3 11787:MLOAD 11788:LT 11789:ISZERO 11790:PUSH2 11793:JUMPI
uniswapv2_router_evm,11883,JUMPI,adjacent_push,11865:JUMPDEST 11866:DUP2 11867:MLOAD 11868:PUSH8 11877:DUP2 11878:GT 11879:ISZERO 11880:PUSH2 11883:JUMPI
uniswapv2_router_evm,11890,JUMP,adjacent_push,11868:PUSH8 11877:DUP2 11878:GT 11879:ISZERO 11880:PUSH2 11883:JUMPI 11884:PUSH2 11887:PUSH2 11890:JUMP
uniswapv2_router_evm,11916,JUMPI,adjacent_push,11905:ADD 11906:DUP3 11907:ADD 11908:PUSH1 11910:MSTORE 11911:DUP1 11912:ISZERO 11913:PUSH2 11916:JUMPI
uniswapv2_router_evm,11950,JUMP,adjacent_push,11937:DUP2 11938:PUSH1 11940:DUP4 11941:MLOAD 11942:PUSH2 11945:SWAP2 11946:SWAP1 11947:PUSH2 11950:JUMP
uniswapv2_router_evm,11959,JUMPI,adjacent_push,11947:PUSH2 11950:JUMP 11951:JUMPDEST 11952:DUP2 11953:MLOAD 11954:DUP2 11955:LT 11956:PUSH2 11959:JUMPI
uniswapv2_router_evm,11966,JUMP,adjacent_push,11952:DUP2 11953:MLOAD 11954:DUP2 11955:LT 11956:PUSH2 11959:JUMPI 11960:PUSH2 11963:PUSH2 11966:JUMP
uniswapv2_router_evm,11993,JUMP,adjacent_push,11980:PUSH0 11981:PUSH1 11983:DUP4 11984:MLOAD 11985:PUSH2 11988:SWAP2 11989:SWAP1 11990:PUSH2 11993:JUMP
uniswapv2_router_evm,12003,JUMPI,adjacent_push,11993:JUMP 11994:JUMPDEST 11995:SWAP1 11996:POP 11997:JUMPDEST 11998:DUP1 11999:ISZERO 12000:PUSH2 12003:JUMPI
uniswapv2_router_evm,12020,JUMP,adjacent_push,12005:DUP1 12006:PUSH2 12009:DUP8 12010:DUP7 12011:PUSH2 12014:PUSH1 12016:DUP8 12017:PUSH2 12020:JUMP
uniswapv2_router_evm,12029,JUMPI,adjacent_push,12017:PUSH2 12020:JUMP 12021:JUMPDEST 12022:DUP2 12023:MLOAD 12024:DUP2 12025:LT 12026:PUSH2 12029:JUMPI
uniswapv2_router_evm,12036,JUMP,adjacent_push,12022:DUP2 12023:MLOAD 12024:DUP2 12025:LT 12026:PUSH2 12029:JUMPI 12030:PUSH2 12033:PUSH2 12036:JUMP
uniswapv2_router_evm,12055,JUMPI,adjacent_push,12045:MLOAD 12046:DUP8 12047:DUP7 12048:DUP2 12049:MLOAD 12050:DUP2 12051:LT 12052:PUSH2 12055:JUMPI
uniswapv2_router_evm,12062,JUMP,adjacent_push,12048:DUP2 12049:MLOAD 12050:DUP2 12051:LT 12052:PUSH2 12055:JUMPI 12056:PUSH2 12059:PUSH2 12062:JUMP
uniswapv2_router_evm,12080,JUMPI,adjacent_push,12068:PUSH2 12071:DUP5 12072:DUP5 12073:DUP2 12074:MLOAD 12075:DUP2 12076:LT 12077:PUSH2 12080:JUMPI
uniswapv2_router_evm,12087,JUMP,adjacent_push,12073:DUP2 12074:MLOAD 12075:DUP2 12076:LT 12077:PUSH2 12080:JUMPI 12081:PUSH2 12084:PUSH2 12087:JUMP
uniswapv2_router_evm,12102,JUMP,adjacent_push,12091:MUL 12092:PUSH1 12094:ADD 12095:ADD 12096:MLOAD 12097:DUP4 12098:DUP4 12099:PUSH2 12102:JUMP
uniswapv2_router_evm,12114,JUMP,adjacent_push,12099:PUSH2 12102:JUMP 12103:JUMPDEST 12104:DUP5 12105:PUSH2 12108:PUSH1 12110:DUP7 12111:PUSH2 12114:JUMP
uniswapv2_router_evm,12123,JUMPI,adjacent_push,12111:PUSH2 12114:JUMP 12115:JUMPDEST 12116:DUP2 12117:MLOAD 12118:DUP2 12119:LT 12120:PUSH2 12123:JUMPI
uniswapv2_router_evm,12130,JUMP,adjacent_push,12116:DUP2 12117:MLOAD 12118:DUP2 12119:LT 12120:PUSH2 12123:JUMPI 12124:PUSH2 12127:PUSH2 12130:JUMP
uniswapv2_router_evm,12155,JUMP,adjacent_push,12143:POP 12144:POP 12145:POP 12146:DUP1 12147:DUP1 12148:PUSH2 12151:SWAP1 12152:PUSH2 12155:JUMP
uniswapv2_router_evm,12179,JUMP,adjacent_push,12166:JUMPDEST 12167:PUSH1 12169:DUP4 12170:MLOAD 12171:PUSH2 12174:SWAP2 12175:SWAP1 12176:PUSH2 12179:JUMP
uniswapv2_router_evm,12187,JUMPI,adjacent_push,12175:SWAP1 12176:PUSH2 12179:JUMP 12180:JUMPDEST 12181:DUP2 12182:LT 12183:ISZERO 12184:PUSH2 12187:JUMPI
uniswapv2_router_evm,12199,JUMPI,adjacent_push,12189:DUP1 12190:DUP5 12191:DUP4 12192:DUP2 12193:MLOAD 12194:DUP2 12195:LT 12196:PUSH2 12199:JUMPI
uniswapv2_router_evm,12206,JUMP,adjacent_push,12192:DUP2 12193:MLOAD 12194:DUP2 12195:LT 12196:PUSH2 12199:JUMPI 12200:PUSH2 12203:PUSH2 12206:JUMP
uniswapv2_router_evm,12228,JUMP,adjacent_push,12215:MLOAD 12216:DUP6 12217:DUP5 12218:PUSH1 12220:PUSH2 12223:SWAP2 12224:SWAP1 12225:PUSH2 12228:JUMP
uniswapv2_router_evm,12237,JUMPI,adjacent_push,12225:PUSH2 12228:JUMP 12229:JUMPDEST 12230:DUP2 12231:MLOAD 12232:DUP2 12233:LT 12234:PUSH2 12237:JUMPI
uniswapv2_router_evm,12244,JUMP,adjacent_push,12230:DUP2 12231:MLOAD 12232:DUP2 12233:LT 12234:PUSH2 12237:JUMPI 12238:PUSH2 12241:PUSH2 12244:JUMP
uniswapv2_router_evm,12267,JUMP,adjacent_push,12255:POP 12256:SWAP2 12257:POP 12258:PUSH0 12259:PUSH2 12262:DUP4 12263:DUP4 12264:PUSH2 12267:JUMP
uniswapv2_router_evm,12314,JUMP,adjacent_push,12270:SWAP1 12271:POP 12272:PUSH0 12273:PUSH2 12276:PUSH32 12309:DUP6 12310:DUP6 12311:PUSH2 12314:JUMP
uniswapv2_router_evm,12373,JUMPI,adjacent_push,12363:DUP2 12364:DUP7 12365:OP_5a 12366:OP_fa 12367:ISZERO 12368:DUP1 12369:ISZERO 12370:PUSH2 12373:JUMPI
uniswapv2_router_evm,12416,JUMP,adjacent_push,12404:POP 12405:DUP2 12406:ADD 12407:SWAP1 12408:PUSH2 12411:SWAP2 12412:SWAP1 12413:PUSH2 12416:JUMP
uniswapv2_router_evm,12467,JUMPI,adjacent_push,12454:PUSH1 12456:PUSH1 12458:PUSH1 12460:SHL 12461:SUB 12462:AND 12463:EQ 12464:PUSH2 12467:JUMPI
uniswapv2_router_evm,12473,JUMP,adjacent_push,12461:SUB 12462:AND 12463:EQ 12464:PUSH2 12467:JUMPI 12468:DUP3 12469:DUP5 12470:PUSH2 12473:JUMP
uniswapv2_router_evm,12588,JUMP,adjacent_push,12576:POP 12577:DUP2 12578:ADD 12579:SWAP1 12580:PUSH2 12583:SWAP2 12584:SWAP1 12585:PUSH2 12588:JUMP
uniswapv2_router_evm,12598,JUMP,adjacent_push,12584:SWAP1 12585:PUSH2 12588:JUMP 12589:JUMPDEST 12590:PUSH2 12593:SWAP2 12594:SWAP1 12595:PUSH2 12598:JUMP
uniswapv2_router_evm,12611,JUMP,adjacent_push,12599:JUMPDEST 12600:SWAP6 12601:POP 12602:PUSH2 12605:DUP7 12606:DUP4 12607:DUP4 12608:PUSH2 12611:JUMP
uniswapv2_router_evm,12645,JUMPI,adjacent_push,12632:PUSH1 12634:PUSH1 12636:PUSH1 12638:SHL 12639:SUB 12640:AND 12641:EQ 12642:PUSH2 12645:JUMPI
uniswapv2_router_evm,12651,JUMP,adjacent_push,12639:SUB 12640:AND 12641:EQ 12642:PUSH2 12645:JUMPI 12646:DUP3 12647:PUSH0 12648:PUSH2 12651:JUMP
uniswapv2_router_evm,12673,JUMP,adjacent_push,12660:PUSH0 12661:PUSH1 12663:DUP13 12664:MLOAD 12665:PUSH2 12668:SWAP2 12669:SWAP1 12670:PUSH2 12673:JUMP
uniswapv2_router_evm,12680,JUMPI,adjacent_push,12668:SWAP2 12669:SWAP1 12670:PUSH2 12673:JUMP 12674:JUMPDEST 12675:DUP11 12676:LT 12677:PUSH2 12680:JUMPI
uniswapv2_router_evm,12685,JUMP,adjacent_push,12673:JUMP 12674:JUMPDEST 12675:DUP11 12676:LT 12677:PUSH2 12680:JUMPI 12681:DUP11 12682:PUSH2 12685:JUMP
uniswapv2_router_evm,12734,JUMP,adjacent_push,12687:PUSH2 12690:PUSH32 12723:DUP10 12724:DUP15 12725:PUSH2 12728:DUP15 12729:PUSH1 12731:PUSH2 12734:JUMP
uniswapv2_router_evm,12799,JUMP,adjacent_push,12788:DUP7 12789:SWAP1 12790:DUP7 12791:SWAP1 12792:PUSH1 12794:DUP2 12795:ADD 12796:PUSH2 12799:JUMP
uniswapv2_router_evm,12819,JUMPI,adjacent_push,12809:PUSH0 12810:DUP8 12811:DUP1 12812:OP_3b 12813:ISZERO 12814:DUP1 12815:ISZERO 12816:PUSH2 12819:JUMPI
uniswapv2_router_evm,12833,JUMPI,adjacent_push,12823:JUMPDEST 12824:POP 12825:OP_5a 12826:OP_f1 12827:ISZERO 12828:DUP1 12829:ISZERO 12830:PUSH2 12833:JUMPI
uniswapv2_router_evm,12865,JUMP,unknown_dynamic,12857:POP 12858:POP 12859:POP 12860:POP 12861:POP 12862:POP 12863:POP 12864:POP 12865:JUMP
uniswapv2_router_evm,12874,JUMPI,adjacent_push,12864:POP 12865:JUMP 12866:JUMPDEST 12867:PUSH0 12868:DUP1 12869:DUP5 12870:GT 12871:PUSH2 12874:JUMPI
uniswapv2_router_evm,12976,JUMPI,adjacent_push,12966:JUMP 12967:JUMPDEST 12968:PUSH0 12969:DUP4 12970:GT 12971:DUP1 12972:ISZERO 12973:PUSH2 12976:JUMPI
uniswapv2_router_evm,13008,JUMP,adjacent_push,12995:SHL 12996:DUP2 12997:MSTORE 12998:PUSH1 13000:ADD 13001:PUSH2 13004:SWAP1 13005:PUSH2 13008:JUMP
uniswapv2_router_evm,13019,JUMP,adjacent_push,13005:PUSH2 13008:JUMP 13009:JUMPDEST 13010:PUSH0 13011:PUSH2 13014:DUP6 13015:DUP6 13016:PUSH2 13019:JUMP
uniswapv2_router_evm,13031,JUMP,adjacent_push,13015:DUP6 13016:PUSH2 13019:JUMP 13020:JUMPDEST 13021:PUSH2 13024:SWAP1 13025:PUSH2 13028:PUSH2 13031:JUMP
uniswapv2_router_evm,13044,JUMP,adjacent_push,13032:JUMPDEST 13033:SWAP1 13034:POP 13035:PUSH0 13036:PUSH2 13039:DUP7 13040:DUP6 13041:PUSH2 13044:JUMP
uniswapv2_router_evm,13056,JUMP,adjacent_push,13040:DUP6 13041:PUSH2 13044:JUMP 13045:JUMPDEST 13046:PUSH2 13049:SWAP1 13050:PUSH2 13053:PUSH2 13056:JUMP
uniswapv2_router_evm,13068,JUMP,adjacent_push,13056:JUMP 13057:JUMPDEST 13058:SWAP1 13059:POP 13060:PUSH2 13063:DUP2 13064:DUP4 13065:PUSH2 13068:JUMP
uniswapv2_router_evm,13079,JUMP,adjacent_push,13064:DUP4 13065:PUSH2 13068:JUMP 13069:JUMPDEST 13070:PUSH2 13073:SWAP1 13074:PUSH1 13076:PUSH2 13079:JUMP
uniswapv2_router_evm,13089,JUMP,unknown_dynamic,13081:SWAP7 13082:SWAP6 13083:POP 13084:POP 13085:POP 13086:POP 13087:POP 13088:POP 13089:JUMP
uniswapv2_router_evm,13193,JUMPI,adjacent_push,13183:JUMP 13184:JUMPDEST 13185:PUSH0 13186:DUP4 13187:GT 13188:DUP1 13189:ISZERO 13190:PUSH2 13193:JUMPI
uniswapv2_router_evm,13202,JUMPI,adjacent_push,13190:PUSH2 13193:JUMPI 13194:POP 13195:PUSH0 13196:DUP3 13197:GT 13198:JUMPDEST 13199:PUSH2 13202:JUMPI
uniswapv2_router_evm,13225,JUMP,adjacent_push,13212:SHL 13213:DUP2 13214:MSTORE 13215:PUSH1 13217:ADD 13218:PUSH2 13221:SWAP1 13222:PUSH2 13225:JUMP
uniswapv2_router_evm,13236,JUMP,adjacent_push,13222:PUSH2 13225:JUMP 13226:JUMPDEST 13227:DUP3 13228:PUSH2 13231:DUP4 13232:DUP7 13233:PUSH2 13236:JUMP
uniswapv2_router_evm,13246,JUMP,adjacent_push,13232:DUP7 13233:PUSH2 13236:JUMP 13237:JUMPDEST 13238:PUSH2 13241:SWAP2 13242:SWAP1 13243:PUSH2 13246:JUMP
uniswapv2_router_evm,13274,JUMPI,adjacent_push,13261:PUSH1 13263:PUSH1 13265:PUSH1 13267:SHL 13268:SUB 13269:AND 13270:SUB 13271:PUSH2 13274:JUMPI
uniswapv2_router_evm,13385,JUMPI,adjacent_push,13372:PUSH1 13374:PUSH1 13376:PUSH1 13378:SHL 13379:SUB 13380:AND 13381:LT 13382:PUSH2 13385:JUMPI
uniswapv2_router_evm,13391,JUMP,adjacent_push,13379:SUB 13380:AND 13381:LT 13382:PUSH2 13385:JUMPI 13386:DUP3 13387:DUP5 13388:PUSH2 13391:JUMP
uniswapv2_router_evm,13414,JUMPI,adjacent_push,13401:PUSH1 13403:PUSH1 13405:PUSH1 13407:SHL 13408:SUB 13409:DUP3 13410:AND 13411:PUSH2 13414:JUMPI
uniswapv2_router_evm,13492,JUMP,unknown_dynamic,13482:PUSH2 13485:JUMP 13486:JUMPDEST 13487:SWAP3 13488:POP 13489:SWAP3 13490:SWAP1 13491:POP 13492:JUMP
uniswapv2_router_evm,13601,JUMPI,adjacent_push,13591:DUP2 13592:DUP7 13593:OP_5a 13594:OP_fa 13595:ISZERO 13596:DUP1 13597:ISZERO 13598:PUSH2 13601:JUMPI
uniswapv2_router_evm,13644,JUMP,adjacent_push,13632:POP 13633:DUP2 13634:ADD 13635:SWAP1 13636:PUSH2 13639:SWAP2 13640:SWAP1 13641:PUSH2 13644:JUMP
uniswapv2_router_evm,13659,JUMPI,adjacent_push,13646:PUSH1 13648:PUSH1 13650:PUSH1 13652:SHL 13653:SUB 13654:AND 13655:SUB 13656:PUSH2 13659:JUMPI
uniswapv2_router_evm,13760,JUMPI,adjacent_push,13750:PUSH0 13751:DUP8 13752:OP_5a 13753:OP_f1 13754:ISZERO 13755:DUP1 13756:ISZERO 13757:PUSH2 13760:JUMPI
uniswapv2_router_evm,13803,JUMP,adjacent_push,13791:POP 13792:DUP2 13793:ADD 13794:SWAP1 13795:PUSH2 13798:SWAP2 13799:SWAP1 13800:PUSH2 13803:JUMP
uniswapv2_router_evm,13850,JUMP,adjacent_push,13806:JUMPDEST 13807:PUSH0 13808:DUP1 13809:PUSH2 13812:PUSH32 13845:DUP12 13846:DUP12 13847:PUSH2 13850:JUMP
uniswapv2_router_evm,13864,JUMPI,adjacent_push,13854:SWAP2 13855:POP 13856:DUP2 13857:PUSH0 13858:EQ 13859:DUP1 13860:ISZERO 13861:PUSH2 13864:JUMPI
uniswapv2_router_evm,13873,JUMPI,adjacent_push,13861:PUSH2 13864:JUMPI 13865:POP 13866:DUP1 13867:ISZERO 13868:JUMPDEST 13869:ISZERO 13870:PUSH2 13873:JUMPI
uniswapv2_router_evm,13895,JUMP,adjacent_push,13883:JUMP 13884:JUMPDEST 13885:PUSH0 13886:PUSH2 13889:DUP10 13890:DUP5 13891:DUP5 13892:PUSH2 13895:JUMP
uniswapv2_router_evm,13905,JUMPI,adjacent_push,13895:JUMP 13896:JUMPDEST 13897:SWAP1 13898:POP 13899:DUP8 13900:DUP2 13901:GT 13902:PUSH2 13905:JUMPI
uniswapv2_router_evm,13913,JUMPI,adjacent_push,13901:GT 13902:PUSH2 13905:JUMPI 13906:DUP6 13907:DUP2 13908:LT 13909:ISZERO 13910:PUSH2 13913:JUMPI
uniswapv2_router_evm,13936,JUMP,adjacent_push,13923:SHL 13924:DUP2 13925:MSTORE 13926:PUSH1 13928:ADD 13929:PUSH2 13932:SWAP1 13933:PUSH2 13936:JUMP
uniswapv2_router_evm,13947,JUMP,adjacent_push,13937:JUMPDEST 13938:DUP9 13939:SWAP5 13940:POP 13941:SWAP3 13942:POP 13943:DUP3 13944:PUSH2 13947:JUMP
uniswapv2_router_evm,13959,JUMP,adjacent_push,13947:JUMP 13948:JUMPDEST 13949:PUSH0 13950:PUSH2 13953:DUP10 13954:DUP5 13955:DUP7 13956:PUSH2 13959:JUMP
uniswapv2_router_evm,13970,JUMPI,adjacent_push,13960:JUMPDEST 13961:SWAP1 13962:POP 13963:DUP10 13964:DUP2 13965:GT 13966:ISZERO 13967:PUSH2 13970:JUMPI
uniswapv2_router_evm,13977,JUMP,adjacent_push,13963:DUP10 13964:DUP2 13965:GT 13966:ISZERO 13967:PUSH2 13970:JUMPI 13971:PUSH2 13974:PUSH2 13977:JUMP
uniswapv2_router_evm,13986,JUMPI,adjacent_push,13974:PUSH2 13977:JUMP 13978:JUMPDEST 13979:DUP8 13980:DUP2 13981:LT 13982:ISZERO 13983:PUSH2 13986:JUMPI
uniswapv2_router_evm,14009,JUMP,adjacent_push,13996:SHL 13997:DUP2 13998:MSTORE 13999:PUSH1 14001:ADD 14002:PUSH2 14005:SWAP1 14006:PUSH2 14009:JUMP
uniswapv2_router_evm,14030,JUMP,unknown_dynamic,14022:POP 14023:SWAP7 14024:SWAP5 14025:POP 14026:POP 14027:POP 14028:POP 14029:POP 14030:JUMP
uniswapv2_router_evm,14043,JUMP,adjacent_push,14031:JUMPDEST 14032:PUSH0 14033:DUP1 14034:PUSH0 14035:PUSH2 14038:DUP6 14039:DUP6 14040:PUSH2 14043:JUMP
uniswapv2_router_evm,14059,JUMP,adjacent_push,14047:POP 14048:PUSH0 14049:DUP1 14050:PUSH2 14053:DUP9 14054:DUP9 14055:DUP9 14056:PUSH2 14059:JUMP
uniswapv2_router_evm,14111,JUMPI,adjacent_push,14101:DUP2 14102:DUP7 14103:OP_5a 14104:OP_fa 14105:ISZERO 14106:DUP1 14107:ISZERO 14108:PUSH2 14111:JUMPI
uniswapv2_router_evm,14154,JUMP,adjacent_push,14142:POP 14143:DUP2 14144:ADD 14145:SWAP1 14146:PUSH2 14149:SWAP2 14150:SWAP1 14151:PUSH2 14154:JUMP
uniswapv2_router_evm,14203,JUMPI,adjacent_push,14190:PUSH1 14192:PUSH1 14194:PUSH1 14196:SHL 14197:SUB 14198:AND 14199:EQ 14200:PUSH2 14203:JUMPI
uniswapv2_router_evm,14209,JUMP,adjacent_push,14197:SUB 14198:AND 14199:EQ 14200:PUSH2 14203:JUMPI 14204:DUP1 14205:DUP3 14206:PUSH2 14209:JUMP
uniswapv2_router_evm,14227,JUMP,unknown_dynamic,14219:SWAP7 14220:POP 14221:POP 14222:POP 14223:POP 14224:POP 14225:POP 14226:POP 14227:JUMP
uniswapv2_router_evm,14264,JUMPI,adjacent_push,14253:PUSH1 14255:SHL 14256:SUB 14257:DUP2 14258:AND 14259:DUP2 14260:EQ 14261:PUSH2 14264:JUMPI
uniswapv2_router_evm,14270,JUMP,unknown_dynamic,14260:EQ 14261:PUSH2 14264:JUMPI 14265:PUSH0 14266:DUP1 14267:OP_fd 14268:JUMPDEST 14269:POP 14270:JUMP
uniswapv2_router_evm,14281,JUMP,adjacent_push,14269:POP 14270:JUMP 14271:JUMPDEST 14272:DUP1 14273:CALLDATALOAD 14274:PUSH2 14277:DUP2 14278:PUSH2 14281:JUMP
uniswapv2_router_evm,14286,JUMP,unknown_dynamic,14274:PUSH2 14277:DUP2 14278:PUSH2 14281:JUMP 14282:JUMPDEST 14283:SWAP2 14284:SWAP1 14285:POP 14286:JUMP
uniswapv2_router_evm,14304,JUMPI,adjacent_push,14293:DUP1 14294:PUSH1 14296:DUP8 14297:DUP10 14298:SUB 14299:OP_12 14300:ISZERO 14301:PUSH2 14304:JUMPI
uniswapv2_router_evm,14318,JUMP,adjacent_push,14306:DUP1 14307:OP_fd 14308:JUMPDEST 14309:DUP7 14310:CALLDATALOAD 14311:PUSH2 14314:DUP2 14315:PUSH2 14318:JUMP
uniswapv2_router_evm,14355,JUMP,adjacent_push,14342:POP 14343:PUSH1 14345:DUP8 14346:ADD 14347:CALLDATALOAD 14348:PUSH2 14351:DUP2 14352:PUSH2 14355:JUMP
uniswapv2_router_evm,14376,JUMP,top_calldata,14367:PUSH1 14369:SWAP1 14370:SWAP3 14371:ADD 14372:CALLDATALOAD 14373:SWAP3 14374:POP 14375:POP 14376:JUMP
uniswapv2_router_evm,14391,JUMPI,adjacent_push,14380:PUSH0 14381:PUSH1 14383:DUP5 14384:DUP7 14385:SUB 14386:OP_12 14387:ISZERO 14388:PUSH2 14391:JUMPI
uniswapv2_router_evm,14417,JUMP,top_calldata,14408:PUSH1 14410:SWAP1 14411:SWAP3 14412:ADD 14413:CALLDATALOAD 14414:SWAP2 14415:SWAP1 14416:POP 14417:JUMP
uniswapv2_router_evm,14430,JUMPI,adjacent_push,14419:PUSH0 14420:DUP1 14421:DUP4 14422:PUSH1 14424:DUP5 14425:ADD 14426:OP_12 14427:PUSH2 14430:JUMPI
uniswapv2_router_evm,14453,JUMPI,adjacent_push,14435:POP 14436:DUP2 14437:CALLDATALOAD 14438:PUSH8 14447:DUP2 14448:GT 14449:ISZERO 14450:PUSH2 14453:JUMPI
uniswapv2_router_evm,14479,JUMPI,adjacent_push,14468:PUSH1 14470:SHL 14471:DUP6 14472:ADD 14473:ADD 14474:GT 14475:ISZERO 14476:PUSH2 14479:JUMPI
uniswapv2_router_evm,14500,JUMPI,adjacent_push,14489:DUP1 14490:PUSH1 14492:DUP8 14493:DUP10 14494:SUB 14495:OP_12 14496:ISZERO 14497:PUSH2 14500:JUMPI
uniswapv2_router_evm,14536,JUMPI,adjacent_push,14518:DUP8 14519:ADD 14520:CALLDATALOAD 14521:PUSH8 14530:DUP2 14531:GT 14532:ISZERO 14533:PUSH2 14536:JUMPI
uniswapv2_router_evm,14551,JUMP,adjacent_push,14539:OP_fd 14540:JUMPDEST 14541:PUSH2 14544:DUP10 14545:DUP3 14546:DUP11 14547:ADD 14548:PUSH2 14551:JUMP
uniswapv2_router_evm,14571,JUMP,adjacent_push,14558:POP 14559:PUSH1 14561:DUP8 14562:ADD 14563:CALLDATALOAD 14564:PUSH2 14567:DUP2 14568:PUSH2 14571:JUMP
uniswapv2_router_evm,14592,JUMP,top_calldata,14583:PUSH1 14585:SWAP1 14586:SWAP3 14587:ADD 14588:CALLDATALOAD 14589:SWAP3 14590:POP 14591:POP 14592:JUMP
uniswapv2_router_evm,14626,JUMPI,adjacent_push,14616:SWAP1 14617:DUP4 14618:JUMPDEST 14619:DUP2 14620:DUP2 14621:LT 14622:ISZERO 14623:PUSH2 14626:JUMPI
uniswapv2_router_evm,14647,JUMP,adjacent_push,14636:SWAP4 14637:SWAP1 14638:SWAP3 14639:ADD 14640:SWAP2 14641:PUSH1 14643:ADD 14644:PUSH2 14647:JUMP
uniswapv2_router_evm,14658,JUMP,unknown_dynamic,14650:SWAP1 14651:SWAP6 14652:SWAP5 14653:POP 14654:POP 14655:POP 14656:POP 14657:POP 14658:JUMP
uniswapv2_router_evm,14692,JUMPI,adjacent_push,14681:DUP1 14682:PUSH1 14684:DUP4 14685:DUP6 14686:SUB 14687:OP_12 14688:ISZERO 14689:PUSH2 14692:JUMPI
uniswapv2_router_evm,14721,JUMPI,adjacent_push,14703:DUP4 14704:ADD 14705:CALLDATALOAD 14706:PUSH8 14715:DUP2 14716:GT 14717:ISZERO 14718:PUSH2 14721:JUMPI
uniswapv2_router_evm,14737,JUMPI,adjacent_push,14726:DUP4 14727:ADD 14728:PUSH1 14730:DUP2 14731:ADD 14732:DUP6 14733:OP_13 14734:PUSH2 14737:JUMPI
uniswapv2_router_evm,14759,JUMPI,adjacent_push,14741:JUMPDEST 14742:DUP1 14743:CALLDATALOAD 14744:PUSH8 14753:DUP2 14754:GT 14755:ISZERO 14756:PUSH2 14759:JUMPI
uniswapv2_router_evm,14766,JUMP,adjacent_push,14744:PUSH8 14753:DUP2 14754:GT 14755:ISZERO 14756:PUSH2 14759:JUMPI 14760:PUSH2 14763:PUSH2 14766:JUMP
uniswapv2_router_evm,14804,JUMPI,adjacent_push,14786:DUP2 14787:LT 14788:PUSH8 14797:DUP3 14798:GT 14799:OR 14800:ISZERO 14801:PUSH2 14804:JUMPI
uniswapv2_router_evm,14811,JUMP,adjacent_push,14797:DUP3 14798:GT 14799:OR 14800:ISZERO 14801:PUSH2 14804:JUMPI 14805:PUSH2 14808:PUSH2 14811:JUMP
uniswapv2_router_evm,14837,JUMPI,adjacent_push,14827:SWAP1 14828:DUP2 14829:ADD 14830:DUP9 14831:DUP5 14832:GT 14833:ISZERO 14834:PUSH2 14837:JUMPI
uniswapv2_router_evm,14856,JUMPI,adjacent_push,14846:SWAP5 14847:POP 14848:JUMPDEST 14849:DUP4 14850:DUP6 14851:LT 14852:ISZERO 14853:PUSH2 14856:JUMPI
uniswapv2_router_evm,14864,JUMP,adjacent_push,14850:DUP6 14851:LT 14852:ISZERO 14853:PUSH2 14856:JUMPI 14857:PUSH2 14860:DUP6 14861:PUSH2 14864:JUMP
uniswapv2_router_evm,14878,JUMP,adjacent_push,14867:MSTORE 14868:PUSH1 14870:SWAP5 14871:DUP6 14872:ADD 14873:SWAP5 14874:ADD 14875:PUSH2 14878:JUMP
uniswapv2_router_evm,14893,JUMP,unknown_dynamic,14885:POP 14886:POP 14887:POP 14888:SWAP3 14889:POP 14890:SWAP3 14891:SWAP1 14892:POP 14893:JUMP
uniswapv2_router_evm,14903,JUMPI,adjacent_push,14893:JUMP 14894:JUMPDEST 14895:DUP1 14896:ISZERO 14897:ISZERO 14898:DUP2 14899:EQ 14900:PUSH2 14903:JUMPI
uniswapv2_router_evm,14919,JUMPI,adjacent_push,14908:DUP1 14909:CALLDATALOAD 14910:PUSH1 14912:DUP2 14913:AND 14914:DUP2 14915:EQ 14916:PUSH2 14919:JUMPI
uniswapv2_router_evm,14960,JUMP,adjacent_push,14948:DUP1 14949:OP_fd 14950:JUMPDEST 14951:DUP12 14952:CALLDATALOAD 14953:PUSH2 14956:DUP2 14957:PUSH2 14960:JUMP
uniswapv2_router_evm,14976,JUMP,adjacent_push,14963:POP 14964:PUSH1 14966:DUP13 14967:ADD 14968:CALLDATALOAD 14969:PUSH2 14972:DUP2 14973:PUSH2 14976:JUMP
uniswapv2_router_evm,15013,JUMP,adjacent_push,15000:POP 15001:PUSH1 15003:DUP13 15004:ADD 15005:CALLDATALOAD 15006:PUSH2 15009:DUP2 15010:PUSH2 15013:JUMP
uniswapv2_router_evm,15036,JUMP,adjacent_push,15023:POP 15024:PUSH1 15026:DUP13 15027:ADD 15028:CALLDATALOAD 15029:PUSH2 15032:DUP2 15033:PUSH2 15036:JUMP
uniswapv2_router_evm,15051,JUMP,adjacent_push,15037:JUMPDEST 15038:SWAP4 15039:POP 15040:PUSH2 15043:PUSH2 15046:DUP14 15047:ADD 15048:PUSH2 15051:JUMP
uniswapv2_router_evm,15090,JUMP,top_calldata,15080:PUSH2 15083:SWAP1 15084:SWAP3 15085:ADD 15086:CALLDATALOAD 15087:SWAP2 15088:SWAP1 15089:POP 15090:JUMP
uniswapv2_router_evm,15113,JUMPI,adjacent_push,15101:DUP1 15102:PUSH2 15105:DUP12 15106:DUP14 15107:SUB 15108:OP_12 15109:ISZERO 15110:PUSH2 15113:JUMPI
uniswapv2_router_evm,15127,JUMP,adjacent_push,15115:DUP1 15116:OP_fd 15117:JUMPDEST 15118:DUP11 15119:CALLDATALOAD 15120:PUSH2 15123:DUP2 15124:PUSH2 15127:JUMP
uniswapv2_router_evm,15164,JUMP,adjacent_push,15151:POP 15152:PUSH1 15154:DUP12 15155:ADD 15156:CALLDATALOAD 15157:PUSH2 15160:DUP2 15161:PUSH2 15164:JUMP
uniswapv2_router_evm,15187,JUMP,adjacent_push,15174:POP 15175:PUSH1 15177:DUP12 15178:ADD 15179:CALLDATALOAD 15180:PUSH2 15183:DUP2 15184:PUSH2 15187:JUMP
uniswapv2_router_evm,15201,JUMP,adjacent_push,15188:JUMPDEST 15189:SWAP4 15190:POP 15191:PUSH2 15194:PUSH1 15196:DUP13 15197:ADD 15198:PUSH2 15201:JUMP
uniswapv2_router_evm,15237,JUMP,unknown_dynamic,15229:SWAP1 15230:SWAP2 15231:ADD 15232:CALLDATALOAD 15233:SWAP3 15234:POP 15235:SWAP1 15236:POP 15237:JUMP
uniswapv2_router_evm,15254,JUMPI,adjacent_push,15243:PUSH0 15244:PUSH1 15246:DUP7 15247:DUP9 15248:SUB 15249:OP_12 15250:ISZERO 15251:PUSH2 15254:JUMPI
uniswapv2_router_evm,15283,JUMPI,adjacent_push,15265:DUP7 15266:ADD 15267:CALLDATALOAD 15268:PUSH8 15277:DUP2 15278:GT 15279:ISZERO 15280:PUSH2 15283:JUMPI
uniswapv2_router_evm,15298,JUMP,adjacent_push,15286:OP_fd 15287:JUMPDEST 15288:PUSH2 15291:DUP9 15292:DUP3 15293:DUP10 15294:ADD 15295:PUSH2 15298:JUMP
uniswapv2_router_evm,15318,JUMP,adjacent_push,15305:POP 15306:PUSH1 15308:DUP7 15309:ADD 15310:CALLDATALOAD 15311:PUSH2 15314:DUP2 15315:PUSH2 15318:JUMP
uniswapv2_router_evm,15335,JUMP,unknown_dynamic,15326:SWAP5 15327:PUSH1 15329:ADD 15330:CALLDATALOAD 15331:SWAP3 15332:SWAP2 15333:POP 15334:POP 15335:JUMP
uniswapv2_router_evm,15354,JUMPI,adjacent_push,15343:PUSH0 15344:PUSH1 15346:DUP9 15347:DUP11 15348:SUB 15349:OP_12 15350:ISZERO 15351:PUSH2 15354:JUMPI
uniswapv2_router_evm,15368,JUMP,adjacent_push,15356:DUP1 15357:OP_fd 15358:JUMPDEST 15359:DUP8 15360:CALLDATALOAD 15361:PUSH2 15364:DUP2 15365:PUSH2 15368:JUMP
uniswapv2_router_evm,15384,JUMP,adjacent_push,15371:POP 15372:PUSH1 15374:DUP9 15375:ADD 15376:CALLDATALOAD 15377:PUSH2 15380:DUP2 15381:PUSH2 15384:JUMP
uniswapv2_router_evm,15421,JUMP,adjacent_push,15408:POP 15409:PUSH1 15411:DUP9 15412:ADD 15413:CALLDATALOAD 15414:PUSH2 15417:DUP2 15418:PUSH2 15421:JUMP
uniswapv2_router_evm,15445,JUMP,internal_return,15436:POP 15437:POP 15438:PUSH1 15440:SWAP1 15441:SWAP2 15442:ADD 15443:CALLDATALOAD 15444:SWAP1 15445:JUMP
uniswapv2_router_evm,15466,JUMPI,adjacent_push,15454:DUP1 15455:PUSH2 15458:DUP10 15459:DUP12 15460:SUB 15461:OP_12 15462:ISZERO 15463:PUSH2 15466:JUMPI
uniswapv2_router_evm,15480,JUMP,adjacent_push,15468:DUP1 15469:OP_fd 15470:JUMPDEST 15471:DUP9 15472:CALLDATALOAD 15473:PUSH2 15476:DUP2 15477:PUSH2 15480:JUMP
uniswapv2_router_evm,15496,JUMP,adjacent_push,15483:POP 15484:PUSH1 15486:DUP10 15487:ADD 15488:CALLDATALOAD 15489:PUSH2 15492:DUP2 15493:PUSH2 15496:JUMP
uniswapv2_router_evm,15540,JUMP,adjacent_push,15527:POP 15528:PUSH1 15530:DUP10 15531:ADD 15532:CALLDATALOAD 15533:PUSH2 15536:DUP2 15537:PUSH2 15540:JUMP
uniswapv2_router_evm,15564,JUMP,top_calldata,15555:POP 15556:SWAP2 15557:SWAP3 15558:PUSH1 15560:ADD 15561:CALLDATALOAD 15562:SWAP2 15563:POP 15564:JUMP
uniswapv2_router_evm,15619,JUMP,internal_return,15577:PUSH32 15610:PUSH1 15612:DUP3 15613:ADD 15614:MSTORE 15615:PUSH1 15617:ADD 15618:SWAP1 15619:JUMP
uniswapv2_router_evm,15651,JUMPI,adjacent_push,15641:DUP2 15642:DUP2 15643:SUB 15644:DUP2 15645:DUP2 15646:GT 15647:ISZERO 15648:PUSH2 15651:JUMPI
uniswapv2_router_evm,15658,JUMP,adjacent_push,15644:DUP2 15645:DUP2 15646:GT 15647:ISZERO 15648:PUSH2 15651:JUMPI 15652:PUSH2 15655:PUSH2 15658:JUMP
uniswapv2_router_evm,15691,JUMPI,adjacent_push,15680:PUSH0 15681:PUSH1 15683:DUP3 15684:DUP5 15685:SUB 15686:OP_12 15687:ISZERO 15688:PUSH2 15691:JUMPI
uniswapv2_router_evm,15705,JUMP,adjacent_push,15693:DUP1 15694:OP_fd 15695:JUMPDEST 15696:DUP2 15697:CALLDATALOAD 15698:PUSH2 15701:DUP2 15702:PUSH2 15705:JUMP
uniswapv2_router_evm,15712,JUMP,unknown_dynamic,15702:PUSH2 15705:JUMP 15706:JUMPDEST 15707:SWAP4 15708:SWAP3 15709:POP 15710:POP 15711:POP 15712:JUMP
uniswapv2_router_evm,15767,JUMP,internal_return,15725:PUSH32 15758:PUSH1 15760:DUP3 15761:ADD 15762:MSTORE 15763:PUSH1 15765:ADD 15766:SWAP1 15767:JUMP
uniswapv2_router_evm,15842,JUMP,internal_return,15832:SHL 15833:PUSH1 15835:DUP3 15836:ADD 15837:MSTORE 15838:PUSH1 15840:ADD 15841:SWAP1 15842:JUMP
uniswapv2_router_evm,15907,JUMP,internal_return,15898:ADD 15899:SWAP2 15900:SWAP1 15901:SWAP2 15902:MSTORE 15903:PUSH1 15905:ADD 15906:SWAP1 15907:JUMP
uniswapv2_router_evm,15978,JUMP,internal_return,15968:SHL 15969:PUSH1 15971:DUP3 15972:ADD 15973:MSTORE 15974:PUSH1 15976:ADD 15977:SWAP1 15978:JUMP
uniswapv2_router_evm,15991,JUMPI,adjacent_push,15980:PUSH0 15981:PUSH1 15983:DUP3 15984:DUP5 15985:SUB 15986:OP_12 15987:ISZERO 15988:PUSH2 15991:JUMPI
uniswapv2_router_evm,16001,JUMP,top_computed,15993:DUP1 15994:OP_fd 15995:JUMPDEST 15996:POP 15997:MLOAD 15998:SWAP2 15999:SWAP1 16000:POP 16001:JUMP
uniswapv2_router_evm,16014,JUMPI,adjacent_push,16003:PUSH0 16004:PUSH1 16006:DUP3 16007:DUP5 16008:SUB 16009:OP_12 16010:ISZERO 16011:PUSH2 16014:JUMPI
uniswapv2_router_evm,16028,JUMP,adjacent_push,16016:DUP1 16017:OP_fd 16018:JUMPDEST 16019:DUP2 16020:MLOAD 16021:PUSH2 16024:DUP2 16025:PUSH2 16028:JUMP
uniswapv2_router_evm,16042,JUMPI,adjacent_push,16031:DUP1 16032:PUSH1 16034:DUP4 16035:DUP6 16036:SUB 16037:OP_12 16038:ISZERO 16039:PUSH2 16042:JUMPI
uniswapv2_router_evm,16062,JUMP,unknown_dynamic,16054:SWAP2 16055:ADD 16056:MLOAD 16057:SWAP1 16058:SWAP3 16059:SWAP1 16060:SWAP2 16061:POP 16062:JUMP
uniswapv2_router_evm,16132,JUMP,internal_return,16122:SHL 16123:PUSH1 16125:DUP3 16126:ADD 16127:MSTORE 16128:PUSH1 16130:ADD 16131:SWAP1 16132:JUMP
uniswapv2_router_evm,16202,JUMP,internal_return,16192:SHL 16193:PUSH1 16195:DUP3 16196:ADD 16197:MSTORE 16198:PUSH1 16200:ADD 16201:SWAP1 16202:JUMP
uniswapv2_router_evm,16224,JUMP,unknown_dynamic,16216:ADD 16217:SWAP2 16218:DUP3 16219:MSTORE 16220:POP 16221:SWAP2 16222:SWAP1 16223:POP 16224:JUMP
uniswapv2_router_evm,16296,JUMP,internal_return,16286:SHL 16287:PUSH1 16289:DUP3 16290:ADD 16291:MSTORE 16292:PUSH1 16294:ADD 16295:SWAP1 16296:JUMP
uniswapv2_router_evm,16312,JUMPI,adjacent_push,16302:ISZERO 16303:DUP3 16304:DUP3 16305:OP_04 16306:DUP5 16307:EQ 16308:OR 16309:PUSH2 16312:JUMPI
uniswapv2_router_evm,16319,JUMP,adjacent_push,16305:OP_04 16306:DUP5 16307:EQ 16308:OR 16309:PUSH2 16312:JUMPI 16313:PUSH2 16316:PUSH2 16319:JUMP
uniswapv2_router_evm,16331,JUMPI,adjacent_push,16321:DUP1 16322:DUP3 16323:ADD 16324:DUP1 16325:DUP3 16326:GT 16327:ISZERO 16328:PUSH2 16331:JUMPI
uniswapv2_router_evm,16338,JUMP,adjacent_push,16324:DUP1 16325:DUP3 16326:GT 16327:ISZERO 16328:PUSH2 16331:JUMPI 16332:PUSH2 16335:PUSH2 16338:JUMP
uniswapv2_router_evm,16345,JUMPI,adjacent_push,16331:JUMPI 16332:PUSH2 16335:PUSH2 16338:JUMP 16339:JUMPDEST 16340:PUSH0 16341:DUP3 16342:PUSH2 16345:JUMPI
uniswapv2_router_evm,16369,JUMP,internal_return,16360:MSTORE 16361:PUSH1 16363:PUSH0 16364:OP_fd 16365:JUMPDEST 16366:POP 16367:OP_04 16368:SWAP1 16369:JUMP
uniswapv2_router_evm,16451,JUMP,unknown_dynamic,16443:POP 16444:SWAP6 16445:SWAP5 16446:POP 16447:POP 16448:POP 16449:POP 16450:POP 16451:JUMP
uniswapv2_router_evm,16458,JUMPI,adjacent_push,16448:POP 16449:POP 16450:POP 16451:JUMP 16452:JUMPDEST 16453:PUSH0 16454:DUP2 16455:PUSH2 16458:JUMPI
uniswapv2_router_evm,16465,JUMP,adjacent_push,16451:JUMP 16452:JUMPDEST 16453:PUSH0 16454:DUP2 16455:PUSH2 16458:JUMPI 16459:PUSH2 16462:PUSH2 16465:JUMP
uniswapv2_router_evm,16472,JUMP,internal_return,16462:PUSH2 16465:JUMP 16466:JUMPDEST 16467:POP 16468:PUSH0 16469:NOT 16470:ADD 16471:SWAP1 16472:JUMP
uniswapv2_router_evm,16491,JUMPI,adjacent_push,16480:PUSH1 16482:SHL 16483:SUB 16484:DUP2 16485:AND 16486:DUP2 16487:EQ 16488:PUSH2 16491:JUMPI
uniswapv2_router_evm,16509,JUMPI,adjacent_push,16498:PUSH0 16499:PUSH1 16501:DUP5 16502:DUP7 16503:SUB 16504:OP_12 16505:ISZERO 16506:PUSH2 16509:JUMPI
uniswapv2_router_evm,16521,JUMP,adjacent_push,16509:JUMPI 16510:PUSH0 16511:DUP1 16512:OP_fd 16513:JUMPDEST 16514:PUSH2 16517:DUP5 16518:PUSH2 16521:JUMP
uniswapv2_router_evm,16535,JUMP,adjacent_push,16522:JUMPDEST 16523:SWAP3 16524:POP 16525:PUSH2 16528:PUSH1 16530:DUP6 16531:ADD 16532:PUSH2 16535:JUMP
uniswapv2_router_evm,16556,JUMPI,adjacent_push,16542:ADD 16543:MLOAD 16544:PUSH4 16549:DUP2 16550:AND 16551:DUP2 16552:EQ 16553:PUSH2 16556:JUMPI
uniswapv2_router_evm,16570,JUMP,internal_return,16562:SWAP2 16563:POP 16564:POP 16565:SWAP3 16566:POP 16567:SWAP3 16568:POP 16569:SWAP3 16570:JUMP
uniswapv2_router_evm,16583,JUMPI,adjacent_push,16572:PUSH0 16573:PUSH1 16575:DUP3 16576:DUP5 16577:SUB 16578:OP_12 16579:ISZERO 16580:PUSH2 16583:JUMPI
uniswapv2_router_evm,16597,JUMP,adjacent_push,16585:DUP1 16586:OP_fd 16587:JUMPDEST 16588:DUP2 16589:MLOAD 16590:PUSH2 16593:DUP2 16594:PUSH2 16597:JUMP
