External VM: /home/abmcar/dtvm-baseline/build-baseline/lib/libdtvmapi.so,mode=multipass
{
  "context": {
    "date": "2026-05-11T20:02:05+08:00",
    "host_name": "DESKTOP-67J5975",
    "executable": "/home/abmcar/evmone/build/bin/evmone-bench",
    "num_cpus": 20,
    "mhz_per_cpu": 3878,
    "cpu_scaling_enabled": false,
    "aslr_enabled": false,
    "caches": [
      {
        "type": "Data",
        "level": 1,
        "size": 49152,
        "num_sharing": 1
      },
      {
        "type": "Instruction",
        "level": 1,
        "size": 65536,
        "num_sharing": 1
      },
      {
        "type": "Unified",
        "level": 2,
        "size": 3145728,
        "num_sharing": 1
      },
      {
        "type": "Unified",
        "level": 3,
        "size": 31457280,
        "num_sharing": 20
      }
    ],
    "load_avg": [1.41064,1.06396,0.527832],
    "library_version": "v1.9.4",
    "library_build_type": "release",
    "json_schema_version": 1
  },
  "benchmarks": [
    {
      "name": "external/total/main/blake2b_huff/empty",
      "family_index": 0,
      "per_family_instance_index": 0,
      "run_name": "external/total/main/blake2b_huff/empty",
      "run_type": "iteration",
      "repetitions": 20,
      "repetition_index": 0,
      "threads": 1,
      "iterations": 80844,
      "real_time": 8.5953450719889499e+00,
      "cpu_time": 8.6628068502300728e+00,
      "time_unit": "us",
      "code_size": 1.4363000000000000e+04,
      "execution_time_ns": 8.5738906412349716e+03,
      "gas_rate": 1.6142573927558599e+09,
      "gas_used": 1.3984000000000000e+04,
      "input_size": 6.4000000000000000e+01
    },
    {
      "name": "external/total/main/blake2b_huff/empty",
      "family_index": 0,
      "per_family_instance_index": 0,
      "run_name": "external/total/main/blake2b_huff/empty",
      "run_type": "iteration",
      "repetitions": 20,
      "repetition_index": 1,
      "threads": 1,
      "iterations": 80844,
      "real_time": 8.5570525827511545e+00,
      "cpu_time": 8.6292155138291022e+00,
      "time_unit": "us",
      "code_size": 1.4363000000000000e+04,
      "execution_time_ns": 8.5370785958141605e+03,
      "gas_rate": 1.6205412853102775e+09,
      "gas_used": 1.3984000000000000e+04,
      "input_size": 6.4000000000000000e+01
    },
    {
      "name": "external/total/main/blake2b_huff/empty",
      "family_index": 0,
      "per_family_instance_index": 0,
      "run_name": "external/total/main/blake2b_huff/empty",
      "run_type": "iteration",
      "repetitions": 20,
      "repetition_index": 2,
      "threads": 1,
      "iterations": 80844,
      "real_time": 8.6639951758948595e+00,
      "cpu_time": 8.6826283335807215e+00,
      "time_unit": "us",
      "code_size": 1.4363000000000000e+04,
      "execution_time_ns": 8.6423589505714717e+03,
      "gas_rate": 1.6105722210768623e+09,
      "gas_used": 1.3984000000000000e+04,
      "input_size": 6.4000000000000000e+01
    },
    {
      "name": "external/total/main/blake2b_huff/empty",
      "family_index": 0,
      "per_family_instance_index": 0,
      "run_name": "external/total/main/blake2b_huff/empty",
      "run_type": "iteration",
      "repetitions": 20,
      "repetition_index": 3,
      "threads": 1,
      "iterations": 80844,
      "real_time": 8.5636677057045283e+00,
      "cpu_time": 8.6567551333432213e+00,
      "time_unit": "us",
      "code_size": 1.4363000000000000e+04,
      "execution_time_ns": 8.5435428479540842e+03,
      "gas_rate": 1.6153858789580212e+09,
      "gas_used": 1.3984000000000000e+04,
      "input_size": 6.4000000000000000e+01
    },
    {
      "name": "external/total/main/blake2b_huff/empty",
      "family_index": 0,
      "per_family_instance_index": 0,
      "run_name": "external/total/main/blake2b_huff/empty",
      "run_type": "iteration",
      "repetitions": 20,
      "repetition_index": 4,
      "threads": 1,
      "iterations": 80844,
      "real_time": 8.5504318316749384e+00,
      "cpu_time": 8.6437876156548441e+00,
      "time_unit": "us",
      "code_size": 1.4363000000000000e+04,
      "execution_time_ns": 8.5283799416159509e+03,
      "gas_rate": 1.6178093009450452e+09,
      "gas_used": 1.3984000000000000e+04,
      "input_size": 6.4000000000000000e+01
    },
    {
      "name": "external/total/main/blake2b_huff/empty",
      "family_index": 0,
      "per_family_instance_index": 0,
      "run_name": "external/total/main/blake2b_huff/empty",
      "run_type": "iteration",
      "repetitions": 20,
      "repetition_index": 5,
      "threads": 1,
      "iterations": 80844,
      "real_time": 8.3599502127552725e+00,
      "cpu_time": 8.3970500841126086e+00,
      "time_unit": "us",
      "code_size": 1.4363000000000000e+04,
      "execution_time_ns": 8.3404866780466091e+03,
      "gas_rate": 1.6653467420014577e+09,
      "gas_used": 1.3984000000000000e+04,
      "input_size": 6.4000000000000000e+01
    },
    {
      "name": "external/total/main/blake2b_huff/empty",
      "family_index": 0,
      "per_family_instance_index": 0,
      "run_name": "external/total/main/blake2b_huff/empty",
      "run_type": "iteration",
      "repetitions": 20,
      "repetition_index": 6,
      "threads": 1,
      "iterations": 80844,
      "real_time": 8.3130934886941610e+00,
      "cpu_time": 8.4030592375439106e+00,
      "time_unit": "us",
      "code_size": 1.4363000000000000e+04,
      "execution_time_ns": 8.2931366706249064e+03,
      "gas_rate": 1.6641558276206219e+09,
      "gas_used": 1.3984000000000000e+04,
      "input_size": 6.4000000000000000e+01
    },
    {
      "name": "external/total/main/blake2b_huff/empty",
      "family_index": 0,
      "per_family_instance_index": 0,
      "run_name": "external/total/main/blake2b_huff/empty",
      "run_type": "iteration",
      "repetitions": 20,
      "repetition_index": 7,
      "threads": 1,
      "iterations": 80844,
      "real_time": 8.2376959329095190e+00,
      "cpu_time": 8.3276540126663594e+00,
      "time_unit": "us",
      "code_size": 1.4363000000000000e+04,
      "execution_time_ns": 8.2181607911533320e+03,
      "gas_rate": 1.6792244224760468e+09,
      "gas_used": 1.3984000000000000e+04,
      "input_size": 6.4000000000000000e+01
    },
    {
      "name": "external/total/main/blake2b_huff/empty",
      "family_index": 0,
      "per_family_instance_index": 0,
      "run_name": "external/total/main/blake2b_huff/empty",
      "run_type": "iteration",
      "repetitions": 20,
      "repetition_index": 8,
      "threads": 1,
      "iterations": 80844,
      "real_time": 8.3140213621295960e+00,
      "cpu_time": 8.3510303547573130e+00,
      "time_unit": "us",
      "code_size": 1.4363000000000000e+04,
      "execution_time_ns": 8.2944197714116071e+03,
      "gas_rate": 1.6745239097393250e+09,
      "gas_used": 1.3984000000000000e+04,
      "input_size": 6.4000000000000000e+01
    },
    {
      "name": "external/total/main/blake2b_huff/empty",
      "family_index": 0,
      "per_family_instance_index": 0,
      "run_name": "external/total/main/blake2b_huff/empty",
      "run_type": "iteration",
      "repetitions": 20,
      "repetition_index": 9,
      "threads": 1,
      "iterations": 80844,
      "real_time": 8.3406088145080215e+00,
      "cpu_time": 8.4313091385879098e+00,
      "time_unit": "us",
      "code_size": 1.4363000000000000e+04,
      "execution_time_ns": 8.3200277695314435e+03,
      "gas_rate": 1.6585799156620729e+09,
      "gas_used": 1.3984000000000000e+04,
      "input_size": 6.4000000000000000e+01
    },
    {
      "name": "external/total/main/blake2b_huff/empty",
      "family_index": 0,
      "per_family_instance_index": 0,
      "run_name": "external/total/main/blake2b_huff/empty",
      "run_type": "iteration",
      "repetitions": 20,
      "repetition_index": 10,
      "threads": 1,
      "iterations": 80844,
      "real_time": 8.3873383429805290e+00,
      "cpu_time": 8.4790462866755707e+00,
      "time_unit": "us",
      "code_size": 1.4363000000000000e+04,
      "execution_time_ns": 8.3670753921132055e+03,
      "gas_rate": 1.6492420877540450e+09,
      "gas_used": 1.3984000000000000e+04,
      "input_size": 6.4000000000000000e+01
    },
    {
      "name": "external/total/main/blake2b_huff/empty",
      "family_index": 0,
      "per_family_instance_index": 0,
      "run_name": "external/total/main/blake2b_huff/empty",
      "run_type": "iteration",
      "repetitions": 20,
      "repetition_index": 11,
      "threads": 1,
      "iterations": 80844,
      "real_time": 8.5027842387822172e+00,
      "cpu_time": 8.5413914452525912e+00,
      "time_unit": "us",
      "code_size": 1.4363000000000000e+04,
      "execution_time_ns": 8.4826893523328872e+03,
      "gas_rate": 1.6372039719327552e+09,
      "gas_used": 1.3984000000000000e+04,
      "input_size": 6.4000000000000000e+01
    },
    {
      "name": "external/total/main/blake2b_huff/empty",
      "family_index": 0,
      "per_family_instance_index": 0,
      "run_name": "external/total/main/blake2b_huff/empty",
      "run_type": "iteration",
      "repetitions": 20,
      "repetition_index": 12,
      "threads": 1,
      "iterations": 80844,
      "real_time": 8.4836266884387452e+00,
      "cpu_time": 8.5756713175993227e+00,
      "time_unit": "us",
      "code_size": 1.4363000000000000e+04,
      "execution_time_ns": 8.4630444312503096e+03,
      "gas_rate": 1.6306595113202970e+09,
      "gas_used": 1.3984000000000000e+04,
      "input_size": 6.4000000000000000e+01
    },
    {
      "name": "external/total/main/blake2b_huff/empty",
      "family_index": 0,
      "per_family_instance_index": 0,
      "run_name": "external/total/main/blake2b_huff/empty",
      "run_type": "iteration",
      "repetitions": 20,
      "repetition_index": 13,
      "threads": 1,
      "iterations": 80844,
      "real_time": 8.3700583840476366e+00,
      "cpu_time": 8.4695105511849995e+00,
      "time_unit": "us",
      "code_size": 1.4363000000000000e+04,
      "execution_time_ns": 8.3498343971104841e+03,
      "gas_rate": 1.6510989525886414e+09,
      "gas_used": 1.3984000000000000e+04,
      "input_size": 6.4000000000000000e+01
    },
    {
      "name": "external/total/main/blake2b_huff/empty",
      "family_index": 0,
      "per_family_instance_index": 0,
      "run_name": "external/total/main/blake2b_huff/empty",
      "run_type": "iteration",
      "repetitions": 20,
      "repetition_index": 14,
      "threads": 1,
      "iterations": 80844,
      "real_time": 8.6056301642670512e+00,
      "cpu_time": 8.6631247711642221e+00,
      "time_unit": "us",
      "code_size": 1.4363000000000000e+04,
      "execution_time_ns": 8.5842012641630790e+03,
      "gas_rate": 1.6141981524434071e+09,
      "gas_used": 1.3984000000000000e+04,
      "input_size": 6.4000000000000000e+01
    },
    {
      "name": "external/total/main/blake2b_huff/empty",
      "family_index": 0,
      "per_family_instance_index": 0,
      "run_name": "external/total/main/blake2b_huff/empty",
      "run_type": "iteration",
      "repetitions": 20,
      "repetition_index": 15,
      "threads": 1,
      "iterations": 80844,
      "real_time": 8.4288229924281666e+00,
      "cpu_time": 8.5398701202315710e+00,
      "time_unit": "us",
      "code_size": 1.4363000000000000e+04,
      "execution_time_ns": 8.4086541858393939e+03,
      "gas_rate": 1.6374956296900692e+09,
      "gas_used": 1.3984000000000000e+04,
      "input_size": 6.4000000000000000e+01
    },
    {
      "name": "external/total/main/blake2b_huff/empty",
      "family_index": 0,
      "per_family_instance_index": 0,
      "run_name": "external/total/main/blake2b_huff/empty",
      "run_type": "iteration",
      "repetitions": 20,
      "repetition_index": 16,
      "threads": 1,
      "iterations": 80844,
      "real_time": 8.4961275543009087e+00,
      "cpu_time": 8.5806598139627059e+00,
      "time_unit": "us",
      "code_size": 1.4363000000000000e+04,
      "execution_time_ns": 8.4762818390975208e+03,
      "gas_rate": 1.6297115027500353e+09,
      "gas_used": 1.3984000000000000e+04,
      "input_size": 6.4000000000000000e+01
    },
    {
      "name": "external/total/main/blake2b_huff/empty",
      "family_index": 0,
      "per_family_instance_index": 0,
      "run_name": "external/total/main/blake2b_huff/empty",
      "run_type": "iteration",
      "repetitions": 20,
      "repetition_index": 17,
      "threads": 1,
      "iterations": 80844,
      "real_time": 8.6095323709865639e+00,
      "cpu_time": 8.7228974939389410e+00,
      "time_unit": "us",
      "code_size": 1.4363000000000000e+04,
      "execution_time_ns": 8.5892192617881356e+03,
      "gas_rate": 1.6031370321291418e+09,
      "gas_used": 1.3984000000000000e+04,
      "input_size": 6.4000000000000000e+01
    },
    {
      "name": "external/total/main/blake2b_huff/empty",
      "family_index": 0,
      "per_family_instance_index": 0,
      "run_name": "external/total/main/blake2b_huff/empty",
      "run_type": "iteration",
      "repetitions": 20,
      "repetition_index": 18,
      "threads": 1,
      "iterations": 80844,
      "real_time": 8.2927422195824274e+00,
      "cpu_time": 8.4023511577853451e+00,
      "time_unit": "us",
      "code_size": 1.4363000000000000e+04,
      "execution_time_ns": 8.2694707461283451e+03,
      "gas_rate": 1.6642960687310574e+09,
      "gas_used": 1.3984000000000000e+04,
      "input_size": 6.4000000000000000e+01
    },
    {
      "name": "external/total/main/blake2b_huff/empty",
      "family_index": 0,
      "per_family_instance_index": 0,
      "run_name": "external/total/main/blake2b_huff/empty",
      "run_type": "iteration",
      "repetitions": 20,
      "repetition_index": 19,
      "threads": 1,
      "iterations": 80844,
      "real_time": 8.5942215006686240e+00,
      "cpu_time": 8.6793665330760312e+00,
      "time_unit": "us",
      "code_size": 1.4363000000000000e+04,
      "execution_time_ns": 8.5724817302459051e+03,
      "gas_rate": 1.6111774916647017e+09,
      "gas_used": 1.3984000000000000e+04,
      "input_size": 6.4000000000000000e+01
    },
    {
      "name": "external/total/main/blake2b_huff/empty_mean",
      "family_index": 0,
      "per_family_instance_index": 0,
      "run_name": "external/total/main/blake2b_huff/empty",
      "run_type": "aggregate",
      "repetitions": 20,
      "threads": 1,
      "aggregate_name": "mean",
      "aggregate_unit": "time",
      "iterations": 20,
      "real_time": 8.4633373317746923e+00,
      "cpu_time": 8.5419592882588677e+00,
      "time_unit": "us",
      "code_size": 1.4363000000000000e+04,
      "execution_time_ns": 8.4427217629013903e+03,
      "gas_rate": 1.6374308648774874e+09,
      "gas_used": 1.3984000000000000e+04,
      "input_size": 6.4000000000000000e+01
    },
    {
      "name": "external/total/main/blake2b_huff/empty_median",
      "family_index": 0,
      "per_family_instance_index": 0,
      "run_name": "external/total/main/blake2b_huff/empty",
      "run_type": "aggregate",
      "repetitions": 20,
      "threads": 1,
      "aggregate_name": "median",
      "aggregate_unit": "time",
      "iterations": 20,
      "real_time": 8.4898771213698261e+00,
      "cpu_time": 8.5585313814259578e+00,
      "time_unit": "us",
      "code_size": 1.4363000000000000e+04,
      "execution_time_ns": 8.4696631351739161e+03,
      "gas_rate": 1.6339317416265261e+09,
      "gas_used": 1.3984000000000000e+04,
      "input_size": 6.4000000000000000e+01
    },
    {
      "name": "external/total/main/blake2b_huff/empty_stddev",
      "family_index": 0,
      "per_family_instance_index": 0,
      "run_name": "external/total/main/blake2b_huff/empty",
      "run_type": "aggregate",
      "repetitions": 20,
      "threads": 1,
      "aggregate_name": "stddev",
      "aggregate_unit": "time",
      "iterations": 20,
      "real_time": 1.2819024845650534e-01,
      "cpu_time": 1.2525874193783537e-01,
      "time_unit": "us",
      "code_size": 0.0000000000000000e+00,
      "execution_time_ns": 1.2788720590900998e+02,
      "gas_rate": 2.4101387796114456e+07,
      "gas_used": 0.0000000000000000e+00,
      "input_size": 0.0000000000000000e+00
    },
    {
      "name": "external/total/main/blake2b_huff/empty_cv",
      "family_index": 0,
      "per_family_instance_index": 0,
      "run_name": "external/total/main/blake2b_huff/empty",
      "run_type": "aggregate",
      "repetitions": 20,
      "threads": 1,
      "aggregate_name": "cv",
      "aggregate_unit": "percentage",
      "iterations": 20,
      "real_time": 1.5146536576679834e-02,
      "cpu_time": 1.4663935721399020e-02,
      "time_unit": "us",
      "code_size": 0.0000000000000000e+00,
      "execution_time_ns": 1.5147627684589335e-02,
      "gas_rate": 1.4719026197126022e-02,
      "gas_used": 0.0000000000000000e+00,
      "input_size": 0.0000000000000000e+00
    },
    {
      "name": "external/total/main/blake2b_huff/8415nulls",
      "family_index": 1,
      "per_family_instance_index": 0,
      "run_name": "external/total/main/blake2b_huff/8415nulls",
      "run_type": "iteration",
      "repetitions": 20,
      "repetition_index": 0,
      "threads": 1,
      "iterations": 1321,
      "real_time": 5.2702765026501913e+02,
      "cpu_time": 5.3394565632096737e+02,
      "time_unit": "us",
      "code_size": 1.4363000000000000e+04,
      "execution_time_ns": 5.2696618168054509e+05,
      "gas_rate": 1.6479635887721455e+09,
      "gas_used": 8.7992300000000000e+05,
      "input_size": 8.4790000000000000e+03
    },
    {
      "name": "external/total/main/blake2b_huff/8415nulls",
      "family_index": 1,
      "per_family_instance_index": 0,
      "run_name": "external/total/main/blake2b_huff/8415nulls",
      "run_type": "iteration",
      "repetitions": 20,
      "repetition_index": 1,
      "threads": 1,
      "iterations": 1321,
      "real_time": 5.3026010446625048e+02,
      "cpu_time": 5.3726120968962675e+02,
      "time_unit": "us",
      "code_size": 1.4363000000000000e+04,
      "execution_time_ns": 5.3020586525359575e+05,
      "gas_rate": 1.6377936544280338e+09,
      "gas_used": 8.7992300000000000e+05,
      "input_size": 8.4790000000000000e+03
    },
    {
      "name": "external/total/main/blake2b_huff/8415nulls",
      "family_index": 1,
      "per_family_instance_index": 0,
      "run_name": "external/total/main/blake2b_huff/8415nulls",
      "run_type": "iteration",
      "repetitions": 20,
      "repetition_index": 2,
      "threads": 1,
      "iterations": 1321,
      "real_time": 5.0837338001506373e+02,
      "cpu_time": 5.1509077744133185e+02,
      "time_unit": "us",
      "code_size": 1.4363000000000000e+04,
      "execution_time_ns": 5.0831520817562455e+05,
      "gas_rate": 1.7082872350596919e+09,
      "gas_used": 8.7992300000000000e+05,
      "input_size": 8.4790000000000000e+03
    },
    {
      "name": "external/total/main/blake2b_huff/8415nulls",
      "family_index": 1,
      "per_family_instance_index": 0,
      "run_name": "external/total/main/blake2b_huff/8415nulls",
      "run_type": "iteration",
      "repetitions": 20,
      "repetition_index": 3,
      "threads": 1,
      "iterations": 1321,
      "real_time": 5.0538092429969237e+02,
      "cpu_time": 5.1204058137774382e+02,
      "time_unit": "us",
      "code_size": 1.4363000000000000e+04,
      "execution_time_ns": 5.0533100605601817e+05,
      "gas_rate": 1.7184634031005857e+09,
      "gas_used": 8.7992300000000000e+05,
      "input_size": 8.4790000000000000e+03
    },
    {
      "name": "external/total/main/blake2b_huff/8415nulls",
      "family_index": 1,
      "per_family_instance_index": 0,
      "run_name": "external/total/main/blake2b_huff/8415nulls",
      "run_type": "iteration",
      "repetitions": 20,
      "repetition_index": 4,
      "threads": 1,
      "iterations": 1321,
      "real_time": 5.0964908402721960e+02,
      "cpu_time": 5.1639315972747897e+02,
      "time_unit": "us",
      "code_size": 1.4363000000000000e+04,
      "execution_time_ns": 5.0957816805450415e+05,
      "gas_rate": 1.7039788065054348e+09,
      "gas_used": 8.7992300000000000e+05,
      "input_size": 8.4790000000000000e+03
    },
    {
      "name": "external/total/main/blake2b_huff/8415nulls",
      "family_index": 1,
      "per_family_instance_index": 0,
      "run_name": "external/total/main/blake2b_huff/8415nulls",
      "run_type": "iteration",
      "repetitions": 20,
      "repetition_index": 5,
      "threads": 1,
      "iterations": 1321,
      "real_time": 5.2217866010598345e+02,
      "cpu_time": 5.2951807191521516e+02,
      "time_unit": "us",
      "code_size": 1.4363000000000000e+04,
      "execution_time_ns": 5.2213040045420139e+05,
      "gas_rate": 1.6617430955989933e+09,
      "gas_used": 8.7992300000000000e+05,
      "input_size": 8.4790000000000000e+03
    },
    {
      "name": "external/total/main/blake2b_huff/8415nulls",
      "family_index": 1,
      "per_family_instance_index": 0,
      "run_name": "external/total/main/blake2b_huff/8415nulls",
      "run_type": "iteration",
      "repetitions": 20,
      "repetition_index": 6,
      "threads": 1,
      "iterations": 1321,
      "real_time": 5.2130797956105016e+02,
      "cpu_time": 5.2870271461014420e+02,
      "time_unit": "us",
      "code_size": 1.4363000000000000e+04,
      "execution_time_ns": 5.2125972142316424e+05,
      "gas_rate": 1.6643058105893011e+09,
      "gas_used": 8.7992300000000000e+05,
      "input_size": 8.4790000000000000e+03
    },
    {
      "name": "external/total/main/blake2b_huff/8415nulls",
      "family_index": 1,
      "per_family_instance_index": 0,
      "run_name": "external/total/main/blake2b_huff/8415nulls",
      "run_type": "iteration",
      "repetitions": 20,
      "repetition_index": 7,
      "threads": 1,
      "iterations": 1321,
      "real_time": 5.2645499999994809e+02,
      "cpu_time": 5.3394458364874936e+02,
      "time_unit": "us",
      "code_size": 1.4363000000000000e+04,
      "execution_time_ns": 5.2640394928084780e+05,
      "gas_rate": 1.6479668994617040e+09,
      "gas_used": 8.7992300000000000e+05,
      "input_size": 8.4790000000000000e+03
    },
    {
      "name": "external/total/main/blake2b_huff/8415nulls",
      "family_index": 1,
      "per_family_instance_index": 0,
      "run_name": "external/total/main/blake2b_huff/8415nulls",
      "run_type": "iteration",
      "repetitions": 20,
      "repetition_index": 8,
      "threads": 1,
      "iterations": 1321,
      "real_time": 5.3618339364115104e+02,
      "cpu_time": 5.4382049432248300e+02,
      "time_unit": "us",
      "code_size": 1.4363000000000000e+04,
      "execution_time_ns": 5.3612683951551851e+05,
      "gas_rate": 1.6180394251162770e+09,
      "gas_used": 8.7992300000000000e+05,
      "input_size": 8.4790000000000000e+03
    },
    {
      "name": "external/total/main/blake2b_huff/8415nulls",
      "family_index": 1,
      "per_family_instance_index": 0,
      "run_name": "external/total/main/blake2b_huff/8415nulls",
      "run_type": "iteration",
      "repetitions": 20,
      "repetition_index": 9,
      "threads": 1,
      "iterations": 1321,
      "real_time": 5.2339047236956458e+02,
      "cpu_time": 5.3082816351249073e+02,
      "time_unit": "us",
      "code_size": 1.4363000000000000e+04,
      "execution_time_ns": 5.2332323618470854e+05,
      "gas_rate": 1.6576418895665753e+09,
      "gas_used": 8.7992300000000000e+05,
      "input_size": 8.4790000000000000e+03
    },
    {
      "name": "external/total/main/blake2b_huff/8415nulls",
      "family_index": 1,
      "per_family_instance_index": 0,
      "run_name": "external/total/main/blake2b_huff/8415nulls",
      "run_type": "iteration",
      "repetitions": 20,
      "repetition_index": 10,
      "threads": 1,
      "iterations": 1321,
      "real_time": 5.2397356472369097e+02,
      "cpu_time": 5.3143565404996116e+02,
      "time_unit": "us",
      "code_size": 1.4363000000000000e+04,
      "execution_time_ns": 5.2392425662376988e+05,
      "gas_rate": 1.6557470190309756e+09,
      "gas_used": 8.7992300000000000e+05,
      "input_size": 8.4790000000000000e+03
    },
    {
      "name": "external/total/main/blake2b_huff/8415nulls",
      "family_index": 1,
      "per_family_instance_index": 0,
      "run_name": "external/total/main/blake2b_huff/8415nulls",
      "run_type": "iteration",
      "repetitions": 20,
      "repetition_index": 11,
      "threads": 1,
      "iterations": 1321,
      "real_time": 5.2130929825900250e+02,
      "cpu_time": 5.2872991672975024e+02,
      "time_unit": "us",
      "code_size": 1.4363000000000000e+04,
      "execution_time_ns": 5.2126021196063590e+05,
      "gas_rate": 1.6642201853120317e+09,
      "gas_used": 8.7992300000000000e+05,
      "input_size": 8.4790000000000000e+03
    },
    {
      "name": "external/total/main/blake2b_huff/8415nulls",
      "family_index": 1,
      "per_family_instance_index": 0,
      "run_name": "external/total/main/blake2b_huff/8415nulls",
      "run_type": "iteration",
      "repetitions": 20,
      "repetition_index": 12,
      "threads": 1,
      "iterations": 1321,
      "real_time": 5.1952203785011238e+02,
      "cpu_time": 5.2687439818319342e+02,
      "time_unit": "us",
      "code_size": 1.4363000000000000e+04,
      "execution_time_ns": 5.1946845117335353e+05,
      "gas_rate": 1.6700811484373021e+09,
      "gas_used": 8.7992300000000000e+05,
      "input_size": 8.4790000000000000e+03
    },
    {
      "name": "external/total/main/blake2b_huff/8415nulls",
      "family_index": 1,
      "per_family_instance_index": 0,
      "run_name": "external/total/main/blake2b_huff/8415nulls",
      "run_type": "iteration",
      "repetitions": 20,
      "repetition_index": 13,
      "threads": 1,
      "iterations": 1321,
      "real_time": 5.1886851249059862e+02,
      "cpu_time": 5.2626766313398741e+02,
      "time_unit": "us",
      "code_size": 1.4363000000000000e+04,
      "execution_time_ns": 5.1881893338380015e+05,
      "gas_rate": 1.6720065883583887e+09,
      "gas_used": 8.7992300000000000e+05,
      "input_size": 8.4790000000000000e+03
    },
    {
      "name": "external/total/main/blake2b_huff/8415nulls",
      "family_index": 1,
      "per_family_instance_index": 0,
      "run_name": "external/total/main/blake2b_huff/8415nulls",
      "run_type": "iteration",
      "repetitions": 20,
      "repetition_index": 14,
      "threads": 1,
      "iterations": 1321,
      "real_time": 5.1521430431494298e+02,
      "cpu_time": 5.2254835276305778e+02,
      "time_unit": "us",
      "code_size": 1.4363000000000000e+04,
      "execution_time_ns": 5.1516346025738079e+05,
      "gas_rate": 1.6839073271349277e+09,
      "gas_used": 8.7992300000000000e+05,
      "input_size": 8.4790000000000000e+03
    },
    {
      "name": "external/total/main/blake2b_huff/8415nulls",
      "family_index": 1,
      "per_family_instance_index": 0,
      "run_name": "external/total/main/blake2b_huff/8415nulls",
      "run_type": "iteration",
      "repetitions": 20,
      "repetition_index": 15,
      "threads": 1,
      "iterations": 1321,
      "real_time": 5.2605061317195964e+02,
      "cpu_time": 5.3349379106737501e+02,
      "time_unit": "us",
      "code_size": 1.4363000000000000e+04,
      "execution_time_ns": 5.2598890840272524e+05,
      "gas_rate": 1.6493594016146185e+09,
      "gas_used": 8.7992300000000000e+05,
      "input_size": 8.4790000000000000e+03
    },
    {
      "name": "external/total/main/blake2b_huff/8415nulls",
      "family_index": 1,
      "per_family_instance_index": 0,
      "run_name": "external/total/main/blake2b_huff/8415nulls",
      "run_type": "iteration",
      "repetitions": 20,
      "repetition_index": 16,
      "threads": 1,
      "iterations": 1321,
      "real_time": 5.1972561998480307e+02,
      "cpu_time": 5.2713928993186983e+02,
      "time_unit": "us",
      "code_size": 1.4363000000000000e+04,
      "execution_time_ns": 5.1967188872066617e+05,
      "gas_rate": 1.6692419191779950e+09,
      "gas_used": 8.7992300000000000e+05,
      "input_size": 8.4790000000000000e+03
    },
    {
      "name": "external/total/main/blake2b_huff/8415nulls",
      "family_index": 1,
      "per_family_instance_index": 0,
      "run_name": "external/total/main/blake2b_huff/8415nulls",
      "run_type": "iteration",
      "repetitions": 20,
      "repetition_index": 17,
      "threads": 1,
      "iterations": 1321,
      "real_time": 5.2797270855411034e+02,
      "cpu_time": 5.3207817108251277e+02,
      "time_unit": "us",
      "code_size": 1.4363000000000000e+04,
      "execution_time_ns": 5.2791583497350488e+05,
      "gas_rate": 1.6537476029317217e+09,
      "gas_used": 8.7992300000000000e+05,
      "input_size": 8.4790000000000000e+03
    },
    {
      "name": "external/total/main/blake2b_huff/8415nulls",
      "family_index": 1,
      "per_family_instance_index": 0,
      "run_name": "external/total/main/blake2b_huff/8415nulls",
      "run_type": "iteration",
      "repetitions": 20,
      "repetition_index": 18,
      "threads": 1,
      "iterations": 1321,
      "real_time": 5.2502402573815107e+02,
      "cpu_time": 5.3250749810749471e+02,
      "time_unit": "us",
      "code_size": 1.4363000000000000e+04,
      "execution_time_ns": 5.2496420136260404e+05,
      "gas_rate": 1.6524142911174073e+09,
      "gas_used": 8.7992300000000000e+05,
      "input_size": 8.4790000000000000e+03
    },
    {
      "name": "external/total/main/blake2b_huff/8415nulls",
      "family_index": 1,
      "per_family_instance_index": 0,
      "run_name": "external/total/main/blake2b_huff/8415nulls",
      "run_type": "iteration",
      "repetitions": 20,
      "repetition_index": 19,
      "threads": 1,
      "iterations": 1321,
      "real_time": 5.3650212944744442e+02,
      "cpu_time": 5.4416186903860569e+02,
      "time_unit": "us",
      "code_size": 1.4363000000000000e+04,
      "execution_time_ns": 5.3644617108251329e+05,
      "gas_rate": 1.6170243636412783e+09,
      "gas_used": 8.7992300000000000e+05,
      "input_size": 8.4790000000000000e+03
    },
    {
      "name": "external/total/main/blake2b_huff/8415nulls_mean",
      "family_index": 1,
      "per_family_instance_index": 0,
      "run_name": "external/total/main/blake2b_huff/8415nulls",
      "run_type": "aggregate",
      "repetitions": 20,
      "threads": 1,
      "aggregate_name": "mean",
      "aggregate_unit": "time",
      "iterations": 20,
      "real_time": 5.2221847316428807e+02,
      "cpu_time": 5.2933910083270200e+02,
      "time_unit": "us",
      "code_size": 1.4363000000000000e+04,
      "execution_time_ns": 5.2216314470098424e+05,
      "gas_rate": 1.6626966827477694e+09,
      "gas_used": 8.7992300000000000e+05,
      "input_size": 8.4790000000000000e+03
    },
    {
      "name": "external/total/main/blake2b_huff/8415nulls_median",
      "family_index": 1,
      "per_family_instance_index": 0,
      "run_name": "external/total/main/blake2b_huff/8415nulls",
      "run_type": "aggregate",
      "repetitions": 20,
      "threads": 1,
      "aggregate_name": "median",
      "aggregate_unit": "time",
      "iterations": 20,
      "real_time": 5.2278456623777390e+02,
      "cpu_time": 5.3017311771385289e+02,
      "time_unit": "us",
      "code_size": 1.4363000000000000e+04,
      "execution_time_ns": 5.2272681831945496e+05,
      "gas_rate": 1.6596924925827842e+09,
      "gas_used": 8.7992300000000000e+05,
      "input_size": 8.4790000000000000e+03
    },
    {
      "name": "external/total/main/blake2b_huff/8415nulls_stddev",
      "family_index": 1,
      "per_family_instance_index": 0,
      "run_name": "external/total/main/blake2b_huff/8415nulls",
      "run_type": "aggregate",
      "repetitions": 20,
      "threads": 1,
      "aggregate_name": "stddev",
      "aggregate_unit": "time",
      "iterations": 20,
      "real_time": 8.1869912045542481e+00,
      "cpu_time": 8.3134397063467809e+00,
      "time_unit": "us",
      "code_size": 0.0000000000000000e+00,
      "execution_time_ns": 8.1869574881764229e+03,
      "gas_rate": 2.6262203612602215e+07,
      "gas_used": 0.0000000000000000e+00,
      "input_size": 0.0000000000000000e+00
    },
    {
      "name": "external/total/main/blake2b_huff/8415nulls_cv",
      "family_index": 1,
      "per_family_instance_index": 0,
      "run_name": "external/total/main/blake2b_huff/8415nulls",
      "run_type": "aggregate",
      "repetitions": 20,
      "threads": 1,
      "aggregate_name": "cv",
      "aggregate_unit": "percentage",
      "iterations": 20,
      "real_time": 1.5677329748499055e-02,
      "cpu_time": 1.5705319507417700e-02,
      "time_unit": "us",
      "code_size": 0.0000000000000000e+00,
      "execution_time_ns": 1.5678926349473914e-02,
      "gas_rate": 1.5794945575522138e-02,
      "gas_used": 0.0000000000000000e+00,
      "input_size": 0.0000000000000000e+00
    },
    {
      "name": "external/total/main/blake2b_shifts/8415nulls",
      "family_index": 2,
      "per_family_instance_index": 0,
      "run_name": "external/total/main/blake2b_shifts/8415nulls",
      "run_type": "iteration",
      "repetitions": 20,
      "repetition_index": 0,
      "threads": 1,
      "iterations": 293,
      "real_time": 2.4719215221842178e+03,
      "cpu_time": 2.3873322525597368e+03,
      "time_unit": "us",
      "code_size": 5.7120000000000000e+03,
      "execution_time_ns": 2.4718200648464165e+06,
      "gas_rate": 5.0445868969797506e+09,
      "gas_used": 1.2043105000000000e+07,
      "input_size": 8.5470000000000000e+03
    },
    {
      "name": "external/total/main/blake2b_shifts/8415nulls",
      "family_index": 2,
      "per_family_instance_index": 0,
      "run_name": "external/total/main/blake2b_shifts/8415nulls",
      "run_type": "iteration",
      "repetitions": 20,
      "repetition_index": 1,
      "threads": 1,
      "iterations": 293,
      "real_time": 2.4663758054604045e+03,
      "cpu_time": 2.3945224744027337e+03,
      "time_unit": "us",
      "code_size": 5.7120000000000000e+03,
      "execution_time_ns": 2.4662892354948805e+06,
      "gas_rate": 5.0294391172936954e+09,
      "gas_used": 1.2043105000000000e+07,
      "input_size": 8.5470000000000000e+03
    },
    {
      "name": "external/total/main/blake2b_shifts/8415nulls",
      "family_index": 2,
      "per_family_instance_index": 0,
      "run_name": "external/total/main/blake2b_shifts/8415nulls",
      "run_type": "iteration",
      "repetitions": 20,
      "repetition_index": 2,
      "threads": 1,
      "iterations": 293,
      "real_time": 2.4397965460744244e+03,
      "cpu_time": 2.3766107474402806e+03,
      "time_unit": "us",
      "code_size": 5.7120000000000000e+03,
      "execution_time_ns": 2.4397100034129694e+06,
      "gas_rate": 5.0673443318267317e+09,
      "gas_used": 1.2043105000000000e+07,
      "input_size": 8.5470000000000000e+03
    },
    {
      "name": "external/total/main/blake2b_shifts/8415nulls",
      "family_index": 2,
      "per_family_instance_index": 0,
      "run_name": "external/total/main/blake2b_shifts/8415nulls",
      "run_type": "iteration",
      "repetitions": 20,
      "repetition_index": 3,
      "threads": 1,
      "iterations": 293,
      "real_time": 2.4120989556314635e+03,
      "cpu_time": 2.3570392457338012e+03,
      "time_unit": "us",
      "code_size": 5.7120000000000000e+03,
      "execution_time_ns": 2.4120125460750852e+06,
      "gas_rate": 5.1094206521159134e+09,
      "gas_used": 1.2043105000000000e+07,
      "input_size": 8.5470000000000000e+03
    },
    {
      "name": "external/total/main/blake2b_shifts/8415nulls",
      "family_index": 2,
      "per_family_instance_index": 0,
      "run_name": "external/total/main/blake2b_shifts/8415nulls",
      "run_type": "iteration",
      "repetitions": 20,
      "repetition_index": 4,
      "threads": 1,
      "iterations": 293,
      "real_time": 2.4131823208193059e+03,
      "cpu_time": 2.3678721331058055e+03,
      "time_unit": "us",
      "code_size": 5.7120000000000000e+03,
      "execution_time_ns": 2.4130898771331059e+06,
      "gas_rate": 5.0860453280489149e+09,
      "gas_used": 1.2043105000000000e+07,
      "input_size": 8.5470000000000000e+03
    },
    {
      "name": "external/total/main/blake2b_shifts/8415nulls",
      "family_index": 2,
      "per_family_instance_index": 0,
      "run_name": "external/total/main/blake2b_shifts/8415nulls",
      "run_type": "iteration",
      "repetitions": 20,
      "repetition_index": 5,
      "threads": 1,
      "iterations": 293,
      "real_time": 2.3874946279861883e+03,
      "cpu_time": 2.3492171706484760e+03,
      "time_unit": "us",
      "code_size": 5.7120000000000000e+03,
      "execution_time_ns": 2.3873964027303755e+06,
      "gas_rate": 5.1264332435794487e+09,
      "gas_used": 1.2043105000000000e+07,
      "input_size": 8.5470000000000000e+03
    },
    {
      "name": "external/total/main/blake2b_shifts/8415nulls",
      "family_index": 2,
      "per_family_instance_index": 0,
      "run_name": "external/total/main/blake2b_shifts/8415nulls",
      "run_type": "iteration",
      "repetitions": 20,
      "repetition_index": 6,
      "threads": 1,
      "iterations": 293,
      "real_time": 2.3807294163825864e+03,
      "cpu_time": 2.3479616928327505e+03,
      "time_unit": "us",
      "code_size": 5.7120000000000000e+03,
      "execution_time_ns": 2.3806406621160409e+06,
      "gas_rate": 5.1291743969938145e+09,
      "gas_used": 1.2043105000000000e+07,
      "input_size": 8.5470000000000000e+03
    },
    {
      "name": "external/total/main/blake2b_shifts/8415nulls",
      "family_index": 2,
      "per_family_instance_index": 0,
      "run_name": "external/total/main/blake2b_shifts/8415nulls",
      "run_type": "iteration",
      "repetitions": 20,
      "repetition_index": 7,
      "threads": 1,
      "iterations": 293,
      "real_time": 2.3617525460747288e+03,
      "cpu_time": 2.3350905665528908e+03,
      "time_unit": "us",
      "code_size": 5.7120000000000000e+03,
      "execution_time_ns": 2.3616661979522184e+06,
      "gas_rate": 5.1574466414715052e+09,
      "gas_used": 1.2043105000000000e+07,
      "input_size": 8.5470000000000000e+03
    },
    {
      "name": "external/total/main/blake2b_shifts/8415nulls",
      "family_index": 2,
      "per_family_instance_index": 0,
      "run_name": "external/total/main/blake2b_shifts/8415nulls",
      "run_type": "iteration",
      "repetitions": 20,
      "repetition_index": 8,
      "threads": 1,
      "iterations": 293,
      "real_time": 2.3749332116046230e+03,
      "cpu_time": 2.3545010307167217e+03,
      "time_unit": "us",
      "code_size": 5.7120000000000000e+03,
      "execution_time_ns": 2.3748349795221845e+06,
      "gas_rate": 5.1149287440889416e+09,
      "gas_used": 1.2043105000000000e+07,
      "input_size": 8.5470000000000000e+03
    },
    {
      "name": "external/total/main/blake2b_shifts/8415nulls",
      "family_index": 2,
      "per_family_instance_index": 0,
      "run_name": "external/total/main/blake2b_shifts/8415nulls",
      "run_type": "iteration",
      "repetitions": 20,
      "repetition_index": 9,
      "threads": 1,
      "iterations": 293,
      "real_time": 2.3653292969279096e+03,
      "cpu_time": 2.3488514641638158e+03,
      "time_unit": "us",
      "code_size": 5.7120000000000000e+03,
      "execution_time_ns": 2.3652182559726965e+06,
      "gas_rate": 5.1272314080904684e+09,
      "gas_used": 1.2043105000000000e+07,
      "input_size": 8.5470000000000000e+03
    },
    {
      "name": "external/total/main/blake2b_shifts/8415nulls",
      "family_index": 2,
      "per_family_instance_index": 0,
      "run_name": "external/total/main/blake2b_shifts/8415nulls",
      "run_type": "iteration",
      "repetitions": 20,
      "repetition_index": 10,
      "threads": 1,
      "iterations": 293,
      "real_time": 2.4194189078495019e+03,
      "cpu_time": 2.4065566655290213e+03,
      "time_unit": "us",
      "code_size": 5.7120000000000000e+03,
      "execution_time_ns": 2.4193406484641638e+06,
      "gas_rate": 5.0042889795626831e+09,
      "gas_used": 1.2043105000000000e+07,
      "input_size": 8.5470000000000000e+03
    },
    {
      "name": "external/total/main/blake2b_shifts/8415nulls",
      "family_index": 2,
      "per_family_instance_index": 0,
      "run_name": "external/total/main/blake2b_shifts/8415nulls",
      "run_type": "iteration",
      "repetitions": 20,
      "repetition_index": 11,
      "threads": 1,
      "iterations": 293,
      "real_time": 2.4101047781564080e+03,
      "cpu_time": 2.4029643447098942e+03,
      "time_unit": "us",
      "code_size": 5.7120000000000000e+03,
      "execution_time_ns": 2.4100062150170649e+06,
      "gas_rate": 5.0117701606820736e+09,
      "gas_used": 1.2043105000000000e+07,
      "input_size": 8.5470000000000000e+03
    },
    {
      "name": "external/total/main/blake2b_shifts/8415nulls",
      "family_index": 2,
      "per_family_instance_index": 0,
      "run_name": "external/total/main/blake2b_shifts/8415nulls",
      "run_type": "iteration",
      "repetitions": 20,
      "repetition_index": 12,
      "threads": 1,
      "iterations": 293,
      "real_time": 2.3974620102387262e+03,
      "cpu_time": 2.3933534846416546e+03,
      "time_unit": "us",
      "code_size": 5.7120000000000000e+03,
      "execution_time_ns": 2.3972895494880546e+06,
      "gas_rate": 5.0318956548966093e+09,
      "gas_used": 1.2043105000000000e+07,
      "input_size": 8.5470000000000000e+03
    },
    {
      "name": "external/total/main/blake2b_shifts/8415nulls",
      "family_index": 2,
      "per_family_instance_index": 0,
      "run_name": "external/total/main/blake2b_shifts/8415nulls",
      "run_type": "iteration",
      "repetitions": 20,
      "repetition_index": 13,
      "threads": 1,
      "iterations": 293,
      "real_time": 2.3949695972702107e+03,
      "cpu_time": 2.3936589488054701e+03,
      "time_unit": "us",
      "code_size": 5.7120000000000000e+03,
      "execution_time_ns": 2.3948682457337882e+06,
      "gas_rate": 5.0312535150464869e+09,
      "gas_used": 1.2043105000000000e+07,
      "input_size": 8.5470000000000000e+03
    },
    {
      "name": "external/total/main/blake2b_shifts/8415nulls",
      "family_index": 2,
      "per_family_instance_index": 0,
      "run_name": "external/total/main/blake2b_shifts/8415nulls",
      "run_type": "iteration",
      "repetitions": 20,
      "repetition_index": 14,
      "threads": 1,
      "iterations": 293,
      "real_time": 2.3937329215016043e+03,
      "cpu_time": 2.3963513993173997e+03,
      "time_unit": "us",
      "code_size": 5.7120000000000000e+03,
      "execution_time_ns": 2.3936385119453925e+06,
      "gas_rate": 5.0256005873890104e+09,
      "gas_used": 1.2043105000000000e+07,
      "input_size": 8.5470000000000000e+03
    },
    {
      "name": "external/total/main/blake2b_shifts/8415nulls",
      "family_index": 2,
      "per_family_instance_index": 0,
      "run_name": "external/total/main/blake2b_shifts/8415nulls",
      "run_type": "iteration",
      "repetitions": 20,
      "repetition_index": 15,
      "threads": 1,
      "iterations": 293,
      "real_time": 2.4297340750853414e+03,
      "cpu_time": 2.4352671331057995e+03,
      "time_unit": "us",
      "code_size": 5.7120000000000000e+03,
      "execution_time_ns": 2.4295966245733788e+06,
      "gas_rate": 4.9452911494932871e+09,
      "gas_used": 1.2043105000000000e+07,
      "input_size": 8.5470000000000000e+03
    },
    {
      "name": "external/total/main/blake2b_shifts/8415nulls",
      "family_index": 2,
      "per_family_instance_index": 0,
      "run_name": "external/total/main/blake2b_shifts/8415nulls",
      "run_type": "iteration",
      "repetitions": 20,
      "repetition_index": 16,
      "threads": 1,
      "iterations": 293,
      "real_time": 2.3658790375424537e+03,
      "cpu_time": 2.3733606313993000e+03,
      "time_unit": "us",
      "code_size": 5.7120000000000000e+03,
      "execution_time_ns": 2.3657943105802047e+06,
      "gas_rate": 5.0742836300017138e+09,
      "gas_used": 1.2043105000000000e+07,
      "input_size": 8.5470000000000000e+03
    },
    {
      "name": "external/total/main/blake2b_shifts/8415nulls",
      "family_index": 2,
      "per_family_instance_index": 0,
      "run_name": "external/total/main/blake2b_shifts/8415nulls",
      "run_type": "iteration",
      "repetitions": 20,
      "repetition_index": 17,
      "threads": 1,
      "iterations": 293,
      "real_time": 2.3574171433441979e+03,
      "cpu_time": 2.3672580477815563e+03,
      "time_unit": "us",
      "code_size": 5.7120000000000000e+03,
      "execution_time_ns": 2.3573319897610922e+06,
      "gas_rate": 5.0873646881403704e+09,
      "gas_used": 1.2043105000000000e+07,
      "input_size": 8.5470000000000000e+03
    },
    {
      "name": "external/total/main/blake2b_shifts/8415nulls",
      "family_index": 2,
      "per_family_instance_index": 0,
      "run_name": "external/total/main/blake2b_shifts/8415nulls",
      "run_type": "iteration",
      "repetitions": 20,
      "repetition_index": 18,
      "threads": 1,
      "iterations": 293,
      "real_time": 2.3315118566546698e+03,
      "cpu_time": 2.3436867747440369e+03,
      "time_unit": "us",
      "code_size": 5.7120000000000000e+03,
      "execution_time_ns": 2.3314267508532424e+06,
      "gas_rate": 5.1385300842154026e+09,
      "gas_used": 1.2043105000000000e+07,
      "input_size": 8.5470000000000000e+03
    },
    {
      "name": "external/total/main/blake2b_shifts/8415nulls",
      "family_index": 2,
      "per_family_instance_index": 0,
      "run_name": "external/total/main/blake2b_shifts/8415nulls",
      "run_type": "iteration",
      "repetitions": 20,
      "repetition_index": 19,
      "threads": 1,
      "iterations": 293,
      "real_time": 2.3051619999996515e+03,
      "cpu_time": 2.3185255529010019e+03,
      "time_unit": "us",
      "code_size": 5.7120000000000000e+03,
      "execution_time_ns": 2.3050758976109214e+06,
      "gas_rate": 5.1942947037747078e+09,
      "gas_used": 1.2043105000000000e+07,
      "input_size": 8.5470000000000000e+03
    },
    {
      "name": "external/total/main/blake2b_shifts/8415nulls_mean",
      "family_index": 2,
      "per_family_instance_index": 0,
      "run_name": "external/total/main/blake2b_shifts/8415nulls",
      "run_type": "aggregate",
      "repetitions": 20,
      "threads": 1,
      "aggregate_name": "mean",
      "aggregate_unit": "time",
      "iterations": 20,
      "real_time": 2.3939503288394308e+03,
      "cpu_time": 2.3724990880546075e+03,
      "time_unit": "us",
      "code_size": 5.7120000000000000e+03,
      "execution_time_ns": 2.3938523484641635e+06,
      "gas_rate": 5.0768311956845770e+09,
      "gas_used": 1.2043105000000000e+07,
      "input_size": 8.5470000000000000e+03
    },
    {
      "name": "external/total/main/blake2b_shifts/8415nulls_median",
      "family_index": 2,
      "per_family_instance_index": 0,
      "run_name": "external/total/main/blake2b_shifts/8415nulls",
      "run_type": "aggregate",
      "repetitions": 20,
      "threads": 1,
      "aggregate_name": "median",
      "aggregate_unit": "time",
      "iterations": 20,
      "real_time": 2.3943512593859077e+03,
      "cpu_time": 2.3706163822525532e+03,
      "time_unit": "us",
      "code_size": 5.7120000000000000e+03,
      "execution_time_ns": 2.3942533788395906e+06,
      "gas_rate": 5.0801644790253143e+09,
      "gas_used": 1.2043105000000000e+07,
      "input_size": 8.5470000000000000e+03
    },
    {
      "name": "external/total/main/blake2b_shifts/8415nulls_stddev",
      "family_index": 2,
      "per_family_instance_index": 0,
      "run_name": "external/total/main/blake2b_shifts/8415nulls",
      "run_type": "aggregate",
      "repetitions": 20,
      "threads": 1,
      "aggregate_name": "stddev",
      "aggregate_unit": "time",
      "iterations": 20,
      "real_time": 4.1465372363764644e+01,
      "cpu_time": 2.8709068345423827e+01,
      "time_unit": "us",
      "code_size": 0.0000000000000000e+00,
      "execution_time_ns": 4.1462071918854665e+04,
      "gas_rate": 6.1325008753127649e+07,
      "gas_used": 0.0000000000000000e+00,
      "input_size": 0.0000000000000000e+00
    },
    {
      "name": "external/total/main/blake2b_shifts/8415nulls_cv",
      "family_index": 2,
      "per_family_instance_index": 0,
      "run_name": "external/total/main/blake2b_shifts/8415nulls",
      "run_type": "aggregate",
      "repetitions": 20,
      "threads": 1,
      "aggregate_name": "cv",
      "aggregate_unit": "percentage",
      "iterations": 20,
      "real_time": 1.7320899211750455e-02,
      "cpu_time": 1.2100771077203901e-02,
      "time_unit": "us",
      "code_size": 0.0000000000000000e+00,
      "execution_time_ns": 1.7320229439153047e-02,
      "gas_rate": 1.2079387001335659e-02,
      "gas_used": 0.0000000000000000e+00,
      "input_size": 0.0000000000000000e+00
    },
    {
      "name": "external/total/main/sha1_divs/empty",
      "family_index": 3,
      "per_family_instance_index": 0,
      "run_name": "external/total/main/sha1_divs/empty",
      "run_type": "iteration",
      "repetitions": 20,
      "repetition_index": 0,
      "threads": 1,
      "iterations": 175980,
      "real_time": 3.9736397772483580e+00,
      "cpu_time": 4.0019128764632521e+00,
      "time_unit": "us",
      "code_size": 1.8420000000000000e+03,
      "execution_time_ns": 3.9542103875440389e+03,
      "gas_rate": 9.1091438332902298e+09,
      "gas_used": 3.6454000000000000e+04,
      "input_size": 6.8000000000000000e+01
    },
    {
      "name": "external/total/main/sha1_divs/empty",
      "family_index": 3,
      "per_family_instance_index": 0,
      "run_name": "external/total/main/sha1_divs/empty",
      "run_type": "iteration",
      "repetitions": 20,
      "repetition_index": 1,
      "threads": 1,
      "iterations": 175980,
      "real_time": 4.0189980622799020e+00,
      "cpu_time": 4.0497515285827861e+00,
      "time_unit": "us",
      "code_size": 1.8420000000000000e+03,
      "execution_time_ns": 3.9997514262984432e+03,
      "gas_rate": 9.0015399075007229e+09,
      "gas_used": 3.6454000000000000e+04,
      "input_size": 6.8000000000000000e+01
    },
    {
      "name": "external/total/main/sha1_divs/empty",
      "family_index": 3,
      "per_family_instance_index": 0,
      "run_name": "external/total/main/sha1_divs/empty",
      "run_type": "iteration",
      "repetitions": 20,
      "repetition_index": 2,
      "threads": 1,
      "iterations": 175980,
      "real_time": 4.0291534492555821e+00,
      "cpu_time": 4.0627441982043315e+00,
      "time_unit": "us",
      "code_size": 1.8420000000000000e+03,
      "execution_time_ns": 4.0093636720081827e+03,
      "gas_rate": 8.9727529525762615e+09,
      "gas_used": 3.6454000000000000e+04,
      "input_size": 6.8000000000000000e+01
    },
    {
      "name": "external/total/main/sha1_divs/empty",
      "family_index": 3,
      "per_family_instance_index": 0,
      "run_name": "external/total/main/sha1_divs/empty",
      "run_type": "iteration",
      "repetitions": 20,
      "repetition_index": 3,
      "threads": 1,
      "iterations": 175980,
      "real_time": 4.0864088703261574e+00,
      "cpu_time": 4.1229232924195944e+00,
      "time_unit": "us",
      "code_size": 1.8420000000000000e+03,
      "execution_time_ns": 4.0656665984770998e+03,
      "gas_rate": 8.8417846790951252e+09,
      "gas_used": 3.6454000000000000e+04,
      "input_size": 6.8000000000000000e+01
    },
    {
      "name": "external/total/main/sha1_divs/empty",
      "family_index": 3,
      "per_family_instance_index": 0,
      "run_name": "external/total/main/sha1_divs/empty",
      "run_type": "iteration",
      "repetitions": 20,
      "repetition_index": 4,
      "threads": 1,
      "iterations": 175980,
      "real_time": 4.1280913399249526e+00,
      "cpu_time": 4.1665407830435388e+00,
      "time_unit": "us",
      "code_size": 1.8420000000000000e+03,
      "execution_time_ns": 4.1089796851914989e+03,
      "gas_rate": 8.7492243321740379e+09,
      "gas_used": 3.6454000000000000e+04,
      "input_size": 6.8000000000000000e+01
    },
    {
      "name": "external/total/main/sha1_divs/empty",
      "family_index": 3,
      "per_family_instance_index": 0,
      "run_name": "external/total/main/sha1_divs/empty",
      "run_type": "iteration",
      "repetitions": 20,
      "repetition_index": 5,
      "threads": 1,
      "iterations": 175980,
      "real_time": 4.0590572053642768e+00,
      "cpu_time": 4.0986035913171905e+00,
      "time_unit": "us",
      "code_size": 1.8420000000000000e+03,
      "execution_time_ns": 4.0395357938402090e+03,
      "gas_rate": 8.8942487820064049e+09,
      "gas_used": 3.6454000000000000e+04,
      "input_size": 6.8000000000000000e+01
    },
    {
      "name": "external/total/main/sha1_divs/empty",
      "family_index": 3,
      "per_family_instance_index": 0,
      "run_name": "external/total/main/sha1_divs/empty",
      "run_type": "iteration",
      "repetitions": 20,
      "repetition_index": 6,
      "threads": 1,
      "iterations": 175980,
      "real_time": 4.0259162007045548e+00,
      "cpu_time": 4.0673129901125238e+00,
      "time_unit": "us",
      "code_size": 1.8420000000000000e+03,
      "execution_time_ns": 4.0054610694397093e+03,
      "gas_rate": 8.9626739050125294e+09,
      "gas_used": 3.6454000000000000e+04,
      "input_size": 6.8000000000000000e+01
    },
    {
      "name": "external/total/main/sha1_divs/empty",
      "family_index": 3,
      "per_family_instance_index": 0,
      "run_name": "external/total/main/sha1_divs/empty",
      "run_type": "iteration",
      "repetitions": 20,
      "repetition_index": 7,
      "threads": 1,
      "iterations": 175980,
      "real_time": 4.0592331685428631e+00,
      "cpu_time": 4.1020913285600660e+00,
      "time_unit": "us",
      "code_size": 1.8420000000000000e+03,
      "execution_time_ns": 4.0400334128878280e+03,
      "gas_rate": 8.8866865898854179e+09,
      "gas_used": 3.6454000000000000e+04,
      "input_size": 6.8000000000000000e+01
    },
    {
      "name": "external/total/main/sha1_divs/empty",
      "family_index": 3,
      "per_family_instance_index": 0,
      "run_name": "external/total/main/sha1_divs/empty",
      "run_type": "iteration",
      "repetitions": 20,
      "repetition_index": 8,
      "threads": 1,
      "iterations": 175980,
      "real_time": 4.0535791510399308e+00,
      "cpu_time": 4.0978229344243724e+00,
      "time_unit": "us",
      "code_size": 1.8420000000000000e+03,
      "execution_time_ns": 4.0334842595749519e+03,
      "gas_rate": 8.8959431833334579e+09,
      "gas_used": 3.6454000000000000e+04,
      "input_size": 6.8000000000000000e+01
    },
    {
      "name": "external/total/main/sha1_divs/empty",
      "family_index": 3,
      "per_family_instance_index": 0,
      "run_name": "external/total/main/sha1_divs/empty",
      "run_type": "iteration",
      "repetitions": 20,
      "repetition_index": 9,
      "threads": 1,
      "iterations": 175980,
      "real_time": 3.9902999204455791e+00,
      "cpu_time": 4.0352986191612681e+00,
      "time_unit": "us",
      "code_size": 1.8420000000000000e+03,
      "execution_time_ns": 3.9708334810773949e+03,
      "gas_rate": 9.0337800099604340e+09,
      "gas_used": 3.6454000000000000e+04,
      "input_size": 6.8000000000000000e+01
    },
    {
      "name": "external/total/main/sha1_divs/empty",
      "family_index": 3,
      "per_family_instance_index": 0,
      "run_name": "external/total/main/sha1_divs/empty",
      "run_type": "iteration",
      "repetitions": 20,
      "repetition_index": 10,
      "threads": 1,
      "iterations": 175980,
      "real_time": 3.9413854017496441e+00,
      "cpu_time": 3.9869702977611161e+00,
      "time_unit": "us",
      "code_size": 1.8420000000000000e+03,
      "execution_time_ns": 3.9225443345834756e+03,
      "gas_rate": 9.1432835655863190e+09,
      "gas_used": 3.6454000000000000e+04,
      "input_size": 6.8000000000000000e+01
    },
    {
      "name": "external/total/main/sha1_divs/empty",
      "family_index": 3,
      "per_family_instance_index": 0,
      "run_name": "external/total/main/sha1_divs/empty",
      "run_type": "iteration",
      "repetitions": 20,
      "repetition_index": 11,
      "threads": 1,
      "iterations": 175980,
      "real_time": 3.9472621491081785e+00,
      "cpu_time": 3.9938323218547773e+00,
      "time_unit": "us",
      "code_size": 1.8420000000000000e+03,
      "execution_time_ns": 3.9266141266052960e+03,
      "gas_rate": 9.1275739846459999e+09,
      "gas_used": 3.6454000000000000e+04,
      "input_size": 6.8000000000000000e+01
    },
    {
      "name": "external/total/main/sha1_divs/empty",
      "family_index": 3,
      "per_family_instance_index": 0,
      "run_name": "external/total/main/sha1_divs/empty",
      "run_type": "iteration",
      "repetitions": 20,
      "repetition_index": 12,
      "threads": 1,
      "iterations": 175980,
      "real_time": 3.9129209626089874e+00,
      "cpu_time": 3.9597679509035451e+00,
      "time_unit": "us",
      "code_size": 1.8420000000000000e+03,
      "execution_time_ns": 3.8939250539834070e+03,
      "gas_rate": 9.2060950166743679e+09,
      "gas_used": 3.6454000000000000e+04,
      "input_size": 6.8000000000000000e+01
    },
    {
      "name": "external/total/main/sha1_divs/empty",
      "family_index": 3,
      "per_family_instance_index": 0,
      "run_name": "external/total/main/sha1_divs/empty",
      "run_type": "iteration",
      "repetitions": 20,
      "repetition_index": 13,
      "threads": 1,
      "iterations": 175980,
      "real_time": 3.9960187748609037e+00,
      "cpu_time": 4.0449990567109859e+00,
      "time_unit": "us",
      "code_size": 1.8420000000000000e+03,
      "execution_time_ns": 3.9761151039890897e+03,
      "gas_rate": 9.0121158222570705e+09,
      "gas_used": 3.6454000000000000e+04,
      "input_size": 6.8000000000000000e+01
    },
    {
      "name": "external/total/main/sha1_divs/empty",
      "family_index": 3,
      "per_family_instance_index": 0,
      "run_name": "external/total/main/sha1_divs/empty",
      "run_type": "iteration",
      "repetitions": 20,
      "repetition_index": 14,
      "threads": 1,
      "iterations": 175980,
      "real_time": 3.9160440504604614e+00,
      "cpu_time": 3.9646752755995220e+00,
      "time_unit": "us",
      "code_size": 1.8420000000000000e+03,
      "execution_time_ns": 3.8972113478804408e+03,
      "gas_rate": 9.1947000614035339e+09,
      "gas_used": 3.6454000000000000e+04,
      "input_size": 6.8000000000000000e+01
    },
    {
      "name": "external/total/main/sha1_divs/empty",
      "family_index": 3,
      "per_family_instance_index": 0,
      "run_name": "external/total/main/sha1_divs/empty",
      "run_type": "iteration",
      "repetitions": 20,
      "repetition_index": 15,
      "threads": 1,
      "iterations": 175980,
      "real_time": 4.0194410273886945e+00,
      "cpu_time": 4.0697200761450345e+00,
      "time_unit": "us",
      "code_size": 1.8420000000000000e+03,
      "execution_time_ns": 3.9988571996817818e+03,
      "gas_rate": 8.9573728212114201e+09,
      "gas_used": 3.6454000000000000e+04,
      "input_size": 6.8000000000000000e+01
    },
    {
      "name": "external/total/main/sha1_divs/empty",
      "family_index": 3,
      "per_family_instance_index": 0,
      "run_name": "external/total/main/sha1_divs/empty",
      "run_type": "iteration",
      "repetitions": 20,
      "repetition_index": 16,
      "threads": 1,
      "iterations": 175980,
      "real_time": 4.0249814353904139e+00,
      "cpu_time": 4.0764299124900534e+00,
      "time_unit": "us",
      "code_size": 1.8420000000000000e+03,
      "execution_time_ns": 4.0046061938856687e+03,
      "gas_rate": 8.9426289136742153e+09,
      "gas_used": 3.6454000000000000e+04,
      "input_size": 6.8000000000000000e+01
    },
    {
      "name": "external/total/main/sha1_divs/empty",
      "family_index": 3,
      "per_family_instance_index": 0,
      "run_name": "external/total/main/sha1_divs/empty",
      "run_type": "iteration",
      "repetitions": 20,
      "repetition_index": 17,
      "threads": 1,
      "iterations": 175980,
      "real_time": 4.0408454881241260e+00,
      "cpu_time": 4.0930130014774200e+00,
      "time_unit": "us",
      "code_size": 1.8420000000000000e+03,
      "execution_time_ns": 4.0210377088305490e+03,
      "gas_rate": 8.9063973133829556e+09,
      "gas_used": 3.6454000000000000e+04,
      "input_size": 6.8000000000000000e+01
    },
    {
      "name": "external/total/main/sha1_divs/empty",
      "family_index": 3,
      "per_family_instance_index": 0,
      "run_name": "external/total/main/sha1_divs/empty",
      "run_type": "iteration",
      "repetitions": 20,
      "repetition_index": 18,
      "threads": 1,
      "iterations": 175980,
      "real_time": 4.0494578872594946e+00,
      "cpu_time": 4.1019109501079640e+00,
      "time_unit": "us",
      "code_size": 1.8420000000000000e+03,
      "execution_time_ns": 4.0294163200363678e+03,
      "gas_rate": 8.8870773752512875e+09,
      "gas_used": 3.6454000000000000e+04,
      "input_size": 6.8000000000000000e+01
    },
    {
      "name": "external/total/main/sha1_divs/empty",
      "family_index": 3,
      "per_family_instance_index": 0,
      "run_name": "external/total/main/sha1_divs/empty",
      "run_type": "iteration",
      "repetitions": 20,
      "repetition_index": 19,
      "threads": 1,
      "iterations": 175980,
      "real_time": 4.0283056426870640e+00,
      "cpu_time": 4.0812870042050129e+00,
      "time_unit": "us",
      "code_size": 1.8420000000000000e+03,
      "execution_time_ns": 4.0095384248210025e+03,
      "gas_rate": 8.9319863960659676e+09,
      "gas_used": 3.6454000000000000e+04,
      "input_size": 6.8000000000000000e+01
    },
    {
      "name": "external/total/main/sha1_divs/empty_mean",
      "family_index": 3,
      "per_family_instance_index": 0,
      "run_name": "external/total/main/sha1_divs/empty",
      "run_type": "aggregate",
      "repetitions": 20,
      "threads": 1,
      "aggregate_name": "mean",
      "aggregate_unit": "time",
      "iterations": 20,
      "real_time": 4.0150519982385067e+00,
      "cpu_time": 4.0588803994772178e+00,
      "time_unit": "us",
      "code_size": 1.8420000000000000e+03,
      "execution_time_ns": 3.9953592800318229e+03,
      "gas_rate": 8.9828504722493896e+09,
      "gas_used": 3.6454000000000000e+04,
      "input_size": 6.8000000000000000e+01
    },
    {
      "name": "external/total/main/sha1_divs/empty_median",
      "family_index": 3,
      "per_family_instance_index": 0,
      "run_name": "external/total/main/sha1_divs/empty",
      "run_type": "aggregate",
      "repetitions": 20,
      "threads": 1,
      "aggregate_name": "median",
      "aggregate_unit": "time",
      "iterations": 20,
      "real_time": 4.0254488180474848e+00,
      "cpu_time": 4.0685165331287791e+00,
      "time_unit": "us",
      "code_size": 1.8420000000000000e+03,
      "execution_time_ns": 4.0050336316626890e+03,
      "gas_rate": 8.9600233631119747e+09,
      "gas_used": 3.6454000000000000e+04,
      "input_size": 6.8000000000000000e+01
    },
    {
      "name": "external/total/main/sha1_divs/empty_stddev",
      "family_index": 3,
      "per_family_instance_index": 0,
      "run_name": "external/total/main/sha1_divs/empty",
      "run_type": "aggregate",
      "repetitions": 20,
      "threads": 1,
      "aggregate_name": "stddev",
      "aggregate_unit": "time",
      "iterations": 20,
      "real_time": 5.5565497017378396e-02,
      "cpu_time": 5.4705793468614830e-02,
      "time_unit": "us",
      "code_size": 0.0000000000000000e+00,
      "execution_time_ns": 5.5395230905755199e+01,
      "gas_rate": 1.2153917673578283e+08,
      "gas_used": 0.0000000000000000e+00,
      "input_size": 0.0000000000000000e+00
    },
    {
      "name": "external/total/main/sha1_divs/empty_cv",
      "family_index": 3,
      "per_family_instance_index": 0,
      "run_name": "external/total/main/sha1_divs/empty",
      "run_type": "aggregate",
      "repetitions": 20,
      "threads": 1,
      "aggregate_name": "cv",
      "aggregate_unit": "percentage",
      "iterations": 20,
      "real_time": 1.3839296985881183e-02,
      "cpu_time": 1.3478050123295306e-02,
      "time_unit": "us",
      "code_size": 0.0000000000000000e+00,
      "execution_time_ns": 1.3864893498467546e-02,
      "gas_rate": 1.3530134684001735e-02,
      "gas_used": 0.0000000000000000e+00,
      "input_size": 0.0000000000000000e+00
    },
    {
      "name": "external/total/main/sha1_divs/5311",
      "family_index": 4,
      "per_family_instance_index": 0,
      "run_name": "external/total/main/sha1_divs/5311",
      "run_type": "iteration",
      "repetitions": 20,
      "repetition_index": 0,
      "threads": 1,
      "iterations": 2504,
      "real_time": 2.7830062659746727e+02,
      "cpu_time": 2.8199734384984026e+02,
      "time_unit": "us",
      "code_size": 1.8420000000000000e+03,
      "execution_time_ns": 2.7825568051118212e+05,
      "gas_rate": 1.0639412269065950e+10,
      "gas_used": 3.0002860000000000e+06,
      "input_size": 5.3790000000000000e+03
    },
    {
      "name": "external/total/main/sha1_divs/5311",
      "family_index": 4,
      "per_family_instance_index": 0,
      "run_name": "external/total/main/sha1_divs/5311",
      "run_type": "iteration",
      "repetitions": 20,
      "repetition_index": 1,
      "threads": 1,
      "iterations": 2504,
      "real_time": 2.7847920247609545e+02,
      "cpu_time": 2.8220321485623100e+02,
      "time_unit": "us",
      "code_size": 1.8420000000000000e+03,
      "execution_time_ns": 2.7843175599041535e+05,
      "gas_rate": 1.0631650676015514e+10,
      "gas_used": 3.0002860000000000e+06,
      "input_size": 5.3790000000000000e+03
    },
    {
      "name": "external/total/main/sha1_divs/5311",
      "family_index": 4,
      "per_family_instance_index": 0,
      "run_name": "external/total/main/sha1_divs/5311",
      "run_type": "iteration",
      "repetitions": 20,
      "repetition_index": 2,
      "threads": 1,
      "iterations": 2504,
      "real_time": 2.6931700599040522e+02,
      "cpu_time": 2.7294983985623156e+02,
      "time_unit": "us",
      "code_size": 1.8420000000000000e+03,
      "execution_time_ns": 2.6926801158146968e+05,
      "gas_rate": 1.0992078257236984e+10,
      "gas_used": 3.0002860000000000e+06,
      "input_size": 5.3790000000000000e+03
    },
    {
      "name": "external/total/main/sha1_divs/5311",
      "family_index": 4,
      "per_family_instance_index": 0,
      "run_name": "external/total/main/sha1_divs/5311",
      "run_type": "iteration",
      "repetitions": 20,
      "repetition_index": 3,
      "threads": 1,
      "iterations": 2504,
      "real_time": 2.6684336102236352e+02,
      "cpu_time": 2.7050786461661284e+02,
      "time_unit": "us",
      "code_size": 1.8420000000000000e+03,
      "execution_time_ns": 4.5270998722044728e+05,
      "gas_rate": 1.1091307841464296e+10,
      "gas_used": 3.0002860000000000e+06,
      "input_size": 5.3790000000000000e+03
    },
    {
      "name": "external/total/main/sha1_divs/5311",
      "family_index": 4,
      "per_family_instance_index": 0,
      "run_name": "external/total/main/sha1_divs/5311",
      "run_type": "iteration",
      "repetitions": 20,
      "repetition_index": 4,
      "threads": 1,
      "iterations": 2504,
      "real_time": 2.7006393290734263e+02,
      "cpu_time": 2.7394846725239694e+02,
      "time_unit": "us",
      "code_size": 1.8420000000000000e+03,
      "execution_time_ns": 2.7001957308306708e+05,
      "gas_rate": 1.0952008712046366e+10,
      "gas_used": 3.0002860000000000e+06,
      "input_size": 5.3790000000000000e+03
    },
    {
      "name": "external/total/main/sha1_divs/5311",
      "family_index": 4,
      "per_family_instance_index": 0,
      "run_name": "external/total/main/sha1_divs/5311",
      "run_type": "iteration",
      "repetitions": 20,
      "repetition_index": 5,
      "threads": 1,
      "iterations": 2504,
      "real_time": 2.6963017092647294e+02,
      "cpu_time": 2.7350869568690183e+02,
      "time_unit": "us",
      "code_size": 1.8420000000000000e+03,
      "execution_time_ns": 2.6958896964856231e+05,
      "gas_rate": 1.0969618324071741e+10,
      "gas_used": 3.0002860000000000e+06,
      "input_size": 5.3790000000000000e+03
    },
    {
      "name": "external/total/main/sha1_divs/5311",
      "family_index": 4,
      "per_family_instance_index": 0,
      "run_name": "external/total/main/sha1_divs/5311",
      "run_type": "iteration",
      "repetitions": 20,
      "repetition_index": 6,
      "threads": 1,
      "iterations": 2504,
      "real_time": 2.6995780990419212e+02,
      "cpu_time": 2.7383384904153701e+02,
      "time_unit": "us",
      "code_size": 1.8420000000000000e+03,
      "execution_time_ns": 2.6991597284345049e+05,
      "gas_rate": 1.0956592877401712e+10,
      "gas_used": 3.0002860000000000e+06,
      "input_size": 5.3790000000000000e+03
    },
    {
      "name": "external/total/main/sha1_divs/5311",
      "family_index": 4,
      "per_family_instance_index": 0,
      "run_name": "external/total/main/sha1_divs/5311",
      "run_type": "iteration",
      "repetitions": 20,
      "repetition_index": 7,
      "threads": 1,
      "iterations": 2504,
      "real_time": 2.6825661301919553e+02,
      "cpu_time": 2.7211392531948525e+02,
      "time_unit": "us",
      "code_size": 1.8420000000000000e+03,
      "execution_time_ns": 2.6821678274760384e+05,
      "gas_rate": 1.1025845136287699e+10,
      "gas_used": 3.0002860000000000e+06,
      "input_size": 5.3790000000000000e+03
    },
    {
      "name": "external/total/main/sha1_divs/5311",
      "family_index": 4,
      "per_family_instance_index": 0,
      "run_name": "external/total/main/sha1_divs/5311",
      "run_type": "iteration",
      "repetitions": 20,
      "repetition_index": 8,
      "threads": 1,
      "iterations": 2504,
      "real_time": 2.7196124640580439e+02,
      "cpu_time": 2.7587181789137901e+02,
      "time_unit": "us",
      "code_size": 1.8420000000000000e+03,
      "execution_time_ns": 2.7189705710862618e+05,
      "gas_rate": 1.0875652406007359e+10,
      "gas_used": 3.0002860000000000e+06,
      "input_size": 5.3790000000000000e+03
    },
    {
      "name": "external/total/main/sha1_divs/5311",
      "family_index": 4,
      "per_family_instance_index": 0,
      "run_name": "external/total/main/sha1_divs/5311",
      "run_type": "iteration",
      "repetitions": 20,
      "repetition_index": 9,
      "threads": 1,
      "iterations": 2504,
      "real_time": 2.7504435862616276e+02,
      "cpu_time": 2.7899298761980890e+02,
      "time_unit": "us",
      "code_size": 1.8420000000000000e+03,
      "execution_time_ns": 2.7500038538338657e+05,
      "gas_rate": 1.0753983552047441e+10,
      "gas_used": 3.0002860000000000e+06,
      "input_size": 5.3790000000000000e+03
    },
    {
      "name": "external/total/main/sha1_divs/5311",
      "family_index": 4,
      "per_family_instance_index": 0,
      "run_name": "external/total/main/sha1_divs/5311",
      "run_type": "iteration",
      "repetitions": 20,
      "repetition_index": 10,
      "threads": 1,
      "iterations": 2504,
      "real_time": 2.7477626916926818e+02,
      "cpu_time": 2.7872872324281070e+02,
      "time_unit": "us",
      "code_size": 1.8420000000000000e+03,
      "execution_time_ns": 2.7473442092651757e+05,
      "gas_rate": 1.0764179468458807e+10,
      "gas_used": 3.0002860000000000e+06,
      "input_size": 5.3790000000000000e+03
    },
    {
      "name": "external/total/main/sha1_divs/5311",
      "family_index": 4,
      "per_family_instance_index": 0,
      "run_name": "external/total/main/sha1_divs/5311",
      "run_type": "iteration",
      "repetitions": 20,
      "repetition_index": 11,
      "threads": 1,
      "iterations": 2504,
      "real_time": 2.7326794848243668e+02,
      "cpu_time": 2.7716049440894682e+02,
      "time_unit": "us",
      "code_size": 1.8420000000000000e+03,
      "execution_time_ns": 2.7322624960063898e+05,
      "gas_rate": 1.0825085322488695e+10,
      "gas_used": 3.0002860000000000e+06,
      "input_size": 5.3790000000000000e+03
    },
    {
      "name": "external/total/main/sha1_divs/5311",
      "family_index": 4,
      "per_family_instance_index": 0,
      "run_name": "external/total/main/sha1_divs/5311",
      "run_type": "iteration",
      "repetitions": 20,
      "repetition_index": 12,
      "threads": 1,
      "iterations": 2504,
      "real_time": 2.7623970966448968e+02,
      "cpu_time": 2.8014212859425390e+02,
      "time_unit": "us",
      "code_size": 1.8420000000000000e+03,
      "execution_time_ns": 2.7619109225239616e+05,
      "gas_rate": 1.0709870789714346e+10,
      "gas_used": 3.0002860000000000e+06,
      "input_size": 5.3790000000000000e+03
    },
    {
      "name": "external/total/main/sha1_divs/5311",
      "family_index": 4,
      "per_family_instance_index": 0,
      "run_name": "external/total/main/sha1_divs/5311",
      "run_type": "iteration",
      "repetitions": 20,
      "repetition_index": 13,
      "threads": 1,
      "iterations": 2504,
      "real_time": 2.7694005351444713e+02,
      "cpu_time": 2.8086426797124739e+02,
      "time_unit": "us",
      "code_size": 1.8420000000000000e+03,
      "execution_time_ns": 2.7689575079872203e+05,
      "gas_rate": 1.0682334287917128e+10,
      "gas_used": 3.0002860000000000e+06,
      "input_size": 5.3790000000000000e+03
    },
    {
      "name": "external/total/main/sha1_divs/5311",
      "family_index": 4,
      "per_family_instance_index": 0,
      "run_name": "external/total/main/sha1_divs/5311",
      "run_type": "iteration",
      "repetitions": 20,
      "repetition_index": 14,
      "threads": 1,
      "iterations": 2504,
      "real_time": 2.7453127276362756e+02,
      "cpu_time": 2.7841186541533176e+02,
      "time_unit": "us",
      "code_size": 1.8420000000000000e+03,
      "execution_time_ns": 2.7448753674121405e+05,
      "gas_rate": 1.0776430076082449e+10,
      "gas_used": 3.0002860000000000e+06,
      "input_size": 5.3790000000000000e+03
    },
    {
      "name": "external/total/main/sha1_divs/5311",
      "family_index": 4,
      "per_family_instance_index": 0,
      "run_name": "external/total/main/sha1_divs/5311",
      "run_type": "iteration",
      "repetitions": 20,
      "repetition_index": 15,
      "threads": 1,
      "iterations": 2504,
      "real_time": 2.7048906789138294e+02,
      "cpu_time": 2.7430578314696908e+02,
      "time_unit": "us",
      "code_size": 1.8420000000000000e+03,
      "execution_time_ns": 2.7039473722044728e+05,
      "gas_rate": 1.0937742418622250e+10,
      "gas_used": 3.0002860000000000e+06,
      "input_size": 5.3790000000000000e+03
    },
    {
      "name": "external/total/main/sha1_divs/5311",
      "family_index": 4,
      "per_family_instance_index": 0,
      "run_name": "external/total/main/sha1_divs/5311",
      "run_type": "iteration",
      "repetitions": 20,
      "repetition_index": 16,
      "threads": 1,
      "iterations": 2504,
      "real_time": 2.6904035662934990e+02,
      "cpu_time": 2.7285206389776090e+02,
      "time_unit": "us",
      "code_size": 1.8420000000000000e+03,
      "execution_time_ns": 2.6899730830670928e+05,
      "gas_rate": 1.0996017245169979e+10,
      "gas_used": 3.0002860000000000e+06,
      "input_size": 5.3790000000000000e+03
    },
    {
      "name": "external/total/main/sha1_divs/5311",
      "family_index": 4,
      "per_family_instance_index": 0,
      "run_name": "external/total/main/sha1_divs/5311",
      "run_type": "iteration",
      "repetitions": 20,
      "repetition_index": 17,
      "threads": 1,
      "iterations": 2504,
      "real_time": 2.6600231869009423e+02,
      "cpu_time": 2.6976558785942723e+02,
      "time_unit": "us",
      "code_size": 1.8420000000000000e+03,
      "execution_time_ns": 2.6596113059105433e+05,
      "gas_rate": 1.1121826263338772e+10,
      "gas_used": 3.0002860000000000e+06,
      "input_size": 5.3790000000000000e+03
    },
    {
      "name": "external/total/main/sha1_divs/5311",
      "family_index": 4,
      "per_family_instance_index": 0,
      "run_name": "external/total/main/sha1_divs/5311",
      "run_type": "iteration",
      "repetitions": 20,
      "repetition_index": 18,
      "threads": 1,
      "iterations": 2504,
      "real_time": 2.6567894608618803e+02,
      "cpu_time": 2.6943630630990708e+02,
      "time_unit": "us",
      "code_size": 1.8420000000000000e+03,
      "execution_time_ns": 2.6562210982428113e+05,
      "gas_rate": 1.1135418389194571e+10,
      "gas_used": 3.0002860000000000e+06,
      "input_size": 5.3790000000000000e+03
    },
    {
      "name": "external/total/main/sha1_divs/5311",
      "family_index": 4,
      "per_family_instance_index": 0,
      "run_name": "external/total/main/sha1_divs/5311",
      "run_type": "iteration",
      "repetitions": 20,
      "repetition_index": 19,
      "threads": 1,
      "iterations": 2504,
      "real_time": 2.6849139976039527e+02,
      "cpu_time": 2.7229413258786155e+02,
      "time_unit": "us",
      "code_size": 1.8420000000000000e+03,
      "execution_time_ns": 2.6844644209265173e+05,
      "gas_rate": 1.1018548110036463e+10,
      "gas_used": 3.0002860000000000e+06,
      "input_size": 5.3790000000000000e+03
    },
    {
      "name": "external/total/main/sha1_divs/5311_mean",
      "family_index": 4,
      "per_family_instance_index": 0,
      "run_name": "external/total/main/sha1_divs/5311",
      "run_type": "aggregate",
      "repetitions": 20,
      "threads": 1,
      "aggregate_name": "mean",
      "aggregate_unit": "time",
      "iterations": 20,
      "real_time": 2.7166558352635906e+02,
      "cpu_time": 2.7549446797124705e+02,
      "time_unit": "us",
      "code_size": 1.8420000000000000e+03,
      "execution_time_ns": 2.8091304772364220e+05,
      "gas_rate": 1.0892780121133429e+10,
      "gas_used": 3.0002860000000000e+06,
      "input_size": 5.3790000000000000e+03
    },
    {
      "name": "external/total/main/sha1_divs/5311_median",
      "family_index": 4,
      "per_family_instance_index": 0,
      "run_name": "external/total/main/sha1_divs/5311",
      "run_type": "aggregate",
      "repetitions": 20,
      "threads": 1,
      "aggregate_name": "median",
      "aggregate_unit": "time",
      "iterations": 20,
      "real_time": 2.7027650039936276e+02,
      "cpu_time": 2.7412712519968301e+02,
      "time_unit": "us",
      "code_size": 1.8420000000000000e+03,
      "execution_time_ns": 2.7114589716453676e+05,
      "gas_rate": 1.0944875565334309e+10,
      "gas_used": 3.0002860000000000e+06,
      "input_size": 5.3790000000000000e+03
    },
    {
      "name": "external/total/main/sha1_divs/5311_stddev",
      "family_index": 4,
      "per_family_instance_index": 0,
      "run_name": "external/total/main/sha1_divs/5311",
      "run_type": "aggregate",
      "repetitions": 20,
      "threads": 1,
      "aggregate_name": "stddev",
      "aggregate_unit": "time",
      "iterations": 20,
      "real_time": 4.0225074985171476e+00,
      "cpu_time": 4.0515023787316427e+00,
      "time_unit": "us",
      "code_size": 0.0000000000000000e+00,
      "execution_time_ns": 4.0620637924661671e+04,
      "gas_rate": 1.5971017519207403e+08,
      "gas_used": 0.0000000000000000e+00,
      "input_size": 0.0000000000000000e+00
    },
    {
      "name": "external/total/main/sha1_divs/5311_cv",
      "family_index": 4,
      "per_family_instance_index": 0,
      "run_name": "external/total/main/sha1_divs/5311",
      "run_type": "aggregate",
      "repetitions": 20,
      "threads": 1,
      "aggregate_name": "cv",
      "aggregate_unit": "percentage",
      "iterations": 20,
      "real_time": 1.4806835103302119e-02,
      "cpu_time": 1.4706293046706446e-02,
      "time_unit": "us",
      "code_size": 0.0000000000000000e+00,
      "execution_time_ns": 1.4460217584703866e-01,
      "gas_rate": 1.4662021395457643e-02,
      "gas_used": 0.0000000000000000e+00,
      "input_size": 0.0000000000000000e+00
    },
    {
      "name": "external/total/main/sha1_shifts/empty",
      "family_index": 5,
      "per_family_instance_index": 0,
      "run_name": "external/total/main/sha1_shifts/empty",
      "run_type": "iteration",
      "repetitions": 20,
      "repetition_index": 0,
      "threads": 1,
      "iterations": 183889,
      "real_time": 3.6915251320090325e+00,
      "cpu_time": 3.7437181723757513e+00,
      "time_unit": "us",
      "code_size": 1.2660000000000000e+03,
      "execution_time_ns": 3.6719407686158497e+03,
      "gas_rate": 9.4114990439145737e+09,
      "gas_used": 3.5234000000000000e+04,
      "input_size": 6.8000000000000000e+01
    },
    {
      "name": "external/total/main/sha1_shifts/empty",
      "family_index": 5,
      "per_family_instance_index": 0,
      "run_name": "external/total/main/sha1_shifts/empty",
      "run_type": "iteration",
      "repetitions": 20,
      "repetition_index": 1,
      "threads": 1,
      "iterations": 183889,
      "real_time": 3.7408252206497568e+00,
      "cpu_time": 3.7937974430227022e+00,
      "time_unit": "us",
      "code_size": 1.2660000000000000e+03,
      "execution_time_ns": 3.7214396837222453e+03,
      "gas_rate": 9.2872644175560856e+09,
      "gas_used": 3.5234000000000000e+04,
      "input_size": 6.8000000000000000e+01
    },
    {
      "name": "external/total/main/sha1_shifts/empty",
      "family_index": 5,
      "per_family_instance_index": 0,
      "run_name": "external/total/main/sha1_shifts/empty",
      "run_type": "iteration",
      "repetitions": 20,
      "repetition_index": 2,
      "threads": 1,
      "iterations": 183889,
      "real_time": 3.7806809651472819e+00,
      "cpu_time": 3.8351010120235842e+00,
      "time_unit": "us",
      "code_size": 1.2660000000000000e+03,
      "execution_time_ns": 3.7596070944972239e+03,
      "gas_rate": 9.1872417152863579e+09,
      "gas_used": 3.5234000000000000e+04,
      "input_size": 6.8000000000000000e+01
    },
    {
      "name": "external/total/main/sha1_shifts/empty",
      "family_index": 5,
      "per_family_instance_index": 0,
      "run_name": "external/total/main/sha1_shifts/empty",
      "run_type": "iteration",
      "repetitions": 20,
      "repetition_index": 3,
      "threads": 1,
      "iterations": 183889,
      "real_time": 3.7724937761365798e+00,
      "cpu_time": 3.8274447791875099e+00,
      "time_unit": "us",
      "code_size": 1.2660000000000000e+03,
      "execution_time_ns": 3.7518904067127451e+03,
      "gas_rate": 9.2056194230657139e+09,
      "gas_used": 3.5234000000000000e+04,
      "input_size": 6.8000000000000000e+01
    },
    {
      "name": "external/total/main/sha1_shifts/empty",
      "family_index": 5,
      "per_family_instance_index": 0,
      "run_name": "external/total/main/sha1_shifts/empty",
      "run_type": "iteration",
      "repetitions": 20,
      "repetition_index": 4,
      "threads": 1,
      "iterations": 183889,
      "real_time": 3.8189515087899846e+00,
      "cpu_time": 3.8748245517675954e+00,
      "time_unit": "us",
      "code_size": 1.2660000000000000e+03,
      "execution_time_ns": 3.7995283078378807e+03,
      "gas_rate": 9.0930568672914886e+09,
      "gas_used": 3.5234000000000000e+04,
      "input_size": 6.8000000000000000e+01
    },
    {
      "name": "external/total/main/sha1_shifts/empty",
      "family_index": 5,
      "per_family_instance_index": 0,
      "run_name": "external/total/main/sha1_shifts/empty",
      "run_type": "iteration",
      "repetitions": 20,
      "repetition_index": 5,
      "threads": 1,
      "iterations": 183889,
      "real_time": 3.8763857925160372e+00,
      "cpu_time": 3.9329197505016458e+00,
      "time_unit": "us",
      "code_size": 1.2660000000000000e+03,
      "execution_time_ns": 3.8556029615692073e+03,
      "gas_rate": 8.9587386052069550e+09,
      "gas_used": 3.5234000000000000e+04,
      "input_size": 6.8000000000000000e+01
    },
    {
      "name": "external/total/main/sha1_shifts/empty",
      "family_index": 5,
      "per_family_instance_index": 0,
      "run_name": "external/total/main/sha1_shifts/empty",
      "run_type": "iteration",
      "repetitions": 20,
      "repetition_index": 6,
      "threads": 1,
      "iterations": 183889,
      "real_time": 3.8320830990428978e+00,
      "cpu_time": 3.8880211431896798e+00,
      "time_unit": "us",
      "code_size": 1.2660000000000000e+03,
      "execution_time_ns": 3.8115461283709196e+03,
      "gas_rate": 9.0621935175729275e+09,
      "gas_used": 3.5234000000000000e+04,
      "input_size": 6.8000000000000000e+01
    },
    {
      "name": "external/total/main/sha1_shifts/empty",
      "family_index": 5,
      "per_family_instance_index": 0,
      "run_name": "external/total/main/sha1_shifts/empty",
      "run_type": "iteration",
      "repetitions": 20,
      "repetition_index": 7,
      "threads": 1,
      "iterations": 183889,
      "real_time": 3.8398581644365914e+00,
      "cpu_time": 3.8960583884843523e+00,
      "time_unit": "us",
      "code_size": 1.2660000000000000e+03,
      "execution_time_ns": 3.8195757277488051e+03,
      "gas_rate": 9.0434989640149517e+09,
      "gas_used": 3.5234000000000000e+04,
      "input_size": 6.8000000000000000e+01
    },
    {
      "name": "external/total/main/sha1_shifts/empty",
      "family_index": 5,
      "per_family_instance_index": 0,
      "run_name": "external/total/main/sha1_shifts/empty",
      "run_type": "iteration",
      "repetitions": 20,
      "repetition_index": 8,
      "threads": 1,
      "iterations": 183889,
      "real_time": 3.7064259254215801e+00,
      "cpu_time": 3.7603806317941770e+00,
      "time_unit": "us",
      "code_size": 1.2660000000000000e+03,
      "execution_time_ns": 3.6868465215428873e+03,
      "gas_rate": 9.3697961589566345e+09,
      "gas_used": 3.5234000000000000e+04,
      "input_size": 6.8000000000000000e+01
    },
    {
      "name": "external/total/main/sha1_shifts/empty",
      "family_index": 5,
      "per_family_instance_index": 0,
      "run_name": "external/total/main/sha1_shifts/empty",
      "run_type": "iteration",
      "repetitions": 20,
      "repetition_index": 9,
      "threads": 1,
      "iterations": 183889,
      "real_time": 3.6726580165211105e+00,
      "cpu_time": 3.7261327703125078e+00,
      "time_unit": "us",
      "code_size": 1.2660000000000000e+03,
      "execution_time_ns": 3.6524677332521251e+03,
      "gas_rate": 9.4559164076821003e+09,
      "gas_used": 3.5234000000000000e+04,
      "input_size": 6.8000000000000000e+01
    },
    {
      "name": "external/total/main/sha1_shifts/empty",
      "family_index": 5,
      "per_family_instance_index": 0,
      "run_name": "external/total/main/sha1_shifts/empty",
      "run_type": "iteration",
      "repetitions": 20,
      "repetition_index": 10,
      "threads": 1,
      "iterations": 183889,
      "real_time": 3.6669250417367265e+00,
      "cpu_time": 3.7205239791395814e+00,
      "time_unit": "us",
      "code_size": 1.2660000000000000e+03,
      "execution_time_ns": 3.6466469990048345e+03,
      "gas_rate": 9.4701714590610733e+09,
      "gas_used": 3.5234000000000000e+04,
      "input_size": 6.8000000000000000e+01
    },
    {
      "name": "external/total/main/sha1_shifts/empty",
      "family_index": 5,
      "per_family_instance_index": 0,
      "run_name": "external/total/main/sha1_shifts/empty",
      "run_type": "iteration",
      "repetitions": 20,
      "repetition_index": 11,
      "threads": 1,
      "iterations": 183889,
      "real_time": 3.7201169401102692e+00,
      "cpu_time": 3.7743323907357422e+00,
      "time_unit": "us",
      "code_size": 1.2660000000000000e+03,
      "execution_time_ns": 3.6999580779709499e+03,
      "gas_rate": 9.3351608582443180e+09,
      "gas_used": 3.5234000000000000e+04,
      "input_size": 6.8000000000000000e+01
    },
    {
      "name": "external/total/main/sha1_shifts/empty",
      "family_index": 5,
      "per_family_instance_index": 0,
      "run_name": "external/total/main/sha1_shifts/empty",
      "run_type": "iteration",
      "repetitions": 20,
      "repetition_index": 12,
      "threads": 1,
      "iterations": 183889,
      "real_time": 3.7448302182294908e+00,
      "cpu_time": 3.7995337404630170e+00,
      "time_unit": "us",
      "code_size": 1.2660000000000000e+03,
      "execution_time_ns": 3.7252020403613051e+03,
      "gas_rate": 9.2732430889549961e+09,
      "gas_used": 3.5234000000000000e+04,
      "input_size": 6.8000000000000000e+01
    },
    {
      "name": "external/total/main/sha1_shifts/empty",
      "family_index": 5,
      "per_family_instance_index": 0,
      "run_name": "external/total/main/sha1_shifts/empty",
      "run_type": "iteration",
      "repetitions": 20,
      "repetition_index": 13,
      "threads": 1,
      "iterations": 183889,
      "real_time": 3.7877626666085566e+00,
      "cpu_time": 3.8429500241993613e+00,
      "time_unit": "us",
      "code_size": 1.2660000000000000e+03,
      "execution_time_ns": 3.7665361712772378e+03,
      "gas_rate": 9.1684772838909435e+09,
      "gas_used": 3.5234000000000000e+04,
      "input_size": 6.8000000000000000e+01
    },
    {
      "name": "external/total/main/sha1_shifts/empty",
      "family_index": 5,
      "per_family_instance_index": 0,
      "run_name": "external/total/main/sha1_shifts/empty",
      "run_type": "iteration",
      "repetitions": 20,
      "repetition_index": 14,
      "threads": 1,
      "iterations": 183889,
      "real_time": 3.7423070221717332e+00,
      "cpu_time": 3.7959545432299140e+00,
      "time_unit": "us",
      "code_size": 1.2660000000000000e+03,
      "execution_time_ns": 3.7232395793114324e+03,
      "gas_rate": 9.2819868095733261e+09,
      "gas_used": 3.5234000000000000e+04,
      "input_size": 6.8000000000000000e+01
    },
    {
      "name": "external/total/main/sha1_shifts/empty",
      "family_index": 5,
      "per_family_instance_index": 0,
      "run_name": "external/total/main/sha1_shifts/empty",
      "run_type": "iteration",
      "repetitions": 20,
      "repetition_index": 15,
      "threads": 1,
      "iterations": 183889,
      "real_time": 3.8305160450058851e+00,
      "cpu_time": 3.8859552556161696e+00,
      "time_unit": "us",
      "code_size": 1.2660000000000000e+03,
      "execution_time_ns": 3.8088969160743709e+03,
      "gas_rate": 9.0670112449385834e+09,
      "gas_used": 3.5234000000000000e+04,
      "input_size": 6.8000000000000000e+01
    },
    {
      "name": "external/total/main/sha1_shifts/empty",
      "family_index": 5,
      "per_family_instance_index": 0,
      "run_name": "external/total/main/sha1_shifts/empty",
      "run_type": "iteration",
      "repetitions": 20,
      "repetition_index": 16,
      "threads": 1,
      "iterations": 183889,
      "real_time": 3.8348328284991222e+00,
      "cpu_time": 3.8903211230687500e+00,
      "time_unit": "us",
      "code_size": 1.2660000000000000e+03,
      "execution_time_ns": 3.8138351016102106e+03,
      "gas_rate": 9.0568358974456158e+09,
      "gas_used": 3.5234000000000000e+04,
      "input_size": 6.8000000000000000e+01
    },
    {
      "name": "external/total/main/sha1_shifts/empty",
      "family_index": 5,
      "per_family_instance_index": 0,
      "run_name": "external/total/main/sha1_shifts/empty",
      "run_type": "iteration",
      "repetitions": 20,
      "repetition_index": 17,
      "threads": 1,
      "iterations": 183889,
      "real_time": 3.8113817030927768e+00,
      "cpu_time": 3.8662824801918898e+00,
      "time_unit": "us",
      "code_size": 1.2660000000000000e+03,
      "execution_time_ns": 3.7910248356345405e+03,
      "gas_rate": 9.1131468485591049e+09,
      "gas_used": 3.5234000000000000e+04,
      "input_size": 6.8000000000000000e+01
    },
    {
      "name": "external/total/main/sha1_shifts/empty",
      "family_index": 5,
      "per_family_instance_index": 0,
      "run_name": "external/total/main/sha1_shifts/empty",
      "run_type": "iteration",
      "repetitions": 20,
      "repetition_index": 18,
      "threads": 1,
      "iterations": 183889,
      "real_time": 3.7868382556872153e+00,
      "cpu_time": 3.8416693548825132e+00,
      "time_unit": "us",
      "code_size": 1.2660000000000000e+03,
      "execution_time_ns": 3.7648955076160073e+03,
      "gas_rate": 9.1715337123482189e+09,
      "gas_used": 3.5234000000000000e+04,
      "input_size": 6.8000000000000000e+01
    },
    {
      "name": "external/total/main/sha1_shifts/empty",
      "family_index": 5,
      "per_family_instance_index": 0,
      "run_name": "external/total/main/sha1_shifts/empty",
      "run_type": "iteration",
      "repetitions": 20,
      "repetition_index": 19,
      "threads": 1,
      "iterations": 183889,
      "real_time": 3.8182095122609621e+00,
      "cpu_time": 3.8734901761388256e+00,
      "time_unit": "us",
      "code_size": 1.2660000000000000e+03,
      "execution_time_ns": 3.7990346404624529e+03,
      "gas_rate": 9.0961893274044590e+09,
      "gas_used": 3.5234000000000000e+04,
      "input_size": 6.8000000000000000e+01
    },
    {
      "name": "external/total/main/sha1_shifts/empty_mean",
      "family_index": 5,
      "per_family_instance_index": 0,
      "run_name": "external/total/main/sha1_shifts/empty",
      "run_type": "aggregate",
      "repetitions": 20,
      "threads": 1,
      "aggregate_name": "mean",
      "aggregate_unit": "time",
      "iterations": 20,
      "real_time": 3.7737803917036801e+00,
      "cpu_time": 3.8284705855162628e+00,
      "time_unit": "us",
      "code_size": 1.2660000000000000e+03,
      "execution_time_ns": 3.7534857601596618e+03,
      "gas_rate": 9.2054290825484219e+09,
      "gas_used": 3.5234000000000000e+04,
      "input_size": 6.8000000000000000e+01
    },
    {
      "name": "external/total/main/sha1_shifts/empty_median",
      "family_index": 5,
      "per_family_instance_index": 0,
      "run_name": "external/total/main/sha1_shifts/empty",
      "run_type": "aggregate",
      "repetitions": 20,
      "threads": 1,
      "aggregate_name": "median",
      "aggregate_unit": "time",
      "iterations": 20,
      "real_time": 3.7837596104172482e+00,
      "cpu_time": 3.8383851834530489e+00,
      "time_unit": "us",
      "code_size": 1.2660000000000000e+03,
      "execution_time_ns": 3.7622513010566154e+03,
      "gas_rate": 9.1793877138172874e+09,
      "gas_used": 3.5234000000000000e+04,
      "input_size": 6.8000000000000000e+01
    },
    {
      "name": "external/total/main/sha1_shifts/empty_stddev",
      "family_index": 5,
      "per_family_instance_index": 0,
      "run_name": "external/total/main/sha1_shifts/empty",
      "run_type": "aggregate",
      "repetitions": 20,
      "threads": 1,
      "aggregate_name": "stddev",
      "aggregate_unit": "time",
      "iterations": 20,
      "real_time": 6.0621365017214893e-02,
      "cpu_time": 6.1627305344787532e-02,
      "time_unit": "us",
      "code_size": 0.0000000000000000e+00,
      "execution_time_ns": 6.0323715767775560e+01,
      "gas_rate": 1.4886524877259812e+08,
      "gas_used": 0.0000000000000000e+00,
      "input_size": 0.0000000000000000e+00
    },
    {
      "name": "external/total/main/sha1_shifts/empty_cv",
      "family_index": 5,
      "per_family_instance_index": 0,
      "run_name": "external/total/main/sha1_shifts/empty",
      "run_type": "aggregate",
      "repetitions": 20,
      "threads": 1,
      "aggregate_name": "cv",
      "aggregate_unit": "percentage",
      "iterations": 20,
      "real_time": 1.6063829562124380e-02,
      "cpu_time": 1.6097108223303010e-02,
      "time_unit": "us",
      "code_size": 0.0000000000000000e+00,
      "execution_time_ns": 1.6071385272874879e-02,
      "gas_rate": 1.6171462235781670e-02,
      "gas_used": 0.0000000000000000e+00,
      "input_size": 0.0000000000000000e+00
    },
    {
      "name": "external/total/main/sha1_shifts/5311",
      "family_index": 6,
      "per_family_instance_index": 0,
      "run_name": "external/total/main/sha1_shifts/5311",
      "run_type": "iteration",
      "repetitions": 20,
      "repetition_index": 0,
      "threads": 1,
      "iterations": 2675,
      "real_time": 2.5549281570097136e+02,
      "cpu_time": 2.5917449607476590e+02,
      "time_unit": "us",
      "code_size": 1.2660000000000000e+03,
      "execution_time_ns": 2.5545164448598132e+05,
      "gas_rate": 1.1183480797292093e+10,
      "gas_used": 2.8984730000000000e+06,
      "input_size": 5.3790000000000000e+03
    },
    {
      "name": "external/total/main/sha1_shifts/5311",
      "family_index": 6,
      "per_family_instance_index": 0,
      "run_name": "external/total/main/sha1_shifts/5311",
      "run_type": "iteration",
      "repetitions": 20,
      "repetition_index": 1,
      "threads": 1,
      "iterations": 2675,
      "real_time": 2.4902827999999019e+02,
      "cpu_time": 2.5263739327102638e+02,
      "time_unit": "us",
      "code_size": 1.2660000000000000e+03,
      "execution_time_ns": 2.4898748523364487e+05,
      "gas_rate": 1.1472858243476858e+10,
      "gas_used": 2.8984730000000000e+06,
      "input_size": 5.3790000000000000e+03
    },
    {
      "name": "external/total/main/sha1_shifts/5311",
      "family_index": 6,
      "per_family_instance_index": 0,
      "run_name": "external/total/main/sha1_shifts/5311",
      "run_type": "iteration",
      "repetitions": 20,
      "repetition_index": 2,
      "threads": 1,
      "iterations": 2675,
      "real_time": 2.4841837906542509e+02,
      "cpu_time": 2.5200928186916158e+02,
      "time_unit": "us",
      "code_size": 1.2660000000000000e+03,
      "execution_time_ns": 2.4837916186915888e+05,
      "gas_rate": 1.1501453353233362e+10,
      "gas_used": 2.8984730000000000e+06,
      "input_size": 5.3790000000000000e+03
    },
    {
      "name": "external/total/main/sha1_shifts/5311",
      "family_index": 6,
      "per_family_instance_index": 0,
      "run_name": "external/total/main/sha1_shifts/5311",
      "run_type": "iteration",
      "repetitions": 20,
      "repetition_index": 3,
      "threads": 1,
      "iterations": 2675,
      "real_time": 2.5024017532712472e+02,
      "cpu_time": 2.5385685121495294e+02,
      "time_unit": "us",
      "code_size": 1.2660000000000000e+03,
      "execution_time_ns": 2.5020072224299065e+05,
      "gas_rate": 1.1417745812760128e+10,
      "gas_used": 2.8984730000000000e+06,
      "input_size": 5.3790000000000000e+03
    },
    {
      "name": "external/total/main/sha1_shifts/5311",
      "family_index": 6,
      "per_family_instance_index": 0,
      "run_name": "external/total/main/sha1_shifts/5311",
      "run_type": "iteration",
      "repetitions": 20,
      "repetition_index": 4,
      "threads": 1,
      "iterations": 2675,
      "real_time": 2.4790017345792231e+02,
      "cpu_time": 2.5148589196261597e+02,
      "time_unit": "us",
      "code_size": 1.2660000000000000e+03,
      "execution_time_ns": 2.4786038953271028e+05,
      "gas_rate": 1.1525390062162474e+10,
      "gas_used": 2.8984730000000000e+06,
      "input_size": 5.3790000000000000e+03
    },
    {
      "name": "external/total/main/sha1_shifts/5311",
      "family_index": 6,
      "per_family_instance_index": 0,
      "run_name": "external/total/main/sha1_shifts/5311",
      "run_type": "iteration",
      "repetitions": 20,
      "repetition_index": 5,
      "threads": 1,
      "iterations": 2675,
      "real_time": 2.5229348523366031e+02,
      "cpu_time": 2.5593776112149578e+02,
      "time_unit": "us",
      "code_size": 1.2660000000000000e+03,
      "execution_time_ns": 2.5224915775700935e+05,
      "gas_rate": 1.1324913476226240e+10,
      "gas_used": 2.8984730000000000e+06,
      "input_size": 5.3790000000000000e+03
    },
    {
      "name": "external/total/main/sha1_shifts/5311",
      "family_index": 6,
      "per_family_instance_index": 0,
      "run_name": "external/total/main/sha1_shifts/5311",
      "run_type": "iteration",
      "repetitions": 20,
      "repetition_index": 6,
      "threads": 1,
      "iterations": 2675,
      "real_time": 2.5120277457946906e+02,
      "cpu_time": 2.5482939028037111e+02,
      "time_unit": "us",
      "code_size": 1.2660000000000000e+03,
      "execution_time_ns": 2.5116156560747663e+05,
      "gas_rate": 1.1374170761115940e+10,
      "gas_used": 2.8984730000000000e+06,
      "input_size": 5.3790000000000000e+03
    },
    {
      "name": "external/total/main/sha1_shifts/5311",
      "family_index": 6,
      "per_family_instance_index": 0,
      "run_name": "external/total/main/sha1_shifts/5311",
      "run_type": "iteration",
      "repetitions": 20,
      "repetition_index": 7,
      "threads": 1,
      "iterations": 2675,
      "real_time": 2.5059623327098757e+02,
      "cpu_time": 2.5422694579439155e+02,
      "time_unit": "us",
      "code_size": 1.2660000000000000e+03,
      "execution_time_ns": 2.5055533831775701e+05,
      "gas_rate": 1.1401124262981028e+10,
      "gas_used": 2.8984730000000000e+06,
      "input_size": 5.3790000000000000e+03
    },
    {
      "name": "external/total/main/sha1_shifts/5311",
      "family_index": 6,
      "per_family_instance_index": 0,
      "run_name": "external/total/main/sha1_shifts/5311",
      "run_type": "iteration",
      "repetitions": 20,
      "repetition_index": 8,
      "threads": 1,
      "iterations": 2675,
      "real_time": 2.5513841009342286e+02,
      "cpu_time": 2.5882768336448811e+02,
      "time_unit": "us",
      "code_size": 1.2660000000000000e+03,
      "execution_time_ns": 2.5509688485981309e+05,
      "gas_rate": 1.1198465953575346e+10,
      "gas_used": 2.8984730000000000e+06,
      "input_size": 5.3790000000000000e+03
    },
    {
      "name": "external/total/main/sha1_shifts/5311",
      "family_index": 6,
      "per_family_instance_index": 0,
      "run_name": "external/total/main/sha1_shifts/5311",
      "run_type": "iteration",
      "repetitions": 20,
      "repetition_index": 9,
      "threads": 1,
      "iterations": 2675,
      "real_time": 2.5438988897200443e+02,
      "cpu_time": 2.5806065046728867e+02,
      "time_unit": "us",
      "code_size": 1.2660000000000000e+03,
      "execution_time_ns": 2.5434744112149533e+05,
      "gas_rate": 1.1231751120333649e+10,
      "gas_used": 2.8984730000000000e+06,
      "input_size": 5.3790000000000000e+03
    },
    {
      "name": "external/total/main/sha1_shifts/5311",
      "family_index": 6,
      "per_family_instance_index": 0,
      "run_name": "external/total/main/sha1_shifts/5311",
      "run_type": "iteration",
      "repetitions": 20,
      "repetition_index": 10,
      "threads": 1,
      "iterations": 2675,
      "real_time": 2.5236675439254358e+02,
      "cpu_time": 2.5601223252336297e+02,
      "time_unit": "us",
      "code_size": 1.2660000000000000e+03,
      "execution_time_ns": 4.2728937570093456e+05,
      "gas_rate": 1.1321619171988173e+10,
      "gas_used": 2.8984730000000000e+06,
      "input_size": 5.3790000000000000e+03
    },
    {
      "name": "external/total/main/sha1_shifts/5311",
      "family_index": 6,
      "per_family_instance_index": 0,
      "run_name": "external/total/main/sha1_shifts/5311",
      "run_type": "iteration",
      "repetitions": 20,
      "repetition_index": 11,
      "threads": 1,
      "iterations": 2675,
      "real_time": 2.5613558691594193e+02,
      "cpu_time": 2.5983753943925717e+02,
      "time_unit": "us",
      "code_size": 1.2660000000000000e+03,
      "execution_time_ns": 2.5609374280373831e+05,
      "gas_rate": 1.1154943224351088e+10,
      "gas_used": 2.8984730000000000e+06,
      "input_size": 5.3790000000000000e+03
    },
    {
      "name": "external/total/main/sha1_shifts/5311",
      "family_index": 6,
      "per_family_instance_index": 0,
      "run_name": "external/total/main/sha1_shifts/5311",
      "run_type": "iteration",
      "repetitions": 20,
      "repetition_index": 12,
      "threads": 1,
      "iterations": 2675,
      "real_time": 2.5522067102802987e+02,
      "cpu_time": 2.5890647514018991e+02,
      "time_unit": "us",
      "code_size": 1.2660000000000000e+03,
      "execution_time_ns": 2.5518029158878504e+05,
      "gas_rate": 1.1195057977714022e+10,
      "gas_used": 2.8984730000000000e+06,
      "input_size": 5.3790000000000000e+03
    },
    {
      "name": "external/total/main/sha1_shifts/5311",
      "family_index": 6,
      "per_family_instance_index": 0,
      "run_name": "external/total/main/sha1_shifts/5311",
      "run_type": "iteration",
      "repetitions": 20,
      "repetition_index": 13,
      "threads": 1,
      "iterations": 2675,
      "real_time": 2.5977670579437626e+02,
      "cpu_time": 2.6353687102803775e+02,
      "time_unit": "us",
      "code_size": 1.2660000000000000e+03,
      "execution_time_ns": 2.5973457943925232e+05,
      "gas_rate": 1.0998358554889387e+10,
      "gas_used": 2.8984730000000000e+06,
      "input_size": 5.3790000000000000e+03
    },
    {
      "name": "external/total/main/sha1_shifts/5311",
      "family_index": 6,
      "per_family_instance_index": 0,
      "run_name": "external/total/main/sha1_shifts/5311",
      "run_type": "iteration",
      "repetitions": 20,
      "repetition_index": 14,
      "threads": 1,
      "iterations": 2675,
      "real_time": 2.5206685271020953e+02,
      "cpu_time": 2.5570010355140258e+02,
      "time_unit": "us",
      "code_size": 1.2660000000000000e+03,
      "execution_time_ns": 2.5198828560747663e+05,
      "gas_rate": 1.1335439289008068e+10,
      "gas_used": 2.8984730000000000e+06,
      "input_size": 5.3790000000000000e+03
    },
    {
      "name": "external/total/main/sha1_shifts/5311",
      "family_index": 6,
      "per_family_instance_index": 0,
      "run_name": "external/total/main/sha1_shifts/5311",
      "run_type": "iteration",
      "repetitions": 20,
      "repetition_index": 15,
      "threads": 1,
      "iterations": 2675,
      "real_time": 2.5135310990654628e+02,
      "cpu_time": 2.5499187962616807e+02,
      "time_unit": "us",
      "code_size": 1.2660000000000000e+03,
      "execution_time_ns": 2.5131295626168224e+05,
      "gas_rate": 1.1366922759459316e+10,
      "gas_used": 2.8984730000000000e+06,
      "input_size": 5.3790000000000000e+03
    },
    {
      "name": "external/total/main/sha1_shifts/5311",
      "family_index": 6,
      "per_family_instance_index": 0,
      "run_name": "external/total/main/sha1_shifts/5311",
      "run_type": "iteration",
      "repetitions": 20,
      "repetition_index": 16,
      "threads": 1,
      "iterations": 2675,
      "real_time": 2.5050629570096049e+02,
      "cpu_time": 2.5412910504672885e+02,
      "time_unit": "us",
      "code_size": 1.2660000000000000e+03,
      "execution_time_ns": 2.5046549906542056e+05,
      "gas_rate": 1.1405513742579912e+10,
      "gas_used": 2.8984730000000000e+06,
      "input_size": 5.3790000000000000e+03
    },
    {
      "name": "external/total/main/sha1_shifts/5311",
      "family_index": 6,
      "per_family_instance_index": 0,
      "run_name": "external/total/main/sha1_shifts/5311",
      "run_type": "iteration",
      "repetitions": 20,
      "repetition_index": 17,
      "threads": 1,
      "iterations": 2675,
      "real_time": 2.5022893607481853e+02,
      "cpu_time": 2.5379534654206017e+02,
      "time_unit": "us",
      "code_size": 1.2660000000000000e+03,
      "execution_time_ns": 2.5018606691588784e+05,
      "gas_rate": 1.1420512785169020e+10,
      "gas_used": 2.8984730000000000e+06,
      "input_size": 5.3790000000000000e+03
    },
    {
      "name": "external/total/main/sha1_shifts/5311",
      "family_index": 6,
      "per_family_instance_index": 0,
      "run_name": "external/total/main/sha1_shifts/5311",
      "run_type": "iteration",
      "repetitions": 20,
      "repetition_index": 18,
      "threads": 1,
      "iterations": 2675,
      "real_time": 2.5192056785051145e+02,
      "cpu_time": 2.5550069495327043e+02,
      "time_unit": "us",
      "code_size": 1.2660000000000000e+03,
      "execution_time_ns": 2.5187975028037385e+05,
      "gas_rate": 1.1344286169280727e+10,
      "gas_used": 2.8984730000000000e+06,
      "input_size": 5.3790000000000000e+03
    },
    {
      "name": "external/total/main/sha1_shifts/5311",
      "family_index": 6,
      "per_family_instance_index": 0,
      "run_name": "external/total/main/sha1_shifts/5311",
      "run_type": "iteration",
      "repetitions": 20,
      "repetition_index": 19,
      "threads": 1,
      "iterations": 2675,
      "real_time": 2.5163830467288992e+02,
      "cpu_time": 2.5522538205607188e+02,
      "time_unit": "us",
      "code_size": 1.2660000000000000e+03,
      "execution_time_ns": 2.5159735252336448e+05,
      "gas_rate": 1.1356523307557310e+10,
      "gas_used": 2.8984730000000000e+06,
      "input_size": 5.3790000000000000e+03
    },
    {
      "name": "external/total/main/sha1_shifts/5311_mean",
      "family_index": 6,
      "per_family_instance_index": 0,
      "run_name": "external/total/main/sha1_shifts/5311",
      "run_type": "aggregate",
      "repetitions": 20,
      "threads": 1,
      "aggregate_name": "mean",
      "aggregate_unit": "time",
      "iterations": 20,
      "real_time": 2.5229572003739031e+02,
      "cpu_time": 2.5593409876635542e+02,
      "time_unit": "us",
      "code_size": 1.2660000000000000e+03,
      "execution_time_ns": 2.6100088456074760e+05,
      "gas_rate": 1.1326526541257708e+10,
      "gas_used": 2.8984730000000000e+06,
      "input_size": 5.3790000000000000e+03
    },
    {
      "name": "external/total/main/sha1_shifts/5311_median",
      "family_index": 6,
      "per_family_instance_index": 0,
      "run_name": "external/total/main/sha1_shifts/5311",
      "run_type": "aggregate",
      "repetitions": 20,
      "threads": 1,
      "aggregate_name": "median",
      "aggregate_unit": "time",
      "iterations": 20,
      "real_time": 2.5177943626170071e+02,
      "cpu_time": 2.5536303850467121e+02,
      "time_unit": "us",
      "code_size": 1.2660000000000000e+03,
      "execution_time_ns": 2.5173855140186916e+05,
      "gas_rate": 1.1350404738419018e+10,
      "gas_used": 2.8984730000000000e+06,
      "input_size": 5.3790000000000000e+03
    },
    {
      "name": "external/total/main/sha1_shifts/5311_stddev",
      "family_index": 6,
      "per_family_instance_index": 0,
      "run_name": "external/total/main/sha1_shifts/5311",
      "run_type": "aggregate",
      "repetitions": 20,
      "threads": 1,
      "aggregate_name": "stddev",
      "aggregate_unit": "time",
      "iterations": 20,
      "real_time": 2.9404998282553834e+00,
      "cpu_time": 2.9846006857595055e+00,
      "time_unit": "us",
      "code_size": 0.0000000000000000e+00,
      "execution_time_ns": 3.9250520540540703e+04,
      "gas_rate": 1.3098883168761037e+08,
      "gas_used": 0.0000000000000000e+00,
      "input_size": 0.0000000000000000e+00
    },
    {
      "name": "external/total/main/sha1_shifts/5311_cv",
      "family_index": 6,
      "per_family_instance_index": 0,
      "run_name": "external/total/main/sha1_shifts/5311",
      "run_type": "aggregate",
      "repetitions": 20,
      "threads": 1,
      "aggregate_name": "cv",
      "aggregate_unit": "percentage",
      "iterations": 20,
      "real_time": 1.1654973091971598e-02,
      "cpu_time": 1.1661598435479186e-02,
      "time_unit": "us",
      "code_size": 0.0000000000000000e+00,
      "execution_time_ns": 1.5038462649886231e-01,
      "gas_rate": 1.1564783891202118e-02,
      "gas_used": 0.0000000000000000e+00,
      "input_size": 0.0000000000000000e+00
    },
    {
      "name": "external/total/main/snailtracer/benchmark",
      "family_index": 7,
      "per_family_instance_index": 0,
      "run_name": "external/total/main/snailtracer/benchmark",
      "run_type": "iteration",
      "repetitions": 20,
      "repetition_index": 0,
      "threads": 1,
      "iterations": 37,
      "real_time": 1.8526418729729936e+04,
      "cpu_time": 1.8790044432432518e+04,
      "time_unit": "us",
      "code_size": 1.7730000000000000e+04,
      "execution_time_ns": 1.8526004000000000e+07,
      "gas_rate": 1.2502140101091198e+10,
      "gas_used": 2.3491576800000000e+08,
      "input_size": 4.0000000000000000e+00
    },
    {
      "name": "external/total/main/snailtracer/benchmark",
      "family_index": 7,
      "per_family_instance_index": 0,
      "run_name": "external/total/main/snailtracer/benchmark",
      "run_type": "iteration",
      "repetitions": 20,
      "repetition_index": 1,
      "threads": 1,
      "iterations": 37,
      "real_time": 1.8645096567567904e+04,
      "cpu_time": 1.8910501243243361e+04,
      "time_unit": "us",
      "code_size": 1.7730000000000000e+04,
      "execution_time_ns": 1.8644742459459461e+07,
      "gas_rate": 1.2422503506295708e+10,
      "gas_used": 2.3491576800000000e+08,
      "input_size": 4.0000000000000000e+00
    },
    {
      "name": "external/total/main/snailtracer/benchmark",
      "family_index": 7,
      "per_family_instance_index": 0,
      "run_name": "external/total/main/snailtracer/benchmark",
      "run_type": "iteration",
      "repetitions": 20,
      "repetition_index": 2,
      "threads": 1,
      "iterations": 37,
      "real_time": 1.8499955459459230e+04,
      "cpu_time": 1.8763212108108044e+04,
      "time_unit": "us",
      "code_size": 1.7730000000000000e+04,
      "execution_time_ns": 1.8499629081081081e+07,
      "gas_rate": 1.2520018781778154e+10,
      "gas_used": 2.3491576800000000e+08,
      "input_size": 4.0000000000000000e+00
    },
    {
      "name": "external/total/main/snailtracer/benchmark",
      "family_index": 7,
      "per_family_instance_index": 0,
      "run_name": "external/total/main/snailtracer/benchmark",
      "run_type": "iteration",
      "repetitions": 20,
      "repetition_index": 3,
      "threads": 1,
      "iterations": 37,
      "real_time": 1.8657749135135837e+04,
      "cpu_time": 1.8923694378378364e+04,
      "time_unit": "us",
      "code_size": 1.7730000000000000e+04,
      "execution_time_ns": 1.8657389621621620e+07,
      "gas_rate": 1.2413842841829426e+10,
      "gas_used": 2.3491576800000000e+08,
      "input_size": 4.0000000000000000e+00
    },
    {
      "name": "external/total/main/snailtracer/benchmark",
      "family_index": 7,
      "per_family_instance_index": 0,
      "run_name": "external/total/main/snailtracer/benchmark",
      "run_type": "iteration",
      "repetitions": 20,
      "repetition_index": 4,
      "threads": 1,
      "iterations": 37,
      "real_time": 1.8372028108105216e+04,
      "cpu_time": 1.8633667189189164e+04,
      "time_unit": "us",
      "code_size": 1.7730000000000000e+04,
      "execution_time_ns": 1.8371658378378380e+07,
      "gas_rate": 1.2607060414618376e+10,
      "gas_used": 2.3491576800000000e+08,
      "input_size": 4.0000000000000000e+00
    },
    {
      "name": "external/total/main/snailtracer/benchmark",
      "family_index": 7,
      "per_family_instance_index": 0,
      "run_name": "external/total/main/snailtracer/benchmark",
      "run_type": "iteration",
      "repetitions": 20,
      "repetition_index": 5,
      "threads": 1,
      "iterations": 37,
      "real_time": 1.8148819405410362e+04,
      "cpu_time": 1.8411286189189170e+04,
      "time_unit": "us",
      "code_size": 1.7730000000000000e+04,
      "execution_time_ns": 1.8148436783783782e+07,
      "gas_rate": 1.2759334985403629e+10,
      "gas_used": 2.3491576800000000e+08,
      "input_size": 4.0000000000000000e+00
    },
    {
      "name": "external/total/main/snailtracer/benchmark",
      "family_index": 7,
      "per_family_instance_index": 0,
      "run_name": "external/total/main/snailtracer/benchmark",
      "run_type": "iteration",
      "repetitions": 20,
      "repetition_index": 6,
      "threads": 1,
      "iterations": 37,
      "real_time": 1.8755634378374307e+04,
      "cpu_time": 1.9030627864864869e+04,
      "time_unit": "us",
      "code_size": 1.7730000000000000e+04,
      "execution_time_ns": 1.8755250297297299e+07,
      "gas_rate": 1.2344089205470263e+10,
      "gas_used": 2.3491576800000000e+08,
      "input_size": 4.0000000000000000e+00
    },
    {
      "name": "external/total/main/snailtracer/benchmark",
      "family_index": 7,
      "per_family_instance_index": 0,
      "run_name": "external/total/main/snailtracer/benchmark",
      "run_type": "iteration",
      "repetitions": 20,
      "repetition_index": 7,
      "threads": 1,
      "iterations": 37,
      "real_time": 1.9001871054053874e+04,
      "cpu_time": 1.9280371135134967e+04,
      "time_unit": "us",
      "code_size": 1.7730000000000000e+04,
      "execution_time_ns": 1.9001492891891893e+07,
      "gas_rate": 1.2184193258184162e+10,
      "gas_used": 2.3491576800000000e+08,
      "input_size": 4.0000000000000000e+00
    },
    {
      "name": "external/total/main/snailtracer/benchmark",
      "family_index": 7,
      "per_family_instance_index": 0,
      "run_name": "external/total/main/snailtracer/benchmark",
      "run_type": "iteration",
      "repetitions": 20,
      "repetition_index": 8,
      "threads": 1,
      "iterations": 37,
      "real_time": 2.0161882135130942e+04,
      "cpu_time": 2.0457167027026837e+04,
      "time_unit": "us",
      "code_size": 1.7730000000000000e+04,
      "execution_time_ns": 2.0161534297297299e+07,
      "gas_rate": 1.1483299114175621e+10,
      "gas_used": 2.3491576800000000e+08,
      "input_size": 4.0000000000000000e+00
    },
    {
      "name": "external/total/main/snailtracer/benchmark",
      "family_index": 7,
      "per_family_instance_index": 0,
      "run_name": "external/total/main/snailtracer/benchmark",
      "run_type": "iteration",
      "repetitions": 20,
      "repetition_index": 9,
      "threads": 1,
      "iterations": 37,
      "real_time": 1.8275708756760108e+04,
      "cpu_time": 1.8543797405405447e+04,
      "time_unit": "us",
      "code_size": 1.7730000000000000e+04,
      "execution_time_ns": 1.8275355945945945e+07,
      "gas_rate": 1.2668158676686304e+10,
      "gas_used": 2.3491576800000000e+08,
      "input_size": 4.0000000000000000e+00
    },
    {
      "name": "external/total/main/snailtracer/benchmark",
      "family_index": 7,
      "per_family_instance_index": 0,
      "run_name": "external/total/main/snailtracer/benchmark",
      "run_type": "iteration",
      "repetitions": 20,
      "repetition_index": 10,
      "threads": 1,
      "iterations": 37,
      "real_time": 1.8467620918917837e+04,
      "cpu_time": 1.8738249324324112e+04,
      "time_unit": "us",
      "code_size": 1.7730000000000000e+04,
      "execution_time_ns": 1.8467272459459461e+07,
      "gas_rate": 1.2536697742358246e+10,
      "gas_used": 2.3491576800000000e+08,
      "input_size": 4.0000000000000000e+00
    },
    {
      "name": "external/total/main/snailtracer/benchmark",
      "family_index": 7,
      "per_family_instance_index": 0,
      "run_name": "external/total/main/snailtracer/benchmark",
      "run_type": "iteration",
      "repetitions": 20,
      "repetition_index": 11,
      "threads": 1,
      "iterations": 37,
      "real_time": 1.8532578891891546e+04,
      "cpu_time": 1.8803920000000151e+04,
      "time_unit": "us",
      "code_size": 1.7730000000000000e+04,
      "execution_time_ns": 1.8532195054054055e+07,
      "gas_rate": 1.2492914668856180e+10,
      "gas_used": 2.3491576800000000e+08,
      "input_size": 4.0000000000000000e+00
    },
    {
      "name": "external/total/main/snailtracer/benchmark",
      "family_index": 7,
      "per_family_instance_index": 0,
      "run_name": "external/total/main/snailtracer/benchmark",
      "run_type": "iteration",
      "repetitions": 20,
      "repetition_index": 12,
      "threads": 1,
      "iterations": 37,
      "real_time": 1.8548723567569999e+04,
      "cpu_time": 1.8820635459459590e+04,
      "time_unit": "us",
      "code_size": 1.7730000000000000e+04,
      "execution_time_ns": 1.8548355135135137e+07,
      "gas_rate": 1.2481819145055864e+10,
      "gas_used": 2.3491576800000000e+08,
      "input_size": 4.0000000000000000e+00
    },
    {
      "name": "external/total/main/snailtracer/benchmark",
      "family_index": 7,
      "per_family_instance_index": 0,
      "run_name": "external/total/main/snailtracer/benchmark",
      "run_type": "iteration",
      "repetitions": 20,
      "repetition_index": 13,
      "threads": 1,
      "iterations": 37,
      "real_time": 1.8527632891895384e+04,
      "cpu_time": 1.8798605378378470e+04,
      "time_unit": "us",
      "code_size": 1.7730000000000000e+04,
      "execution_time_ns": 1.8527270081081081e+07,
      "gas_rate": 1.2496446585883032e+10,
      "gas_used": 2.3491576800000000e+08,
      "input_size": 4.0000000000000000e+00
    },
    {
      "name": "external/total/main/snailtracer/benchmark",
      "family_index": 7,
      "per_family_instance_index": 0,
      "run_name": "external/total/main/snailtracer/benchmark",
      "run_type": "iteration",
      "repetitions": 20,
      "repetition_index": 14,
      "threads": 1,
      "iterations": 37,
      "real_time": 1.8843263351349429e+04,
      "cpu_time": 1.9119662270270510e+04,
      "time_unit": "us",
      "code_size": 1.7730000000000000e+04,
      "execution_time_ns": 1.8842884918918919e+07,
      "gas_rate": 1.2286606566543518e+10,
      "gas_used": 2.3491576800000000e+08,
      "input_size": 4.0000000000000000e+00
    },
    {
      "name": "external/total/main/snailtracer/benchmark",
      "family_index": 7,
      "per_family_instance_index": 0,
      "run_name": "external/total/main/snailtracer/benchmark",
      "run_type": "iteration",
      "repetitions": 20,
      "repetition_index": 15,
      "threads": 1,
      "iterations": 37,
      "real_time": 1.8628362081078711e+04,
      "cpu_time": 1.8901589135135291e+04,
      "time_unit": "us",
      "code_size": 1.7730000000000000e+04,
      "execution_time_ns": 1.8627963216216218e+07,
      "gas_rate": 1.2428360722502741e+10,
      "gas_used": 2.3491576800000000e+08,
      "input_size": 4.0000000000000000e+00
    },
    {
      "name": "external/total/main/snailtracer/benchmark",
      "family_index": 7,
      "per_family_instance_index": 0,
      "run_name": "external/total/main/snailtracer/benchmark",
      "run_type": "iteration",
      "repetitions": 20,
      "repetition_index": 16,
      "threads": 1,
      "iterations": 37,
      "real_time": 1.8742216540542016e+04,
      "cpu_time": 1.9015629945946064e+04,
      "time_unit": "us",
      "code_size": 1.7730000000000000e+04,
      "execution_time_ns": 1.8741804189189188e+07,
      "gas_rate": 1.2353825177907482e+10,
      "gas_used": 2.3491576800000000e+08,
      "input_size": 4.0000000000000000e+00
    },
    {
      "name": "external/total/main/snailtracer/benchmark",
      "family_index": 7,
      "per_family_instance_index": 0,
      "run_name": "external/total/main/snailtracer/benchmark",
      "run_type": "iteration",
      "repetitions": 20,
      "repetition_index": 17,
      "threads": 1,
      "iterations": 37,
      "real_time": 1.8289657189186346e+04,
      "cpu_time": 1.8555616189189168e+04,
      "time_unit": "us",
      "code_size": 1.7730000000000000e+04,
      "execution_time_ns": 1.8289249162162162e+07,
      "gas_rate": 1.2660089840447666e+10,
      "gas_used": 2.3491576800000000e+08,
      "input_size": 4.0000000000000000e+00
    },
    {
      "name": "external/total/main/snailtracer/benchmark",
      "family_index": 7,
      "per_family_instance_index": 0,
      "run_name": "external/total/main/snailtracer/benchmark",
      "run_type": "iteration",
      "repetitions": 20,
      "repetition_index": 18,
      "threads": 1,
      "iterations": 37,
      "real_time": 1.8065498702698449e+04,
      "cpu_time": 1.8328300378378324e+04,
      "time_unit": "us",
      "code_size": 1.7730000000000000e+04,
      "execution_time_ns": 1.8065147432432432e+07,
      "gas_rate": 1.2817105959106133e+10,
      "gas_used": 2.3491576800000000e+08,
      "input_size": 4.0000000000000000e+00
    },
    {
      "name": "external/total/main/snailtracer/benchmark",
      "family_index": 7,
      "per_family_instance_index": 0,
      "run_name": "external/total/main/snailtracer/benchmark",
      "run_type": "iteration",
      "repetitions": 20,
      "repetition_index": 19,
      "threads": 1,
      "iterations": 37,
      "real_time": 1.8276779000004626e+04,
      "cpu_time": 1.8528309405405249e+04,
      "time_unit": "us",
      "code_size": 1.7730000000000000e+04,
      "execution_time_ns": 1.8276357621621620e+07,
      "gas_rate": 1.2678748117810913e+10,
      "gas_used": 2.3491576800000000e+08,
      "input_size": 4.0000000000000000e+00
    },
    {
      "name": "external/total/main/snailtracer/benchmark_mean",
      "family_index": 7,
      "per_family_instance_index": 0,
      "run_name": "external/total/main/snailtracer/benchmark",
      "run_type": "aggregate",
      "repetitions": 20,
      "threads": 1,
      "aggregate_name": "mean",
      "aggregate_unit": "time",
      "iterations": 20,
      "real_time": 1.8598374843243106e+04,
      "cpu_time": 1.8867744322972983e+04,
      "time_unit": "us",
      "code_size": 1.7730000000000000e+04,
      "execution_time_ns": 1.8597999651351351e+07,
      "gas_rate": 1.2456862770600231e+10,
      "gas_used": 2.3491576800000000e+08,
      "input_size": 4.0000000000000000e+00
    },
    {
      "name": "external/total/main/snailtracer/benchmark_median",
      "family_index": 7,
      "per_family_instance_index": 0,
      "run_name": "external/total/main/snailtracer/benchmark",
      "run_type": "aggregate",
      "repetitions": 20,
      "threads": 1,
      "aggregate_name": "median",
      "aggregate_unit": "time",
      "iterations": 20,
      "real_time": 1.8530105891893465e+04,
      "cpu_time": 1.8801262689189309e+04,
      "time_unit": "us",
      "code_size": 1.7730000000000000e+04,
      "execution_time_ns": 1.8529732567567568e+07,
      "gas_rate": 1.2494680627369606e+10,
      "gas_used": 2.3491576800000000e+08,
      "input_size": 4.0000000000000000e+00
    },
    {
      "name": "external/total/main/snailtracer/benchmark_stddev",
      "family_index": 7,
      "per_family_instance_index": 0,
      "run_name": "external/total/main/snailtracer/benchmark",
      "run_type": "aggregate",
      "repetitions": 20,
      "threads": 1,
      "aggregate_name": "stddev",
      "aggregate_unit": "time",
      "iterations": 20,
      "real_time": 4.3548256985486233e+02,
      "cpu_time": 4.4313637245542913e+02,
      "time_unit": "us",
      "code_size": 0.0000000000000000e+00,
      "execution_time_ns": 4.3548695378050802e+05,
      "gas_rate": 2.7845875724610454e+08,
      "gas_used": 0.0000000000000000e+00,
      "input_size": 0.0000000000000000e+00
    },
    {
      "name": "external/total/main/snailtracer/benchmark_cv",
      "family_index": 7,
      "per_family_instance_index": 0,
      "run_name": "external/total/main/snailtracer/benchmark",
      "run_type": "aggregate",
      "repetitions": 20,
      "threads": 1,
      "aggregate_name": "cv",
      "aggregate_unit": "percentage",
      "iterations": 20,
      "real_time": 2.3415087260329936e-02,
      "cpu_time": 2.3486452056480079e-02,
      "time_unit": "us",
      "code_size": 0.0000000000000000e+00,
      "execution_time_ns": 2.3415795351349255e-02,
      "gas_rate": 2.2353843208685123e-02,
      "gas_used": 0.0000000000000000e+00,
      "input_size": 0.0000000000000000e+00
    },
    {
      "name": "external/total/main/structarray_alloc/nfts_rank",
      "family_index": 8,
      "per_family_instance_index": 0,
      "run_name": "external/total/main/structarray_alloc/nfts_rank",
      "run_type": "iteration",
      "repetitions": 20,
      "repetition_index": 0,
      "threads": 1,
      "iterations": 4528,
      "real_time": 1.4605065415191328e+02,
      "cpu_time": 1.4817681448763250e+02,
      "time_unit": "us",
      "code_size": 4.9600000000000000e+02,
      "execution_time_ns": 1.4601600309187279e+05,
      "gas_rate": 1.1727043842915346e+10,
      "gas_used": 1.7376760000000000e+06,
      "input_size": 3.6000000000000000e+01
    },
    {
      "name": "external/total/main/structarray_alloc/nfts_rank",
      "family_index": 8,
      "per_family_instance_index": 0,
      "run_name": "external/total/main/structarray_alloc/nfts_rank",
      "run_type": "iteration",
      "repetitions": 20,
      "repetition_index": 1,
      "threads": 1,
      "iterations": 4528,
      "real_time": 1.4718527606009275e+02,
      "cpu_time": 1.4932330212014278e+02,
      "time_unit": "us",
      "code_size": 4.9600000000000000e+02,
      "execution_time_ns": 1.4715176634275619e+05,
      "gas_rate": 1.1637004910338091e+10,
      "gas_used": 1.7376760000000000e+06,
      "input_size": 3.6000000000000000e+01
    },
    {
      "name": "external/total/main/structarray_alloc/nfts_rank",
      "family_index": 8,
      "per_family_instance_index": 0,
      "run_name": "external/total/main/structarray_alloc/nfts_rank",
      "run_type": "iteration",
      "repetitions": 20,
      "repetition_index": 2,
      "threads": 1,
      "iterations": 4528,
      "real_time": 1.4649048608661218e+02,
      "cpu_time": 1.4861454726148307e+02,
      "time_unit": "us",
      "code_size": 4.9600000000000000e+02,
      "execution_time_ns": 1.4645717667844522e+05,
      "gas_rate": 1.1692502732875862e+10,
      "gas_used": 1.7376760000000000e+06,
      "input_size": 3.6000000000000000e+01
    },
    {
      "name": "external/total/main/structarray_alloc/nfts_rank",
      "family_index": 8,
      "per_family_instance_index": 0,
      "run_name": "external/total/main/structarray_alloc/nfts_rank",
      "run_type": "iteration",
      "repetitions": 20,
      "repetition_index": 3,
      "threads": 1,
      "iterations": 4528,
      "real_time": 1.4809804726152149e+02,
      "cpu_time": 1.5025001634275438e+02,
      "time_unit": "us",
      "code_size": 4.9600000000000000e+02,
      "execution_time_ns": 1.4806264840989400e+05,
      "gas_rate": 1.1565230023243170e+10,
      "gas_used": 1.7376760000000000e+06,
      "input_size": 3.6000000000000000e+01
    },
    {
      "name": "external/total/main/structarray_alloc/nfts_rank",
      "family_index": 8,
      "per_family_instance_index": 0,
      "run_name": "external/total/main/structarray_alloc/nfts_rank",
      "run_type": "iteration",
      "repetitions": 20,
      "repetition_index": 4,
      "threads": 1,
      "iterations": 4528,
      "real_time": 1.4920736042402146e+02,
      "cpu_time": 1.5137704549469933e+02,
      "time_unit": "us",
      "code_size": 4.9600000000000000e+02,
      "execution_time_ns": 1.4917363339222615e+05,
      "gas_rate": 1.1479124819230581e+10,
      "gas_used": 1.7376760000000000e+06,
      "input_size": 3.6000000000000000e+01
    },
    {
      "name": "external/total/main/structarray_alloc/nfts_rank",
      "family_index": 8,
      "per_family_instance_index": 0,
      "run_name": "external/total/main/structarray_alloc/nfts_rank",
      "run_type": "iteration",
      "repetitions": 20,
      "repetition_index": 5,
      "threads": 1,
      "iterations": 4528,
      "real_time": 1.5075693374554243e+02,
      "cpu_time": 1.5294535159010445e+02,
      "time_unit": "us",
      "code_size": 4.9600000000000000e+02,
      "execution_time_ns": 1.5072435865724381e+05,
      "gas_rate": 1.1361417538579367e+10,
      "gas_used": 1.7376760000000000e+06,
      "input_size": 3.6000000000000000e+01
    },
    {
      "name": "external/total/main/structarray_alloc/nfts_rank",
      "family_index": 8,
      "per_family_instance_index": 0,
      "run_name": "external/total/main/structarray_alloc/nfts_rank",
      "run_type": "iteration",
      "repetitions": 20,
      "repetition_index": 6,
      "threads": 1,
      "iterations": 4528,
      "real_time": 1.5122838869261491e+02,
      "cpu_time": 1.5342831139575824e+02,
      "time_unit": "us",
      "code_size": 4.9600000000000000e+02,
      "execution_time_ns": 1.5119475375441698e+05,
      "gas_rate": 1.1325654204182558e+10,
      "gas_used": 1.7376760000000000e+06,
      "input_size": 3.6000000000000000e+01
    },
    {
      "name": "external/total/main/structarray_alloc/nfts_rank",
      "family_index": 8,
      "per_family_instance_index": 0,
      "run_name": "external/total/main/structarray_alloc/nfts_rank",
      "run_type": "iteration",
      "repetitions": 20,
      "repetition_index": 7,
      "threads": 1,
      "iterations": 4528,
      "real_time": 1.5141385976148788e+02,
      "cpu_time": 1.5361294743816313e+02,
      "time_unit": "us",
      "code_size": 4.9600000000000000e+02,
      "execution_time_ns": 1.5138061859540635e+05,
      "gas_rate": 1.1312041263315393e+10,
      "gas_used": 1.7376760000000000e+06,
      "input_size": 3.6000000000000000e+01
    },
    {
      "name": "external/total/main/structarray_alloc/nfts_rank",
      "family_index": 8,
      "per_family_instance_index": 0,
      "run_name": "external/total/main/structarray_alloc/nfts_rank",
      "run_type": "iteration",
      "repetitions": 20,
      "repetition_index": 8,
      "threads": 1,
      "iterations": 4528,
      "real_time": 1.5140805344522462e+02,
      "cpu_time": 1.5360742115724301e+02,
      "time_unit": "us",
      "code_size": 4.9600000000000000e+02,
      "execution_time_ns": 1.5133344125441698e+05,
      "gas_rate": 1.1312448232700922e+10,
      "gas_used": 1.7376760000000000e+06,
      "input_size": 3.6000000000000000e+01
    },
    {
      "name": "external/total/main/structarray_alloc/nfts_rank",
      "family_index": 8,
      "per_family_instance_index": 0,
      "run_name": "external/total/main/structarray_alloc/nfts_rank",
      "run_type": "iteration",
      "repetitions": 20,
      "repetition_index": 9,
      "threads": 1,
      "iterations": 4528,
      "real_time": 1.5172831956714404e+02,
      "cpu_time": 1.5393515901059857e+02,
      "time_unit": "us",
      "code_size": 4.9600000000000000e+02,
      "execution_time_ns": 1.5168822371908126e+05,
      "gas_rate": 1.1288363302891443e+10,
      "gas_used": 1.7376760000000000e+06,
      "input_size": 3.6000000000000000e+01
    },
    {
      "name": "external/total/main/structarray_alloc/nfts_rank",
      "family_index": 8,
      "per_family_instance_index": 0,
      "run_name": "external/total/main/structarray_alloc/nfts_rank",
      "run_type": "iteration",
      "repetitions": 20,
      "repetition_index": 10,
      "threads": 1,
      "iterations": 4528,
      "real_time": 1.4937489863073884e+02,
      "cpu_time": 1.5154436550353137e+02,
      "time_unit": "us",
      "code_size": 4.9600000000000000e+02,
      "execution_time_ns": 1.4932817159893992e+05,
      "gas_rate": 1.1466450726995243e+10,
      "gas_used": 1.7376760000000000e+06,
      "input_size": 3.6000000000000000e+01
    },
    {
      "name": "external/total/main/structarray_alloc/nfts_rank",
      "family_index": 8,
      "per_family_instance_index": 0,
      "run_name": "external/total/main/structarray_alloc/nfts_rank",
      "run_type": "iteration",
      "repetitions": 20,
      "repetition_index": 11,
      "threads": 1,
      "iterations": 4528,
      "real_time": 1.4713209982329525e+02,
      "cpu_time": 1.4926831780035221e+02,
      "time_unit": "us",
      "code_size": 4.9600000000000000e+02,
      "execution_time_ns": 1.4709871179328623e+05,
      "gas_rate": 1.1641291505168285e+10,
      "gas_used": 1.7376760000000000e+06,
      "input_size": 3.6000000000000000e+01
    },
    {
      "name": "external/total/main/structarray_alloc/nfts_rank",
      "family_index": 8,
      "per_family_instance_index": 0,
      "run_name": "external/total/main/structarray_alloc/nfts_rank",
      "run_type": "iteration",
      "repetitions": 20,
      "repetition_index": 12,
      "threads": 1,
      "iterations": 4528,
      "real_time": 1.4798012411663927e+02,
      "cpu_time": 1.5013172946113141e+02,
      "time_unit": "us",
      "code_size": 4.9600000000000000e+02,
      "execution_time_ns": 1.4794709386042404e+05,
      "gas_rate": 1.1574342120996336e+10,
      "gas_used": 1.7376760000000000e+06,
      "input_size": 3.6000000000000000e+01
    },
    {
      "name": "external/total/main/structarray_alloc/nfts_rank",
      "family_index": 8,
      "per_family_instance_index": 0,
      "run_name": "external/total/main/structarray_alloc/nfts_rank",
      "run_type": "iteration",
      "repetitions": 20,
      "repetition_index": 13,
      "threads": 1,
      "iterations": 4528,
      "real_time": 1.4881039907247981e+02,
      "cpu_time": 1.5097193330388916e+02,
      "time_unit": "us",
      "code_size": 4.9600000000000000e+02,
      "execution_time_ns": 2.5394501943462898e+05,
      "gas_rate": 1.1509927454543871e+10,
      "gas_used": 1.7376760000000000e+06,
      "input_size": 3.6000000000000000e+01
    },
    {
      "name": "external/total/main/structarray_alloc/nfts_rank",
      "family_index": 8,
      "per_family_instance_index": 0,
      "run_name": "external/total/main/structarray_alloc/nfts_rank",
      "run_type": "iteration",
      "repetitions": 20,
      "repetition_index": 14,
      "threads": 1,
      "iterations": 4528,
      "real_time": 1.4934599801239119e+02,
      "cpu_time": 1.5151518043286023e+02,
      "time_unit": "us",
      "code_size": 4.9600000000000000e+02,
      "execution_time_ns": 1.4931079240282686e+05,
      "gas_rate": 1.1468659411127476e+10,
      "gas_used": 1.7376760000000000e+06,
      "input_size": 3.6000000000000000e+01
    },
    {
      "name": "external/total/main/structarray_alloc/nfts_rank",
      "family_index": 8,
      "per_family_instance_index": 0,
      "run_name": "external/total/main/structarray_alloc/nfts_rank",
      "run_type": "iteration",
      "repetitions": 20,
      "repetition_index": 15,
      "threads": 1,
      "iterations": 4528,
      "real_time": 1.4763021333920426e+02,
      "cpu_time": 1.4977528246466122e+02,
      "time_unit": "us",
      "code_size": 4.9600000000000000e+02,
      "execution_time_ns": 1.4759480454946996e+05,
      "gas_rate": 1.1601887650654217e+10,
      "gas_used": 1.7376760000000000e+06,
      "input_size": 3.6000000000000000e+01
    },
    {
      "name": "external/total/main/structarray_alloc/nfts_rank",
      "family_index": 8,
      "per_family_instance_index": 0,
      "run_name": "external/total/main/structarray_alloc/nfts_rank",
      "run_type": "iteration",
      "repetitions": 20,
      "repetition_index": 16,
      "threads": 1,
      "iterations": 4528,
      "real_time": 1.4748519567136231e+02,
      "cpu_time": 1.4961919434629360e+02,
      "time_unit": "us",
      "code_size": 4.9600000000000000e+02,
      "execution_time_ns": 1.4745096598939929e+05,
      "gas_rate": 1.1613991156630272e+10,
      "gas_used": 1.7376760000000000e+06,
      "input_size": 3.6000000000000000e+01
    },
    {
      "name": "external/total/main/structarray_alloc/nfts_rank",
      "family_index": 8,
      "per_family_instance_index": 0,
      "run_name": "external/total/main/structarray_alloc/nfts_rank",
      "run_type": "iteration",
      "repetitions": 20,
      "repetition_index": 17,
      "threads": 1,
      "iterations": 4528,
      "real_time": 1.5086373873673992e+02,
      "cpu_time": 1.5305533193462495e+02,
      "time_unit": "us",
      "code_size": 4.9600000000000000e+02,
      "execution_time_ns": 1.5082932199646643e+05,
      "gas_rate": 1.1353253611198723e+10,
      "gas_used": 1.7376760000000000e+06,
      "input_size": 3.6000000000000000e+01
    },
    {
      "name": "external/total/main/structarray_alloc/nfts_rank",
      "family_index": 8,
      "per_family_instance_index": 0,
      "run_name": "external/total/main/structarray_alloc/nfts_rank",
      "run_type": "iteration",
      "repetitions": 20,
      "repetition_index": 18,
      "threads": 1,
      "iterations": 4528,
      "real_time": 1.5083907773848975e+02,
      "cpu_time": 1.5302520097172865e+02,
      "time_unit": "us",
      "code_size": 4.9600000000000000e+02,
      "execution_time_ns": 1.5080545803886926e+05,
      "gas_rate": 1.1355489089153589e+10,
      "gas_used": 1.7376760000000000e+06,
      "input_size": 3.6000000000000000e+01
    },
    {
      "name": "external/total/main/structarray_alloc/nfts_rank",
      "family_index": 8,
      "per_family_instance_index": 0,
      "run_name": "external/total/main/structarray_alloc/nfts_rank",
      "run_type": "iteration",
      "repetitions": 20,
      "repetition_index": 19,
      "threads": 1,
      "iterations": 4528,
      "real_time": 1.5002836550349960e+02,
      "cpu_time": 1.5220042800353411e+02,
      "time_unit": "us",
      "code_size": 4.9600000000000000e+02,
      "execution_time_ns": 1.4999284253533569e+05,
      "gas_rate": 1.1417024398641315e+10,
      "gas_used": 1.7376760000000000e+06,
      "input_size": 3.6000000000000000e+01
    },
    {
      "name": "external/total/main/structarray_alloc/nfts_rank_mean",
      "family_index": 8,
      "per_family_instance_index": 0,
      "run_name": "external/total/main/structarray_alloc/nfts_rank",
      "run_type": "aggregate",
      "repetitions": 20,
      "threads": 1,
      "aggregate_name": "mean",
      "aggregate_unit": "time",
      "iterations": 20,
      "real_time": 1.4915287449205078e+02,
      "cpu_time": 1.5131889402605933e+02,
      "time_unit": "us",
      "code_size": 4.9600000000000000e+02,
      "execution_time_ns": 1.5437429030477031e+05,
      "gas_rate": 1.1485157399769106e+10,
      "gas_used": 1.7376760000000000e+06,
      "input_size": 3.6000000000000000e+01
    },
    {
      "name": "external/total/main/structarray_alloc/nfts_rank_median",
      "family_index": 8,
      "per_family_instance_index": 0,
      "run_name": "external/total/main/structarray_alloc/nfts_rank",
      "run_type": "aggregate",
      "repetitions": 20,
      "threads": 1,
      "aggregate_name": "median",
      "aggregate_unit": "time",
      "iterations": 20,
      "real_time": 1.4927667921820634e+02,
      "cpu_time": 1.5144611296377977e+02,
      "time_unit": "us",
      "code_size": 4.9600000000000000e+02,
      "execution_time_ns": 1.4931948200088338e+05,
      "gas_rate": 1.1473892115179028e+10,
      "gas_used": 1.7376760000000000e+06,
      "input_size": 3.6000000000000000e+01
    },
    {
      "name": "external/total/main/structarray_alloc/nfts_rank_stddev",
      "family_index": 8,
      "per_family_instance_index": 0,
      "run_name": "external/total/main/structarray_alloc/nfts_rank",
      "run_type": "aggregate",
      "repetitions": 20,
      "threads": 1,
      "aggregate_name": "stddev",
      "aggregate_unit": "time",
      "iterations": 20,
      "real_time": 1.8167343678179697e+00,
      "cpu_time": 1.8432493771200611e+00,
      "time_unit": "us",
      "code_size": 0.0000000000000000e+00,
      "execution_time_ns": 2.3506454901428424e+04,
      "gas_rate": 1.4009984053191587e+08,
      "gas_used": 0.0000000000000000e+00,
      "input_size": 0.0000000000000000e+00
    },
    {
      "name": "external/total/main/structarray_alloc/nfts_rank_cv",
      "family_index": 8,
      "per_family_instance_index": 0,
      "run_name": "external/total/main/structarray_alloc/nfts_rank",
      "run_type": "aggregate",
      "repetitions": 20,
      "threads": 1,
      "aggregate_name": "cv",
      "aggregate_unit": "percentage",
      "iterations": 20,
      "real_time": 1.2180351025784584e-02,
      "cpu_time": 1.2181224221759292e-02,
      "time_unit": "us",
      "code_size": 0.0000000000000000e+00,
      "execution_time_ns": 1.5226923378900256e-01,
      "gas_rate": 1.2198338747602396e-02,
      "gas_used": 0.0000000000000000e+00,
      "input_size": 0.0000000000000000e+00
    },
    {
      "name": "external/total/main/swap_math/spent",
      "family_index": 9,
      "per_family_instance_index": 0,
      "run_name": "external/total/main/swap_math/spent",
      "run_type": "iteration",
      "repetitions": 20,
      "repetition_index": 0,
      "threads": 1,
      "iterations": 542486,
      "real_time": 1.2772783150165881e+00,
      "cpu_time": 1.2955411236418868e+00,
      "time_unit": "us",
      "code_size": 1.9210000000000000e+03,
      "execution_time_ns": 1.2585039632359176e+03,
      "gas_rate": 2.4538009191584249e+09,
      "gas_used": 3.1790000000000000e+03,
      "input_size": 1.6400000000000000e+02
    },
    {
      "name": "external/total/main/swap_math/spent",
      "family_index": 9,
      "per_family_instance_index": 0,
      "run_name": "external/total/main/swap_math/spent",
      "run_type": "iteration",
      "repetitions": 20,
      "repetition_index": 1,
      "threads": 1,
      "iterations": 542486,
      "real_time": 1.2746663102828746e+00,
      "cpu_time": 1.2928980268615073e+00,
      "time_unit": "us",
      "code_size": 1.9210000000000000e+03,
      "execution_time_ns": 1.2549056086240014e+03,
      "gas_rate": 2.4588172724781551e+09,
      "gas_used": 3.1790000000000000e+03,
      "input_size": 1.6400000000000000e+02
    },
    {
      "name": "external/total/main/swap_math/spent",
      "family_index": 9,
      "per_family_instance_index": 0,
      "run_name": "external/total/main/swap_math/spent",
      "run_type": "iteration",
      "repetitions": 20,
      "repetition_index": 2,
      "threads": 1,
      "iterations": 542486,
      "real_time": 1.2737790228688808e+00,
      "cpu_time": 1.2919807128663370e+00,
      "time_unit": "us",
      "code_size": 1.9210000000000000e+03,
      "execution_time_ns": 1.2541289471064690e+03,
      "gas_rate": 2.4605630473749080e+09,
      "gas_used": 3.1790000000000000e+03,
      "input_size": 1.6400000000000000e+02
    },
    {
      "name": "external/total/main/swap_math/spent",
      "family_index": 9,
      "per_family_instance_index": 0,
      "run_name": "external/total/main/swap_math/spent",
      "run_type": "iteration",
      "repetitions": 20,
      "repetition_index": 3,
      "threads": 1,
      "iterations": 542486,
      "real_time": 1.2480872815149042e+00,
      "cpu_time": 1.2659751495891018e+00,
      "time_unit": "us",
      "code_size": 1.9210000000000000e+03,
      "execution_time_ns": 1.2290295307160000e+03,
      "gas_rate": 2.5111077425428214e+09,
      "gas_used": 3.1790000000000000e+03,
      "input_size": 1.6400000000000000e+02
    },
    {
      "name": "external/total/main/swap_math/spent",
      "family_index": 9,
      "per_family_instance_index": 0,
      "run_name": "external/total/main/swap_math/spent",
      "run_type": "iteration",
      "repetitions": 20,
      "repetition_index": 4,
      "threads": 1,
      "iterations": 542486,
      "real_time": 1.2386780986055148e+00,
      "cpu_time": 1.2563962719775141e+00,
      "time_unit": "us",
      "code_size": 1.9210000000000000e+03,
      "execution_time_ns": 1.2194336204067938e+03,
      "gas_rate": 2.5302526526892581e+09,
      "gas_used": 3.1790000000000000e+03,
      "input_size": 1.6400000000000000e+02
    },
    {
      "name": "external/total/main/swap_math/spent",
      "family_index": 9,
      "per_family_instance_index": 0,
      "run_name": "external/total/main/swap_math/spent",
      "run_type": "iteration",
      "repetitions": 20,
      "repetition_index": 5,
      "threads": 1,
      "iterations": 542486,
      "real_time": 1.2439349789671434e+00,
      "cpu_time": 1.2617316078202589e+00,
      "time_unit": "us",
      "code_size": 1.9210000000000000e+03,
      "execution_time_ns": 1.2255698119398473e+03,
      "gas_rate": 2.5195532713109832e+09,
      "gas_used": 3.1790000000000000e+03,
      "input_size": 1.6400000000000000e+02
    },
    {
      "name": "external/total/main/swap_math/spent",
      "family_index": 9,
      "per_family_instance_index": 0,
      "run_name": "external/total/main/swap_math/spent",
      "run_type": "iteration",
      "repetitions": 20,
      "repetition_index": 6,
      "threads": 1,
      "iterations": 542486,
      "real_time": 1.2327373370002113e+00,
      "cpu_time": 1.2503961281949973e+00,
      "time_unit": "us",
      "code_size": 1.9210000000000000e+03,
      "execution_time_ns": 1.2145445744221970e+03,
      "gas_rate": 2.5423943087452040e+09,
      "gas_used": 3.1790000000000000e+03,
      "input_size": 1.6400000000000000e+02
    },
    {
      "name": "external/total/main/swap_math/spent",
      "family_index": 9,
      "per_family_instance_index": 0,
      "run_name": "external/total/main/swap_math/spent",
      "run_type": "iteration",
      "repetitions": 20,
      "repetition_index": 7,
      "threads": 1,
      "iterations": 542486,
      "real_time": 1.2383676113298889e+00,
      "cpu_time": 1.2560829496060644e+00,
      "time_unit": "us",
      "code_size": 1.9210000000000000e+03,
      "execution_time_ns": 1.2196974539435118e+03,
      "gas_rate": 2.5308838090645251e+09,
      "gas_used": 3.1790000000000000e+03,
      "input_size": 1.6400000000000000e+02
    },
    {
      "name": "external/total/main/swap_math/spent",
      "family_index": 9,
      "per_family_instance_index": 0,
      "run_name": "external/total/main/swap_math/spent",
      "run_type": "iteration",
      "repetitions": 20,
      "repetition_index": 8,
      "threads": 1,
      "iterations": 542486,
      "real_time": 1.2368156505421657e+00,
      "cpu_time": 1.2545058784927350e+00,
      "time_unit": "us",
      "code_size": 1.9210000000000000e+03,
      "execution_time_ns": 1.2180546705352765e+03,
      "gas_rate": 2.5340654472018166e+09,
      "gas_used": 3.1790000000000000e+03,
      "input_size": 1.6400000000000000e+02
    },
    {
      "name": "external/total/main/swap_math/spent",
      "family_index": 9,
      "per_family_instance_index": 0,
      "run_name": "external/total/main/swap_math/spent",
      "run_type": "iteration",
      "repetitions": 20,
      "repetition_index": 9,
      "threads": 1,
      "iterations": 542486,
      "real_time": 1.2467782191611239e+00,
      "cpu_time": 1.2646273046677852e+00,
      "time_unit": "us",
      "code_size": 1.9210000000000000e+03,
      "execution_time_ns": 1.2280375862234232e+03,
      "gas_rate": 2.5137840913810697e+09,
      "gas_used": 3.1790000000000000e+03,
      "input_size": 1.6400000000000000e+02
    },
    {
      "name": "external/total/main/swap_math/spent",
      "family_index": 9,
      "per_family_instance_index": 0,
      "run_name": "external/total/main/swap_math/spent",
      "run_type": "iteration",
      "repetitions": 20,
      "repetition_index": 10,
      "threads": 1,
      "iterations": 542486,
      "real_time": 1.2691018164527068e+00,
      "cpu_time": 1.2871877965514174e+00,
      "time_unit": "us",
      "code_size": 1.9210000000000000e+03,
      "execution_time_ns": 1.2499393108762254e+03,
      "gas_rate": 2.4697250925754981e+09,
      "gas_used": 3.1790000000000000e+03,
      "input_size": 1.6400000000000000e+02
    },
    {
      "name": "external/total/main/swap_math/spent",
      "family_index": 9,
      "per_family_instance_index": 0,
      "run_name": "external/total/main/swap_math/spent",
      "run_type": "iteration",
      "repetitions": 20,
      "repetition_index": 11,
      "threads": 1,
      "iterations": 542486,
      "real_time": 1.2715224595657617e+00,
      "cpu_time": 1.2901151974428897e+00,
      "time_unit": "us",
      "code_size": 1.9210000000000000e+03,
      "execution_time_ns": 1.2524055072388965e+03,
      "gas_rate": 2.4641210384165921e+09,
      "gas_used": 3.1790000000000000e+03,
      "input_size": 1.6400000000000000e+02
    },
    {
      "name": "external/total/main/swap_math/spent",
      "family_index": 9,
      "per_family_instance_index": 0,
      "run_name": "external/total/main/swap_math/spent",
      "run_type": "iteration",
      "repetitions": 20,
      "repetition_index": 12,
      "threads": 1,
      "iterations": 542486,
      "real_time": 1.2719989197878332e+00,
      "cpu_time": 1.2907114653649872e+00,
      "time_unit": "us",
      "code_size": 1.9210000000000000e+03,
      "execution_time_ns": 1.2523759230652956e+03,
      "gas_rate": 2.4629826923409586e+09,
      "gas_used": 3.1790000000000000e+03,
      "input_size": 1.6400000000000000e+02
    },
    {
      "name": "external/total/main/swap_math/spent",
      "family_index": 9,
      "per_family_instance_index": 0,
      "run_name": "external/total/main/swap_math/spent",
      "run_type": "iteration",
      "repetitions": 20,
      "repetition_index": 13,
      "threads": 1,
      "iterations": 542486,
      "real_time": 1.2864477498039626e+00,
      "cpu_time": 1.3053582120091671e+00,
      "time_unit": "us",
      "code_size": 1.9210000000000000e+03,
      "execution_time_ns": 1.2669908679670996e+03,
      "gas_rate": 2.4353468425398583e+09,
      "gas_used": 3.1790000000000000e+03,
      "input_size": 1.6400000000000000e+02
    },
    {
      "name": "external/total/main/swap_math/spent",
      "family_index": 9,
      "per_family_instance_index": 0,
      "run_name": "external/total/main/swap_math/spent",
      "run_type": "iteration",
      "repetitions": 20,
      "repetition_index": 14,
      "threads": 1,
      "iterations": 542486,
      "real_time": 1.2790610928208339e+00,
      "cpu_time": 1.2978824651696064e+00,
      "time_unit": "us",
      "code_size": 1.9210000000000000e+03,
      "execution_time_ns": 1.2600146492259707e+03,
      "gas_rate": 2.4493743349746008e+09,
      "gas_used": 3.1790000000000000e+03,
      "input_size": 1.6400000000000000e+02
    },
    {
      "name": "external/total/main/swap_math/spent",
      "family_index": 9,
      "per_family_instance_index": 0,
      "run_name": "external/total/main/swap_math/spent",
      "run_type": "iteration",
      "repetitions": 20,
      "repetition_index": 15,
      "threads": 1,
      "iterations": 542486,
      "real_time": 1.2695525617249623e+00,
      "cpu_time": 1.2882349498420083e+00,
      "time_unit": "us",
      "code_size": 1.9210000000000000e+03,
      "execution_time_ns": 1.2509347614500650e+03,
      "gas_rate": 2.4677175544646411e+09,
      "gas_used": 3.1790000000000000e+03,
      "input_size": 1.6400000000000000e+02
    },
    {
      "name": "external/total/main/swap_math/spent",
      "family_index": 9,
      "per_family_instance_index": 0,
      "run_name": "external/total/main/swap_math/spent",
      "run_type": "iteration",
      "repetitions": 20,
      "repetition_index": 16,
      "threads": 1,
      "iterations": 542486,
      "real_time": 1.2722557780293571e+00,
      "cpu_time": 1.2909375320284466e+00,
      "time_unit": "us",
      "code_size": 1.9210000000000000e+03,
      "execution_time_ns": 1.2523101775898365e+03,
      "gas_rate": 2.4625513792327704e+09,
      "gas_used": 3.1790000000000000e+03,
      "input_size": 1.6400000000000000e+02
    },
    {
      "name": "external/total/main/swap_math/spent",
      "family_index": 9,
      "per_family_instance_index": 0,
      "run_name": "external/total/main/swap_math/spent",
      "run_type": "iteration",
      "repetitions": 20,
      "repetition_index": 17,
      "threads": 1,
      "iterations": 542486,
      "real_time": 1.2377625579277900e+00,
      "cpu_time": 1.2559746684706916e+00,
      "time_unit": "us",
      "code_size": 1.9210000000000000e+03,
      "execution_time_ns": 1.2192610353078237e+03,
      "gas_rate": 2.5311020037297688e+09,
      "gas_used": 3.1790000000000000e+03,
      "input_size": 1.6400000000000000e+02
    },
    {
      "name": "external/total/main/swap_math/spent",
      "family_index": 9,
      "per_family_instance_index": 0,
      "run_name": "external/total/main/swap_math/spent",
      "run_type": "iteration",
      "repetitions": 20,
      "repetition_index": 18,
      "threads": 1,
      "iterations": 542486,
      "real_time": 1.2520745180521156e+00,
      "cpu_time": 1.2704947556250201e+00,
      "time_unit": "us",
      "code_size": 1.9210000000000000e+03,
      "execution_time_ns": 1.2333871823420327e+03,
      "gas_rate": 2.5021748306517725e+09,
      "gas_used": 3.1790000000000000e+03,
      "input_size": 1.6400000000000000e+02
    },
    {
      "name": "external/total/main/swap_math/spent",
      "family_index": 9,
      "per_family_instance_index": 0,
      "run_name": "external/total/main/swap_math/spent",
      "run_type": "iteration",
      "repetitions": 20,
      "repetition_index": 19,
      "threads": 1,
      "iterations": 542486,
      "real_time": 1.2420820002726196e+00,
      "cpu_time": 1.2603139435856452e+00,
      "time_unit": "us",
      "code_size": 1.9210000000000000e+03,
      "execution_time_ns": 1.2234105912410644e+03,
      "gas_rate": 2.5223873909984789e+09,
      "gas_used": 3.1790000000000000e+03,
      "input_size": 1.6400000000000000e+02
    },
    {
      "name": "external/total/main/swap_math/spent_mean",
      "family_index": 9,
      "per_family_instance_index": 0,
      "run_name": "external/total/main/swap_math/spent",
      "run_type": "aggregate",
      "repetitions": 20,
      "threads": 1,
      "aggregate_name": "mean",
      "aggregate_unit": "time",
      "iterations": 20,
      "real_time": 1.2581491139863619e+00,
      "cpu_time": 1.2763673069904033e+00,
      "time_unit": "us",
      "code_size": 1.9210000000000000e+03,
      "execution_time_ns": 1.2391467886728876e+03,
      "gas_rate": 2.4911352860936050e+09,
      "gas_used": 3.1790000000000000e+03,
      "input_size": 1.6400000000000000e+02
    },
    {
      "name": "external/total/main/swap_math/spent_median",
      "family_index": 9,
      "per_family_instance_index": 0,
      "run_name": "external/total/main/swap_math/spent",
      "run_type": "aggregate",
      "repetitions": 20,
      "threads": 1,
      "aggregate_name": "median",
      "aggregate_unit": "time",
      "iterations": 20,
      "real_time": 1.2605881672524109e+00,
      "cpu_time": 1.2788412760882184e+00,
      "time_unit": "us",
      "code_size": 1.9210000000000000e+03,
      "execution_time_ns": 1.2416632466091291e+03,
      "gas_rate": 2.4859499616136351e+09,
      "gas_used": 3.1790000000000000e+03,
      "input_size": 1.6400000000000000e+02
    },
    {
      "name": "external/total/main/swap_math/spent_stddev",
      "family_index": 9,
      "per_family_instance_index": 0,
      "run_name": "external/total/main/swap_math/spent",
      "run_type": "aggregate",
      "repetitions": 20,
      "threads": 1,
      "aggregate_name": "stddev",
      "aggregate_unit": "time",
      "iterations": 20,
      "real_time": 1.7704252867444863e-02,
      "cpu_time": 1.8040648055626766e-02,
      "time_unit": "us",
      "code_size": 0.0000000000000000e+00,
      "execution_time_ns": 1.7382936377848104e+01,
      "gas_rate": 3.5222163764773242e+07,
      "gas_used": 0.0000000000000000e+00,
      "input_size": 0.0000000000000000e+00
    },
    {
      "name": "external/total/main/swap_math/spent_cv",
      "family_index": 9,
      "per_family_instance_index": 0,
      "run_name": "external/total/main/swap_math/spent",
      "run_type": "aggregate",
      "repetitions": 20,
      "threads": 1,
      "aggregate_name": "cv",
      "aggregate_unit": "percentage",
      "iterations": 20,
      "real_time": 1.4071665012225867e-02,
      "cpu_time": 1.4134370221504279e-02,
      "time_unit": "us",
      "code_size": 0.0000000000000000e+00,
      "execution_time_ns": 1.4028149478937064e-02,
      "gas_rate": 1.4139000784660622e-02,
      "gas_used": 0.0000000000000000e+00,
      "input_size": 0.0000000000000000e+00
    },
    {
      "name": "external/total/main/swap_math/received",
      "family_index": 10,
      "per_family_instance_index": 0,
      "run_name": "external/total/main/swap_math/received",
      "run_type": "iteration",
      "repetitions": 20,
      "repetition_index": 0,
      "threads": 1,
      "iterations": 461363,
      "real_time": 1.5077107960543747e+00,
      "cpu_time": 1.5299214913202921e+00,
      "time_unit": "us",
      "code_size": 1.9210000000000000e+03,
      "execution_time_ns": 1.4888174365954790e+03,
      "gas_rate": 2.2909672292891669e+09,
      "gas_used": 3.5050000000000000e+03,
      "input_size": 1.6400000000000000e+02
    },
    {
      "name": "external/total/main/swap_math/received",
      "family_index": 10,
      "per_family_instance_index": 0,
      "run_name": "external/total/main/swap_math/received",
      "run_type": "iteration",
      "repetitions": 20,
      "repetition_index": 1,
      "threads": 1,
      "iterations": 461363,
      "real_time": 1.5051889228225412e+00,
      "cpu_time": 1.5272736240227496e+00,
      "time_unit": "us",
      "code_size": 1.9210000000000000e+03,
      "execution_time_ns": 1.4863011403168439e+03,
      "gas_rate": 2.2949391286991749e+09,
      "gas_used": 3.5050000000000000e+03,
      "input_size": 1.6400000000000000e+02
    },
    {
      "name": "external/total/main/swap_math/received",
      "family_index": 10,
      "per_family_instance_index": 0,
      "run_name": "external/total/main/swap_math/received",
      "run_type": "iteration",
      "repetitions": 20,
      "repetition_index": 2,
      "threads": 1,
      "iterations": 461363,
      "real_time": 1.5005268671304117e+00,
      "cpu_time": 1.5224853163344618e+00,
      "time_unit": "us",
      "code_size": 1.9210000000000000e+03,
      "execution_time_ns": 1.4812190314351174e+03,
      "gas_rate": 2.3021568499843688e+09,
      "gas_used": 3.5050000000000000e+03,
      "input_size": 1.6400000000000000e+02
    },
    {
      "name": "external/total/main/swap_math/received",
      "family_index": 10,
      "per_family_instance_index": 0,
      "run_name": "external/total/main/swap_math/received",
      "run_type": "iteration",
      "repetitions": 20,
      "repetition_index": 3,
      "threads": 1,
      "iterations": 461363,
      "real_time": 1.5111074576851038e+00,
      "cpu_time": 1.5332065120089908e+00,
      "time_unit": "us",
      "code_size": 1.9210000000000000e+03,
      "execution_time_ns": 1.4922062063927970e+03,
      "gas_rate": 2.2860586441205034e+09,
      "gas_used": 3.5050000000000000e+03,
      "input_size": 1.6400000000000000e+02
    },
    {
      "name": "external/total/main/swap_math/received",
      "family_index": 10,
      "per_family_instance_index": 0,
      "run_name": "external/total/main/swap_math/received",
      "run_type": "iteration",
      "repetitions": 20,
      "repetition_index": 4,
      "threads": 1,
      "iterations": 461363,
      "real_time": 1.5049446292832069e+00,
      "cpu_time": 1.5268409495342929e+00,
      "time_unit": "us",
      "code_size": 1.9210000000000000e+03,
      "execution_time_ns": 1.4854500035763597e+03,
      "gas_rate": 2.2955894659945245e+09,
      "gas_used": 3.5050000000000000e+03,
      "input_size": 1.6400000000000000e+02
    },
    {
      "name": "external/total/main/swap_math/received",
      "family_index": 10,
      "per_family_instance_index": 0,
      "run_name": "external/total/main/swap_math/received",
      "run_type": "iteration",
      "repetitions": 20,
      "repetition_index": 5,
      "threads": 1,
      "iterations": 461363,
      "real_time": 1.4808108712658588e+00,
      "cpu_time": 1.5024272731016659e+00,
      "time_unit": "us",
      "code_size": 1.9210000000000000e+03,
      "execution_time_ns": 1.4617681370200905e+03,
      "gas_rate": 2.3328916232758141e+09,
      "gas_used": 3.5050000000000000e+03,
      "input_size": 1.6400000000000000e+02
    },
    {
      "name": "external/total/main/swap_math/received",
      "family_index": 10,
      "per_family_instance_index": 0,
      "run_name": "external/total/main/swap_math/received",
      "run_type": "iteration",
      "repetitions": 20,
      "repetition_index": 6,
      "threads": 1,
      "iterations": 461363,
      "real_time": 1.5464671397576579e+00,
      "cpu_time": 1.5690540702223510e+00,
      "time_unit": "us",
      "code_size": 1.9210000000000000e+03,
      "execution_time_ns": 1.5270836456326147e+03,
      "gas_rate": 2.2338299657852488e+09,
      "gas_used": 3.5050000000000000e+03,
      "input_size": 1.6400000000000000e+02
    },
    {
      "name": "external/total/main/swap_math/received",
      "family_index": 10,
      "per_family_instance_index": 0,
      "run_name": "external/total/main/swap_math/received",
      "run_type": "iteration",
      "repetitions": 20,
      "repetition_index": 7,
      "threads": 1,
      "iterations": 461363,
      "real_time": 1.5630698365495501e+00,
      "cpu_time": 1.5858826932371766e+00,
      "time_unit": "us",
      "code_size": 1.9210000000000000e+03,
      "execution_time_ns": 1.5426051698987565e+03,
      "gas_rate": 2.2101256385145569e+09,
      "gas_used": 3.5050000000000000e+03,
      "input_size": 1.6400000000000000e+02
    },
    {
      "name": "external/total/main/swap_math/received",
      "family_index": 10,
      "per_family_instance_index": 0,
      "run_name": "external/total/main/swap_math/received",
      "run_type": "iteration",
      "repetitions": 20,
      "repetition_index": 8,
      "threads": 1,
      "iterations": 461363,
      "real_time": 1.5393554923131711e+00,
      "cpu_time": 1.5618215916751068e+00,
      "time_unit": "us",
      "code_size": 1.9210000000000000e+03,
      "execution_time_ns": 1.5201086996573197e+03,
      "gas_rate": 2.2441743786118159e+09,
      "gas_used": 3.5050000000000000e+03,
      "input_size": 1.6400000000000000e+02
    },
    {
      "name": "external/total/main/swap_math/received",
      "family_index": 10,
      "per_family_instance_index": 0,
      "run_name": "external/total/main/swap_math/received",
      "run_type": "iteration",
      "repetitions": 20,
      "repetition_index": 9,
      "threads": 1,
      "iterations": 461363,
      "real_time": 1.5108331769130197e+00,
      "cpu_time": 1.5328991531613827e+00,
      "time_unit": "us",
      "code_size": 1.9210000000000000e+03,
      "execution_time_ns": 1.4919325390202509e+03,
      "gas_rate": 2.2865170176207900e+09,
      "gas_used": 3.5050000000000000e+03,
      "input_size": 1.6400000000000000e+02
    },
    {
      "name": "external/total/main/swap_math/received",
      "family_index": 10,
      "per_family_instance_index": 0,
      "run_name": "external/total/main/swap_math/received",
      "run_type": "iteration",
      "repetitions": 20,
      "repetition_index": 10,
      "threads": 1,
      "iterations": 461363,
      "real_time": 1.4726443234503677e+00,
      "cpu_time": 1.4941276391908234e+00,
      "time_unit": "us",
      "code_size": 1.9210000000000000e+03,
      "execution_time_ns": 1.4535741227623369e+03,
      "gas_rate": 2.3458504535115938e+09,
      "gas_used": 3.5050000000000000e+03,
      "input_size": 1.6400000000000000e+02
    },
    {
      "name": "external/total/main/swap_math/received",
      "family_index": 10,
      "per_family_instance_index": 0,
      "run_name": "external/total/main/swap_math/received",
      "run_type": "iteration",
      "repetitions": 20,
      "repetition_index": 11,
      "threads": 1,
      "iterations": 461363,
      "real_time": 1.5165841539092666e+00,
      "cpu_time": 1.5387254352862847e+00,
      "time_unit": "us",
      "code_size": 1.9210000000000000e+03,
      "execution_time_ns": 1.4976942060806784e+03,
      "gas_rate": 2.2778592721110663e+09,
      "gas_used": 3.5050000000000000e+03,
      "input_size": 1.6400000000000000e+02
    },
    {
      "name": "external/total/main/swap_math/received",
      "family_index": 10,
      "per_family_instance_index": 0,
      "run_name": "external/total/main/swap_math/received",
      "run_type": "iteration",
      "repetitions": 20,
      "repetition_index": 12,
      "threads": 1,
      "iterations": 461363,
      "real_time": 1.4848670482899040e+00,
      "cpu_time": 1.5065461144478303e+00,
      "time_unit": "us",
      "code_size": 1.9210000000000000e+03,
      "execution_time_ns": 1.4657778582157650e+03,
      "gas_rate": 2.3265135838770065e+09,
      "gas_used": 3.5050000000000000e+03,
      "input_size": 1.6400000000000000e+02
    },
    {
      "name": "external/total/main/swap_math/received",
      "family_index": 10,
      "per_family_instance_index": 0,
      "run_name": "external/total/main/swap_math/received",
      "run_type": "iteration",
      "repetitions": 20,
      "repetition_index": 13,
      "threads": 1,
      "iterations": 461363,
      "real_time": 1.4636107685275141e+00,
      "cpu_time": 1.4849047821347034e+00,
      "time_unit": "us",
      "code_size": 1.9210000000000000e+03,
      "execution_time_ns": 1.4448518043276119e+03,
      "gas_rate": 2.3604207099132662e+09,
      "gas_used": 3.5050000000000000e+03,
      "input_size": 1.6400000000000000e+02
    },
    {
      "name": "external/total/main/swap_math/received",
      "family_index": 10,
      "per_family_instance_index": 0,
      "run_name": "external/total/main/swap_math/received",
      "run_type": "iteration",
      "repetitions": 20,
      "repetition_index": 14,
      "threads": 1,
      "iterations": 461363,
      "real_time": 1.4600849916446159e+00,
      "cpu_time": 1.4813936834986652e+00,
      "time_unit": "us",
      "code_size": 1.9210000000000000e+03,
      "execution_time_ns": 1.4416404978292580e+03,
      "gas_rate": 2.3660152186703706e+09,
      "gas_used": 3.5050000000000000e+03,
      "input_size": 1.6400000000000000e+02
    },
    {
      "name": "external/total/main/swap_math/received",
      "family_index": 10,
      "per_family_instance_index": 0,
      "run_name": "external/total/main/swap_math/received",
      "run_type": "iteration",
      "repetitions": 20,
      "repetition_index": 15,
      "threads": 1,
      "iterations": 461363,
      "real_time": 1.4627091379241035e+00,
      "cpu_time": 1.4840440629179454e+00,
      "time_unit": "us",
      "code_size": 1.9210000000000000e+03,
      "execution_time_ns": 1.4438889226054105e+03,
      "gas_rate": 2.3617897120308046e+09,
      "gas_used": 3.5050000000000000e+03,
      "input_size": 1.6400000000000000e+02
    },
    {
      "name": "external/total/main/swap_math/received",
      "family_index": 10,
      "per_family_instance_index": 0,
      "run_name": "external/total/main/swap_math/received",
      "run_type": "iteration",
      "repetitions": 20,
      "repetition_index": 16,
      "threads": 1,
      "iterations": 461363,
      "real_time": 1.4977856113302781e+00,
      "cpu_time": 1.5196013161003488e+00,
      "time_unit": "us",
      "code_size": 1.9210000000000000e+03,
      "execution_time_ns": 1.4786126629140178e+03,
      "gas_rate": 2.3065260360491443e+09,
      "gas_used": 3.5050000000000000e+03,
      "input_size": 1.6400000000000000e+02
    },
    {
      "name": "external/total/main/swap_math/received",
      "family_index": 10,
      "per_family_instance_index": 0,
      "run_name": "external/total/main/swap_math/received",
      "run_type": "iteration",
      "repetitions": 20,
      "repetition_index": 17,
      "threads": 1,
      "iterations": 461363,
      "real_time": 1.4982218795179079e+00,
      "cpu_time": 1.5201061355159033e+00,
      "time_unit": "us",
      "code_size": 1.9210000000000000e+03,
      "execution_time_ns": 1.4785302180712367e+03,
      "gas_rate": 2.3057600506364975e+09,
      "gas_used": 3.5050000000000000e+03,
      "input_size": 1.6400000000000000e+02
    },
    {
      "name": "external/total/main/swap_math/received",
      "family_index": 10,
      "per_family_instance_index": 0,
      "run_name": "external/total/main/swap_math/received",
      "run_type": "iteration",
      "repetitions": 20,
      "repetition_index": 18,
      "threads": 1,
      "iterations": 461363,
      "real_time": 1.5033055403230815e+00,
      "cpu_time": 1.5252079967400582e+00,
      "time_unit": "us",
      "code_size": 1.9210000000000000e+03,
      "execution_time_ns": 1.4840624475738193e+03,
      "gas_rate": 2.2980472220782347e+09,
      "gas_used": 3.5050000000000000e+03,
      "input_size": 1.6400000000000000e+02
    },
    {
      "name": "external/total/main/swap_math/received",
      "family_index": 10,
      "per_family_instance_index": 0,
      "run_name": "external/total/main/swap_math/received",
      "run_type": "iteration",
      "repetitions": 20,
      "repetition_index": 19,
      "threads": 1,
      "iterations": 461363,
      "real_time": 1.5090817620833534e+00,
      "cpu_time": 1.5306451319243315e+00,
      "time_unit": "us",
      "code_size": 1.9210000000000000e+03,
      "execution_time_ns": 1.4887486621163812e+03,
      "gas_rate": 2.2898841324464955e+09,
      "gas_used": 3.5050000000000000e+03,
      "input_size": 1.6400000000000000e+02
    },
    {
      "name": "external/total/main/swap_math/received_mean",
      "family_index": 10,
      "per_family_instance_index": 0,
      "run_name": "external/total/main/swap_math/received",
      "run_type": "aggregate",
      "repetitions": 20,
      "threads": 1,
      "aggregate_name": "mean",
      "aggregate_unit": "time",
      "iterations": 20,
      "real_time": 1.5019455203387646e+00,
      "cpu_time": 1.5238557486187685e+00,
      "time_unit": "us",
      "code_size": 1.9210000000000000e+03,
      "execution_time_ns": 1.4827436706021072e+03,
      "gas_rate": 2.3007958166610217e+09,
      "gas_used": 3.5050000000000000e+03,
      "input_size": 1.6400000000000000e+02
    },
    {
      "name": "external/total/main/swap_math/received_median",
      "family_index": 10,
      "per_family_instance_index": 0,
      "run_name": "external/total/main/swap_math/received",
      "run_type": "aggregate",
      "repetitions": 20,
      "threads": 1,
      "aggregate_name": "median",
      "aggregate_unit": "time",
      "iterations": 20,
      "real_time": 1.5041250848031444e+00,
      "cpu_time": 1.5260244731371757e+00,
      "time_unit": "us",
      "code_size": 1.9210000000000000e+03,
      "execution_time_ns": 1.4847562255750895e+03,
      "gas_rate": 2.2968183440363798e+09,
      "gas_used": 3.5050000000000000e+03,
      "input_size": 1.6400000000000000e+02
    },
    {
      "name": "external/total/main/swap_math/received_stddev",
      "family_index": 10,
      "per_family_instance_index": 0,
      "run_name": "external/total/main/swap_math/received",
      "run_type": "aggregate",
      "repetitions": 20,
      "threads": 1,
      "aggregate_name": "stddev",
      "aggregate_unit": "time",
      "iterations": 20,
      "real_time": 2.7137130807544069e-02,
      "cpu_time": 2.7538537761457087e-02,
      "time_unit": "us",
      "code_size": 0.0000000000000000e+00,
      "execution_time_ns": 2.6841164253085122e+01,
      "gas_rate": 4.1328608906605065e+07,
      "gas_used": 0.0000000000000000e+00,
      "input_size": 0.0000000000000000e+00
    },
    {
      "name": "external/total/main/swap_math/received_cv",
      "family_index": 10,
      "per_family_instance_index": 0,
      "run_name": "external/total/main/swap_math/received",
      "run_type": "aggregate",
      "repetitions": 20,
      "threads": 1,
      "aggregate_name": "cv",
      "aggregate_unit": "percentage",
      "iterations": 20,
      "real_time": 1.8067986115384047e-02,
      "cpu_time": 1.8071617202886938e-02,
      "time_unit": "us",
      "code_size": 0.0000000000000000e+00,
      "execution_time_ns": 1.8102363061975209e-02,
      "gas_rate": 1.7962745154232018e-02,
      "gas_used": 0.0000000000000000e+00,
      "input_size": 0.0000000000000000e+00
    },
    {
      "name": "external/total/main/swap_math/insufficient_liquidity",
      "family_index": 11,
      "per_family_instance_index": 0,
      "run_name": "external/total/main/swap_math/insufficient_liquidity",
      "run_type": "iteration",
      "repetitions": 20,
      "repetition_index": 0,
      "threads": 1,
      "iterations": 657981,
      "real_time": 1.0571789382976309e+00,
      "cpu_time": 1.0726043290004013e+00,
      "time_unit": "us",
      "code_size": 1.9210000000000000e+03,
      "execution_time_ns": 1.7675613368775087e+03,
      "gas_rate": 2.0809164569381158e+09,
      "gas_used": 2.2320000000000000e+03,
      "input_size": 1.6400000000000000e+02
    },
    {
      "name": "external/total/main/swap_math/insufficient_liquidity",
      "family_index": 11,
      "per_family_instance_index": 0,
      "run_name": "external/total/main/swap_math/insufficient_liquidity",
      "run_type": "iteration",
      "repetitions": 20,
      "repetition_index": 1,
      "threads": 1,
      "iterations": 657981,
      "real_time": 1.0447485687276388e+00,
      "cpu_time": 1.0599519013466605e+00,
      "time_unit": "us",
      "code_size": 1.9210000000000000e+03,
      "execution_time_ns": 1.0256786548547755e+03,
      "gas_rate": 2.1057559283249187e+09,
      "gas_used": 2.2320000000000000e+03,
      "input_size": 1.6400000000000000e+02
    },
    {
      "name": "external/total/main/swap_math/insufficient_liquidity",
      "family_index": 11,
      "per_family_instance_index": 0,
      "run_name": "external/total/main/swap_math/insufficient_liquidity",
      "run_type": "iteration",
      "repetitions": 20,
      "repetition_index": 2,
      "threads": 1,
      "iterations": 657981,
      "real_time": 1.0600734291718743e+00,
      "cpu_time": 1.0754972970343986e+00,
      "time_unit": "us",
      "code_size": 1.9210000000000000e+03,
      "execution_time_ns": 1.0408022997624550e+03,
      "gas_rate": 2.0753190232598159e+09,
      "gas_used": 2.2320000000000000e+03,
      "input_size": 1.6400000000000000e+02
    },
    {
      "name": "external/total/main/swap_math/insufficient_liquidity",
      "family_index": 11,
      "per_family_instance_index": 0,
      "run_name": "external/total/main/swap_math/insufficient_liquidity",
      "run_type": "iteration",
      "repetitions": 20,
      "repetition_index": 3,
      "threads": 1,
      "iterations": 657981,
      "real_time": 1.0209328004911777e+00,
      "cpu_time": 1.0358243657491872e+00,
      "time_unit": "us",
      "code_size": 1.9210000000000000e+03,
      "execution_time_ns": 1.0025291611763865e+03,
      "gas_rate": 2.1548054610451717e+09,
      "gas_used": 2.2320000000000000e+03,
      "input_size": 1.6400000000000000e+02
    },
    {
      "name": "external/total/main/swap_math/insufficient_liquidity",
      "family_index": 11,
      "per_family_instance_index": 0,
      "run_name": "external/total/main/swap_math/insufficient_liquidity",
      "run_type": "iteration",
      "repetitions": 20,
      "repetition_index": 4,
      "threads": 1,
      "iterations": 657981,
      "real_time": 1.0344351174273421e+00,
      "cpu_time": 1.0494831020956492e+00,
      "time_unit": "us",
      "code_size": 1.9210000000000000e+03,
      "execution_time_ns": 1.0157422220398462e+03,
      "gas_rate": 2.1267612556534305e+09,
      "gas_used": 2.2320000000000000e+03,
      "input_size": 1.6400000000000000e+02
    },
    {
      "name": "external/total/main/swap_math/insufficient_liquidity",
      "family_index": 11,
      "per_family_instance_index": 0,
      "run_name": "external/total/main/swap_math/insufficient_liquidity",
      "run_type": "iteration",
      "repetitions": 20,
      "repetition_index": 5,
      "threads": 1,
      "iterations": 657981,
      "real_time": 1.0369647421428889e+00,
      "cpu_time": 1.0519913219378678e+00,
      "time_unit": "us",
      "code_size": 1.9210000000000000e+03,
      "execution_time_ns": 1.0182922865553869e+03,
      "gas_rate": 2.1216905058574479e+09,
      "gas_used": 2.2320000000000000e+03,
      "input_size": 1.6400000000000000e+02
    },
    {
      "name": "external/total/main/swap_math/insufficient_liquidity",
      "family_index": 11,
      "per_family_instance_index": 0,
      "run_name": "external/total/main/swap_math/insufficient_liquidity",
      "run_type": "iteration",
      "repetitions": 20,
      "repetition_index": 6,
      "threads": 1,
      "iterations": 657981,
      "real_time": 1.0625095329499075e+00,
      "cpu_time": 1.0777752184333649e+00,
      "time_unit": "us",
      "code_size": 1.9210000000000000e+03,
      "execution_time_ns": 1.0436355882616672e+03,
      "gas_rate": 2.0709327527908797e+09,
      "gas_used": 2.2320000000000000e+03,
      "input_size": 1.6400000000000000e+02
    },
    {
      "name": "external/total/main/swap_math/insufficient_liquidity",
      "family_index": 11,
      "per_family_instance_index": 0,
      "run_name": "external/total/main/swap_math/insufficient_liquidity",
      "run_type": "iteration",
      "repetitions": 20,
      "repetition_index": 7,
      "threads": 1,
      "iterations": 657981,
      "real_time": 1.0575618961639117e+00,
      "cpu_time": 1.0727236242384208e+00,
      "time_unit": "us",
      "code_size": 1.9210000000000000e+03,
      "execution_time_ns": 1.0388669460060396e+03,
      "gas_rate": 2.0806850427896621e+09,
      "gas_used": 2.2320000000000000e+03,
      "input_size": 1.6400000000000000e+02
    },
    {
      "name": "external/total/main/swap_math/insufficient_liquidity",
      "family_index": 11,
      "per_family_instance_index": 0,
      "run_name": "external/total/main/swap_math/insufficient_liquidity",
      "run_type": "iteration",
      "repetitions": 20,
      "repetition_index": 8,
      "threads": 1,
      "iterations": 657981,
      "real_time": 1.0925274711579700e+00,
      "cpu_time": 1.1082261129120909e+00,
      "time_unit": "us",
      "code_size": 1.9210000000000000e+03,
      "execution_time_ns": 1.0728095446525051e+03,
      "gas_rate": 2.0140294241352637e+09,
      "gas_used": 2.2320000000000000e+03,
      "input_size": 1.6400000000000000e+02
    },
    {
      "name": "external/total/main/swap_math/insufficient_liquidity",
      "family_index": 11,
      "per_family_instance_index": 0,
      "run_name": "external/total/main/swap_math/insufficient_liquidity",
      "run_type": "iteration",
      "repetitions": 20,
      "repetition_index": 9,
      "threads": 1,
      "iterations": 657981,
      "real_time": 1.0671844186987138e+00,
      "cpu_time": 1.0824939869084109e+00,
      "time_unit": "us",
      "code_size": 1.9210000000000000e+03,
      "execution_time_ns": 1.0480073482364992e+03,
      "gas_rate": 2.0619052179445021e+09,
      "gas_used": 2.2320000000000000e+03,
      "input_size": 1.6400000000000000e+02
    },
    {
      "name": "external/total/main/swap_math/insufficient_liquidity",
      "family_index": 11,
      "per_family_instance_index": 0,
      "run_name": "external/total/main/swap_math/insufficient_liquidity",
      "run_type": "iteration",
      "repetitions": 20,
      "repetition_index": 10,
      "threads": 1,
      "iterations": 657981,
      "real_time": 1.0712493673832151e+00,
      "cpu_time": 1.0865918225602273e+00,
      "time_unit": "us",
      "code_size": 1.9210000000000000e+03,
      "execution_time_ns": 1.0521398171071810e+03,
      "gas_rate": 2.0541292080967095e+09,
      "gas_used": 2.2320000000000000e+03,
      "input_size": 1.6400000000000000e+02
    },
    {
      "name": "external/total/main/swap_math/insufficient_liquidity",
      "family_index": 11,
      "per_family_instance_index": 0,
      "run_name": "external/total/main/swap_math/insufficient_liquidity",
      "run_type": "iteration",
      "repetitions": 20,
      "repetition_index": 11,
      "threads": 1,
      "iterations": 657981,
      "real_time": 1.1445559583024640e+00,
      "cpu_time": 1.1610167953177899e+00,
      "time_unit": "us",
      "code_size": 1.9210000000000000e+03,
      "execution_time_ns": 1.1234306461736737e+03,
      "gas_rate": 1.9224528094695339e+09,
      "gas_used": 2.2320000000000000e+03,
      "input_size": 1.6400000000000000e+02
    },
    {
      "name": "external/total/main/swap_math/insufficient_liquidity",
      "family_index": 11,
      "per_family_instance_index": 0,
      "run_name": "external/total/main/swap_math/insufficient_liquidity",
      "run_type": "iteration",
      "repetitions": 20,
      "repetition_index": 12,
      "threads": 1,
      "iterations": 657981,
      "real_time": 1.2677923845824410e+00,
      "cpu_time": 1.2541273228254377e+00,
      "time_unit": "us",
      "code_size": 1.9210000000000000e+03,
      "execution_time_ns": 1.2468279828748855e+03,
      "gas_rate": 1.7797236049139748e+09,
      "gas_used": 2.2320000000000000e+03,
      "input_size": 1.6400000000000000e+02
    },
    {
      "name": "external/total/main/swap_math/insufficient_liquidity",
      "family_index": 11,
      "per_family_instance_index": 0,
      "run_name": "external/total/main/swap_math/insufficient_liquidity",
      "run_type": "iteration",
      "repetitions": 20,
      "repetition_index": 13,
      "threads": 1,
      "iterations": 657981,
      "real_time": 1.0481243789712793e+00,
      "cpu_time": 1.0631431044361590e+00,
      "time_unit": "us",
      "code_size": 1.9210000000000000e+03,
      "execution_time_ns": 1.0288301972245399e+03,
      "gas_rate": 2.0994351472408292e+09,
      "gas_used": 2.2320000000000000e+03,
      "input_size": 1.6400000000000000e+02
    },
    {
      "name": "external/total/main/swap_math/insufficient_liquidity",
      "family_index": 11,
      "per_family_instance_index": 0,
      "run_name": "external/total/main/swap_math/insufficient_liquidity",
      "run_type": "iteration",
      "repetitions": 20,
      "repetition_index": 14,
      "threads": 1,
      "iterations": 657981,
      "real_time": 1.0527989212452986e+00,
      "cpu_time": 1.0679298915926028e+00,
      "time_unit": "us",
      "code_size": 1.9210000000000000e+03,
      "execution_time_ns": 1.0332450997825165e+03,
      "gas_rate": 2.0900248392442887e+09,
      "gas_used": 2.2320000000000000e+03,
      "input_size": 1.6400000000000000e+02
    },
    {
      "name": "external/total/main/swap_math/insufficient_liquidity",
      "family_index": 11,
      "per_family_instance_index": 0,
      "run_name": "external/total/main/swap_math/insufficient_liquidity",
      "run_type": "iteration",
      "repetitions": 20,
      "repetition_index": 15,
      "threads": 1,
      "iterations": 657981,
      "real_time": 1.0310499315330115e+00,
      "cpu_time": 1.0458494318224945e+00,
      "time_unit": "us",
      "code_size": 1.9210000000000000e+03,
      "execution_time_ns": 1.0125588535231260e+03,
      "gas_rate": 2.1341504160025434e+09,
      "gas_used": 2.2320000000000000e+03,
      "input_size": 1.6400000000000000e+02
    },
    {
      "name": "external/total/main/swap_math/insufficient_liquidity",
      "family_index": 11,
      "per_family_instance_index": 0,
      "run_name": "external/total/main/swap_math/insufficient_liquidity",
      "run_type": "iteration",
      "repetitions": 20,
      "repetition_index": 16,
      "threads": 1,
      "iterations": 657981,
      "real_time": 1.0554594053629944e+00,
      "cpu_time": 1.0707082028204489e+00,
      "time_unit": "us",
      "code_size": 1.9210000000000000e+03,
      "execution_time_ns": 1.0360976882311190e+03,
      "gas_rate": 2.0846015694289887e+09,
      "gas_used": 2.2320000000000000e+03,
      "input_size": 1.6400000000000000e+02
    },
    {
      "name": "external/total/main/swap_math/insufficient_liquidity",
      "family_index": 11,
      "per_family_instance_index": 0,
      "run_name": "external/total/main/swap_math/insufficient_liquidity",
      "run_type": "iteration",
      "repetitions": 20,
      "repetition_index": 17,
      "threads": 1,
      "iterations": 657981,
      "real_time": 1.0300233213420658e+00,
      "cpu_time": 1.0451945983242701e+00,
      "time_unit": "us",
      "code_size": 1.9210000000000000e+03,
      "execution_time_ns": 1.0113309016521754e+03,
      "gas_rate": 2.1354875002018766e+09,
      "gas_used": 2.2320000000000000e+03,
      "input_size": 1.6400000000000000e+02
    },
    {
      "name": "external/total/main/swap_math/insufficient_liquidity",
      "family_index": 11,
      "per_family_instance_index": 0,
      "run_name": "external/total/main/swap_math/insufficient_liquidity",
      "run_type": "iteration",
      "repetitions": 20,
      "repetition_index": 18,
      "threads": 1,
      "iterations": 657981,
      "real_time": 1.0227324223648999e+00,
      "cpu_time": 1.0377922052460729e+00,
      "time_unit": "us",
      "code_size": 1.9210000000000000e+03,
      "execution_time_ns": 1.0044483062580834e+03,
      "gas_rate": 2.1507195647810502e+09,
      "gas_used": 2.2320000000000000e+03,
      "input_size": 1.6400000000000000e+02
    },
    {
      "name": "external/total/main/swap_math/insufficient_liquidity",
      "family_index": 11,
      "per_family_instance_index": 0,
      "run_name": "external/total/main/swap_math/insufficient_liquidity",
      "run_type": "iteration",
      "repetitions": 20,
      "repetition_index": 19,
      "threads": 1,
      "iterations": 657981,
      "real_time": 1.0304989414588930e+00,
      "cpu_time": 1.0456970854781711e+00,
      "time_unit": "us",
      "code_size": 1.9210000000000000e+03,
      "execution_time_ns": 1.0114896341991638e+03,
      "gas_rate": 2.1344613377968462e+09,
      "gas_used": 2.2320000000000000e+03,
      "input_size": 1.6400000000000000e+02
    },
    {
      "name": "external/total/main/swap_math/insufficient_liquidity_mean",
      "family_index": 11,
      "per_family_instance_index": 0,
      "run_name": "external/total/main/swap_math/insufficient_liquidity",
      "run_type": "aggregate",
      "repetitions": 20,
      "threads": 1,
      "aggregate_name": "mean",
      "aggregate_unit": "time",
      "iterations": 20,
      "real_time": 1.0644200973887812e+00,
      "cpu_time": 1.0782310860040065e+00,
      "time_unit": "us",
      "code_size": 1.9210000000000000e+03,
      "execution_time_ns": 1.0817162257724767e+03,
      "gas_rate": 2.0738993532957928e+09,
      "gas_used": 2.2320000000000000e+03,
      "input_size": 1.6400000000000000e+02
    },
    {
      "name": "external/total/main/swap_math/insufficient_liquidity_median",
      "family_index": 11,
      "per_family_instance_index": 0,
      "run_name": "external/total/main/swap_math/insufficient_liquidity",
      "run_type": "aggregate",
      "repetitions": 20,
      "threads": 1,
      "aggregate_name": "median",
      "aggregate_unit": "time",
      "iterations": 20,
      "real_time": 1.0541291633041465e+00,
      "cpu_time": 1.0693190472065259e+00,
      "time_unit": "us",
      "code_size": 1.9210000000000000e+03,
      "execution_time_ns": 1.0346713940068178e+03,
      "gas_rate": 2.0873132043366387e+09,
      "gas_used": 2.2320000000000000e+03,
      "input_size": 1.6400000000000000e+02
    },
    {
      "name": "external/total/main/swap_math/insufficient_liquidity_stddev",
      "family_index": 11,
      "per_family_instance_index": 0,
      "run_name": "external/total/main/swap_math/insufficient_liquidity",
      "run_type": "aggregate",
      "repetitions": 20,
      "threads": 1,
      "aggregate_name": "stddev",
      "aggregate_unit": "time",
      "iterations": 20,
      "real_time": 5.5414932604537628e-02,
      "cpu_time": 5.0116674822715535e-02,
      "time_unit": "us",
      "code_size": 0.0000000000000000e+00,
      "execution_time_ns": 1.7046196803909240e+02,
      "gas_rate": 8.7165512194000065e+07,
      "gas_used": 0.0000000000000000e+00,
      "input_size": 0.0000000000000000e+00
    },
    {
      "name": "external/total/main/swap_math/insufficient_liquidity_cv",
      "family_index": 11,
      "per_family_instance_index": 0,
      "run_name": "external/total/main/swap_math/insufficient_liquidity",
      "run_type": "aggregate",
      "repetitions": 20,
      "threads": 1,
      "aggregate_name": "cv",
      "aggregate_unit": "percentage",
      "iterations": 20,
      "real_time": 5.2061148357195330e-02,
      "cpu_time": 4.6480458107038207e-02,
      "time_unit": "us",
      "code_size": 0.0000000000000000e+00,
      "execution_time_ns": 1.5758473800960307e-01,
      "gas_rate": 4.2029769697106395e-02,
      "gas_used": 0.0000000000000000e+00,
      "input_size": 0.0000000000000000e+00
    },
    {
      "name": "external/total/main/weierstrudel/1",
      "family_index": 12,
      "per_family_instance_index": 0,
      "run_name": "external/total/main/weierstrudel/1",
      "run_type": "iteration",
      "repetitions": 20,
      "repetition_index": 0,
      "threads": 1,
      "iterations": 5070,
      "real_time": 1.3899655877712738e+02,
      "cpu_time": 1.4103696351085014e+02,
      "time_unit": "us",
      "code_size": 1.4658000000000000e+04,
      "execution_time_ns": 1.3896295226824458e+05,
      "gas_rate": 3.3722365269400507e+08,
      "gas_used": 4.7561000000000000e+04,
      "input_size": 9.6000000000000000e+01
    },
    {
      "name": "external/total/main/weierstrudel/1",
      "family_index": 12,
      "per_family_instance_index": 0,
      "run_name": "external/total/main/weierstrudel/1",
      "run_type": "iteration",
      "repetitions": 20,
      "repetition_index": 1,
      "threads": 1,
      "iterations": 5070,
      "real_time": 1.4020883451680308e+02,
      "cpu_time": 1.4226100138067451e+02,
      "time_unit": "us",
      "code_size": 1.4658000000000000e+04,
      "execution_time_ns": 1.4017660256410256e+05,
      "gas_rate": 3.3432212298809910e+08,
      "gas_used": 4.7561000000000000e+04,
      "input_size": 9.6000000000000000e+01
    },
    {
      "name": "external/total/main/weierstrudel/1",
      "family_index": 12,
      "per_family_instance_index": 0,
      "run_name": "external/total/main/weierstrudel/1",
      "run_type": "iteration",
      "repetitions": 20,
      "repetition_index": 2,
      "threads": 1,
      "iterations": 5070,
      "real_time": 1.3852707080871099e+02,
      "cpu_time": 1.4055532110453720e+02,
      "time_unit": "us",
      "code_size": 1.4658000000000000e+04,
      "execution_time_ns": 1.3849137495069034e+05,
      "gas_rate": 3.3837922055349857e+08,
      "gas_used": 4.7561000000000000e+04,
      "input_size": 9.6000000000000000e+01
    },
    {
      "name": "external/total/main/weierstrudel/1",
      "family_index": 12,
      "per_family_instance_index": 0,
      "run_name": "external/total/main/weierstrudel/1",
      "run_type": "iteration",
      "repetitions": 20,
      "repetition_index": 3,
      "threads": 1,
      "iterations": 5070,
      "real_time": 1.3522570414197958e+02,
      "cpu_time": 1.3719997159763136e+02,
      "time_unit": "us",
      "code_size": 1.4658000000000000e+04,
      "execution_time_ns": 1.3517077869822487e+05,
      "gas_rate": 3.4665459071291161e+08,
      "gas_used": 4.7561000000000000e+04,
      "input_size": 9.6000000000000000e+01
    },
    {
      "name": "external/total/main/weierstrudel/1",
      "family_index": 12,
      "per_family_instance_index": 0,
      "run_name": "external/total/main/weierstrudel/1",
      "run_type": "iteration",
      "repetitions": 20,
      "repetition_index": 4,
      "threads": 1,
      "iterations": 5070,
      "real_time": 1.3411942642998309e+02,
      "cpu_time": 1.3608552583826366e+02,
      "time_unit": "us",
      "code_size": 1.4658000000000000e+04,
      "execution_time_ns": 1.3408835069033530e+05,
      "gas_rate": 3.4949345058581609e+08,
      "gas_used": 4.7561000000000000e+04,
      "input_size": 9.6000000000000000e+01
    },
    {
      "name": "external/total/main/weierstrudel/1",
      "family_index": 12,
      "per_family_instance_index": 0,
      "run_name": "external/total/main/weierstrudel/1",
      "run_type": "iteration",
      "repetitions": 20,
      "repetition_index": 5,
      "threads": 1,
      "iterations": 5070,
      "real_time": 1.3661042366867369e+02,
      "cpu_time": 1.3861304516765281e+02,
      "time_unit": "us",
      "code_size": 1.4658000000000000e+04,
      "execution_time_ns": 1.3657749684418147e+05,
      "gas_rate": 3.4312066330030376e+08,
      "gas_used": 4.7561000000000000e+04,
      "input_size": 9.6000000000000000e+01
    },
    {
      "name": "external/total/main/weierstrudel/1",
      "family_index": 12,
      "per_family_instance_index": 0,
      "run_name": "external/total/main/weierstrudel/1",
      "run_type": "iteration",
      "repetitions": 20,
      "repetition_index": 6,
      "threads": 1,
      "iterations": 5070,
      "real_time": 1.3463322524657065e+02,
      "cpu_time": 1.3660449506903592e+02,
      "time_unit": "us",
      "code_size": 1.4658000000000000e+04,
      "execution_time_ns": 1.3460273984220906e+05,
      "gas_rate": 3.4816570257050514e+08,
      "gas_used": 4.7561000000000000e+04,
      "input_size": 9.6000000000000000e+01
    },
    {
      "name": "external/total/main/weierstrudel/1",
      "family_index": 12,
      "per_family_instance_index": 0,
      "run_name": "external/total/main/weierstrudel/1",
      "run_type": "iteration",
      "repetitions": 20,
      "repetition_index": 7,
      "threads": 1,
      "iterations": 5070,
      "real_time": 1.3281914891519594e+02,
      "cpu_time": 1.3475111992110348e+02,
      "time_unit": "us",
      "code_size": 1.4658000000000000e+04,
      "execution_time_ns": 1.3278147357001973e+05,
      "gas_rate": 3.5295439494563663e+08,
      "gas_used": 4.7561000000000000e+04,
      "input_size": 9.6000000000000000e+01
    },
    {
      "name": "external/total/main/weierstrudel/1",
      "family_index": 12,
      "per_family_instance_index": 0,
      "run_name": "external/total/main/weierstrudel/1",
      "run_type": "iteration",
      "repetitions": 20,
      "repetition_index": 8,
      "threads": 1,
      "iterations": 5070,
      "real_time": 1.3779931124263277e+02,
      "cpu_time": 1.3981956568047144e+02,
      "time_unit": "us",
      "code_size": 1.4658000000000000e+04,
      "execution_time_ns": 1.3776399802761342e+05,
      "gas_rate": 3.4015983219895548e+08,
      "gas_used": 4.7561000000000000e+04,
      "input_size": 9.6000000000000000e+01
    },
    {
      "name": "external/total/main/weierstrudel/1",
      "family_index": 12,
      "per_family_instance_index": 0,
      "run_name": "external/total/main/weierstrudel/1",
      "run_type": "iteration",
      "repetitions": 20,
      "repetition_index": 9,
      "threads": 1,
      "iterations": 5070,
      "real_time": 1.3614472426035297e+02,
      "cpu_time": 1.3813656962524945e+02,
      "time_unit": "us",
      "code_size": 1.4658000000000000e+04,
      "execution_time_ns": 1.3611278165680473e+05,
      "gas_rate": 3.4430419206896609e+08,
      "gas_used": 4.7561000000000000e+04,
      "input_size": 9.6000000000000000e+01
    },
    {
      "name": "external/total/main/weierstrudel/1",
      "family_index": 12,
      "per_family_instance_index": 0,
      "run_name": "external/total/main/weierstrudel/1",
      "run_type": "iteration",
      "repetitions": 20,
      "repetition_index": 10,
      "threads": 1,
      "iterations": 5070,
      "real_time": 1.3581588816564550e+02,
      "cpu_time": 1.3780726883629353e+02,
      "time_unit": "us",
      "code_size": 1.4658000000000000e+04,
      "execution_time_ns": 1.3578433451676529e+05,
      "gas_rate": 3.4512693272006947e+08,
      "gas_used": 4.7561000000000000e+04,
      "input_size": 9.6000000000000000e+01
    },
    {
      "name": "external/total/main/weierstrudel/1",
      "family_index": 12,
      "per_family_instance_index": 0,
      "run_name": "external/total/main/weierstrudel/1",
      "run_type": "iteration",
      "repetitions": 20,
      "repetition_index": 11,
      "threads": 1,
      "iterations": 5070,
      "real_time": 1.3488475502958281e+02,
      "cpu_time": 1.3685730473373022e+02,
      "time_unit": "us",
      "code_size": 1.4658000000000000e+04,
      "execution_time_ns": 1.3485288303747535e+05,
      "gas_rate": 3.4752255345474440e+08,
      "gas_used": 4.7561000000000000e+04,
      "input_size": 9.6000000000000000e+01
    },
    {
      "name": "external/total/main/weierstrudel/1",
      "family_index": 12,
      "per_family_instance_index": 0,
      "run_name": "external/total/main/weierstrudel/1",
      "run_type": "iteration",
      "repetitions": 20,
      "repetition_index": 12,
      "threads": 1,
      "iterations": 5070,
      "real_time": 1.3654770315581757e+02,
      "cpu_time": 1.3854580650887615e+02,
      "time_unit": "us",
      "code_size": 1.4658000000000000e+04,
      "execution_time_ns": 1.3651518934911242e+05,
      "gas_rate": 3.4328718564970011e+08,
      "gas_used": 4.7561000000000000e+04,
      "input_size": 9.6000000000000000e+01
    },
    {
      "name": "external/total/main/weierstrudel/1",
      "family_index": 12,
      "per_family_instance_index": 0,
      "run_name": "external/total/main/weierstrudel/1",
      "run_type": "iteration",
      "repetitions": 20,
      "repetition_index": 13,
      "threads": 1,
      "iterations": 5070,
      "real_time": 1.3570497633138265e+02,
      "cpu_time": 1.3769467731755483e+02,
      "time_unit": "us",
      "code_size": 1.4658000000000000e+04,
      "execution_time_ns": 1.3567329684418146e+05,
      "gas_rate": 3.4540913945652133e+08,
      "gas_used": 4.7561000000000000e+04,
      "input_size": 9.6000000000000000e+01
    },
    {
      "name": "external/total/main/weierstrudel/1",
      "family_index": 12,
      "per_family_instance_index": 0,
      "run_name": "external/total/main/weierstrudel/1",
      "run_type": "iteration",
      "repetitions": 20,
      "repetition_index": 14,
      "threads": 1,
      "iterations": 5070,
      "real_time": 1.3669161282048830e+02,
      "cpu_time": 1.3869000473372509e+02,
      "time_unit": "us",
      "code_size": 1.4658000000000000e+04,
      "execution_time_ns": 1.3664810000000001e+05,
      "gas_rate": 3.4293026445066267e+08,
      "gas_used": 4.7561000000000000e+04,
      "input_size": 9.6000000000000000e+01
    },
    {
      "name": "external/total/main/weierstrudel/1",
      "family_index": 12,
      "per_family_instance_index": 0,
      "run_name": "external/total/main/weierstrudel/1",
      "run_type": "iteration",
      "repetitions": 20,
      "repetition_index": 15,
      "threads": 1,
      "iterations": 5070,
      "real_time": 1.3603371715979395e+02,
      "cpu_time": 1.3802099822485684e+02,
      "time_unit": "us",
      "code_size": 1.4658000000000000e+04,
      "execution_time_ns": 1.3600159487179486e+05,
      "gas_rate": 3.4459249398063338e+08,
      "gas_used": 4.7561000000000000e+04,
      "input_size": 9.6000000000000000e+01
    },
    {
      "name": "external/total/main/weierstrudel/1",
      "family_index": 12,
      "per_family_instance_index": 0,
      "run_name": "external/total/main/weierstrudel/1",
      "run_type": "iteration",
      "repetitions": 20,
      "repetition_index": 16,
      "threads": 1,
      "iterations": 5070,
      "real_time": 1.3334281893490603e+02,
      "cpu_time": 1.3529299151873911e+02,
      "time_unit": "us",
      "code_size": 1.4658000000000000e+04,
      "execution_time_ns": 1.3331177140039447e+05,
      "gas_rate": 3.5154075215649617e+08,
      "gas_used": 4.7561000000000000e+04,
      "input_size": 9.6000000000000000e+01
    },
    {
      "name": "external/total/main/weierstrudel/1",
      "family_index": 12,
      "per_family_instance_index": 0,
      "run_name": "external/total/main/weierstrudel/1",
      "run_type": "iteration",
      "repetitions": 20,
      "repetition_index": 17,
      "threads": 1,
      "iterations": 5070,
      "real_time": 1.3336669349112398e+02,
      "cpu_time": 1.3531581163708270e+02,
      "time_unit": "us",
      "code_size": 1.4658000000000000e+04,
      "execution_time_ns": 1.3333290433925050e+05,
      "gas_rate": 3.5148146712934566e+08,
      "gas_used": 4.7561000000000000e+04,
      "input_size": 9.6000000000000000e+01
    },
    {
      "name": "external/total/main/weierstrudel/1",
      "family_index": 12,
      "per_family_instance_index": 0,
      "run_name": "external/total/main/weierstrudel/1",
      "run_type": "iteration",
      "repetitions": 20,
      "repetition_index": 18,
      "threads": 1,
      "iterations": 5070,
      "real_time": 1.3084984970415064e+02,
      "cpu_time": 1.3275665424062626e+02,
      "time_unit": "us",
      "code_size": 1.4658000000000000e+04,
      "execution_time_ns": 1.3081786015779093e+05,
      "gas_rate": 3.5825699489077175e+08,
      "gas_used": 4.7561000000000000e+04,
      "input_size": 9.6000000000000000e+01
    },
    {
      "name": "external/total/main/weierstrudel/1",
      "family_index": 12,
      "per_family_instance_index": 0,
      "run_name": "external/total/main/weierstrudel/1",
      "run_type": "iteration",
      "repetitions": 20,
      "repetition_index": 19,
      "threads": 1,
      "iterations": 5070,
      "real_time": 1.3291151163708167e+02,
      "cpu_time": 1.3485900946745684e+02,
      "time_unit": "us",
      "code_size": 1.4658000000000000e+04,
      "execution_time_ns": 1.3288062859960552e+05,
      "gas_rate": 3.5267202530860245e+08,
      "gas_used": 4.7561000000000000e+04,
      "input_size": 9.6000000000000000e+01
    },
    {
      "name": "external/total/main/weierstrudel/1_mean",
      "family_index": 12,
      "per_family_instance_index": 0,
      "run_name": "external/total/main/weierstrudel/1",
      "run_type": "aggregate",
      "repetitions": 20,
      "threads": 1,
      "aggregate_name": "mean",
      "aggregate_unit": "time",
      "iterations": 20,
      "real_time": 1.3556169772190017e+02,
      "cpu_time": 1.3754520530572057e+02,
      "time_unit": "us",
      "code_size": 1.4658000000000000e+04,
      "execution_time_ns": 1.3552735561143988e+05,
      "gas_rate": 3.4587988159081221e+08,
      "gas_used": 4.7561000000000000e+04,
      "input_size": 9.6000000000000000e+01
    },
    {
      "name": "external/total/main/weierstrudel/1_median",
      "family_index": 12,
      "per_family_instance_index": 0,
      "run_name": "external/total/main/weierstrudel/1",
      "run_type": "aggregate",
      "repetitions": 20,
      "threads": 1,
      "aggregate_name": "median",
      "aggregate_unit": "time",
      "iterations": 20,
      "real_time": 1.3576043224851409e+02,
      "cpu_time": 1.3775097307692417e+02,
      "time_unit": "us",
      "code_size": 1.4658000000000000e+04,
      "execution_time_ns": 1.3572881568047337e+05,
      "gas_rate": 3.4526803608829540e+08,
      "gas_used": 4.7561000000000000e+04,
      "input_size": 9.6000000000000000e+01
    },
    {
      "name": "external/total/main/weierstrudel/1_stddev",
      "family_index": 12,
      "per_family_instance_index": 0,
      "run_name": "external/total/main/weierstrudel/1",
      "run_type": "aggregate",
      "repetitions": 20,
      "threads": 1,
      "aggregate_name": "stddev",
      "aggregate_unit": "time",
      "iterations": 20,
      "real_time": 2.3077956764899814e+00,
      "cpu_time": 2.3439420183909596e+00,
      "time_unit": "us",
      "code_size": 0.0000000000000000e+00,
      "execution_time_ns": 2.3073448431266788e+03,
      "gas_rate": 5.8930591019419665e+06,
      "gas_used": 0.0000000000000000e+00,
      "input_size": 0.0000000000000000e+00
    },
    {
      "name": "external/total/main/weierstrudel/1_cv",
      "family_index": 12,
      "per_family_instance_index": 0,
      "run_name": "external/total/main/weierstrudel/1",
      "run_type": "aggregate",
      "repetitions": 20,
      "threads": 1,
      "aggregate_name": "cv",
      "aggregate_unit": "percentage",
      "iterations": 20,
      "real_time": 1.7023950830302666e-02,
      "cpu_time": 1.7041248462140859e-02,
      "time_unit": "us",
      "code_size": 0.0000000000000000e+00,
      "execution_time_ns": 1.7024938122026750e-02,
      "gas_rate": 1.7037877643642941e-02,
      "gas_used": 0.0000000000000000e+00,
      "input_size": 0.0000000000000000e+00
    },
    {
      "name": "external/total/main/weierstrudel/15",
      "family_index": 13,
      "per_family_instance_index": 0,
      "run_name": "external/total/main/weierstrudel/15",
      "run_type": "iteration",
      "repetitions": 20,
      "repetition_index": 0,
      "threads": 1,
      "iterations": 497,
      "real_time": 1.4249273923540190e+03,
      "cpu_time": 1.4456686559355944e+03,
      "time_unit": "us",
      "code_size": 1.4658000000000000e+04,
      "execution_time_ns": 2.3743814929577466e+06,
      "gas_rate": 4.1383825923293281e+08,
      "gas_used": 5.9827300000000000e+05,
      "input_size": 1.4400000000000000e+03
    },
    {
      "name": "external/total/main/weierstrudel/15",
      "family_index": 13,
      "per_family_instance_index": 0,
      "run_name": "external/total/main/weierstrudel/15",
      "run_type": "iteration",
      "repetitions": 20,
      "repetition_index": 1,
      "threads": 1,
      "iterations": 497,
      "real_time": 1.4525880362172163e+03,
      "cpu_time": 1.4738387706237129e+03,
      "time_unit": "us",
      "code_size": 1.4658000000000000e+04,
      "execution_time_ns": 1.4524807545271630e+06,
      "gas_rate": 4.0592839048929161e+08,
      "gas_used": 5.9827300000000000e+05,
      "input_size": 1.4400000000000000e+03
    },
    {
      "name": "external/total/main/weierstrudel/15",
      "family_index": 13,
      "per_family_instance_index": 0,
      "run_name": "external/total/main/weierstrudel/15",
      "run_type": "iteration",
      "repetitions": 20,
      "repetition_index": 2,
      "threads": 1,
      "iterations": 497,
      "real_time": 1.4730631046276496e+03,
      "cpu_time": 1.4945982313883769e+03,
      "time_unit": "us",
      "code_size": 1.4658000000000000e+04,
      "execution_time_ns": 1.4729527867203220e+06,
      "gas_rate": 4.0029018329845500e+08,
      "gas_used": 5.9827300000000000e+05,
      "input_size": 1.4400000000000000e+03
    },
    {
      "name": "external/total/main/weierstrudel/15",
      "family_index": 13,
      "per_family_instance_index": 0,
      "run_name": "external/total/main/weierstrudel/15",
      "run_type": "iteration",
      "repetitions": 20,
      "repetition_index": 3,
      "threads": 1,
      "iterations": 497,
      "real_time": 1.4568453440647527e+03,
      "cpu_time": 1.4780961126760044e+03,
      "time_unit": "us",
      "code_size": 1.4658000000000000e+04,
      "execution_time_ns": 1.4567463380281690e+06,
      "gas_rate": 4.0475919993921274e+08,
      "gas_used": 5.9827300000000000e+05,
      "input_size": 1.4400000000000000e+03
    },
    {
      "name": "external/total/main/weierstrudel/15",
      "family_index": 13,
      "per_family_instance_index": 0,
      "run_name": "external/total/main/weierstrudel/15",
      "run_type": "iteration",
      "repetitions": 20,
      "repetition_index": 4,
      "threads": 1,
      "iterations": 497,
      "real_time": 1.4667309014084840e+03,
      "cpu_time": 1.4881244265593311e+03,
      "time_unit": "us",
      "code_size": 1.4658000000000000e+04,
      "execution_time_ns": 1.4666318812877263e+06,
      "gas_rate": 4.0203157029231584e+08,
      "gas_used": 5.9827300000000000e+05,
      "input_size": 1.4400000000000000e+03
    },
    {
      "name": "external/total/main/weierstrudel/15",
      "family_index": 13,
      "per_family_instance_index": 0,
      "run_name": "external/total/main/weierstrudel/15",
      "run_type": "iteration",
      "repetitions": 20,
      "repetition_index": 5,
      "threads": 1,
      "iterations": 497,
      "real_time": 1.4653628470825142e+03,
      "cpu_time": 1.4864398732394877e+03,
      "time_unit": "us",
      "code_size": 1.4658000000000000e+04,
      "execution_time_ns": 1.4652636680080483e+06,
      "gas_rate": 4.0248718483052242e+08,
      "gas_used": 5.9827300000000000e+05,
      "input_size": 1.4400000000000000e+03
    },
    {
      "name": "external/total/main/weierstrudel/15",
      "family_index": 13,
      "per_family_instance_index": 0,
      "run_name": "external/total/main/weierstrudel/15",
      "run_type": "iteration",
      "repetitions": 20,
      "repetition_index": 6,
      "threads": 1,
      "iterations": 497,
      "real_time": 1.4813723883300656e+03,
      "cpu_time": 1.5026621488933872e+03,
      "time_unit": "us",
      "code_size": 1.4658000000000000e+04,
      "execution_time_ns": 1.4812714004024144e+06,
      "gas_rate": 3.9814205770777488e+08,
      "gas_used": 5.9827300000000000e+05,
      "input_size": 1.4400000000000000e+03
    },
    {
      "name": "external/total/main/weierstrudel/15",
      "family_index": 13,
      "per_family_instance_index": 0,
      "run_name": "external/total/main/weierstrudel/15",
      "run_type": "iteration",
      "repetitions": 20,
      "repetition_index": 7,
      "threads": 1,
      "iterations": 497,
      "real_time": 1.4880927243464307e+03,
      "cpu_time": 1.5095625231388349e+03,
      "time_unit": "us",
      "code_size": 1.4658000000000000e+04,
      "execution_time_ns": 1.4879877625754527e+06,
      "gas_rate": 3.9632210712015444e+08,
      "gas_used": 5.9827300000000000e+05,
      "input_size": 1.4400000000000000e+03
    },
    {
      "name": "external/total/main/weierstrudel/15",
      "family_index": 13,
      "per_family_instance_index": 0,
      "run_name": "external/total/main/weierstrudel/15",
      "run_type": "iteration",
      "repetitions": 20,
      "repetition_index": 8,
      "threads": 1,
      "iterations": 497,
      "real_time": 1.4680617565392358e+03,
      "cpu_time": 1.4891641167001778e+03,
      "time_unit": "us",
      "code_size": 1.4658000000000000e+04,
      "execution_time_ns": 1.4679563843058350e+06,
      "gas_rate": 4.0175088379493487e+08,
      "gas_used": 5.9827300000000000e+05,
      "input_size": 1.4400000000000000e+03
    },
    {
      "name": "external/total/main/weierstrudel/15",
      "family_index": 13,
      "per_family_instance_index": 0,
      "run_name": "external/total/main/weierstrudel/15",
      "run_type": "iteration",
      "repetitions": 20,
      "repetition_index": 9,
      "threads": 1,
      "iterations": 497,
      "real_time": 1.4360206498993143e+03,
      "cpu_time": 1.4567064285714168e+03,
      "time_unit": "us",
      "code_size": 1.4658000000000000e+04,
      "execution_time_ns": 1.4359246317907444e+06,
      "gas_rate": 4.1070251923493105e+08,
      "gas_used": 5.9827300000000000e+05,
      "input_size": 1.4400000000000000e+03
    },
    {
      "name": "external/total/main/weierstrudel/15",
      "family_index": 13,
      "per_family_instance_index": 0,
      "run_name": "external/total/main/weierstrudel/15",
      "run_type": "iteration",
      "repetitions": 20,
      "repetition_index": 10,
      "threads": 1,
      "iterations": 497,
      "real_time": 1.4637994486924219e+03,
      "cpu_time": 1.4848992454728561e+03,
      "time_unit": "us",
      "code_size": 1.4658000000000000e+04,
      "execution_time_ns": 1.4636986438631790e+06,
      "gas_rate": 4.0290477742783415e+08,
      "gas_used": 5.9827300000000000e+05,
      "input_size": 1.4400000000000000e+03
    },
    {
      "name": "external/total/main/weierstrudel/15",
      "family_index": 13,
      "per_family_instance_index": 0,
      "run_name": "external/total/main/weierstrudel/15",
      "run_type": "iteration",
      "repetitions": 20,
      "repetition_index": 11,
      "threads": 1,
      "iterations": 497,
      "real_time": 1.4465815311872561e+03,
      "cpu_time": 1.4674073239436627e+03,
      "time_unit": "us",
      "code_size": 1.4658000000000000e+04,
      "execution_time_ns": 1.4464890160965794e+06,
      "gas_rate": 4.0770751940377331e+08,
      "gas_used": 5.9827300000000000e+05,
      "input_size": 1.4400000000000000e+03
    },
    {
      "name": "external/total/main/weierstrudel/15",
      "family_index": 13,
      "per_family_instance_index": 0,
      "run_name": "external/total/main/weierstrudel/15",
      "run_type": "iteration",
      "repetitions": 20,
      "repetition_index": 12,
      "threads": 1,
      "iterations": 497,
      "real_time": 1.4383027625756638e+03,
      "cpu_time": 1.4590144325955666e+03,
      "time_unit": "us",
      "code_size": 1.4658000000000000e+04,
      "execution_time_ns": 1.4382075311871227e+06,
      "gas_rate": 4.1005283198993486e+08,
      "gas_used": 5.9827300000000000e+05,
      "input_size": 1.4400000000000000e+03
    },
    {
      "name": "external/total/main/weierstrudel/15",
      "family_index": 13,
      "per_family_instance_index": 0,
      "run_name": "external/total/main/weierstrudel/15",
      "run_type": "iteration",
      "repetitions": 20,
      "repetition_index": 13,
      "threads": 1,
      "iterations": 497,
      "real_time": 1.4291807545271490e+03,
      "cpu_time": 1.4497602696177130e+03,
      "time_unit": "us",
      "code_size": 1.4658000000000000e+04,
      "execution_time_ns": 1.4290562132796780e+06,
      "gas_rate": 4.1267029628130072e+08,
      "gas_used": 5.9827300000000000e+05,
      "input_size": 1.4400000000000000e+03
    },
    {
      "name": "external/total/main/weierstrudel/15",
      "family_index": 13,
      "per_family_instance_index": 0,
      "run_name": "external/total/main/weierstrudel/15",
      "run_type": "iteration",
      "repetitions": 20,
      "repetition_index": 14,
      "threads": 1,
      "iterations": 497,
      "real_time": 1.4436824325955317e+03,
      "cpu_time": 1.4644486358148743e+03,
      "time_unit": "us",
      "code_size": 1.4658000000000000e+04,
      "execution_time_ns": 1.4435777806841047e+06,
      "gas_rate": 4.0853122831931788e+08,
      "gas_used": 5.9827300000000000e+05,
      "input_size": 1.4400000000000000e+03
    },
    {
      "name": "external/total/main/weierstrudel/15",
      "family_index": 13,
      "per_family_instance_index": 0,
      "run_name": "external/total/main/weierstrudel/15",
      "run_type": "iteration",
      "repetitions": 20,
      "repetition_index": 15,
      "threads": 1,
      "iterations": 497,
      "real_time": 1.4779346599601156e+03,
      "cpu_time": 1.4994039899396823e+03,
      "time_unit": "us",
      "code_size": 1.4658000000000000e+04,
      "execution_time_ns": 1.4777856881287727e+06,
      "gas_rate": 3.9900720820682031e+08,
      "gas_used": 5.9827300000000000e+05,
      "input_size": 1.4400000000000000e+03
    },
    {
      "name": "external/total/main/weierstrudel/15",
      "family_index": 13,
      "per_family_instance_index": 0,
      "run_name": "external/total/main/weierstrudel/15",
      "run_type": "iteration",
      "repetitions": 20,
      "repetition_index": 16,
      "threads": 1,
      "iterations": 497,
      "real_time": 1.4793627062374412e+03,
      "cpu_time": 1.5012154366197356e+03,
      "time_unit": "us",
      "code_size": 1.4658000000000000e+04,
      "execution_time_ns": 1.4792610784708250e+06,
      "gas_rate": 3.9852574481056660e+08,
      "gas_used": 5.9827300000000000e+05,
      "input_size": 1.4400000000000000e+03
    },
    {
      "name": "external/total/main/weierstrudel/15",
      "family_index": 13,
      "per_family_instance_index": 0,
      "run_name": "external/total/main/weierstrudel/15",
      "run_type": "iteration",
      "repetitions": 20,
      "repetition_index": 17,
      "threads": 1,
      "iterations": 497,
      "real_time": 1.4853847847080472e+03,
      "cpu_time": 1.5073167223339938e+03,
      "time_unit": "us",
      "code_size": 1.4658000000000000e+04,
      "execution_time_ns": 1.4852769416498994e+06,
      "gas_rate": 3.9691260047431070e+08,
      "gas_used": 5.9827300000000000e+05,
      "input_size": 1.4400000000000000e+03
    },
    {
      "name": "external/total/main/weierstrudel/15",
      "family_index": 13,
      "per_family_instance_index": 0,
      "run_name": "external/total/main/weierstrudel/15",
      "run_type": "iteration",
      "repetitions": 20,
      "repetition_index": 18,
      "threads": 1,
      "iterations": 497,
      "real_time": 1.5003246136821804e+03,
      "cpu_time": 1.5225065472837368e+03,
      "time_unit": "us",
      "code_size": 1.4658000000000000e+04,
      "execution_time_ns": 1.5002056378269617e+06,
      "gas_rate": 3.9295266156153017e+08,
      "gas_used": 5.9827300000000000e+05,
      "input_size": 1.4400000000000000e+03
    },
    {
      "name": "external/total/main/weierstrudel/15",
      "family_index": 13,
      "per_family_instance_index": 0,
      "run_name": "external/total/main/weierstrudel/15",
      "run_type": "iteration",
      "repetitions": 20,
      "repetition_index": 19,
      "threads": 1,
      "iterations": 497,
      "real_time": 1.4901627384307162e+03,
      "cpu_time": 1.5121710824949687e+03,
      "time_unit": "us",
      "code_size": 1.4658000000000000e+04,
      "execution_time_ns": 1.4900456740442656e+06,
      "gas_rate": 3.9563843464913672e+08,
      "gas_used": 5.9827300000000000e+05,
      "input_size": 1.4400000000000000e+03
    },
    {
      "name": "external/total/main/weierstrudel/15_mean",
      "family_index": 13,
      "per_family_instance_index": 0,
      "run_name": "external/total/main/weierstrudel/15",
      "run_type": "aggregate",
      "repetitions": 20,
      "threads": 1,
      "aggregate_name": "mean",
      "aggregate_unit": "time",
      "iterations": 20,
      "real_time": 1.4633890788733104e+03,
      "cpu_time": 1.4846502486921559e+03,
      "time_unit": "us",
      "code_size": 1.4658000000000000e+04,
      "execution_time_ns": 1.5107600652917509e+06,
      "gas_rate": 4.0305778295325255e+08,
      "gas_used": 5.9827300000000000e+05,
      "input_size": 1.4400000000000000e+03
    },
    {
      "name": "external/total/main/weierstrudel/15_median",
      "family_index": 13,
      "per_family_instance_index": 0,
      "run_name": "external/total/main/weierstrudel/15",
      "run_type": "aggregate",
      "repetitions": 20,
      "threads": 1,
      "aggregate_name": "median",
      "aggregate_unit": "time",
      "iterations": 20,
      "real_time": 1.4660468742454991e+03,
      "cpu_time": 1.4872821498994094e+03,
      "time_unit": "us",
      "code_size": 1.4658000000000000e+04,
      "execution_time_ns": 1.4672941327967807e+06,
      "gas_rate": 4.0225937756141913e+08,
      "gas_used": 5.9827300000000000e+05,
      "input_size": 1.4400000000000000e+03
    },
    {
      "name": "external/total/main/weierstrudel/15_stddev",
      "family_index": 13,
      "per_family_instance_index": 0,
      "run_name": "external/total/main/weierstrudel/15",
      "run_type": "aggregate",
      "repetitions": 20,
      "threads": 1,
      "aggregate_name": "stddev",
      "aggregate_unit": "time",
      "iterations": 20,
      "real_time": 2.1708741889106776e+01,
      "cpu_time": 2.2143385291329494e+01,
      "time_unit": "us",
      "code_size": 0.0000000000000000e+00,
      "execution_time_ns": 2.0423038564238080e+05,
      "gas_rate": 6.0300956995740160e+06,
      "gas_used": 0.0000000000000000e+00,
      "input_size": 0.0000000000000000e+00
    },
    {
      "name": "external/total/main/weierstrudel/15_cv",
      "family_index": 13,
      "per_family_instance_index": 0,
      "run_name": "external/total/main/weierstrudel/15",
      "run_type": "aggregate",
      "repetitions": 20,
      "threads": 1,
      "aggregate_name": "cv",
      "aggregate_unit": "percentage",
      "iterations": 20,
      "real_time": 1.4834566010169165e-02,
      "cpu_time": 1.4914883361138987e-02,
      "time_unit": "us",
      "code_size": 0.0000000000000000e+00,
      "execution_time_ns": 1.3518386561465059e-01,
      "gas_rate": 1.4960871504305868e-02,
      "gas_used": 0.0000000000000000e+00,
      "input_size": 0.0000000000000000e+00
    },
    {
      "name": "external/total/micro/JUMPDEST_n0/empty",
      "family_index": 14,
      "per_family_instance_index": 0,
      "run_name": "external/total/micro/JUMPDEST_n0/empty",
      "run_type": "iteration",
      "repetitions": 20,
      "repetition_index": 0,
      "threads": 1,
      "iterations": 851923,
      "real_time": 7.9262896529396842e-01,
      "cpu_time": 8.0434401348480200e-01,
      "time_unit": "us",
      "code_size": 2.0870000000000000e+03,
      "execution_time_ns": 7.7673761243680474e+02,
      "gas_rate": 6.5593575777880640e+11,
      "gas_used": 5.2759800000000000e+05,
      "input_size": 0.0000000000000000e+00
    },
    {
      "name": "external/total/micro/JUMPDEST_n0/empty",
      "family_index": 14,
      "per_family_instance_index": 0,
      "run_name": "external/total/micro/JUMPDEST_n0/empty",
      "run_type": "iteration",
      "repetitions": 20,
      "repetition_index": 1,
      "threads": 1,
      "iterations": 851923,
      "real_time": 7.8908399468029022e-01,
      "cpu_time": 7.9993527466684633e-01,
      "time_unit": "us",
      "code_size": 2.0870000000000000e+03,
      "execution_time_ns": 7.7284168757035559e+02,
      "gas_rate": 6.5955086206159839e+11,
      "gas_used": 5.2759800000000000e+05,
      "input_size": 0.0000000000000000e+00
    },
    {
      "name": "external/total/micro/JUMPDEST_n0/empty",
      "family_index": 14,
      "per_family_instance_index": 0,
      "run_name": "external/total/micro/JUMPDEST_n0/empty",
      "run_type": "iteration",
      "repetitions": 20,
      "repetition_index": 2,
      "threads": 1,
      "iterations": 851923,
      "real_time": 7.9974394751648770e-01,
      "cpu_time": 8.1152883535250220e-01,
      "time_unit": "us",
      "code_size": 2.0870000000000000e+03,
      "execution_time_ns": 7.8410813418583609e+02,
      "gas_rate": 6.5012846989081824e+11,
      "gas_used": 5.2759800000000000e+05,
      "input_size": 0.0000000000000000e+00
    },
    {
      "name": "external/total/micro/JUMPDEST_n0/empty",
      "family_index": 14,
      "per_family_instance_index": 0,
      "run_name": "external/total/micro/JUMPDEST_n0/empty",
      "run_type": "iteration",
      "repetitions": 20,
      "repetition_index": 3,
      "threads": 1,
      "iterations": 851923,
      "real_time": 8.0376355726980953e-01,
      "cpu_time": 8.1567103951882169e-01,
      "time_unit": "us",
      "code_size": 2.0870000000000000e+03,
      "execution_time_ns": 7.8786833669240059e+02,
      "gas_rate": 6.4682693688774219e+11,
      "gas_used": 5.2759800000000000e+05,
      "input_size": 0.0000000000000000e+00
    },
    {
      "name": "external/total/micro/JUMPDEST_n0/empty",
      "family_index": 14,
      "per_family_instance_index": 0,
      "run_name": "external/total/micro/JUMPDEST_n0/empty",
      "run_type": "iteration",
      "repetitions": 20,
      "repetition_index": 4,
      "threads": 1,
      "iterations": 851923,
      "real_time": 7.8463891337609126e-01,
      "cpu_time": 7.9621707595642133e-01,
      "time_unit": "us",
      "code_size": 2.0870000000000000e+03,
      "execution_time_ns": 7.6846280473704780e+02,
      "gas_rate": 6.6263085273101648e+11,
      "gas_used": 5.2759800000000000e+05,
      "input_size": 0.0000000000000000e+00
    },
    {
      "name": "external/total/micro/JUMPDEST_n0/empty",
      "family_index": 14,
      "per_family_instance_index": 0,
      "run_name": "external/total/micro/JUMPDEST_n0/empty",
      "run_type": "iteration",
      "repetitions": 20,
      "repetition_index": 5,
      "threads": 1,
      "iterations": 851923,
      "real_time": 7.7546341981613365e-01,
      "cpu_time": 7.8690232450583586e-01,
      "time_unit": "us",
      "code_size": 2.0870000000000000e+03,
      "execution_time_ns": 7.6004532686639516e+02,
      "gas_rate": 6.7047457297997498e+11,
      "gas_used": 5.2759800000000000e+05,
      "input_size": 0.0000000000000000e+00
    },
    {
      "name": "external/total/micro/JUMPDEST_n0/empty",
      "family_index": 14,
      "per_family_instance_index": 0,
      "run_name": "external/total/micro/JUMPDEST_n0/empty",
      "run_type": "iteration",
      "repetitions": 20,
      "repetition_index": 6,
      "threads": 1,
      "iterations": 851923,
      "real_time": 7.7942198179895961e-01,
      "cpu_time": 7.9095709940922521e-01,
      "time_unit": "us",
      "code_size": 2.0870000000000000e+03,
      "execution_time_ns": 7.6391163403265318e+02,
      "gas_rate": 6.6703744159331641e+11,
      "gas_used": 5.2759800000000000e+05,
      "input_size": 0.0000000000000000e+00
    },
    {
      "name": "external/total/micro/JUMPDEST_n0/empty",
      "family_index": 14,
      "per_family_instance_index": 0,
      "run_name": "external/total/micro/JUMPDEST_n0/empty",
      "run_type": "iteration",
      "repetitions": 20,
      "repetition_index": 7,
      "threads": 1,
      "iterations": 851923,
      "real_time": 7.6960994479534039e-01,
      "cpu_time": 7.8092795827791972e-01,
      "time_unit": "us",
      "code_size": 2.0870000000000000e+03,
      "execution_time_ns": 7.5432755777223997e+02,
      "gas_rate": 6.7560393299715405e+11,
      "gas_used": 5.2759800000000000e+05,
      "input_size": 0.0000000000000000e+00
    },
    {
      "name": "external/total/micro/JUMPDEST_n0/empty",
      "family_index": 14,
      "per_family_instance_index": 0,
      "run_name": "external/total/micro/JUMPDEST_n0/empty",
      "run_type": "iteration",
      "repetitions": 20,
      "repetition_index": 8,
      "threads": 1,
      "iterations": 851923,
      "real_time": 7.9008844578672033e-01,
      "cpu_time": 8.0167898976782392e-01,
      "time_unit": "us",
      "code_size": 2.0870000000000000e+03,
      "execution_time_ns": 7.7395676252431269e+02,
      "gas_rate": 6.5811628686040393e+11,
      "gas_used": 5.2759800000000000e+05,
      "input_size": 0.0000000000000000e+00
    },
    {
      "name": "external/total/micro/JUMPDEST_n0/empty",
      "family_index": 14,
      "per_family_instance_index": 0,
      "run_name": "external/total/micro/JUMPDEST_n0/empty",
      "run_type": "iteration",
      "repetitions": 20,
      "repetition_index": 9,
      "threads": 1,
      "iterations": 851923,
      "real_time": 7.9446132338236575e-01,
      "cpu_time": 8.0614928109699402e-01,
      "time_unit": "us",
      "code_size": 2.0870000000000000e+03,
      "execution_time_ns": 7.7856571779374428e+02,
      "gas_rate": 6.5446687402865845e+11,
      "gas_used": 5.2759800000000000e+05,
      "input_size": 0.0000000000000000e+00
    },
    {
      "name": "external/total/micro/JUMPDEST_n0/empty",
      "family_index": 14,
      "per_family_instance_index": 0,
      "run_name": "external/total/micro/JUMPDEST_n0/empty",
      "run_type": "iteration",
      "repetitions": 20,
      "repetition_index": 10,
      "threads": 1,
      "iterations": 851923,
      "real_time": 7.9872534489602764e-01,
      "cpu_time": 8.1045387904774935e-01,
      "time_unit": "us",
      "code_size": 2.0870000000000000e+03,
      "execution_time_ns": 7.8269356385494939e+02,
      "gas_rate": 6.5099077645221021e+11,
      "gas_used": 5.2759800000000000e+05,
      "input_size": 0.0000000000000000e+00
    },
    {
      "name": "external/total/micro/JUMPDEST_n0/empty",
      "family_index": 14,
      "per_family_instance_index": 0,
      "run_name": "external/total/micro/JUMPDEST_n0/empty",
      "run_type": "iteration",
      "repetitions": 20,
      "repetition_index": 11,
      "threads": 1,
      "iterations": 851923,
      "real_time": 7.9213528687452894e-01,
      "cpu_time": 8.0375951699862203e-01,
      "time_unit": "us",
      "code_size": 2.0870000000000000e+03,
      "execution_time_ns": 7.7498973498778651e+02,
      "gas_rate": 6.5641275635546167e+11,
      "gas_used": 5.2759800000000000e+05,
      "input_size": 0.0000000000000000e+00
    },
    {
      "name": "external/total/micro/JUMPDEST_n0/empty",
      "family_index": 14,
      "per_family_instance_index": 0,
      "run_name": "external/total/micro/JUMPDEST_n0/empty",
      "run_type": "iteration",
      "repetitions": 20,
      "repetition_index": 12,
      "threads": 1,
      "iterations": 851923,
      "real_time": 7.8450507733694630e-01,
      "cpu_time": 7.9602954257603709e-01,
      "time_unit": "us",
      "code_size": 2.0870000000000000e+03,
      "execution_time_ns": 7.6902237643542901e+02,
      "gas_rate": 6.6278695925359277e+11,
      "gas_used": 5.2759800000000000e+05,
      "input_size": 0.0000000000000000e+00
    },
    {
      "name": "external/total/micro/JUMPDEST_n0/empty",
      "family_index": 14,
      "per_family_instance_index": 0,
      "run_name": "external/total/micro/JUMPDEST_n0/empty",
      "run_type": "iteration",
      "repetitions": 20,
      "repetition_index": 13,
      "threads": 1,
      "iterations": 851923,
      "real_time": 7.9695411557130535e-01,
      "cpu_time": 8.0864522732689048e-01,
      "time_unit": "us",
      "code_size": 2.0870000000000000e+03,
      "execution_time_ns": 7.8088773633297842e+02,
      "gas_rate": 6.5244681124757483e+11,
      "gas_used": 5.2759800000000000e+05,
      "input_size": 0.0000000000000000e+00
    },
    {
      "name": "external/total/micro/JUMPDEST_n0/empty",
      "family_index": 14,
      "per_family_instance_index": 0,
      "run_name": "external/total/micro/JUMPDEST_n0/empty",
      "run_type": "iteration",
      "repetitions": 20,
      "repetition_index": 14,
      "threads": 1,
      "iterations": 851923,
      "real_time": 7.8890126572485386e-01,
      "cpu_time": 8.0046573575310465e-01,
      "time_unit": "us",
      "code_size": 2.0870000000000000e+03,
      "execution_time_ns": 7.7295843521069389e+02,
      "gas_rate": 6.5911378393182361e+11,
      "gas_used": 5.2759800000000000e+05,
      "input_size": 0.0000000000000000e+00
    },
    {
      "name": "external/total/micro/JUMPDEST_n0/empty",
      "family_index": 14,
      "per_family_instance_index": 0,
      "run_name": "external/total/micro/JUMPDEST_n0/empty",
      "run_type": "iteration",
      "repetitions": 20,
      "repetition_index": 15,
      "threads": 1,
      "iterations": 851923,
      "real_time": 7.6965130181946384e-01,
      "cpu_time": 7.8095927683602895e-01,
      "time_unit": "us",
      "code_size": 2.0870000000000000e+03,
      "execution_time_ns": 7.5449723273112716e+02,
      "gas_rate": 6.7557683947043384e+11,
      "gas_used": 5.2759800000000000e+05,
      "input_size": 0.0000000000000000e+00
    },
    {
      "name": "external/total/micro/JUMPDEST_n0/empty",
      "family_index": 14,
      "per_family_instance_index": 0,
      "run_name": "external/total/micro/JUMPDEST_n0/empty",
      "run_type": "iteration",
      "repetitions": 20,
      "repetition_index": 16,
      "threads": 1,
      "iterations": 851923,
      "real_time": 7.7506954971275932e-01,
      "cpu_time": 7.8642446324375093e-01,
      "time_unit": "us",
      "code_size": 2.0870000000000000e+03,
      "execution_time_ns": 7.5976549993367951e+02,
      "gas_rate": 6.7088197870120410e+11,
      "gas_used": 5.2759800000000000e+05,
      "input_size": 0.0000000000000000e+00
    },
    {
      "name": "external/total/micro/JUMPDEST_n0/empty",
      "family_index": 14,
      "per_family_instance_index": 0,
      "run_name": "external/total/micro/JUMPDEST_n0/empty",
      "run_type": "iteration",
      "repetitions": 20,
      "repetition_index": 17,
      "threads": 1,
      "iterations": 851923,
      "real_time": 7.8050357250588220e-01,
      "cpu_time": 7.9195426464600838e-01,
      "time_unit": "us",
      "code_size": 2.0870000000000000e+03,
      "execution_time_ns": 7.6532507045824559e+02,
      "gas_rate": 6.6619756159256042e+11,
      "gas_used": 5.2759800000000000e+05,
      "input_size": 0.0000000000000000e+00
    },
    {
      "name": "external/total/micro/JUMPDEST_n0/empty",
      "family_index": 14,
      "per_family_instance_index": 0,
      "run_name": "external/total/micro/JUMPDEST_n0/empty",
      "run_type": "iteration",
      "repetitions": 20,
      "repetition_index": 18,
      "threads": 1,
      "iterations": 851923,
      "real_time": 7.7839612852329709e-01,
      "cpu_time": 7.8983685966924722e-01,
      "time_unit": "us",
      "code_size": 2.0870000000000000e+03,
      "execution_time_ns": 7.6288033308174568e+02,
      "gas_rate": 6.6798351272304187e+11,
      "gas_used": 5.2759800000000000e+05,
      "input_size": 0.0000000000000000e+00
    },
    {
      "name": "external/total/micro/JUMPDEST_n0/empty",
      "family_index": 14,
      "per_family_instance_index": 0,
      "run_name": "external/total/micro/JUMPDEST_n0/empty",
      "run_type": "iteration",
      "repetitions": 20,
      "repetition_index": 19,
      "threads": 1,
      "iterations": 851923,
      "real_time": 7.7882394300896673e-01,
      "cpu_time": 7.9023517853138092e-01,
      "time_unit": "us",
      "code_size": 2.0870000000000000e+03,
      "execution_time_ns": 7.6377288557768713e+02,
      "gas_rate": 6.6764681493997632e+11,
      "gas_used": 5.2759800000000000e+05,
      "input_size": 0.0000000000000000e+00
    },
    {
      "name": "external/total/micro/JUMPDEST_n0/empty_mean",
      "family_index": 14,
      "per_family_instance_index": 0,
      "run_name": "external/total/micro/JUMPDEST_n0/empty",
      "run_type": "aggregate",
      "repetitions": 20,
      "threads": 1,
      "aggregate_name": "mean",
      "aggregate_unit": "time",
      "iterations": 20,
      "real_time": 7.8612850398451006e-01,
      "cpu_time": 7.9765379183330065e-01,
      "time_unit": "us",
      "code_size": 2.0870000000000000e+03,
      "execution_time_ns": 7.7038092216080577e+02,
      "gas_rate": 6.6154048912386865e+11,
      "gas_used": 5.2759800000000000e+05,
      "input_size": 0.0000000000000000e+00
    },
    {
      "name": "external/total/micro/JUMPDEST_n0/empty_median",
      "family_index": 14,
      "per_family_instance_index": 0,
      "run_name": "external/total/micro/JUMPDEST_n0/empty",
      "run_type": "aggregate",
      "repetitions": 20,
      "threads": 1,
      "aggregate_name": "median",
      "aggregate_unit": "time",
      "iterations": 20,
      "real_time": 7.8677008955047278e-01,
      "cpu_time": 7.9807617531163377e-01,
      "time_unit": "us",
      "code_size": 2.0870000000000000e+03,
      "execution_time_ns": 7.7093203200289236e+02,
      "gas_rate": 6.6109085739630737e+11,
      "gas_used": 5.2759800000000000e+05,
      "input_size": 0.0000000000000000e+00
    },
    {
      "name": "external/total/micro/JUMPDEST_n0/empty_stddev",
      "family_index": 14,
      "per_family_instance_index": 0,
      "run_name": "external/total/micro/JUMPDEST_n0/empty",
      "run_type": "aggregate",
      "repetitions": 20,
      "threads": 1,
      "aggregate_name": "stddev",
      "aggregate_unit": "time",
      "iterations": 20,
      "real_time": 1.0071195694140885e-02,
      "cpu_time": 1.0217744438871584e-02,
      "time_unit": "us",
      "code_size": 0.0000000000000000e+00,
      "execution_time_ns": 9.7676759471207166e+00,
      "gas_rate": 8.4770824335454998e+09,
      "gas_used": 0.0000000000000000e+00,
      "input_size": 0.0000000000000000e+00
    },
    {
      "name": "external/total/micro/JUMPDEST_n0/empty_cv",
      "family_index": 14,
      "per_family_instance_index": 0,
      "run_name": "external/total/micro/JUMPDEST_n0/empty",
      "run_type": "aggregate",
      "repetitions": 20,
      "threads": 1,
      "aggregate_name": "cv",
      "aggregate_unit": "percentage",
      "iterations": 20,
      "real_time": 1.2811131568305694e-02,
      "cpu_time": 1.2809748469179172e-02,
      "time_unit": "us",
      "code_size": 0.0000000000000000e+00,
      "execution_time_ns": 1.2679021074047128e-02,
      "gas_rate": 1.2814155101484995e-02,
      "gas_used": 0.0000000000000000e+00,
      "input_size": 0.0000000000000000e+00
    },
    {
      "name": "external/total/micro/jump_around/empty",
      "family_index": 15,
      "per_family_instance_index": 0,
      "run_name": "external/total/micro/jump_around/empty",
      "run_type": "iteration",
      "repetitions": 20,
      "repetition_index": 0,
      "threads": 1,
      "iterations": 76042,
      "real_time": 9.0189368769883451e+00,
      "cpu_time": 9.1514247784116574e+00,
      "time_unit": "us",
      "code_size": 2.0481000000000000e+04,
      "execution_time_ns": 9.0011376476157911e+03,
      "gas_rate": 5.3710762192956705e+09,
      "gas_used": 4.9153000000000000e+04,
      "input_size": 0.0000000000000000e+00
    },
    {
      "name": "external/total/micro/jump_around/empty",
      "family_index": 15,
      "per_family_instance_index": 0,
      "run_name": "external/total/micro/jump_around/empty",
      "run_type": "iteration",
      "repetitions": 20,
      "repetition_index": 1,
      "threads": 1,
      "iterations": 76042,
      "real_time": 9.0607670892395138e+00,
      "cpu_time": 9.1935437389865129e+00,
      "time_unit": "us",
      "code_size": 2.0481000000000000e+04,
      "execution_time_ns": 9.0441430919754876e+03,
      "gas_rate": 5.3464693697556257e+09,
      "gas_used": 4.9153000000000000e+04,
      "input_size": 0.0000000000000000e+00
    },
    {
      "name": "external/total/micro/jump_around/empty",
      "family_index": 15,
      "per_family_instance_index": 0,
      "run_name": "external/total/micro/jump_around/empty",
      "run_type": "iteration",
      "repetitions": 20,
      "repetition_index": 2,
      "threads": 1,
      "iterations": 76042,
      "real_time": 9.0583471239569509e+00,
      "cpu_time": 9.1908186923016011e+00,
      "time_unit": "us",
      "code_size": 2.0481000000000000e+04,
      "execution_time_ns": 9.0417260461324004e+03,
      "gas_rate": 5.3480545798571196e+09,
      "gas_used": 4.9153000000000000e+04,
      "input_size": 0.0000000000000000e+00
    },
    {
      "name": "external/total/micro/jump_around/empty",
      "family_index": 15,
      "per_family_instance_index": 0,
      "run_name": "external/total/micro/jump_around/empty",
      "run_type": "iteration",
      "repetitions": 20,
      "repetition_index": 3,
      "threads": 1,
      "iterations": 76042,
      "real_time": 9.1019958049474194e+00,
      "cpu_time": 9.2354793535152613e+00,
      "time_unit": "us",
      "code_size": 2.0481000000000000e+04,
      "execution_time_ns": 9.0861106362273476e+03,
      "gas_rate": 5.3221926137803659e+09,
      "gas_used": 4.9153000000000000e+04,
      "input_size": 0.0000000000000000e+00
    },
    {
      "name": "external/total/micro/jump_around/empty",
      "family_index": 15,
      "per_family_instance_index": 0,
      "run_name": "external/total/micro/jump_around/empty",
      "run_type": "iteration",
      "repetitions": 20,
      "repetition_index": 4,
      "threads": 1,
      "iterations": 76042,
      "real_time": 9.2287255595583204e+00,
      "cpu_time": 9.3637328976091734e+00,
      "time_unit": "us",
      "code_size": 2.0481000000000000e+04,
      "execution_time_ns": 9.2093801188816706e+03,
      "gas_rate": 5.2492953971967907e+09,
      "gas_used": 4.9153000000000000e+04,
      "input_size": 0.0000000000000000e+00
    },
    {
      "name": "external/total/micro/jump_around/empty",
      "family_index": 15,
      "per_family_instance_index": 0,
      "run_name": "external/total/micro/jump_around/empty",
      "run_type": "iteration",
      "repetitions": 20,
      "repetition_index": 5,
      "threads": 1,
      "iterations": 76042,
      "real_time": 9.1546824386529959e+00,
      "cpu_time": 9.2889903474399187e+00,
      "time_unit": "us",
      "code_size": 2.0481000000000000e+04,
      "execution_time_ns": 1.5331147247573710e+04,
      "gas_rate": 5.2915331119432964e+09,
      "gas_used": 4.9153000000000000e+04,
      "input_size": 0.0000000000000000e+00
    },
    {
      "name": "external/total/micro/jump_around/empty",
      "family_index": 15,
      "per_family_instance_index": 0,
      "run_name": "external/total/micro/jump_around/empty",
      "run_type": "iteration",
      "repetitions": 20,
      "repetition_index": 6,
      "threads": 1,
      "iterations": 76042,
      "real_time": 9.2063184555906172e+00,
      "cpu_time": 9.3411904079326948e+00,
      "time_unit": "us",
      "code_size": 2.0481000000000000e+04,
      "execution_time_ns": 9.1904166907761501e+03,
      "gas_rate": 5.2619631817223692e+09,
      "gas_used": 4.9153000000000000e+04,
      "input_size": 0.0000000000000000e+00
    },
    {
      "name": "external/total/micro/jump_around/empty",
      "family_index": 15,
      "per_family_instance_index": 0,
      "run_name": "external/total/micro/jump_around/empty",
      "run_type": "iteration",
      "repetitions": 20,
      "repetition_index": 7,
      "threads": 1,
      "iterations": 76042,
      "real_time": 9.0389992504149035e+00,
      "cpu_time": 9.1713497014807412e+00,
      "time_unit": "us",
      "code_size": 2.0481000000000000e+04,
      "execution_time_ns": 9.0232482049393748e+03,
      "gas_rate": 5.3594074590857782e+09,
      "gas_used": 4.9153000000000000e+04,
      "input_size": 0.0000000000000000e+00
    },
    {
      "name": "external/total/micro/jump_around/empty",
      "family_index": 15,
      "per_family_instance_index": 0,
      "run_name": "external/total/micro/jump_around/empty",
      "run_type": "iteration",
      "repetitions": 20,
      "repetition_index": 8,
      "threads": 1,
      "iterations": 76042,
      "real_time": 9.0807482312392391e+00,
      "cpu_time": 9.2138475710791852e+00,
      "time_unit": "us",
      "code_size": 2.0481000000000000e+04,
      "execution_time_ns": 9.0644399542358169e+03,
      "gas_rate": 5.3346877752008314e+09,
      "gas_used": 4.9153000000000000e+04,
      "input_size": 0.0000000000000000e+00
    },
    {
      "name": "external/total/micro/jump_around/empty",
      "family_index": 15,
      "per_family_instance_index": 0,
      "run_name": "external/total/micro/jump_around/empty",
      "run_type": "iteration",
      "repetitions": 20,
      "repetition_index": 9,
      "threads": 1,
      "iterations": 76042,
      "real_time": 9.1723527655764947e+00,
      "cpu_time": 9.3056640540752866e+00,
      "time_unit": "us",
      "code_size": 2.0481000000000000e+04,
      "execution_time_ns": 9.1564044212408935e+03,
      "gas_rate": 5.2820518465282574e+09,
      "gas_used": 4.9153000000000000e+04,
      "input_size": 0.0000000000000000e+00
    },
    {
      "name": "external/total/micro/jump_around/empty",
      "family_index": 15,
      "per_family_instance_index": 0,
      "run_name": "external/total/micro/jump_around/empty",
      "run_type": "iteration",
      "repetitions": 20,
      "repetition_index": 10,
      "threads": 1,
      "iterations": 76042,
      "real_time": 8.9303627863560475e+00,
      "cpu_time": 9.0589018568685251e+00,
      "time_unit": "us",
      "code_size": 2.0481000000000000e+04,
      "execution_time_ns": 8.9145358354593518e+03,
      "gas_rate": 5.4259336039424953e+09,
      "gas_used": 4.9153000000000000e+04,
      "input_size": 0.0000000000000000e+00
    },
    {
      "name": "external/total/micro/jump_around/empty",
      "family_index": 15,
      "per_family_instance_index": 0,
      "run_name": "external/total/micro/jump_around/empty",
      "run_type": "iteration",
      "repetitions": 20,
      "repetition_index": 11,
      "threads": 1,
      "iterations": 76042,
      "real_time": 8.8992058993713297e+00,
      "cpu_time": 9.0277026774674471e+00,
      "time_unit": "us",
      "code_size": 2.0481000000000000e+04,
      "execution_time_ns": 8.8823273585650040e+03,
      "gas_rate": 5.4446852932676516e+09,
      "gas_used": 4.9153000000000000e+04,
      "input_size": 0.0000000000000000e+00
    },
    {
      "name": "external/total/micro/jump_around/empty",
      "family_index": 15,
      "per_family_instance_index": 0,
      "run_name": "external/total/micro/jump_around/empty",
      "run_type": "iteration",
      "repetitions": 20,
      "repetition_index": 12,
      "threads": 1,
      "iterations": 76042,
      "real_time": 8.9617212987579737e+00,
      "cpu_time": 9.0912479550774989e+00,
      "time_unit": "us",
      "code_size": 2.0481000000000000e+04,
      "execution_time_ns": 8.9451759422424457e+03,
      "gas_rate": 5.4066284676074476e+09,
      "gas_used": 4.9153000000000000e+04,
      "input_size": 0.0000000000000000e+00
    },
    {
      "name": "external/total/micro/jump_around/empty",
      "family_index": 15,
      "per_family_instance_index": 0,
      "run_name": "external/total/micro/jump_around/empty",
      "run_type": "iteration",
      "repetitions": 20,
      "repetition_index": 13,
      "threads": 1,
      "iterations": 76042,
      "real_time": 8.9613039109962340e+00,
      "cpu_time": 9.0904569448463661e+00,
      "time_unit": "us",
      "code_size": 2.0481000000000000e+04,
      "execution_time_ns": 8.9445496962205088e+03,
      "gas_rate": 5.4070989278340092e+09,
      "gas_used": 4.9153000000000000e+04,
      "input_size": 0.0000000000000000e+00
    },
    {
      "name": "external/total/micro/jump_around/empty",
      "family_index": 15,
      "per_family_instance_index": 0,
      "run_name": "external/total/micro/jump_around/empty",
      "run_type": "iteration",
      "repetitions": 20,
      "repetition_index": 14,
      "threads": 1,
      "iterations": 76042,
      "real_time": 9.1086894610874936e+00,
      "cpu_time": 9.2404665448041072e+00,
      "time_unit": "us",
      "code_size": 2.0481000000000000e+04,
      "execution_time_ns": 9.0933578680203045e+03,
      "gas_rate": 5.3193201622096252e+09,
      "gas_used": 4.9153000000000000e+04,
      "input_size": 0.0000000000000000e+00
    },
    {
      "name": "external/total/micro/jump_around/empty",
      "family_index": 15,
      "per_family_instance_index": 0,
      "run_name": "external/total/micro/jump_around/empty",
      "run_type": "iteration",
      "repetitions": 20,
      "repetition_index": 15,
      "threads": 1,
      "iterations": 76042,
      "real_time": 9.0472645248666979e+00,
      "cpu_time": 9.1777790826124637e+00,
      "time_unit": "us",
      "code_size": 2.0481000000000000e+04,
      "execution_time_ns": 9.0307048210199628e+03,
      "gas_rate": 5.3556529915959311e+09,
      "gas_used": 4.9153000000000000e+04,
      "input_size": 0.0000000000000000e+00
    },
    {
      "name": "external/total/micro/jump_around/empty",
      "family_index": 15,
      "per_family_instance_index": 0,
      "run_name": "external/total/micro/jump_around/empty",
      "run_type": "iteration",
      "repetitions": 20,
      "repetition_index": 16,
      "threads": 1,
      "iterations": 76042,
      "real_time": 9.0200906604247173e+00,
      "cpu_time": 9.1500947765707838e+00,
      "time_unit": "us",
      "code_size": 2.0481000000000000e+04,
      "execution_time_ns": 9.0048904684253430e+03,
      "gas_rate": 5.3718569261007433e+09,
      "gas_used": 4.9153000000000000e+04,
      "input_size": 0.0000000000000000e+00
    },
    {
      "name": "external/total/micro/jump_around/empty",
      "family_index": 15,
      "per_family_instance_index": 0,
      "run_name": "external/total/micro/jump_around/empty",
      "run_type": "iteration",
      "repetitions": 20,
      "repetition_index": 17,
      "threads": 1,
      "iterations": 76042,
      "real_time": 9.1016062044662807e+00,
      "cpu_time": 9.2330129796690503e+00,
      "time_unit": "us",
      "code_size": 2.0481000000000000e+04,
      "execution_time_ns": 9.0860556140027875e+03,
      "gas_rate": 5.3236143075109005e+09,
      "gas_used": 4.9153000000000000e+04,
      "input_size": 0.0000000000000000e+00
    },
    {
      "name": "external/total/micro/jump_around/empty",
      "family_index": 15,
      "per_family_instance_index": 0,
      "run_name": "external/total/micro/jump_around/empty",
      "run_type": "iteration",
      "repetitions": 20,
      "repetition_index": 18,
      "threads": 1,
      "iterations": 76042,
      "real_time": 9.1206478656550232e+00,
      "cpu_time": 9.2519984745272339e+00,
      "time_unit": "us",
      "code_size": 2.0481000000000000e+04,
      "execution_time_ns": 9.1055083769495814e+03,
      "gas_rate": 5.3126900242503185e+09,
      "gas_used": 4.9153000000000000e+04,
      "input_size": 0.0000000000000000e+00
    },
    {
      "name": "external/total/micro/jump_around/empty",
      "family_index": 15,
      "per_family_instance_index": 0,
      "run_name": "external/total/micro/jump_around/empty",
      "run_type": "iteration",
      "repetitions": 20,
      "repetition_index": 19,
      "threads": 1,
      "iterations": 76042,
      "real_time": 9.1350057468232144e+00,
      "cpu_time": 9.2665404644799398e+00,
      "time_unit": "us",
      "code_size": 2.0481000000000000e+04,
      "execution_time_ns": 9.1194493043318162e+03,
      "gas_rate": 5.3043528152076740e+09,
      "gas_used": 4.9153000000000000e+04,
      "input_size": 0.0000000000000000e+00
    },
    {
      "name": "external/total/micro/jump_around/empty_mean",
      "family_index": 15,
      "per_family_instance_index": 0,
      "run_name": "external/total/micro/jump_around/empty",
      "run_type": "aggregate",
      "repetitions": 20,
      "threads": 1,
      "aggregate_name": "mean",
      "aggregate_unit": "time",
      "iterations": 20,
      "real_time": 9.0703885977484919e+00,
      "cpu_time": 9.2022121649877739e+00,
      "time_unit": "us",
      "code_size": 2.0481000000000000e+04,
      "execution_time_ns": 9.3637354672417878e+03,
      "gas_rate": 5.3419282536946449e+09,
      "gas_used": 4.9153000000000000e+04,
      "input_size": 0.0000000000000000e+00
    },
    {
      "name": "external/total/micro/jump_around/empty_median",
      "family_index": 15,
      "per_family_instance_index": 0,
      "run_name": "external/total/micro/jump_around/empty",
      "run_type": "aggregate",
      "repetitions": 20,
      "threads": 1,
      "aggregate_name": "median",
      "aggregate_unit": "time",
      "iterations": 20,
      "real_time": 9.0707576602393765e+00,
      "cpu_time": 9.2036956550328490e+00,
      "time_unit": "us",
      "code_size": 2.0481000000000000e+04,
      "execution_time_ns": 9.0542915231056522e+03,
      "gas_rate": 5.3405785724782286e+09,
      "gas_used": 4.9153000000000000e+04,
      "input_size": 0.0000000000000000e+00
    },
    {
      "name": "external/total/micro/jump_around/empty_stddev",
      "family_index": 15,
      "per_family_instance_index": 0,
      "run_name": "external/total/micro/jump_around/empty",
      "run_type": "aggregate",
      "repetitions": 20,
      "threads": 1,
      "aggregate_name": "stddev",
      "aggregate_unit": "time",
      "iterations": 20,
      "real_time": 8.9104435111743069e-02,
      "cpu_time": 9.0829893047786325e-02,
      "time_unit": "us",
      "code_size": 0.0000000000000000e+00,
      "execution_time_ns": 1.4072637702782199e+03,
      "gas_rate": 5.2816446726376191e+07,
      "gas_used": 0.0000000000000000e+00,
      "input_size": 0.0000000000000000e+00
    },
    {
      "name": "external/total/micro/jump_around/empty_cv",
      "family_index": 15,
      "per_family_instance_index": 0,
      "run_name": "external/total/micro/jump_around/empty",
      "run_type": "aggregate",
      "repetitions": 20,
      "threads": 1,
      "aggregate_name": "cv",
      "aggregate_unit": "percentage",
      "iterations": 20,
      "real_time": 9.8236623658947888e-03,
      "cpu_time": 9.8704410873477200e-03,
      "time_unit": "us",
      "code_size": 0.0000000000000000e+00,
      "execution_time_ns": 1.5028871492594056e-01,
      "gas_rate": 9.8871501484219075e-03,
      "gas_used": 0.0000000000000000e+00,
      "input_size": 0.0000000000000000e+00
    },
    {
      "name": "external/total/micro/loop_with_many_jumpdests/empty",
      "family_index": 16,
      "per_family_instance_index": 0,
      "run_name": "external/total/micro/loop_with_many_jumpdests/empty",
      "run_type": "iteration",
      "repetitions": 20,
      "repetition_index": 0,
      "threads": 1,
      "iterations": 368509,
      "real_time": 1.9013327869878998e+00,
      "cpu_time": 1.9294309691215508e+00,
      "time_unit": "us",
      "code_size": 2.4576000000000000e+04,
      "execution_time_ns": 1.8858775172383851e+03,
      "gas_rate": 4.1400195849643672e+12,
      "gas_used": 7.9878820000000000e+06,
      "input_size": 0.0000000000000000e+00
    },
    {
      "name": "external/total/micro/loop_with_many_jumpdests/empty",
      "family_index": 16,
      "per_family_instance_index": 0,
      "run_name": "external/total/micro/loop_with_many_jumpdests/empty",
      "run_type": "iteration",
      "repetitions": 20,
      "repetition_index": 1,
      "threads": 1,
      "iterations": 368509,
      "real_time": 1.8955227687789697e+00,
      "cpu_time": 1.9235955756847529e+00,
      "time_unit": "us",
      "code_size": 2.4576000000000000e+04,
      "execution_time_ns": 1.8799457462368625e+03,
      "gas_rate": 4.1525786922006777e+12,
      "gas_used": 7.9878820000000000e+06,
      "input_size": 0.0000000000000000e+00
    },
    {
      "name": "external/total/micro/loop_with_many_jumpdests/empty",
      "family_index": 16,
      "per_family_instance_index": 0,
      "run_name": "external/total/micro/loop_with_many_jumpdests/empty",
      "run_type": "iteration",
      "repetitions": 20,
      "repetition_index": 2,
      "threads": 1,
      "iterations": 368509,
      "real_time": 1.9480941360999351e+00,
      "cpu_time": 1.9530188760654335e+00,
      "time_unit": "us",
      "code_size": 2.4576000000000000e+04,
      "execution_time_ns": 1.9324418209595967e+03,
      "gas_rate": 4.0900178169769907e+12,
      "gas_used": 7.9878820000000000e+06,
      "input_size": 0.0000000000000000e+00
    },
    {
      "name": "external/total/micro/loop_with_many_jumpdests/empty",
      "family_index": 16,
      "per_family_instance_index": 0,
      "run_name": "external/total/micro/loop_with_many_jumpdests/empty",
      "run_type": "iteration",
      "repetitions": 20,
      "repetition_index": 3,
      "threads": 1,
      "iterations": 368509,
      "real_time": 1.8978058907650341e+00,
      "cpu_time": 1.9258600278419331e+00,
      "time_unit": "us",
      "code_size": 2.4576000000000000e+04,
      "execution_time_ns": 1.8821012946766564e+03,
      "gas_rate": 4.1476960342496987e+12,
      "gas_used": 7.9878820000000000e+06,
      "input_size": 0.0000000000000000e+00
    },
    {
      "name": "external/total/micro/loop_with_many_jumpdests/empty",
      "family_index": 16,
      "per_family_instance_index": 0,
      "run_name": "external/total/micro/loop_with_many_jumpdests/empty",
      "run_type": "iteration",
      "repetitions": 20,
      "repetition_index": 4,
      "threads": 1,
      "iterations": 368509,
      "real_time": 1.9535664556360768e+00,
      "cpu_time": 1.9825047393686315e+00,
      "time_unit": "us",
      "code_size": 2.4576000000000000e+04,
      "execution_time_ns": 1.9378165173713533e+03,
      "gas_rate": 4.0291868369222168e+12,
      "gas_used": 7.9878820000000000e+06,
      "input_size": 0.0000000000000000e+00
    },
    {
      "name": "external/total/micro/loop_with_many_jumpdests/empty",
      "family_index": 16,
      "per_family_instance_index": 0,
      "run_name": "external/total/micro/loop_with_many_jumpdests/empty",
      "run_type": "iteration",
      "repetitions": 20,
      "repetition_index": 5,
      "threads": 1,
      "iterations": 368509,
      "real_time": 1.9402163366429557e+00,
      "cpu_time": 1.9668737751317320e+00,
      "time_unit": "us",
      "code_size": 2.4576000000000000e+04,
      "execution_time_ns": 1.9249636860972189e+03,
      "gas_rate": 4.0612072320019673e+12,
      "gas_used": 7.9878820000000000e+06,
      "input_size": 0.0000000000000000e+00
    },
    {
      "name": "external/total/micro/loop_with_many_jumpdests/empty",
      "family_index": 16,
      "per_family_instance_index": 0,
      "run_name": "external/total/micro/loop_with_many_jumpdests/empty",
      "run_type": "iteration",
      "repetitions": 20,
      "repetition_index": 6,
      "threads": 1,
      "iterations": 368509,
      "real_time": 1.9375622820607556e+00,
      "cpu_time": 1.9662678197818868e+00,
      "time_unit": "us",
      "code_size": 2.4576000000000000e+04,
      "execution_time_ns": 1.9218987650233780e+03,
      "gas_rate": 4.0624587961196841e+12,
      "gas_used": 7.9878820000000000e+06,
      "input_size": 0.0000000000000000e+00
    },
    {
      "name": "external/total/micro/loop_with_many_jumpdests/empty",
      "family_index": 16,
      "per_family_instance_index": 0,
      "run_name": "external/total/micro/loop_with_many_jumpdests/empty",
      "run_type": "iteration",
      "repetitions": 20,
      "repetition_index": 7,
      "threads": 1,
      "iterations": 368509,
      "real_time": 1.9412824245814198e+00,
      "cpu_time": 1.9700077772862548e+00,
      "time_unit": "us",
      "code_size": 2.4576000000000000e+04,
      "execution_time_ns": 1.9253404557283541e+03,
      "gas_rate": 4.0547464289727573e+12,
      "gas_used": 7.9878820000000000e+06,
      "input_size": 0.0000000000000000e+00
    },
    {
      "name": "external/total/micro/loop_with_many_jumpdests/empty",
      "family_index": 16,
      "per_family_instance_index": 0,
      "run_name": "external/total/micro/loop_with_many_jumpdests/empty",
      "run_type": "iteration",
      "repetitions": 20,
      "repetition_index": 8,
      "threads": 1,
      "iterations": 368509,
      "real_time": 1.9374528844618870e+00,
      "cpu_time": 1.9659147185007453e+00,
      "time_unit": "us",
      "code_size": 2.4576000000000000e+04,
      "execution_time_ns": 1.9210104285105656e+03,
      "gas_rate": 4.0631884612429956e+12,
      "gas_used": 7.9878820000000000e+06,
      "input_size": 0.0000000000000000e+00
    },
    {
      "name": "external/total/micro/loop_with_many_jumpdests/empty",
      "family_index": 16,
      "per_family_instance_index": 0,
      "run_name": "external/total/micro/loop_with_many_jumpdests/empty",
      "run_type": "iteration",
      "repetitions": 20,
      "repetition_index": 9,
      "threads": 1,
      "iterations": 368509,
      "real_time": 1.8665416801216532e+00,
      "cpu_time": 1.8933572911380774e+00,
      "time_unit": "us",
      "code_size": 2.4576000000000000e+04,
      "execution_time_ns": 1.8509931562051402e+03,
      "gas_rate": 4.2188983755932124e+12,
      "gas_used": 7.9878820000000000e+06,
      "input_size": 0.0000000000000000e+00
    },
    {
      "name": "external/total/micro/loop_with_many_jumpdests/empty",
      "family_index": 16,
      "per_family_instance_index": 0,
      "run_name": "external/total/micro/loop_with_many_jumpdests/empty",
      "run_type": "iteration",
      "repetitions": 20,
      "repetition_index": 10,
      "threads": 1,
      "iterations": 368509,
      "real_time": 1.8800035765754715e+00,
      "cpu_time": 1.9076443071947302e+00,
      "time_unit": "us",
      "code_size": 2.4576000000000000e+04,
      "execution_time_ns": 1.8635646239304874e+03,
      "gas_rate": 4.1873015686800176e+12,
      "gas_used": 7.9878820000000000e+06,
      "input_size": 0.0000000000000000e+00
    },
    {
      "name": "external/total/micro/loop_with_many_jumpdests/empty",
      "family_index": 16,
      "per_family_instance_index": 0,
      "run_name": "external/total/micro/loop_with_many_jumpdests/empty",
      "run_type": "iteration",
      "repetitions": 20,
      "repetition_index": 11,
      "threads": 1,
      "iterations": 368509,
      "real_time": 1.8865175450255702e+00,
      "cpu_time": 1.9142887446439014e+00,
      "time_unit": "us",
      "code_size": 2.4576000000000000e+04,
      "execution_time_ns": 1.8714957707952858e+03,
      "gas_rate": 4.1727675735177124e+12,
      "gas_used": 7.9878820000000000e+06,
      "input_size": 0.0000000000000000e+00
    },
    {
      "name": "external/total/micro/loop_with_many_jumpdests/empty",
      "family_index": 16,
      "per_family_instance_index": 0,
      "run_name": "external/total/micro/loop_with_many_jumpdests/empty",
      "run_type": "iteration",
      "repetitions": 20,
      "repetition_index": 12,
      "threads": 1,
      "iterations": 368509,
      "real_time": 1.9225183781126280e+00,
      "cpu_time": 1.9508717941759626e+00,
      "time_unit": "us",
      "code_size": 2.4576000000000000e+04,
      "execution_time_ns": 1.9070025779560337e+03,
      "gas_rate": 4.0945191907774941e+12,
      "gas_used": 7.9878820000000000e+06,
      "input_size": 0.0000000000000000e+00
    },
    {
      "name": "external/total/micro/loop_with_many_jumpdests/empty",
      "family_index": 16,
      "per_family_instance_index": 0,
      "run_name": "external/total/micro/loop_with_many_jumpdests/empty",
      "run_type": "iteration",
      "repetitions": 20,
      "repetition_index": 13,
      "threads": 1,
      "iterations": 368509,
      "real_time": 1.9208789229037324e+00,
      "cpu_time": 1.9491059648475169e+00,
      "time_unit": "us",
      "code_size": 2.4576000000000000e+04,
      "execution_time_ns": 1.9054732503141036e+03,
      "gas_rate": 4.0982286977018774e+12,
      "gas_used": 7.9878820000000000e+06,
      "input_size": 0.0000000000000000e+00
    },
    {
      "name": "external/total/micro/loop_with_many_jumpdests/empty",
      "family_index": 16,
      "per_family_instance_index": 0,
      "run_name": "external/total/micro/loop_with_many_jumpdests/empty",
      "run_type": "iteration",
      "repetitions": 20,
      "repetition_index": 14,
      "threads": 1,
      "iterations": 368509,
      "real_time": 1.8911877620361823e+00,
      "cpu_time": 1.9190101978513154e+00,
      "time_unit": "us",
      "code_size": 2.4576000000000000e+04,
      "execution_time_ns": 1.8751323793991462e+03,
      "gas_rate": 4.1625010690114634e+12,
      "gas_used": 7.9878820000000000e+06,
      "input_size": 0.0000000000000000e+00
    },
    {
      "name": "external/total/micro/loop_with_many_jumpdests/empty",
      "family_index": 16,
      "per_family_instance_index": 0,
      "run_name": "external/total/micro/loop_with_many_jumpdests/empty",
      "run_type": "iteration",
      "repetitions": 20,
      "repetition_index": 15,
      "threads": 1,
      "iterations": 368509,
      "real_time": 1.9184941670362579e+00,
      "cpu_time": 1.9467353171836033e+00,
      "time_unit": "us",
      "code_size": 2.4576000000000000e+04,
      "execution_time_ns": 1.9031617816661194e+03,
      "gas_rate": 4.1032193382900630e+12,
      "gas_used": 7.9878820000000000e+06,
      "input_size": 0.0000000000000000e+00
    },
    {
      "name": "external/total/micro/loop_with_many_jumpdests/empty",
      "family_index": 16,
      "per_family_instance_index": 0,
      "run_name": "external/total/micro/loop_with_many_jumpdests/empty",
      "run_type": "iteration",
      "repetitions": 20,
      "repetition_index": 16,
      "threads": 1,
      "iterations": 368509,
      "real_time": 1.9194973854090396e+00,
      "cpu_time": 1.9477175537096825e+00,
      "time_unit": "us",
      "code_size": 2.4576000000000000e+04,
      "execution_time_ns": 1.9043447269944561e+03,
      "gas_rate": 4.1011500793767739e+12,
      "gas_used": 7.9878820000000000e+06,
      "input_size": 0.0000000000000000e+00
    },
    {
      "name": "external/total/micro/loop_with_many_jumpdests/empty",
      "family_index": 16,
      "per_family_instance_index": 0,
      "run_name": "external/total/micro/loop_with_many_jumpdests/empty",
      "run_type": "iteration",
      "repetitions": 20,
      "repetition_index": 17,
      "threads": 1,
      "iterations": 368509,
      "real_time": 1.9329242162335349e+00,
      "cpu_time": 1.9613644958468155e+00,
      "time_unit": "us",
      "code_size": 2.4576000000000000e+04,
      "execution_time_ns": 1.9174649411547614e+03,
      "gas_rate": 4.0726147622812183e+12,
      "gas_used": 7.9878820000000000e+06,
      "input_size": 0.0000000000000000e+00
    },
    {
      "name": "external/total/micro/loop_with_many_jumpdests/empty",
      "family_index": 16,
      "per_family_instance_index": 0,
      "run_name": "external/total/micro/loop_with_many_jumpdests/empty",
      "run_type": "iteration",
      "repetitions": 20,
      "repetition_index": 18,
      "threads": 1,
      "iterations": 368509,
      "real_time": 1.9108366498509175e+00,
      "cpu_time": 1.9389915877224766e+00,
      "time_unit": "us",
      "code_size": 2.4576000000000000e+04,
      "execution_time_ns": 1.8947705022129717e+03,
      "gas_rate": 4.1196063204082798e+12,
      "gas_used": 7.9878820000000000e+06,
      "input_size": 0.0000000000000000e+00
    },
    {
      "name": "external/total/micro/loop_with_many_jumpdests/empty",
      "family_index": 16,
      "per_family_instance_index": 0,
      "run_name": "external/total/micro/loop_with_many_jumpdests/empty",
      "run_type": "iteration",
      "repetitions": 20,
      "repetition_index": 19,
      "threads": 1,
      "iterations": 368509,
      "real_time": 1.9215843249412654e+00,
      "cpu_time": 1.9498111036636432e+00,
      "time_unit": "us",
      "code_size": 2.4576000000000000e+04,
      "execution_time_ns": 1.9057956440683945e+03,
      "gas_rate": 4.0967465950886123e+12,
      "gas_used": 7.9878820000000000e+06,
      "input_size": 0.0000000000000000e+00
    },
    {
      "name": "external/total/micro/loop_with_many_jumpdests/empty_mean",
      "family_index": 16,
      "per_family_instance_index": 0,
      "run_name": "external/total/micro/loop_with_many_jumpdests/empty",
      "run_type": "aggregate",
      "repetitions": 20,
      "threads": 1,
      "aggregate_name": "mean",
      "aggregate_unit": "time",
      "iterations": 20,
      "real_time": 1.9161910287130595e+00,
      "cpu_time": 1.9431186318380322e+00,
      "time_unit": "us",
      "code_size": 2.4576000000000000e+04,
      "execution_time_ns": 1.9005297793269635e+03,
      "gas_rate": 4.1114326727189033e+12,
      "gas_used": 7.9878820000000000e+06,
      "input_size": 0.0000000000000000e+00
    },
    {
      "name": "external/total/micro/loop_with_many_jumpdests/empty_median",
      "family_index": 16,
      "per_family_instance_index": 0,
      "run_name": "external/total/micro/loop_with_many_jumpdests/empty",
      "run_type": "aggregate",
      "repetitions": 20,
      "threads": 1,
      "aggregate_name": "median",
      "aggregate_unit": "time",
      "iterations": 20,
      "real_time": 1.9201881541563861e+00,
      "cpu_time": 1.9484117592785999e+00,
      "time_unit": "us",
      "code_size": 2.4576000000000000e+04,
      "execution_time_ns": 1.9049089886542797e+03,
      "gas_rate": 4.0996893885393257e+12,
      "gas_used": 7.9878820000000000e+06,
      "input_size": 0.0000000000000000e+00
    },
    {
      "name": "external/total/micro/loop_with_many_jumpdests/empty_stddev",
      "family_index": 16,
      "per_family_instance_index": 0,
      "run_name": "external/total/micro/loop_with_many_jumpdests/empty",
      "run_type": "aggregate",
      "repetitions": 20,
      "threads": 1,
      "aggregate_name": "stddev",
      "aggregate_unit": "time",
      "iterations": 20,
      "real_time": 2.4292680477058379e-02,
      "cpu_time": 2.3542170580911018e-02,
      "time_unit": "us",
      "code_size": 0.0000000000000000e+00,
      "execution_time_ns": 2.4299849909388204e+01,
      "gas_rate": 5.0056767706952141e+10,
      "gas_used": 0.0000000000000000e+00,
      "input_size": 0.0000000000000000e+00
    },
    {
      "name": "external/total/micro/loop_with_many_jumpdests/empty_cv",
      "family_index": 16,
      "per_family_instance_index": 0,
      "run_name": "external/total/micro/loop_with_many_jumpdests/empty",
      "run_type": "aggregate",
      "repetitions": 20,
      "threads": 1,
      "aggregate_name": "cv",
      "aggregate_unit": "percentage",
      "iterations": 20,
      "real_time": 1.2677588044743995e-02,
      "cpu_time": 1.2115663035273373e-02,
      "time_unit": "us",
      "code_size": 0.0000000000000000e+00,
      "execution_time_ns": 1.2785829600625112e-02,
      "gas_rate": 1.2175018221531388e-02,
      "gas_used": 0.0000000000000000e+00,
      "input_size": 0.0000000000000000e+00
    },
    {
      "name": "external/total/micro/memory_grow_mload/nogrow",
      "family_index": 17,
      "per_family_instance_index": 0,
      "run_name": "external/total/micro/memory_grow_mload/nogrow",
      "run_type": "iteration",
      "repetitions": 20,
      "repetition_index": 0,
      "threads": 1,
      "iterations": 135646,
      "real_time": 5.1053317458665584e+00,
      "cpu_time": 5.1804759889713097e+00,
      "time_unit": "us",
      "code_size": 2.0485000000000000e+04,
      "execution_time_ns": 5.0896491971749992e+03,
      "gas_rate": 1.1071569508690884e+10,
      "gas_used": 5.7356000000000000e+04,
      "input_size": 3.2000000000000000e+01
    },
    {
      "name": "external/total/micro/memory_grow_mload/nogrow",
      "family_index": 17,
      "per_family_instance_index": 0,
      "run_name": "external/total/micro/memory_grow_mload/nogrow",
      "run_type": "iteration",
      "repetitions": 20,
      "repetition_index": 1,
      "threads": 1,
      "iterations": 135646,
      "real_time": 5.0455146189348232e+00,
      "cpu_time": 5.1196111864707508e+00,
      "time_unit": "us",
      "code_size": 2.0485000000000000e+04,
      "execution_time_ns": 5.0285710525927780e+03,
      "gas_rate": 1.1203194522187702e+10,
      "gas_used": 5.7356000000000000e+04,
      "input_size": 3.2000000000000000e+01
    },
    {
      "name": "external/total/micro/memory_grow_mload/nogrow",
      "family_index": 17,
      "per_family_instance_index": 0,
      "run_name": "external/total/micro/memory_grow_mload/nogrow",
      "run_type": "iteration",
      "repetitions": 20,
      "repetition_index": 2,
      "threads": 1,
      "iterations": 135646,
      "real_time": 5.0176748227014007e+00,
      "cpu_time": 5.0565522462881409e+00,
      "time_unit": "us",
      "code_size": 2.0485000000000000e+04,
      "execution_time_ns": 5.0025346637571329e+03,
      "gas_rate": 1.1342906630125946e+10,
      "gas_used": 5.7356000000000000e+04,
      "input_size": 3.2000000000000000e+01
    },
    {
      "name": "external/total/micro/memory_grow_mload/nogrow",
      "family_index": 17,
      "per_family_instance_index": 0,
      "run_name": "external/total/micro/memory_grow_mload/nogrow",
      "run_type": "iteration",
      "repetitions": 20,
      "repetition_index": 3,
      "threads": 1,
      "iterations": 135646,
      "real_time": 5.1999105023395407e+00,
      "cpu_time": 5.2764814812084708e+00,
      "time_unit": "us",
      "code_size": 2.0485000000000000e+04,
      "execution_time_ns": 5.1816739970216595e+03,
      "gas_rate": 1.0870122486787119e+10,
      "gas_used": 5.7356000000000000e+04,
      "input_size": 3.2000000000000000e+01
    },
    {
      "name": "external/total/micro/memory_grow_mload/nogrow",
      "family_index": 17,
      "per_family_instance_index": 0,
      "run_name": "external/total/micro/memory_grow_mload/nogrow",
      "run_type": "iteration",
      "repetitions": 20,
      "repetition_index": 4,
      "threads": 1,
      "iterations": 135646,
      "real_time": 5.1169058210338667e+00,
      "cpu_time": 5.1918245506689393e+00,
      "time_unit": "us",
      "code_size": 2.0485000000000000e+04,
      "execution_time_ns": 5.0979716467864882e+03,
      "gas_rate": 1.1047368692882734e+10,
      "gas_used": 5.7356000000000000e+04,
      "input_size": 3.2000000000000000e+01
    },
    {
      "name": "external/total/micro/memory_grow_mload/nogrow",
      "family_index": 17,
      "per_family_instance_index": 0,
      "run_name": "external/total/micro/memory_grow_mload/nogrow",
      "run_type": "iteration",
      "repetitions": 20,
      "repetition_index": 5,
      "threads": 1,
      "iterations": 135646,
      "real_time": 5.1003339943680732e+00,
      "cpu_time": 5.1569451513496336e+00,
      "time_unit": "us",
      "code_size": 2.0485000000000000e+04,
      "execution_time_ns": 5.0851157055866006e+03,
      "gas_rate": 1.1122088429617922e+10,
      "gas_used": 5.7356000000000000e+04,
      "input_size": 3.2000000000000000e+01
    },
    {
      "name": "external/total/micro/memory_grow_mload/nogrow",
      "family_index": 17,
      "per_family_instance_index": 0,
      "run_name": "external/total/micro/memory_grow_mload/nogrow",
      "run_type": "iteration",
      "repetitions": 20,
      "repetition_index": 6,
      "threads": 1,
      "iterations": 135646,
      "real_time": 5.1731466685338940e+00,
      "cpu_time": 5.2492500774076651e+00,
      "time_unit": "us",
      "code_size": 2.0485000000000000e+04,
      "execution_time_ns": 8.7191025389617098e+03,
      "gas_rate": 1.0926513150298449e+10,
      "gas_used": 5.7356000000000000e+04,
      "input_size": 3.2000000000000000e+01
    },
    {
      "name": "external/total/micro/memory_grow_mload/nogrow",
      "family_index": 17,
      "per_family_instance_index": 0,
      "run_name": "external/total/micro/memory_grow_mload/nogrow",
      "run_type": "iteration",
      "repetitions": 20,
      "repetition_index": 7,
      "threads": 1,
      "iterations": 135646,
      "real_time": 5.2121549769262252e+00,
      "cpu_time": 5.2885973194932143e+00,
      "time_unit": "us",
      "code_size": 2.0485000000000000e+04,
      "execution_time_ns": 5.1965517965881781e+03,
      "gas_rate": 1.0845219731249306e+10,
      "gas_used": 5.7356000000000000e+04,
      "input_size": 3.2000000000000000e+01
    },
    {
      "name": "external/total/micro/memory_grow_mload/nogrow",
      "family_index": 17,
      "per_family_instance_index": 0,
      "run_name": "external/total/micro/memory_grow_mload/nogrow",
      "run_type": "iteration",
      "repetitions": 20,
      "repetition_index": 8,
      "threads": 1,
      "iterations": 135646,
      "real_time": 5.2677110862106771e+00,
      "cpu_time": 5.3159979210592496e+00,
      "time_unit": "us",
      "code_size": 2.0485000000000000e+04,
      "execution_time_ns": 5.2520258540613067e+03,
      "gas_rate": 1.0789319494047398e+10,
      "gas_used": 5.7356000000000000e+04,
      "input_size": 3.2000000000000000e+01
    },
    {
      "name": "external/total/micro/memory_grow_mload/nogrow",
      "family_index": 17,
      "per_family_instance_index": 0,
      "run_name": "external/total/micro/memory_grow_mload/nogrow",
      "run_type": "iteration",
      "repetitions": 20,
      "repetition_index": 9,
      "threads": 1,
      "iterations": 135646,
      "real_time": 5.2899643188887655e+00,
      "cpu_time": 5.3676141205782741e+00,
      "time_unit": "us",
      "code_size": 2.0485000000000000e+04,
      "execution_time_ns": 5.2738327853383071e+03,
      "gas_rate": 1.0685566941205681e+10,
      "gas_used": 5.7356000000000000e+04,
      "input_size": 3.2000000000000000e+01
    },
    {
      "name": "external/total/micro/memory_grow_mload/nogrow",
      "family_index": 17,
      "per_family_instance_index": 0,
      "run_name": "external/total/micro/memory_grow_mload/nogrow",
      "run_type": "iteration",
      "repetitions": 20,
      "repetition_index": 10,
      "threads": 1,
      "iterations": 135646,
      "real_time": 5.3333565530839770e+00,
      "cpu_time": 5.3916574171001113e+00,
      "time_unit": "us",
      "code_size": 2.0485000000000000e+04,
      "execution_time_ns": 5.3161404317119559e+03,
      "gas_rate": 1.0637916240392138e+10,
      "gas_used": 5.7356000000000000e+04,
      "input_size": 3.2000000000000000e+01
    },
    {
      "name": "external/total/micro/memory_grow_mload/nogrow",
      "family_index": 17,
      "per_family_instance_index": 0,
      "run_name": "external/total/micro/memory_grow_mload/nogrow",
      "run_type": "iteration",
      "repetitions": 20,
      "repetition_index": 11,
      "threads": 1,
      "iterations": 135646,
      "real_time": 5.3005322383236404e+00,
      "cpu_time": 5.3773373634311969e+00,
      "time_unit": "us",
      "code_size": 2.0485000000000000e+04,
      "execution_time_ns": 5.2819491544166431e+03,
      "gas_rate": 1.0666245415445168e+10,
      "gas_used": 5.7356000000000000e+04,
      "input_size": 3.2000000000000000e+01
    },
    {
      "name": "external/total/micro/memory_grow_mload/nogrow",
      "family_index": 17,
      "per_family_instance_index": 0,
      "run_name": "external/total/micro/memory_grow_mload/nogrow",
      "run_type": "iteration",
      "repetitions": 20,
      "repetition_index": 12,
      "threads": 1,
      "iterations": 135646,
      "real_time": 5.2194324786585291e+00,
      "cpu_time": 5.2948534273035559e+00,
      "time_unit": "us",
      "code_size": 2.0485000000000000e+04,
      "execution_time_ns": 5.2028809622104600e+03,
      "gas_rate": 1.0832405615656290e+10,
      "gas_used": 5.7356000000000000e+04,
      "input_size": 3.2000000000000000e+01
    },
    {
      "name": "external/total/micro/memory_grow_mload/nogrow",
      "family_index": 17,
      "per_family_instance_index": 0,
      "run_name": "external/total/micro/memory_grow_mload/nogrow",
      "run_type": "iteration",
      "repetitions": 20,
      "repetition_index": 13,
      "threads": 1,
      "iterations": 135646,
      "real_time": 5.1949916178860622e+00,
      "cpu_time": 5.2558832918035430e+00,
      "time_unit": "us",
      "code_size": 2.0485000000000000e+04,
      "execution_time_ns": 5.1776889329578462e+03,
      "gas_rate": 1.0912723288480486e+10,
      "gas_used": 5.7356000000000000e+04,
      "input_size": 3.2000000000000000e+01
    },
    {
      "name": "external/total/micro/memory_grow_mload/nogrow",
      "family_index": 17,
      "per_family_instance_index": 0,
      "run_name": "external/total/micro/memory_grow_mload/nogrow",
      "run_type": "iteration",
      "repetitions": 20,
      "repetition_index": 14,
      "threads": 1,
      "iterations": 135646,
      "real_time": 5.1705069298025821e+00,
      "cpu_time": 5.2454149624760067e+00,
      "time_unit": "us",
      "code_size": 2.0485000000000000e+04,
      "execution_time_ns": 5.1553099833389851e+03,
      "gas_rate": 1.0934501924119669e+10,
      "gas_used": 5.7356000000000000e+04,
      "input_size": 3.2000000000000000e+01
    },
    {
      "name": "external/total/micro/memory_grow_mload/nogrow",
      "family_index": 17,
      "per_family_instance_index": 0,
      "run_name": "external/total/micro/memory_grow_mload/nogrow",
      "run_type": "iteration",
      "repetitions": 20,
      "repetition_index": 15,
      "threads": 1,
      "iterations": 135646,
      "real_time": 5.0607763664228447e+00,
      "cpu_time": 5.1339890523866849e+00,
      "time_unit": "us",
      "code_size": 2.0485000000000000e+04,
      "execution_time_ns": 5.0454130162334313e+03,
      "gas_rate": 1.1171819693175308e+10,
      "gas_used": 5.7356000000000000e+04,
      "input_size": 3.2000000000000000e+01
    },
    {
      "name": "external/total/micro/memory_grow_mload/nogrow",
      "family_index": 17,
      "per_family_instance_index": 0,
      "run_name": "external/total/micro/memory_grow_mload/nogrow",
      "run_type": "iteration",
      "repetitions": 20,
      "repetition_index": 16,
      "threads": 1,
      "iterations": 135646,
      "real_time": 5.1462498562450971e+00,
      "cpu_time": 5.2010872270469175e+00,
      "time_unit": "us",
      "code_size": 2.0485000000000000e+04,
      "execution_time_ns": 5.1289224230718191e+03,
      "gas_rate": 1.1027694306247137e+10,
      "gas_used": 5.7356000000000000e+04,
      "input_size": 3.2000000000000000e+01
    },
    {
      "name": "external/total/micro/memory_grow_mload/nogrow",
      "family_index": 17,
      "per_family_instance_index": 0,
      "run_name": "external/total/micro/memory_grow_mload/nogrow",
      "run_type": "iteration",
      "repetitions": 20,
      "repetition_index": 17,
      "threads": 1,
      "iterations": 135646,
      "real_time": 5.1365661132656646e+00,
      "cpu_time": 5.2108515105494693e+00,
      "time_unit": "us",
      "code_size": 2.0485000000000000e+04,
      "execution_time_ns": 5.1212549430134322e+03,
      "gas_rate": 1.1007030210682777e+10,
      "gas_used": 5.7356000000000000e+04,
      "input_size": 3.2000000000000000e+01
    },
    {
      "name": "external/total/micro/memory_grow_mload/nogrow",
      "family_index": 17,
      "per_family_instance_index": 0,
      "run_name": "external/total/micro/memory_grow_mload/nogrow",
      "run_type": "iteration",
      "repetitions": 20,
      "repetition_index": 18,
      "threads": 1,
      "iterations": 135646,
      "real_time": 5.1765090456046439e+00,
      "cpu_time": 5.2512653524619148e+00,
      "time_unit": "us",
      "code_size": 2.0485000000000000e+04,
      "execution_time_ns": 5.1594524055261491e+03,
      "gas_rate": 1.0922319888693148e+10,
      "gas_used": 5.7356000000000000e+04,
      "input_size": 3.2000000000000000e+01
    },
    {
      "name": "external/total/micro/memory_grow_mload/nogrow",
      "family_index": 17,
      "per_family_instance_index": 0,
      "run_name": "external/total/micro/memory_grow_mload/nogrow",
      "run_type": "iteration",
      "repetitions": 20,
      "repetition_index": 19,
      "threads": 1,
      "iterations": 135646,
      "real_time": 5.1764641935615803e+00,
      "cpu_time": 5.2336548810874941e+00,
      "time_unit": "us",
      "code_size": 2.0485000000000000e+04,
      "execution_time_ns": 5.1602810403550420e+03,
      "gas_rate": 1.0959071872939789e+10,
      "gas_used": 5.7356000000000000e+04,
      "input_size": 3.2000000000000000e+01
    },
    {
      "name": "external/total/micro/memory_grow_mload/nogrow_mean",
      "family_index": 17,
      "per_family_instance_index": 0,
      "run_name": "external/total/micro/memory_grow_mload/nogrow",
      "run_type": "aggregate",
      "repetitions": 20,
      "threads": 1,
      "aggregate_name": "mean",
      "aggregate_unit": "time",
      "iterations": 20,
      "real_time": 5.1722016974329232e+00,
      "cpu_time": 5.2399672264571269e+00,
      "time_unit": "us",
      "code_size": 2.0485000000000000e+04,
      "execution_time_ns": 5.3338161265352473e+03,
      "gas_rate": 1.0948779902146252e+10,
      "gas_used": 5.7356000000000000e+04,
      "input_size": 3.2000000000000000e+01
    },
    {
      "name": "external/total/micro/memory_grow_mload/nogrow_median",
      "family_index": 17,
      "per_family_instance_index": 0,
      "run_name": "external/total/micro/memory_grow_mload/nogrow",
      "run_type": "aggregate",
      "repetitions": 20,
      "threads": 1,
      "aggregate_name": "median",
      "aggregate_unit": "time",
      "iterations": 20,
      "real_time": 5.1748054310477363e+00,
      "cpu_time": 5.2473325199418355e+00,
      "time_unit": "us",
      "code_size": 2.0485000000000000e+04,
      "execution_time_ns": 5.1598667229405955e+03,
      "gas_rate": 1.0930507537209059e+10,
      "gas_used": 5.7356000000000000e+04,
      "input_size": 3.2000000000000000e+01
    },
    {
      "name": "external/total/micro/memory_grow_mload/nogrow_stddev",
      "family_index": 17,
      "per_family_instance_index": 0,
      "run_name": "external/total/micro/memory_grow_mload/nogrow",
      "run_type": "aggregate",
      "repetitions": 20,
      "threads": 1,
      "aggregate_name": "stddev",
      "aggregate_unit": "time",
      "iterations": 20,
      "real_time": 8.5089955430680903e-02,
      "cpu_time": 8.7560256992021218e-02,
      "time_unit": "us",
      "code_size": 0.0000000000000000e+00,
      "execution_time_ns": 8.0130480388494777e+02,
      "gas_rate": 1.8334523147147056e+08,
      "gas_used": 0.0000000000000000e+00,
      "input_size": 0.0000000000000000e+00
    },
    {
      "name": "external/total/micro/memory_grow_mload/nogrow_cv",
      "family_index": 17,
      "per_family_instance_index": 0,
      "run_name": "external/total/micro/memory_grow_mload/nogrow",
      "run_type": "aggregate",
      "repetitions": 20,
      "threads": 1,
      "aggregate_name": "cv",
      "aggregate_unit": "percentage",
      "iterations": 20,
      "real_time": 1.6451399308908026e-02,
      "cpu_time": 1.6710077221460583e-02,
      "time_unit": "us",
      "code_size": 0.0000000000000000e+00,
      "execution_time_ns": 1.5023105125400363e-01,
      "gas_rate": 1.6745722638513358e-02,
      "gas_used": 0.0000000000000000e+00,
      "input_size": 0.0000000000000000e+00
    },
    {
      "name": "external/total/micro/memory_grow_mload/by1",
      "family_index": 18,
      "per_family_instance_index": 0,
      "run_name": "external/total/micro/memory_grow_mload/by1",
      "run_type": "iteration",
      "repetitions": 20,
      "repetition_index": 0,
      "threads": 1,
      "iterations": 131329,
      "real_time": 5.1223839822114430e+00,
      "cpu_time": 5.1965919332365580e+00,
      "time_unit": "us",
      "code_size": 2.0485000000000000e+04,
      "execution_time_ns": 5.1069474068941363e+03,
      "gas_rate": 1.1117286241103456e+10,
      "gas_used": 5.7772000000000000e+04,
      "input_size": 3.2000000000000000e+01
    },
    {
      "name": "external/total/micro/memory_grow_mload/by1",
      "family_index": 18,
      "per_family_instance_index": 0,
      "run_name": "external/total/micro/memory_grow_mload/by1",
      "run_type": "iteration",
      "repetitions": 20,
      "repetition_index": 1,
      "threads": 1,
      "iterations": 131329,
      "real_time": 5.3392724150815640e+00,
      "cpu_time": 5.4155878823410619e+00,
      "time_unit": "us",
      "code_size": 2.0485000000000000e+04,
      "execution_time_ns": 5.3224466340259960e+03,
      "gas_rate": 1.0667724585982750e+10,
      "gas_used": 5.7772000000000000e+04,
      "input_size": 3.2000000000000000e+01
    },
    {
      "name": "external/total/micro/memory_grow_mload/by1",
      "family_index": 18,
      "per_family_instance_index": 0,
      "run_name": "external/total/micro/memory_grow_mload/by1",
      "run_type": "iteration",
      "repetitions": 20,
      "repetition_index": 2,
      "threads": 1,
      "iterations": 131329,
      "real_time": 5.4460760304259770e+00,
      "cpu_time": 5.4713119036922260e+00,
      "time_unit": "us",
      "code_size": 2.0485000000000000e+04,
      "execution_time_ns": 5.4295645668511906e+03,
      "gas_rate": 1.0559076327016470e+10,
      "gas_used": 5.7772000000000000e+04,
      "input_size": 3.2000000000000000e+01
    },
    {
      "name": "external/total/micro/memory_grow_mload/by1",
      "family_index": 18,
      "per_family_instance_index": 0,
      "run_name": "external/total/micro/memory_grow_mload/by1",
      "run_type": "iteration",
      "repetitions": 20,
      "repetition_index": 3,
      "threads": 1,
      "iterations": 131329,
      "real_time": 5.2504998819766877e+00,
      "cpu_time": 5.3284346184009070e+00,
      "time_unit": "us",
      "code_size": 2.0485000000000000e+04,
      "execution_time_ns": 5.2351081482383934e+03,
      "gas_rate": 1.0842208666780582e+10,
      "gas_used": 5.7772000000000000e+04,
      "input_size": 3.2000000000000000e+01
    },
    {
      "name": "external/total/micro/memory_grow_mload/by1",
      "family_index": 18,
      "per_family_instance_index": 0,
      "run_name": "external/total/micro/memory_grow_mload/by1",
      "run_type": "iteration",
      "repetitions": 20,
      "repetition_index": 4,
      "threads": 1,
      "iterations": 131329,
      "real_time": 5.3198882881927858e+00,
      "cpu_time": 5.3986050758019211e+00,
      "time_unit": "us",
      "code_size": 2.0485000000000000e+04,
      "execution_time_ns": 5.3035336673545062e+03,
      "gas_rate": 1.0701282866374220e+10,
      "gas_used": 5.7772000000000000e+04,
      "input_size": 3.2000000000000000e+01
    },
    {
      "name": "external/total/micro/memory_grow_mload/by1",
      "family_index": 18,
      "per_family_instance_index": 0,
      "run_name": "external/total/micro/memory_grow_mload/by1",
      "run_type": "iteration",
      "repetitions": 20,
      "repetition_index": 5,
      "threads": 1,
      "iterations": 131329,
      "real_time": 5.2960400368566951e+00,
      "cpu_time": 5.3600263079745902e+00,
      "time_unit": "us",
      "code_size": 2.0485000000000000e+04,
      "execution_time_ns": 5.2798944559084439e+03,
      "gas_rate": 1.0778305306831690e+10,
      "gas_used": 5.7772000000000000e+04,
      "input_size": 3.2000000000000000e+01
    },
    {
      "name": "external/total/micro/memory_grow_mload/by1",
      "family_index": 18,
      "per_family_instance_index": 0,
      "run_name": "external/total/micro/memory_grow_mload/by1",
      "run_type": "iteration",
      "repetitions": 20,
      "repetition_index": 6,
      "threads": 1,
      "iterations": 131329,
      "real_time": 5.2565688385653360e+00,
      "cpu_time": 5.3345403452398745e+00,
      "time_unit": "us",
      "code_size": 2.0485000000000000e+04,
      "execution_time_ns": 5.2392232560972825e+03,
      "gas_rate": 1.0829799056923658e+10,
      "gas_used": 5.7772000000000000e+04,
      "input_size": 3.2000000000000000e+01
    },
    {
      "name": "external/total/micro/memory_grow_mload/by1",
      "family_index": 18,
      "per_family_instance_index": 0,
      "run_name": "external/total/micro/memory_grow_mload/by1",
      "run_type": "iteration",
      "repetitions": 20,
      "repetition_index": 7,
      "threads": 1,
      "iterations": 131329,
      "real_time": 5.2654538906098898e+00,
      "cpu_time": 5.3434430628420841e+00,
      "time_unit": "us",
      "code_size": 2.0485000000000000e+04,
      "execution_time_ns": 5.2479550061296441e+03,
      "gas_rate": 1.0811755514294201e+10,
      "gas_used": 5.7772000000000000e+04,
      "input_size": 3.2000000000000000e+01
    },
    {
      "name": "external/total/micro/memory_grow_mload/by1",
      "family_index": 18,
      "per_family_instance_index": 0,
      "run_name": "external/total/micro/memory_grow_mload/by1",
      "run_type": "iteration",
      "repetitions": 20,
      "repetition_index": 8,
      "threads": 1,
      "iterations": 131329,
      "real_time": 5.1581744169226624e+00,
      "cpu_time": 5.2268829047660201e+00,
      "time_unit": "us",
      "code_size": 2.0485000000000000e+04,
      "execution_time_ns": 5.1410198509087859e+03,
      "gas_rate": 1.1052859046702930e+10,
      "gas_used": 5.7772000000000000e+04,
      "input_size": 3.2000000000000000e+01
    },
    {
      "name": "external/total/micro/memory_grow_mload/by1",
      "family_index": 18,
      "per_family_instance_index": 0,
      "run_name": "external/total/micro/memory_grow_mload/by1",
      "run_type": "iteration",
      "repetitions": 20,
      "repetition_index": 9,
      "threads": 1,
      "iterations": 131329,
      "real_time": 5.2130201935598119e+00,
      "cpu_time": 5.2901219837203453e+00,
      "time_unit": "us",
      "code_size": 2.0485000000000000e+04,
      "execution_time_ns": 5.1963612987230545e+03,
      "gas_rate": 1.0920731162303200e+10,
      "gas_used": 5.7772000000000000e+04,
      "input_size": 3.2000000000000000e+01
    },
    {
      "name": "external/total/micro/memory_grow_mload/by1",
      "family_index": 18,
      "per_family_instance_index": 0,
      "run_name": "external/total/micro/memory_grow_mload/by1",
      "run_type": "iteration",
      "repetitions": 20,
      "repetition_index": 10,
      "threads": 1,
      "iterations": 131329,
      "real_time": 5.1473305058315617e+00,
      "cpu_time": 5.2236075048162469e+00,
      "time_unit": "us",
      "code_size": 2.0485000000000000e+04,
      "execution_time_ns": 5.1317632510717358e+03,
      "gas_rate": 1.1059789608375689e+10,
      "gas_used": 5.7772000000000000e+04,
      "input_size": 3.2000000000000000e+01
    },
    {
      "name": "external/total/micro/memory_grow_mload/by1",
      "family_index": 18,
      "per_family_instance_index": 0,
      "run_name": "external/total/micro/memory_grow_mload/by1",
      "run_type": "iteration",
      "repetitions": 20,
      "repetition_index": 11,
      "threads": 1,
      "iterations": 131329,
      "real_time": 5.1960189980883191e+00,
      "cpu_time": 5.2731402203626212e+00,
      "time_unit": "us",
      "code_size": 2.0485000000000000e+04,
      "execution_time_ns": 5.1792683489556766e+03,
      "gas_rate": 1.0955900580248018e+10,
      "gas_used": 5.7772000000000000e+04,
      "input_size": 3.2000000000000000e+01
    },
    {
      "name": "external/total/micro/memory_grow_mload/by1",
      "family_index": 18,
      "per_family_instance_index": 0,
      "run_name": "external/total/micro/memory_grow_mload/by1",
      "run_type": "iteration",
      "repetitions": 20,
      "repetition_index": 12,
      "threads": 1,
      "iterations": 131329,
      "real_time": 5.1524291207576249e+00,
      "cpu_time": 5.2286489655746093e+00,
      "time_unit": "us",
      "code_size": 2.0485000000000000e+04,
      "execution_time_ns": 5.1365499851517943e+03,
      "gas_rate": 1.1049125764680414e+10,
      "gas_used": 5.7772000000000000e+04,
      "input_size": 3.2000000000000000e+01
    },
    {
      "name": "external/total/micro/memory_grow_mload/by1",
      "family_index": 18,
      "per_family_instance_index": 0,
      "run_name": "external/total/micro/memory_grow_mload/by1",
      "run_type": "iteration",
      "repetitions": 20,
      "repetition_index": 13,
      "threads": 1,
      "iterations": 131329,
      "real_time": 5.1702102582067502e+00,
      "cpu_time": 5.2464975443353374e+00,
      "time_unit": "us",
      "code_size": 2.0485000000000000e+04,
      "execution_time_ns": 5.1537162012959816e+03,
      "gas_rate": 1.1011536651222994e+10,
      "gas_used": 5.7772000000000000e+04,
      "input_size": 3.2000000000000000e+01
    },
    {
      "name": "external/total/micro/memory_grow_mload/by1",
      "family_index": 18,
      "per_family_instance_index": 0,
      "run_name": "external/total/micro/memory_grow_mload/by1",
      "run_type": "iteration",
      "repetitions": 20,
      "repetition_index": 14,
      "threads": 1,
      "iterations": 131329,
      "real_time": 5.2296860784721915e+00,
      "cpu_time": 5.3069357719922250e+00,
      "time_unit": "us",
      "code_size": 2.0485000000000000e+04,
      "execution_time_ns": 5.2134892369545187e+03,
      "gas_rate": 1.0886131372626802e+10,
      "gas_used": 5.7772000000000000e+04,
      "input_size": 3.2000000000000000e+01
    },
    {
      "name": "external/total/micro/memory_grow_mload/by1",
      "family_index": 18,
      "per_family_instance_index": 0,
      "run_name": "external/total/micro/memory_grow_mload/by1",
      "run_type": "iteration",
      "repetitions": 20,
      "repetition_index": 15,
      "threads": 1,
      "iterations": 131329,
      "real_time": 5.4008103313048137e+00,
      "cpu_time": 5.4803686619101279e+00,
      "time_unit": "us",
      "code_size": 2.0485000000000000e+04,
      "execution_time_ns": 5.3831383700477427e+03,
      "gas_rate": 1.0541626588285784e+10,
      "gas_used": 5.7772000000000000e+04,
      "input_size": 3.2000000000000000e+01
    },
    {
      "name": "external/total/micro/memory_grow_mload/by1",
      "family_index": 18,
      "per_family_instance_index": 0,
      "run_name": "external/total/micro/memory_grow_mload/by1",
      "run_type": "iteration",
      "repetitions": 20,
      "repetition_index": 16,
      "threads": 1,
      "iterations": 131329,
      "real_time": 5.3703285945982397e+00,
      "cpu_time": 5.4494882090017596e+00,
      "time_unit": "us",
      "code_size": 2.0485000000000000e+04,
      "execution_time_ns": 5.3541517867340799e+03,
      "gas_rate": 1.0601362510440722e+10,
      "gas_used": 5.7772000000000000e+04,
      "input_size": 3.2000000000000000e+01
    },
    {
      "name": "external/total/micro/memory_grow_mload/by1",
      "family_index": 18,
      "per_family_instance_index": 0,
      "run_name": "external/total/micro/memory_grow_mload/by1",
      "run_type": "iteration",
      "repetitions": 20,
      "repetition_index": 17,
      "threads": 1,
      "iterations": 131329,
      "real_time": 5.4413549178034941e+00,
      "cpu_time": 5.5215243015632742e+00,
      "time_unit": "us",
      "code_size": 2.0485000000000000e+04,
      "execution_time_ns": 5.4249417645759886e+03,
      "gas_rate": 1.0463052744989889e+10,
      "gas_used": 5.7772000000000000e+04,
      "input_size": 3.2000000000000000e+01
    },
    {
      "name": "external/total/micro/memory_grow_mload/by1",
      "family_index": 18,
      "per_family_instance_index": 0,
      "run_name": "external/total/micro/memory_grow_mload/by1",
      "run_type": "iteration",
      "repetitions": 20,
      "repetition_index": 18,
      "threads": 1,
      "iterations": 131329,
      "real_time": 5.3310886932806483e+00,
      "cpu_time": 5.4096474655254365e+00,
      "time_unit": "us",
      "code_size": 2.0485000000000000e+04,
      "execution_time_ns": 5.3139817862010677e+03,
      "gas_rate": 1.0679438977894400e+10,
      "gas_used": 5.7772000000000000e+04,
      "input_size": 3.2000000000000000e+01
    },
    {
      "name": "external/total/micro/memory_grow_mload/by1",
      "family_index": 18,
      "per_family_instance_index": 0,
      "run_name": "external/total/micro/memory_grow_mload/by1",
      "run_type": "iteration",
      "repetitions": 20,
      "repetition_index": 19,
      "threads": 1,
      "iterations": 131329,
      "real_time": 5.4956762253584710e+00,
      "cpu_time": 5.5768038057095133e+00,
      "time_unit": "us",
      "code_size": 2.0485000000000000e+04,
      "execution_time_ns": 5.4777225822171795e+03,
      "gas_rate": 1.0359338792025141e+10,
      "gas_used": 5.7772000000000000e+04,
      "input_size": 3.2000000000000000e+01
    },
    {
      "name": "external/total/micro/memory_grow_mload/by1_mean",
      "family_index": 18,
      "per_family_instance_index": 0,
      "run_name": "external/total/micro/memory_grow_mload/by1",
      "run_type": "aggregate",
      "repetitions": 20,
      "threads": 1,
      "aggregate_name": "mean",
      "aggregate_unit": "time",
      "iterations": 20,
      "real_time": 5.2801155849052481e+00,
      "cpu_time": 5.3541104234403374e+00,
      "time_unit": "us",
      "code_size": 2.0485000000000000e+04,
      "execution_time_ns": 5.2635388802168600e+03,
      "gas_rate": 1.0794416618255152e+10,
      "gas_used": 5.7772000000000000e+04,
      "input_size": 3.2000000000000000e+01
    },
    {
      "name": "external/total/micro/memory_grow_mload/by1_median",
      "family_index": 18,
      "per_family_instance_index": 0,
      "run_name": "external/total/micro/memory_grow_mload/by1",
      "run_type": "aggregate",
      "repetitions": 20,
      "threads": 1,
      "aggregate_name": "median",
      "aggregate_unit": "time",
      "iterations": 20,
      "real_time": 5.2610113645876124e+00,
      "cpu_time": 5.3389917040409802e+00,
      "time_unit": "us",
      "code_size": 2.0485000000000000e+04,
      "execution_time_ns": 5.2435891311134637e+03,
      "gas_rate": 1.0820777285608929e+10,
      "gas_used": 5.7772000000000000e+04,
      "input_size": 3.2000000000000000e+01
    },
    {
      "name": "external/total/micro/memory_grow_mload/by1_stddev",
      "family_index": 18,
      "per_family_instance_index": 0,
      "run_name": "external/total/micro/memory_grow_mload/by1",
      "run_type": "aggregate",
      "repetitions": 20,
      "threads": 1,
      "aggregate_name": "stddev",
      "aggregate_unit": "time",
      "iterations": 20,
      "real_time": 1.1054260910371534e-01,
      "cpu_time": 1.0873817425025804e-01,
      "time_unit": "us",
      "code_size": 0.0000000000000000e+00,
      "execution_time_ns": 1.1019887798232419e+02,
      "gas_rate": 2.1783809767865798e+08,
      "gas_used": 0.0000000000000000e+00,
      "input_size": 0.0000000000000000e+00
    },
    {
      "name": "external/total/micro/memory_grow_mload/by1_cv",
      "family_index": 18,
      "per_family_instance_index": 0,
      "run_name": "external/total/micro/memory_grow_mload/by1",
      "run_type": "aggregate",
      "repetitions": 20,
      "threads": 1,
      "aggregate_name": "cv",
      "aggregate_unit": "percentage",
      "iterations": 20,
      "real_time": 2.0935641905213902e-02,
      "cpu_time": 2.0309288686725897e-02,
      "time_unit": "us",
      "code_size": 0.0000000000000000e+00,
      "execution_time_ns": 2.0936271297721267e-02,
      "gas_rate": 2.0180627205944372e-02,
      "gas_used": 0.0000000000000000e+00,
      "input_size": 0.0000000000000000e+00
    },
    {
      "name": "external/total/micro/memory_grow_mload/by16",
      "family_index": 19,
      "per_family_instance_index": 0,
      "run_name": "external/total/micro/memory_grow_mload/by16",
      "run_type": "iteration",
      "repetitions": 20,
      "repetition_index": 0,
      "threads": 1,
      "iterations": 113745,
      "real_time": 5.7939558046471609e+00,
      "cpu_time": 5.8791699415361149e+00,
      "time_unit": "us",
      "code_size": 2.0485000000000000e+04,
      "execution_time_ns": 5.7734085805969489e+03,
      "gas_rate": 1.2195599159915787e+10,
      "gas_used": 7.1700000000000000e+04,
      "input_size": 3.2000000000000000e+01
    },
    {
      "name": "external/total/micro/memory_grow_mload/by16",
      "family_index": 19,
      "per_family_instance_index": 0,
      "run_name": "external/total/micro/memory_grow_mload/by16",
      "run_type": "iteration",
      "repetitions": 20,
      "repetition_index": 1,
      "threads": 1,
      "iterations": 113745,
      "real_time": 5.6142706404668896e+00,
      "cpu_time": 5.6970427095697040e+00,
      "time_unit": "us",
      "code_size": 2.0485000000000000e+04,
      "execution_time_ns": 5.5949527715503982e+03,
      "gas_rate": 1.2585477001876905e+10,
      "gas_used": 7.1700000000000000e+04,
      "input_size": 3.2000000000000000e+01
    },
    {
      "name": "external/total/micro/memory_grow_mload/by16",
      "family_index": 19,
      "per_family_instance_index": 0,
      "run_name": "external/total/micro/memory_grow_mload/by16",
      "run_type": "iteration",
      "repetitions": 20,
      "repetition_index": 2,
      "threads": 1,
      "iterations": 113745,
      "real_time": 5.7484120532752998e+00,
      "cpu_time": 5.8333022286692193e+00,
      "time_unit": "us",
      "code_size": 2.0485000000000000e+04,
      "execution_time_ns": 5.7280093718405205e+03,
      "gas_rate": 1.2291494112479284e+10,
      "gas_used": 7.1700000000000000e+04,
      "input_size": 3.2000000000000000e+01
    },
    {
      "name": "external/total/micro/memory_grow_mload/by16",
      "family_index": 19,
      "per_family_instance_index": 0,
      "run_name": "external/total/micro/memory_grow_mload/by16",
      "run_type": "iteration",
      "repetitions": 20,
      "repetition_index": 3,
      "threads": 1,
      "iterations": 113745,
      "real_time": 5.7486224449427530e+00,
      "cpu_time": 5.8333655545296583e+00,
      "time_unit": "us",
      "code_size": 2.0485000000000000e+04,
      "execution_time_ns": 5.7281719196448194e+03,
      "gas_rate": 1.2291360678455055e+10,
      "gas_used": 7.1700000000000000e+04,
      "input_size": 3.2000000000000000e+01
    },
    {
      "name": "external/total/micro/memory_grow_mload/by16",
      "family_index": 19,
      "per_family_instance_index": 0,
      "run_name": "external/total/micro/memory_grow_mload/by16",
      "run_type": "iteration",
      "repetitions": 20,
      "repetition_index": 4,
      "threads": 1,
      "iterations": 113745,
      "real_time": 5.7283435140002705e+00,
      "cpu_time": 5.8126084047653119e+00,
      "time_unit": "us",
      "code_size": 2.0485000000000000e+04,
      "execution_time_ns": 5.7099315925974770e+03,
      "gas_rate": 1.2335253815003031e+10,
      "gas_used": 7.1700000000000000e+04,
      "input_size": 3.2000000000000000e+01
    },
    {
      "name": "external/total/micro/memory_grow_mload/by16",
      "family_index": 19,
      "per_family_instance_index": 0,
      "run_name": "external/total/micro/memory_grow_mload/by16",
      "run_type": "iteration",
      "repetitions": 20,
      "repetition_index": 5,
      "threads": 1,
      "iterations": 113745,
      "real_time": 5.7984702008863831e+00,
      "cpu_time": 5.8839759725702407e+00,
      "time_unit": "us",
      "code_size": 2.0485000000000000e+04,
      "execution_time_ns": 5.7795550046155877e+03,
      "gas_rate": 1.2185637795641775e+10,
      "gas_used": 7.1700000000000000e+04,
      "input_size": 3.2000000000000000e+01
    },
    {
      "name": "external/total/micro/memory_grow_mload/by16",
      "family_index": 19,
      "per_family_instance_index": 0,
      "run_name": "external/total/micro/memory_grow_mload/by16",
      "run_type": "iteration",
      "repetitions": 20,
      "repetition_index": 6,
      "threads": 1,
      "iterations": 113745,
      "real_time": 5.6911926150622989e+00,
      "cpu_time": 5.7749976086860899e+00,
      "time_unit": "us",
      "code_size": 2.0485000000000000e+04,
      "execution_time_ns": 5.6717902940788608e+03,
      "gas_rate": 1.2415589556635845e+10,
      "gas_used": 7.1700000000000000e+04,
      "input_size": 3.2000000000000000e+01
    },
    {
      "name": "external/total/micro/memory_grow_mload/by16",
      "family_index": 19,
      "per_family_instance_index": 0,
      "run_name": "external/total/micro/memory_grow_mload/by16",
      "run_type": "iteration",
      "repetitions": 20,
      "repetition_index": 7,
      "threads": 1,
      "iterations": 113745,
      "real_time": 5.9069275220888926e+00,
      "cpu_time": 5.9938290386390438e+00,
      "time_unit": "us",
      "code_size": 2.0485000000000000e+04,
      "execution_time_ns": 5.8879992615060000e+03,
      "gas_rate": 1.1962303151756256e+10,
      "gas_used": 7.1700000000000000e+04,
      "input_size": 3.2000000000000000e+01
    },
    {
      "name": "external/total/micro/memory_grow_mload/by16",
      "family_index": 19,
      "per_family_instance_index": 0,
      "run_name": "external/total/micro/memory_grow_mload/by16",
      "run_type": "iteration",
      "repetitions": 20,
      "repetition_index": 8,
      "threads": 1,
      "iterations": 113745,
      "real_time": 5.9254369862440175e+00,
      "cpu_time": 6.0128775242868366e+00,
      "time_unit": "us",
      "code_size": 2.0485000000000000e+04,
      "execution_time_ns": 5.9047645698712031e+03,
      "gas_rate": 1.1924407192794775e+10,
      "gas_used": 7.1700000000000000e+04,
      "input_size": 3.2000000000000000e+01
    },
    {
      "name": "external/total/micro/memory_grow_mload/by16",
      "family_index": 19,
      "per_family_instance_index": 0,
      "run_name": "external/total/micro/memory_grow_mload/by16",
      "run_type": "iteration",
      "repetitions": 20,
      "repetition_index": 9,
      "threads": 1,
      "iterations": 113745,
      "real_time": 5.9053390127035819e+00,
      "cpu_time": 5.9920083695983015e+00,
      "time_unit": "us",
      "code_size": 2.0485000000000000e+04,
      "execution_time_ns": 5.8832431491494135e+03,
      "gas_rate": 1.1965937892173988e+10,
      "gas_used": 7.1700000000000000e+04,
      "input_size": 3.2000000000000000e+01
    },
    {
      "name": "external/total/micro/memory_grow_mload/by16",
      "family_index": 19,
      "per_family_instance_index": 0,
      "run_name": "external/total/micro/memory_grow_mload/by16",
      "run_type": "iteration",
      "repetitions": 20,
      "repetition_index": 10,
      "threads": 1,
      "iterations": 113745,
      "real_time": 5.8938200536283878e+00,
      "cpu_time": 5.9801920084397535e+00,
      "time_unit": "us",
      "code_size": 2.0485000000000000e+04,
      "execution_time_ns": 5.8737988483010240e+03,
      "gas_rate": 1.1989581588485935e+10,
      "gas_used": 7.1700000000000000e+04,
      "input_size": 3.2000000000000000e+01
    },
    {
      "name": "external/total/micro/memory_grow_mload/by16",
      "family_index": 19,
      "per_family_instance_index": 0,
      "run_name": "external/total/micro/memory_grow_mload/by16",
      "run_type": "iteration",
      "repetitions": 20,
      "repetition_index": 11,
      "threads": 1,
      "iterations": 113745,
      "real_time": 5.9781694931667086e+00,
      "cpu_time": 6.0662141105105656e+00,
      "time_unit": "us",
      "code_size": 2.0485000000000000e+04,
      "execution_time_ns": 5.9591839377555061e+03,
      "gas_rate": 1.1819563024616903e+10,
      "gas_used": 7.1700000000000000e+04,
      "input_size": 3.2000000000000000e+01
    },
    {
      "name": "external/total/micro/memory_grow_mload/by16",
      "family_index": 19,
      "per_family_instance_index": 0,
      "run_name": "external/total/micro/memory_grow_mload/by16",
      "run_type": "iteration",
      "repetitions": 20,
      "repetition_index": 12,
      "threads": 1,
      "iterations": 113745,
      "real_time": 6.1065167260102893e+00,
      "cpu_time": 6.1963093234865942e+00,
      "time_unit": "us",
      "code_size": 2.0485000000000000e+04,
      "execution_time_ns": 6.0871164183041010e+03,
      "gas_rate": 1.1571404243527212e+10,
      "gas_used": 7.1700000000000000e+04,
      "input_size": 3.2000000000000000e+01
    },
    {
      "name": "external/total/micro/memory_grow_mload/by16",
      "family_index": 19,
      "per_family_instance_index": 0,
      "run_name": "external/total/micro/memory_grow_mload/by16",
      "run_type": "iteration",
      "repetitions": 20,
      "repetition_index": 13,
      "threads": 1,
      "iterations": 113745,
      "real_time": 5.9037590487504223e+00,
      "cpu_time": 5.9906816739193864e+00,
      "time_unit": "us",
      "code_size": 2.0485000000000000e+04,
      "execution_time_ns": 1.0048127240757836e+04,
      "gas_rate": 1.1968587867412170e+10,
      "gas_used": 7.1700000000000000e+04,
      "input_size": 3.2000000000000000e+01
    },
    {
      "name": "external/total/micro/memory_grow_mload/by16",
      "family_index": 19,
      "per_family_instance_index": 0,
      "run_name": "external/total/micro/memory_grow_mload/by16",
      "run_type": "iteration",
      "repetitions": 20,
      "repetition_index": 14,
      "threads": 1,
      "iterations": 113745,
      "real_time": 5.7337034067427961e+00,
      "cpu_time": 5.8183189151170849e+00,
      "time_unit": "us",
      "code_size": 2.0485000000000000e+04,
      "execution_time_ns": 5.7138118598619722e+03,
      "gas_rate": 1.2323147123082226e+10,
      "gas_used": 7.1700000000000000e+04,
      "input_size": 3.2000000000000000e+01
    },
    {
      "name": "external/total/micro/memory_grow_mload/by16",
      "family_index": 19,
      "per_family_instance_index": 0,
      "run_name": "external/total/micro/memory_grow_mload/by16",
      "run_type": "iteration",
      "repetitions": 20,
      "repetition_index": 15,
      "threads": 1,
      "iterations": 113745,
      "real_time": 5.7715147303189882e+00,
      "cpu_time": 5.8560971998764622e+00,
      "time_unit": "us",
      "code_size": 2.0485000000000000e+04,
      "execution_time_ns": 5.7531173326300059e+03,
      "gas_rate": 1.2243649234768946e+10,
      "gas_used": 7.1700000000000000e+04,
      "input_size": 3.2000000000000000e+01
    },
    {
      "name": "external/total/micro/memory_grow_mload/by16",
      "family_index": 19,
      "per_family_instance_index": 0,
      "run_name": "external/total/micro/memory_grow_mload/by16",
      "run_type": "iteration",
      "repetitions": 20,
      "repetition_index": 16,
      "threads": 1,
      "iterations": 113745,
      "real_time": 5.7213431535463561e+00,
      "cpu_time": 5.8046016352370966e+00,
      "time_unit": "us",
      "code_size": 2.0485000000000000e+04,
      "execution_time_ns": 5.7013162512637919e+03,
      "gas_rate": 1.2352268855926634e+10,
      "gas_used": 7.1700000000000000e+04,
      "input_size": 3.2000000000000000e+01
    },
    {
      "name": "external/total/micro/memory_grow_mload/by16",
      "family_index": 19,
      "per_family_instance_index": 0,
      "run_name": "external/total/micro/memory_grow_mload/by16",
      "run_type": "iteration",
      "repetitions": 20,
      "repetition_index": 17,
      "threads": 1,
      "iterations": 113745,
      "real_time": 5.6907439359948739e+00,
      "cpu_time": 5.7734029803507401e+00,
      "time_unit": "us",
      "code_size": 2.0485000000000000e+04,
      "execution_time_ns": 5.6706138555540902e+03,
      "gas_rate": 1.2419018773507502e+10,
      "gas_used": 7.1700000000000000e+04,
      "input_size": 3.2000000000000000e+01
    },
    {
      "name": "external/total/micro/memory_grow_mload/by16",
      "family_index": 19,
      "per_family_instance_index": 0,
      "run_name": "external/total/micro/memory_grow_mload/by16",
      "run_type": "iteration",
      "repetitions": 20,
      "repetition_index": 18,
      "threads": 1,
      "iterations": 113745,
      "real_time": 5.7167262824733411e+00,
      "cpu_time": 5.7995101586881290e+00,
      "time_unit": "us",
      "code_size": 2.0485000000000000e+04,
      "execution_time_ns": 5.6963609213591808e+03,
      "gas_rate": 1.2363113097161781e+10,
      "gas_used": 7.1700000000000000e+04,
      "input_size": 3.2000000000000000e+01
    },
    {
      "name": "external/total/micro/memory_grow_mload/by16",
      "family_index": 19,
      "per_family_instance_index": 0,
      "run_name": "external/total/micro/memory_grow_mload/by16",
      "run_type": "iteration",
      "repetitions": 20,
      "repetition_index": 19,
      "threads": 1,
      "iterations": 113745,
      "real_time": 5.7643979076032608e+00,
      "cpu_time": 5.8479936085103770e+00,
      "time_unit": "us",
      "code_size": 2.0485000000000000e+04,
      "execution_time_ns": 5.7435910765308363e+03,
      "gas_rate": 1.2260615315252319e+10,
      "gas_used": 7.1700000000000000e+04,
      "input_size": 3.2000000000000000e+01
    },
    {
      "name": "external/total/micro/memory_grow_mload/by16_mean",
      "family_index": 19,
      "per_family_instance_index": 0,
      "run_name": "external/total/micro/memory_grow_mload/by16",
      "run_type": "aggregate",
      "repetitions": 20,
      "threads": 1,
      "aggregate_name": "mean",
      "aggregate_unit": "time",
      "iterations": 20,
      "real_time": 5.8070832766276492e+00,
      "cpu_time": 5.8923249483493354e+00,
      "time_unit": "us",
      "code_size": 2.0485000000000000e+04,
      "execution_time_ns": 5.9954432128884800e+03,
      "gas_rate": 1.2173200474023718e+10,
      "gas_used": 7.1700000000000000e+04,
      "input_size": 3.2000000000000000e+01
    },
    {
      "name": "external/total/micro/memory_grow_mload/by16_median",
      "family_index": 19,
      "per_family_instance_index": 0,
      "run_name": "external/total/micro/memory_grow_mload/by16",
      "run_type": "aggregate",
      "repetitions": 20,
      "threads": 1,
      "aggregate_name": "median",
      "aggregate_unit": "time",
      "iterations": 20,
      "real_time": 5.7679563189611240e+00,
      "cpu_time": 5.8520454041934205e+00,
      "time_unit": "us",
      "code_size": 2.0485000000000000e+04,
      "execution_time_ns": 5.7483542045804206e+03,
      "gas_rate": 1.2252132275010632e+10,
      "gas_used": 7.1700000000000000e+04,
      "input_size": 3.2000000000000000e+01
    },
    {
      "name": "external/total/micro/memory_grow_mload/by16_stddev",
      "family_index": 19,
      "per_family_instance_index": 0,
      "run_name": "external/total/micro/memory_grow_mload/by16",
      "run_type": "aggregate",
      "repetitions": 20,
      "threads": 1,
      "aggregate_name": "stddev",
      "aggregate_unit": "time",
      "iterations": 20,
      "real_time": 1.1939919577981298e-01,
      "cpu_time": 1.2128189016510380e-01,
      "time_unit": "us",
      "code_size": 0.0000000000000000e+00,
      "execution_time_ns": 9.6107354186814689e+02,
      "gas_rate": 2.4702210841380093e+08,
      "gas_used": 0.0000000000000000e+00,
      "input_size": 0.0000000000000000e+00
    },
    {
      "name": "external/total/micro/memory_grow_mload/by16_cv",
      "family_index": 19,
      "per_family_instance_index": 0,
      "run_name": "external/total/micro/memory_grow_mload/by16",
      "run_type": "aggregate",
      "repetitions": 20,
      "threads": 1,
      "aggregate_name": "cv",
      "aggregate_unit": "percentage",
      "iterations": 20,
      "real_time": 2.0560958073456755e-02,
      "cpu_time": 2.0583028130361256e-02,
      "time_unit": "us",
      "code_size": 0.0000000000000000e+00,
      "execution_time_ns": 1.6030066631306172e-01,
      "gas_rate": 2.0292289520814116e-02,
      "gas_used": 0.0000000000000000e+00,
      "input_size": 0.0000000000000000e+00
    },
    {
      "name": "external/total/micro/memory_grow_mload/by32",
      "family_index": 20,
      "per_family_instance_index": 0,
      "run_name": "external/total/micro/memory_grow_mload/by32",
      "run_type": "iteration",
      "repetitions": 20,
      "repetition_index": 0,
      "threads": 1,
      "iterations": 107462,
      "real_time": 6.6101005192544200e+00,
      "cpu_time": 6.7059541233181443e+00,
      "time_unit": "us",
      "code_size": 2.0485000000000000e+04,
      "execution_time_ns": 6.5913490536189538e+03,
      "gas_rate": 1.5271354100664120e+10,
      "gas_used": 1.0240900000000000e+05,
      "input_size": 3.2000000000000000e+01
    },
    {
      "name": "external/total/micro/memory_grow_mload/by32",
      "family_index": 20,
      "per_family_instance_index": 0,
      "run_name": "external/total/micro/memory_grow_mload/by32",
      "run_type": "iteration",
      "repetitions": 20,
      "repetition_index": 1,
      "threads": 1,
      "iterations": 107462,
      "real_time": 6.5780173828881825e+00,
      "cpu_time": 6.6732654240567566e+00,
      "time_unit": "us",
      "code_size": 2.0485000000000000e+04,
      "execution_time_ns": 6.5575194301241372e+03,
      "gas_rate": 1.5346160161833389e+10,
      "gas_used": 1.0240900000000000e+05,
      "input_size": 3.2000000000000000e+01
    },
    {
      "name": "external/total/micro/memory_grow_mload/by32",
      "family_index": 20,
      "per_family_instance_index": 0,
      "run_name": "external/total/micro/memory_grow_mload/by32",
      "run_type": "iteration",
      "repetitions": 20,
      "repetition_index": 2,
      "threads": 1,
      "iterations": 107462,
      "real_time": 6.6566509742960758e+00,
      "cpu_time": 6.7529365170944748e+00,
      "time_unit": "us",
      "code_size": 2.0485000000000000e+04,
      "execution_time_ns": 6.6382230369805138e+03,
      "gas_rate": 1.5165106282394403e+10,
      "gas_used": 1.0240900000000000e+05,
      "input_size": 3.2000000000000000e+01
    },
    {
      "name": "external/total/micro/memory_grow_mload/by32",
      "family_index": 20,
      "per_family_instance_index": 0,
      "run_name": "external/total/micro/memory_grow_mload/by32",
      "run_type": "iteration",
      "repetitions": 20,
      "repetition_index": 3,
      "threads": 1,
      "iterations": 107462,
      "real_time": 6.7416197353489391e+00,
      "cpu_time": 6.8390504271277877e+00,
      "time_unit": "us",
      "code_size": 2.0485000000000000e+04,
      "execution_time_ns": 6.7227463475461091e+03,
      "gas_rate": 1.4974154832048658e+10,
      "gas_used": 1.0240900000000000e+05,
      "input_size": 3.2000000000000000e+01
    },
    {
      "name": "external/total/micro/memory_grow_mload/by32",
      "family_index": 20,
      "per_family_instance_index": 0,
      "run_name": "external/total/micro/memory_grow_mload/by32",
      "run_type": "iteration",
      "repetitions": 20,
      "repetition_index": 4,
      "threads": 1,
      "iterations": 107462,
      "real_time": 6.7481145055932918e+00,
      "cpu_time": 6.8458894027658861e+00,
      "time_unit": "us",
      "code_size": 2.0485000000000000e+04,
      "execution_time_ns": 6.7283160093800598e+03,
      "gas_rate": 1.4959195799836405e+10,
      "gas_used": 1.0240900000000000e+05,
      "input_size": 3.2000000000000000e+01
    },
    {
      "name": "external/total/micro/memory_grow_mload/by32",
      "family_index": 20,
      "per_family_instance_index": 0,
      "run_name": "external/total/micro/memory_grow_mload/by32",
      "run_type": "iteration",
      "repetitions": 20,
      "repetition_index": 5,
      "threads": 1,
      "iterations": 107462,
      "real_time": 6.6164128808327725e+00,
      "cpu_time": 6.7123047402804135e+00,
      "time_unit": "us",
      "code_size": 2.0485000000000000e+04,
      "execution_time_ns": 6.5975818335783815e+03,
      "gas_rate": 1.5256905632642920e+10,
      "gas_used": 1.0240900000000000e+05,
      "input_size": 3.2000000000000000e+01
    },
    {
      "name": "external/total/micro/memory_grow_mload/by32",
      "family_index": 20,
      "per_family_instance_index": 0,
      "run_name": "external/total/micro/memory_grow_mload/by32",
      "run_type": "iteration",
      "repetitions": 20,
      "repetition_index": 6,
      "threads": 1,
      "iterations": 107462,
      "real_time": 6.6932632837661989e+00,
      "cpu_time": 6.7902049561706610e+00,
      "time_unit": "us",
      "code_size": 2.0485000000000000e+04,
      "execution_time_ns": 6.6736521374997674e+03,
      "gas_rate": 1.5081871705055807e+10,
      "gas_used": 1.0240900000000000e+05,
      "input_size": 3.2000000000000000e+01
    },
    {
      "name": "external/total/micro/memory_grow_mload/by32",
      "family_index": 20,
      "per_family_instance_index": 0,
      "run_name": "external/total/micro/memory_grow_mload/by32",
      "run_type": "iteration",
      "repetitions": 20,
      "repetition_index": 7,
      "threads": 1,
      "iterations": 107462,
      "real_time": 6.3378930784862844e+00,
      "cpu_time": 6.4316385978297399e+00,
      "time_unit": "us",
      "code_size": 2.0485000000000000e+04,
      "execution_time_ns": 6.3192998827492511e+03,
      "gas_rate": 1.5922691930258081e+10,
      "gas_used": 1.0240900000000000e+05,
      "input_size": 3.2000000000000000e+01
    },
    {
      "name": "external/total/micro/memory_grow_mload/by32",
      "family_index": 20,
      "per_family_instance_index": 0,
      "run_name": "external/total/micro/memory_grow_mload/by32",
      "run_type": "iteration",
      "repetitions": 20,
      "repetition_index": 8,
      "threads": 1,
      "iterations": 107462,
      "real_time": 6.3895429361080645e+00,
      "cpu_time": 6.4842688299119340e+00,
      "time_unit": "us",
      "code_size": 2.0485000000000000e+04,
      "execution_time_ns": 6.3707372466546312e+03,
      "gas_rate": 1.5793453770390774e+10,
      "gas_used": 1.0240900000000000e+05,
      "input_size": 3.2000000000000000e+01
    },
    {
      "name": "external/total/micro/memory_grow_mload/by32",
      "family_index": 20,
      "per_family_instance_index": 0,
      "run_name": "external/total/micro/memory_grow_mload/by32",
      "run_type": "iteration",
      "repetitions": 20,
      "repetition_index": 9,
      "threads": 1,
      "iterations": 107462,
      "real_time": 6.4262323519012003e+00,
      "cpu_time": 6.5213736855821436e+00,
      "time_unit": "us",
      "code_size": 2.0485000000000000e+04,
      "execution_time_ns": 6.4059532485901991e+03,
      "gas_rate": 1.5703593282257715e+10,
      "gas_used": 1.0240900000000000e+05,
      "input_size": 3.2000000000000000e+01
    },
    {
      "name": "external/total/micro/memory_grow_mload/by32",
      "family_index": 20,
      "per_family_instance_index": 0,
      "run_name": "external/total/micro/memory_grow_mload/by32",
      "run_type": "iteration",
      "repetitions": 20,
      "repetition_index": 10,
      "threads": 1,
      "iterations": 107462,
      "real_time": 6.4792177048628963e+00,
      "cpu_time": 6.5754184642008662e+00,
      "time_unit": "us",
      "code_size": 2.0485000000000000e+04,
      "execution_time_ns": 6.4601014312035886e+03,
      "gas_rate": 1.5574522071493153e+10,
      "gas_used": 1.0240900000000000e+05,
      "input_size": 3.2000000000000000e+01
    },
    {
      "name": "external/total/micro/memory_grow_mload/by32",
      "family_index": 20,
      "per_family_instance_index": 0,
      "run_name": "external/total/micro/memory_grow_mload/by32",
      "run_type": "iteration",
      "repetitions": 20,
      "repetition_index": 11,
      "threads": 1,
      "iterations": 107462,
      "real_time": 6.3962576817867012e+00,
      "cpu_time": 6.4912759673188409e+00,
      "time_unit": "us",
      "code_size": 2.0485000000000000e+04,
      "execution_time_ns": 6.3768779940816285e+03,
      "gas_rate": 1.5776405211485573e+10,
      "gas_used": 1.0240900000000000e+05,
      "input_size": 3.2000000000000000e+01
    },
    {
      "name": "external/total/micro/memory_grow_mload/by32",
      "family_index": 20,
      "per_family_instance_index": 0,
      "run_name": "external/total/micro/memory_grow_mload/by32",
      "run_type": "iteration",
      "repetitions": 20,
      "repetition_index": 12,
      "threads": 1,
      "iterations": 107462,
      "real_time": 6.5924652528307899e+00,
      "cpu_time": 6.6899308313632231e+00,
      "time_unit": "us",
      "code_size": 2.0485000000000000e+04,
      "execution_time_ns": 6.5724379594647407e+03,
      "gas_rate": 1.5307931065579025e+10,
      "gas_used": 1.0240900000000000e+05,
      "input_size": 3.2000000000000000e+01
    },
    {
      "name": "external/total/micro/memory_grow_mload/by32",
      "family_index": 20,
      "per_family_instance_index": 0,
      "run_name": "external/total/micro/memory_grow_mload/by32",
      "run_type": "iteration",
      "repetitions": 20,
      "repetition_index": 13,
      "threads": 1,
      "iterations": 107462,
      "real_time": 6.5538448940091545e+00,
      "cpu_time": 6.6513663062293782e+00,
      "time_unit": "us",
      "code_size": 2.0485000000000000e+04,
      "execution_time_ns": 6.5342117120470493e+03,
      "gas_rate": 1.5396686227322680e+10,
      "gas_used": 1.0240900000000000e+05,
      "input_size": 3.2000000000000000e+01
    },
    {
      "name": "external/total/micro/memory_grow_mload/by32",
      "family_index": 20,
      "per_family_instance_index": 0,
      "run_name": "external/total/micro/memory_grow_mload/by32",
      "run_type": "iteration",
      "repetitions": 20,
      "repetition_index": 14,
      "threads": 1,
      "iterations": 107462,
      "real_time": 6.5318344996368323e+00,
      "cpu_time": 6.6288214624703432e+00,
      "time_unit": "us",
      "code_size": 2.0485000000000000e+04,
      "execution_time_ns": 6.5131822969980085e+03,
      "gas_rate": 1.5449050872737722e+10,
      "gas_used": 1.0240900000000000e+05,
      "input_size": 3.2000000000000000e+01
    },
    {
      "name": "external/total/micro/memory_grow_mload/by32",
      "family_index": 20,
      "per_family_instance_index": 0,
      "run_name": "external/total/micro/memory_grow_mload/by32",
      "run_type": "iteration",
      "repetitions": 20,
      "repetition_index": 15,
      "threads": 1,
      "iterations": 107462,
      "real_time": 6.6295582996803635e+00,
      "cpu_time": 6.7275760361800865e+00,
      "time_unit": "us",
      "code_size": 2.0485000000000000e+04,
      "execution_time_ns": 6.6102397126426085e+03,
      "gas_rate": 1.5222273141062523e+10,
      "gas_used": 1.0240900000000000e+05,
      "input_size": 3.2000000000000000e+01
    },
    {
      "name": "external/total/micro/memory_grow_mload/by32",
      "family_index": 20,
      "per_family_instance_index": 0,
      "run_name": "external/total/micro/memory_grow_mload/by32",
      "run_type": "iteration",
      "repetitions": 20,
      "repetition_index": 16,
      "threads": 1,
      "iterations": 107462,
      "real_time": 6.6400858442996809e+00,
      "cpu_time": 6.7388923898681554e+00,
      "time_unit": "us",
      "code_size": 2.0485000000000000e+04,
      "execution_time_ns": 6.6201401239507923e+03,
      "gas_rate": 1.5196710983836264e+10,
      "gas_used": 1.0240900000000000e+05,
      "input_size": 3.2000000000000000e+01
    },
    {
      "name": "external/total/micro/memory_grow_mload/by32",
      "family_index": 20,
      "per_family_instance_index": 0,
      "run_name": "external/total/micro/memory_grow_mload/by32",
      "run_type": "iteration",
      "repetitions": 20,
      "repetition_index": 17,
      "threads": 1,
      "iterations": 107462,
      "real_time": 6.5935921814224887e+00,
      "cpu_time": 6.6910859280488237e+00,
      "time_unit": "us",
      "code_size": 2.0485000000000000e+04,
      "execution_time_ns": 6.5747247864361352e+03,
      "gas_rate": 1.5305288424215965e+10,
      "gas_used": 1.0240900000000000e+05,
      "input_size": 3.2000000000000000e+01
    },
    {
      "name": "external/total/micro/memory_grow_mload/by32",
      "family_index": 20,
      "per_family_instance_index": 0,
      "run_name": "external/total/micro/memory_grow_mload/by32",
      "run_type": "iteration",
      "repetitions": 20,
      "repetition_index": 18,
      "threads": 1,
      "iterations": 107462,
      "real_time": 6.5814103031796414e+00,
      "cpu_time": 6.6787898978241360e+00,
      "time_unit": "us",
      "code_size": 2.0485000000000000e+04,
      "execution_time_ns": 6.5623583406227317e+03,
      "gas_rate": 1.5333466326491800e+10,
      "gas_used": 1.0240900000000000e+05,
      "input_size": 3.2000000000000000e+01
    },
    {
      "name": "external/total/micro/memory_grow_mload/by32",
      "family_index": 20,
      "per_family_instance_index": 0,
      "run_name": "external/total/micro/memory_grow_mload/by32",
      "run_type": "iteration",
      "repetitions": 20,
      "repetition_index": 19,
      "threads": 1,
      "iterations": 107462,
      "real_time": 6.6346092013917142e+00,
      "cpu_time": 6.7326899555195023e+00,
      "time_unit": "us",
      "code_size": 2.0485000000000000e+04,
      "execution_time_ns": 6.6159805698758628e+03,
      "gas_rate": 1.5210710826813650e+10,
      "gas_used": 1.0240900000000000e+05,
      "input_size": 3.2000000000000000e+01
    },
    {
      "name": "external/total/micro/memory_grow_mload/by32_mean",
      "family_index": 20,
      "per_family_instance_index": 0,
      "run_name": "external/total/micro/memory_grow_mload/by32",
      "run_type": "aggregate",
      "repetitions": 20,
      "threads": 1,
      "aggregate_name": "mean",
      "aggregate_unit": "time",
      "iterations": 20,
      "real_time": 6.5715361755787853e+00,
      "cpu_time": 6.6681366971580660e+00,
      "time_unit": "us",
      "code_size": 2.0485000000000000e+04,
      "execution_time_ns": 6.5522816577022586e+03,
      "gas_rate": 1.5362376632421034e+10,
      "gas_used": 1.0240900000000000e+05,
      "input_size": 3.2000000000000000e+01
    },
    {
      "name": "external/total/micro/memory_grow_mload/by32_median",
      "family_index": 20,
      "per_family_instance_index": 0,
      "run_name": "external/total/micro/memory_grow_mload/by32",
      "run_type": "aggregate",
      "repetitions": 20,
      "threads": 1,
      "aggregate_name": "median",
      "aggregate_unit": "time",
      "iterations": 20,
      "real_time": 6.5930287171266402e+00,
      "cpu_time": 6.6905083797060225e+00,
      "time_unit": "us",
      "code_size": 2.0485000000000000e+04,
      "execution_time_ns": 6.5735813729504380e+03,
      "gas_rate": 1.5306609744897495e+10,
      "gas_used": 1.0240900000000000e+05,
      "input_size": 3.2000000000000000e+01
    },
    {
      "name": "external/total/micro/memory_grow_mload/by32_stddev",
      "family_index": 20,
      "per_family_instance_index": 0,
      "run_name": "external/total/micro/memory_grow_mload/by32",
      "run_type": "aggregate",
      "repetitions": 20,
      "threads": 1,
      "aggregate_name": "stddev",
      "aggregate_unit": "time",
      "iterations": 20,
      "real_time": 1.1441788364309979e-01,
      "cpu_time": 1.1541905117205631e-01,
      "time_unit": "us",
      "code_size": 0.0000000000000000e+00,
      "execution_time_ns": 1.1437969879500709e+02,
      "gas_rate": 2.6842641069486085e+08,
      "gas_used": 0.0000000000000000e+00,
      "input_size": 0.0000000000000000e+00
    },
    {
      "name": "external/total/micro/memory_grow_mload/by32_cv",
      "family_index": 20,
      "per_family_instance_index": 0,
      "run_name": "external/total/micro/memory_grow_mload/by32",
      "run_type": "aggregate",
      "repetitions": 20,
      "threads": 1,
      "aggregate_name": "cv",
      "aggregate_unit": "percentage",
      "iterations": 20,
      "real_time": 1.7411131976766830e-02,
      "cpu_time": 1.7309040953111754e-02,
      "time_unit": "us",
      "code_size": 0.0000000000000000e+00,
      "execution_time_ns": 1.7456468566266967e-02,
      "gas_rate": 1.7472974209496266e-02,
      "gas_used": 0.0000000000000000e+00,
      "input_size": 0.0000000000000000e+00
    },
    {
      "name": "external/total/micro/memory_grow_mstore/nogrow",
      "family_index": 21,
      "per_family_instance_index": 0,
      "run_name": "external/total/micro/memory_grow_mstore/nogrow",
      "run_type": "iteration",
      "repetitions": 20,
      "repetition_index": 0,
      "threads": 1,
      "iterations": 117687,
      "real_time": 6.0077940299261288e+00,
      "cpu_time": 6.0962718567045036e+00,
      "time_unit": "us",
      "code_size": 2.0485000000000000e+04,
      "execution_time_ns": 5.9900535743115215e+03,
      "gas_rate": 1.0080259123027277e+10,
      "gas_used": 6.1452000000000000e+04,
      "input_size": 3.2000000000000000e+01
    },
    {
      "name": "external/total/micro/memory_grow_mstore/nogrow",
      "family_index": 21,
      "per_family_instance_index": 0,
      "run_name": "external/total/micro/memory_grow_mstore/nogrow",
      "run_type": "iteration",
      "repetitions": 20,
      "repetition_index": 1,
      "threads": 1,
      "iterations": 117687,
      "real_time": 5.9857860086502352e+00,
      "cpu_time": 6.0740916073995104e+00,
      "time_unit": "us",
      "code_size": 2.0485000000000000e+04,
      "execution_time_ns": 5.9672453881907095e+03,
      "gas_rate": 1.0117068357207298e+10,
      "gas_used": 6.1452000000000000e+04,
      "input_size": 3.2000000000000000e+01
    },
    {
      "name": "external/total/micro/memory_grow_mstore/nogrow",
      "family_index": 21,
      "per_family_instance_index": 0,
      "run_name": "external/total/micro/memory_grow_mstore/nogrow",
      "run_type": "iteration",
      "repetitions": 20,
      "repetition_index": 2,
      "threads": 1,
      "iterations": 117687,
      "real_time": 5.9219457884041438e+00,
      "cpu_time": 6.0093584253146428e+00,
      "time_unit": "us",
      "code_size": 2.0485000000000000e+04,
      "execution_time_ns": 5.9038465420989578e+03,
      "gas_rate": 1.0226050045730539e+10,
      "gas_used": 6.1452000000000000e+04,
      "input_size": 3.2000000000000000e+01
    },
    {
      "name": "external/total/micro/memory_grow_mstore/nogrow",
      "family_index": 21,
      "per_family_instance_index": 0,
      "run_name": "external/total/micro/memory_grow_mstore/nogrow",
      "run_type": "iteration",
      "repetitions": 20,
      "repetition_index": 3,
      "threads": 1,
      "iterations": 117687,
      "real_time": 5.9356267302242278e+00,
      "cpu_time": 6.0231918478677278e+00,
      "time_unit": "us",
      "code_size": 2.0485000000000000e+04,
      "execution_time_ns": 5.9184841061459638e+03,
      "gas_rate": 1.0202563948175526e+10,
      "gas_used": 6.1452000000000000e+04,
      "input_size": 3.2000000000000000e+01
    },
    {
      "name": "external/total/micro/memory_grow_mstore/nogrow",
      "family_index": 21,
      "per_family_instance_index": 0,
      "run_name": "external/total/micro/memory_grow_mstore/nogrow",
      "run_type": "iteration",
      "repetitions": 20,
      "repetition_index": 4,
      "threads": 1,
      "iterations": 117687,
      "real_time": 5.8867784462155024e+00,
      "cpu_time": 5.9738568406024228e+00,
      "time_unit": "us",
      "code_size": 2.0485000000000000e+04,
      "execution_time_ns": 5.8700725313755984e+03,
      "gas_rate": 1.0286821669767866e+10,
      "gas_used": 6.1452000000000000e+04,
      "input_size": 3.2000000000000000e+01
    },
    {
      "name": "external/total/micro/memory_grow_mstore/nogrow",
      "family_index": 21,
      "per_family_instance_index": 0,
      "run_name": "external/total/micro/memory_grow_mstore/nogrow",
      "run_type": "iteration",
      "repetitions": 20,
      "repetition_index": 5,
      "threads": 1,
      "iterations": 117687,
      "real_time": 6.1561790512136225e+00,
      "cpu_time": 6.2468186545668605e+00,
      "time_unit": "us",
      "code_size": 2.0485000000000000e+04,
      "execution_time_ns": 6.1389777120667532e+03,
      "gas_rate": 9.8373273498301907e+09,
      "gas_used": 6.1452000000000000e+04,
      "input_size": 3.2000000000000000e+01
    },
    {
      "name": "external/total/micro/memory_grow_mstore/nogrow",
      "family_index": 21,
      "per_family_instance_index": 0,
      "run_name": "external/total/micro/memory_grow_mstore/nogrow",
      "run_type": "iteration",
      "repetitions": 20,
      "repetition_index": 6,
      "threads": 1,
      "iterations": 117687,
      "real_time": 6.0691532539711242e+00,
      "cpu_time": 6.1589572934986085e+00,
      "time_unit": "us",
      "code_size": 2.0485000000000000e+04,
      "execution_time_ns": 6.0523631072250973e+03,
      "gas_rate": 9.9776629503290596e+09,
      "gas_used": 6.1452000000000000e+04,
      "input_size": 3.2000000000000000e+01
    },
    {
      "name": "external/total/micro/memory_grow_mstore/nogrow",
      "family_index": 21,
      "per_family_instance_index": 0,
      "run_name": "external/total/micro/memory_grow_mstore/nogrow",
      "run_type": "iteration",
      "repetitions": 20,
      "repetition_index": 7,
      "threads": 1,
      "iterations": 117687,
      "real_time": 6.0906190913180378e+00,
      "cpu_time": 6.1807275060119409e+00,
      "time_unit": "us",
      "code_size": 2.0485000000000000e+04,
      "execution_time_ns": 6.0729560784113792e+03,
      "gas_rate": 9.9425188928368320e+09,
      "gas_used": 6.1452000000000000e+04,
      "input_size": 3.2000000000000000e+01
    },
    {
      "name": "external/total/micro/memory_grow_mstore/nogrow",
      "family_index": 21,
      "per_family_instance_index": 0,
      "run_name": "external/total/micro/memory_grow_mstore/nogrow",
      "run_type": "iteration",
      "repetitions": 20,
      "repetition_index": 8,
      "threads": 1,
      "iterations": 117687,
      "real_time": 6.1656270191249680e+00,
      "cpu_time": 6.2565219947829895e+00,
      "time_unit": "us",
      "code_size": 2.0485000000000000e+04,
      "execution_time_ns": 6.1475196325847373e+03,
      "gas_rate": 9.8220704812101421e+09,
      "gas_used": 6.1452000000000000e+04,
      "input_size": 3.2000000000000000e+01
    },
    {
      "name": "external/total/micro/memory_grow_mstore/nogrow",
      "family_index": 21,
      "per_family_instance_index": 0,
      "run_name": "external/total/micro/memory_grow_mstore/nogrow",
      "run_type": "iteration",
      "repetitions": 20,
      "repetition_index": 9,
      "threads": 1,
      "iterations": 117687,
      "real_time": 6.1551726358894383e+00,
      "cpu_time": 6.2461404148292825e+00,
      "time_unit": "us",
      "code_size": 2.0485000000000000e+04,
      "execution_time_ns": 6.1380048688470260e+03,
      "gas_rate": 9.8383955400848274e+09,
      "gas_used": 6.1452000000000000e+04,
      "input_size": 3.2000000000000000e+01
    },
    {
      "name": "external/total/micro/memory_grow_mstore/nogrow",
      "family_index": 21,
      "per_family_instance_index": 0,
      "run_name": "external/total/micro/memory_grow_mstore/nogrow",
      "run_type": "iteration",
      "repetitions": 20,
      "repetition_index": 10,
      "threads": 1,
      "iterations": 117687,
      "real_time": 6.2427495560282056e+00,
      "cpu_time": 6.3345869042462706e+00,
      "time_unit": "us",
      "code_size": 2.0485000000000000e+04,
      "execution_time_ns": 6.2254656334174551e+03,
      "gas_rate": 9.7010272222813473e+09,
      "gas_used": 6.1452000000000000e+04,
      "input_size": 3.2000000000000000e+01
    },
    {
      "name": "external/total/micro/memory_grow_mstore/nogrow",
      "family_index": 21,
      "per_family_instance_index": 0,
      "run_name": "external/total/micro/memory_grow_mstore/nogrow",
      "run_type": "iteration",
      "repetitions": 20,
      "repetition_index": 11,
      "threads": 1,
      "iterations": 117687,
      "real_time": 6.1358566536671457e+00,
      "cpu_time": 6.2263171973118849e+00,
      "time_unit": "us",
      "code_size": 2.0485000000000000e+04,
      "execution_time_ns": 6.1179640147170039e+03,
      "gas_rate": 9.8697188165310516e+09,
      "gas_used": 6.1452000000000000e+04,
      "input_size": 3.2000000000000000e+01
    },
    {
      "name": "external/total/micro/memory_grow_mstore/nogrow",
      "family_index": 21,
      "per_family_instance_index": 0,
      "run_name": "external/total/micro/memory_grow_mstore/nogrow",
      "run_type": "iteration",
      "repetitions": 20,
      "repetition_index": 12,
      "threads": 1,
      "iterations": 117687,
      "real_time": 6.2975600788533379e+00,
      "cpu_time": 6.3905711590913770e+00,
      "time_unit": "us",
      "code_size": 2.0485000000000000e+04,
      "execution_time_ns": 6.2797514253910795e+03,
      "gas_rate": 9.6160418951875591e+09,
      "gas_used": 6.1452000000000000e+04,
      "input_size": 3.2000000000000000e+01
    },
    {
      "name": "external/total/micro/memory_grow_mstore/nogrow",
      "family_index": 21,
      "per_family_instance_index": 0,
      "run_name": "external/total/micro/memory_grow_mstore/nogrow",
      "run_type": "iteration",
      "repetitions": 20,
      "repetition_index": 13,
      "threads": 1,
      "iterations": 117687,
      "real_time": 6.2641624478497588e+00,
      "cpu_time": 6.3566131263437065e+00,
      "time_unit": "us",
      "code_size": 2.0485000000000000e+04,
      "execution_time_ns": 6.2473479143830673e+03,
      "gas_rate": 9.6674123119628792e+09,
      "gas_used": 6.1452000000000000e+04,
      "input_size": 3.2000000000000000e+01
    },
    {
      "name": "external/total/micro/memory_grow_mstore/nogrow",
      "family_index": 21,
      "per_family_instance_index": 0,
      "run_name": "external/total/micro/memory_grow_mstore/nogrow",
      "run_type": "iteration",
      "repetitions": 20,
      "repetition_index": 14,
      "threads": 1,
      "iterations": 117687,
      "real_time": 6.2143494438608338e+00,
      "cpu_time": 6.3060846822503551e+00,
      "time_unit": "us",
      "code_size": 2.0485000000000000e+04,
      "execution_time_ns": 6.1955518196572266e+03,
      "gas_rate": 9.7448738950442657e+09,
      "gas_used": 6.1452000000000000e+04,
      "input_size": 3.2000000000000000e+01
    },
    {
      "name": "external/total/micro/memory_grow_mstore/nogrow",
      "family_index": 21,
      "per_family_instance_index": 0,
      "run_name": "external/total/micro/memory_grow_mstore/nogrow",
      "run_type": "iteration",
      "repetitions": 20,
      "repetition_index": 15,
      "threads": 1,
      "iterations": 117687,
      "real_time": 5.9566869237879665e+00,
      "cpu_time": 6.0445891219929138e+00,
      "time_unit": "us",
      "code_size": 2.0485000000000000e+04,
      "execution_time_ns": 5.9406114864003666e+03,
      "gas_rate": 1.0166447836199516e+10,
      "gas_used": 6.1452000000000000e+04,
      "input_size": 3.2000000000000000e+01
    },
    {
      "name": "external/total/micro/memory_grow_mstore/nogrow",
      "family_index": 21,
      "per_family_instance_index": 0,
      "run_name": "external/total/micro/memory_grow_mstore/nogrow",
      "run_type": "iteration",
      "repetitions": 20,
      "repetition_index": 16,
      "threads": 1,
      "iterations": 117687,
      "real_time": 6.4996770331470799e+00,
      "cpu_time": 6.5955836158624850e+00,
      "time_unit": "us",
      "code_size": 2.0485000000000000e+04,
      "execution_time_ns": 6.4821067662528576e+03,
      "gas_rate": 9.3171436493060226e+09,
      "gas_used": 6.1452000000000000e+04,
      "input_size": 3.2000000000000000e+01
    },
    {
      "name": "external/total/micro/memory_grow_mstore/nogrow",
      "family_index": 21,
      "per_family_instance_index": 0,
      "run_name": "external/total/micro/memory_grow_mstore/nogrow",
      "run_type": "iteration",
      "repetitions": 20,
      "repetition_index": 17,
      "threads": 1,
      "iterations": 117687,
      "real_time": 6.4762409017128864e+00,
      "cpu_time": 6.5719124967076166e+00,
      "time_unit": "us",
      "code_size": 2.0485000000000000e+04,
      "execution_time_ns": 6.4575632057916337e+03,
      "gas_rate": 9.3507027110884533e+09,
      "gas_used": 6.1452000000000000e+04,
      "input_size": 3.2000000000000000e+01
    },
    {
      "name": "external/total/micro/memory_grow_mstore/nogrow",
      "family_index": 21,
      "per_family_instance_index": 0,
      "run_name": "external/total/micro/memory_grow_mstore/nogrow",
      "run_type": "iteration",
      "repetitions": 20,
      "repetition_index": 18,
      "threads": 1,
      "iterations": 117687,
      "real_time": 6.2266868218253624e+00,
      "cpu_time": 6.3184247792876338e+00,
      "time_unit": "us",
      "code_size": 2.0485000000000000e+04,
      "execution_time_ns": 1.0277134398871583e+04,
      "gas_rate": 9.7258418271346989e+09,
      "gas_used": 6.1452000000000000e+04,
      "input_size": 3.2000000000000000e+01
    },
    {
      "name": "external/total/micro/memory_grow_mstore/nogrow",
      "family_index": 21,
      "per_family_instance_index": 0,
      "run_name": "external/total/micro/memory_grow_mstore/nogrow",
      "run_type": "iteration",
      "repetitions": 20,
      "repetition_index": 19,
      "threads": 1,
      "iterations": 117687,
      "real_time": 6.5549203820293451e+00,
      "cpu_time": 6.6515233033381174e+00,
      "time_unit": "us",
      "code_size": 2.0485000000000000e+04,
      "execution_time_ns": 6.5355753566664116e+03,
      "gas_rate": 9.2387859438393383e+09,
      "gas_used": 6.1452000000000000e+04,
      "input_size": 3.2000000000000000e+01
    },
    {
      "name": "external/total/micro/memory_grow_mstore/nogrow_mean",
      "family_index": 21,
      "per_family_instance_index": 0,
      "run_name": "external/total/micro/memory_grow_mstore/nogrow",
      "run_type": "aggregate",
      "repetitions": 20,
      "threads": 1,
      "aggregate_name": "mean",
      "aggregate_unit": "time",
      "iterations": 20,
      "real_time": 6.1621786148849687e+00,
      "cpu_time": 6.2531071414005419e+00,
      "time_unit": "us",
      "code_size": 2.0485000000000000e+04,
      "execution_time_ns": 6.3479297781403202e+03,
      "gas_rate": 9.8364367233387356e+09,
      "gas_used": 6.1452000000000000e+04,
      "input_size": 3.2000000000000000e+01
    },
    {
      "name": "external/total/micro/memory_grow_mstore/nogrow_median",
      "family_index": 21,
      "per_family_instance_index": 0,
      "run_name": "external/total/micro/memory_grow_mstore/nogrow",
      "run_type": "aggregate",
      "repetitions": 20,
      "threads": 1,
      "aggregate_name": "median",
      "aggregate_unit": "time",
      "iterations": 20,
      "real_time": 6.1556758435515295e+00,
      "cpu_time": 6.2464795346980697e+00,
      "time_unit": "us",
      "code_size": 2.0485000000000000e+04,
      "execution_time_ns": 6.1384912904568901e+03,
      "gas_rate": 9.8378614449575081e+09,
      "gas_used": 6.1452000000000000e+04,
      "input_size": 3.2000000000000000e+01
    },
    {
      "name": "external/total/micro/memory_grow_mstore/nogrow_stddev",
      "family_index": 21,
      "per_family_instance_index": 0,
      "run_name": "external/total/micro/memory_grow_mstore/nogrow",
      "run_type": "aggregate",
      "repetitions": 20,
      "threads": 1,
      "aggregate_name": "stddev",
      "aggregate_unit": "time",
      "iterations": 20,
      "real_time": 1.9269732572553408e-01,
      "cpu_time": 1.9551329588795491e-01,
      "time_unit": "us",
      "code_size": 0.0000000000000000e+00,
      "execution_time_ns": 9.4449924373632882e+02,
      "gas_rate": 3.0324605405176383e+08,
      "gas_used": 0.0000000000000000e+00,
      "input_size": 0.0000000000000000e+00
    },
    {
      "name": "external/total/micro/memory_grow_mstore/nogrow_cv",
      "family_index": 21,
      "per_family_instance_index": 0,
      "run_name": "external/total/micro/memory_grow_mstore/nogrow",
      "run_type": "aggregate",
      "repetitions": 20,
      "threads": 1,
      "aggregate_name": "cv",
      "aggregate_unit": "percentage",
      "iterations": 20,
      "real_time": 3.1270973752702762e-02,
      "cpu_time": 3.1266583390759668e-02,
      "time_unit": "us",
      "code_size": 0.0000000000000000e+00,
      "execution_time_ns": 1.4878854630509600e-01,
      "gas_rate": 3.0828852213551826e-02,
      "gas_used": 0.0000000000000000e+00,
      "input_size": 0.0000000000000000e+00
    },
    {
      "name": "external/total/micro/memory_grow_mstore/by1",
      "family_index": 22,
      "per_family_instance_index": 0,
      "run_name": "external/total/micro/memory_grow_mstore/by1",
      "run_type": "iteration",
      "repetitions": 20,
      "repetition_index": 0,
      "threads": 1,
      "iterations": 112461,
      "real_time": 6.2337677328119439e+00,
      "cpu_time": 6.3246276309119125e+00,
      "time_unit": "us",
      "code_size": 2.0485000000000000e+04,
      "execution_time_ns": 6.2145836778972262e+03,
      "gas_rate": 9.7820778724769917e+09,
      "gas_used": 6.1868000000000000e+04,
      "input_size": 3.2000000000000000e+01
    },
    {
      "name": "external/total/micro/memory_grow_mstore/by1",
      "family_index": 22,
      "per_family_instance_index": 0,
      "run_name": "external/total/micro/memory_grow_mstore/by1",
      "run_type": "iteration",
      "repetitions": 20,
      "repetition_index": 1,
      "threads": 1,
      "iterations": 112461,
      "real_time": 6.0794869065708577e+00,
      "cpu_time": 6.1672891758029067e+00,
      "time_unit": "us",
      "code_size": 2.0485000000000000e+04,
      "execution_time_ns": 6.0606231137905588e+03,
      "gas_rate": 1.0031635980802786e+10,
      "gas_used": 6.1868000000000000e+04,
      "input_size": 3.2000000000000000e+01
    },
    {
      "name": "external/total/micro/memory_grow_mstore/by1",
      "family_index": 22,
      "per_family_instance_index": 0,
      "run_name": "external/total/micro/memory_grow_mstore/by1",
      "run_type": "iteration",
      "repetitions": 20,
      "repetition_index": 2,
      "threads": 1,
      "iterations": 112461,
      "real_time": 6.0123088804088809e+00,
      "cpu_time": 6.0995977005360311e+00,
      "time_unit": "us",
      "code_size": 2.0485000000000000e+04,
      "execution_time_ns": 5.9961337441424139e+03,
      "gas_rate": 1.0142964017866795e+10,
      "gas_used": 6.1868000000000000e+04,
      "input_size": 3.2000000000000000e+01
    },
    {
      "name": "external/total/micro/memory_grow_mstore/by1",
      "family_index": 22,
      "per_family_instance_index": 0,
      "run_name": "external/total/micro/memory_grow_mstore/by1",
      "run_type": "iteration",
      "repetitions": 20,
      "repetition_index": 3,
      "threads": 1,
      "iterations": 112461,
      "real_time": 5.9283967953339500e+00,
      "cpu_time": 6.0146656085219963e+00,
      "time_unit": "us",
      "code_size": 2.0485000000000000e+04,
      "execution_time_ns": 5.9123727781186362e+03,
      "gas_rate": 1.0286191124630623e+10,
      "gas_used": 6.1868000000000000e+04,
      "input_size": 3.2000000000000000e+01
    },
    {
      "name": "external/total/micro/memory_grow_mstore/by1",
      "family_index": 22,
      "per_family_instance_index": 0,
      "run_name": "external/total/micro/memory_grow_mstore/by1",
      "run_type": "iteration",
      "repetitions": 20,
      "repetition_index": 4,
      "threads": 1,
      "iterations": 112461,
      "real_time": 6.1099694116162624e+00,
      "cpu_time": 6.1984939756891162e+00,
      "time_unit": "us",
      "code_size": 2.0485000000000000e+04,
      "execution_time_ns": 6.0933253839108665e+03,
      "gas_rate": 9.9811341662426701e+09,
      "gas_used": 6.1868000000000000e+04,
      "input_size": 3.2000000000000000e+01
    },
    {
      "name": "external/total/micro/memory_grow_mstore/by1",
      "family_index": 22,
      "per_family_instance_index": 0,
      "run_name": "external/total/micro/memory_grow_mstore/by1",
      "run_type": "iteration",
      "repetitions": 20,
      "repetition_index": 5,
      "threads": 1,
      "iterations": 112461,
      "real_time": 6.0862213122768427e+00,
      "cpu_time": 6.1745815527160373e+00,
      "time_unit": "us",
      "code_size": 2.0485000000000000e+04,
      "execution_time_ns": 6.0695508754145885e+03,
      "gas_rate": 1.0019788300113369e+10,
      "gas_used": 6.1868000000000000e+04,
      "input_size": 3.2000000000000000e+01
    },
    {
      "name": "external/total/micro/memory_grow_mstore/by1",
      "family_index": 22,
      "per_family_instance_index": 0,
      "run_name": "external/total/micro/memory_grow_mstore/by1",
      "run_type": "iteration",
      "repetitions": 20,
      "repetition_index": 6,
      "threads": 1,
      "iterations": 112461,
      "real_time": 5.8693256684553665e+00,
      "cpu_time": 5.9540421034846434e+00,
      "time_unit": "us",
      "code_size": 2.0485000000000000e+04,
      "execution_time_ns": 5.8525417878197777e+03,
      "gas_rate": 1.0390924169614342e+10,
      "gas_used": 6.1868000000000000e+04,
      "input_size": 3.2000000000000000e+01
    },
    {
      "name": "external/total/micro/memory_grow_mstore/by1",
      "family_index": 22,
      "per_family_instance_index": 0,
      "run_name": "external/total/micro/memory_grow_mstore/by1",
      "run_type": "iteration",
      "repetitions": 20,
      "repetition_index": 7,
      "threads": 1,
      "iterations": 112461,
      "real_time": 5.8236565653859067e+00,
      "cpu_time": 5.9080888396866484e+00,
      "time_unit": "us",
      "code_size": 2.0485000000000000e+04,
      "execution_time_ns": 5.8064663839019750e+03,
      "gas_rate": 1.0471745039514563e+10,
      "gas_used": 6.1868000000000000e+04,
      "input_size": 3.2000000000000000e+01
    },
    {
      "name": "external/total/micro/memory_grow_mstore/by1",
      "family_index": 22,
      "per_family_instance_index": 0,
      "run_name": "external/total/micro/memory_grow_mstore/by1",
      "run_type": "iteration",
      "repetitions": 20,
      "repetition_index": 8,
      "threads": 1,
      "iterations": 112461,
      "real_time": 5.8543485652788148e+00,
      "cpu_time": 5.9393802295908804e+00,
      "time_unit": "us",
      "code_size": 2.0485000000000000e+04,
      "execution_time_ns": 5.8382691866513724e+03,
      "gas_rate": 1.0416575064813053e+10,
      "gas_used": 6.1868000000000000e+04,
      "input_size": 3.2000000000000000e+01
    },
    {
      "name": "external/total/micro/memory_grow_mstore/by1",
      "family_index": 22,
      "per_family_instance_index": 0,
      "run_name": "external/total/micro/memory_grow_mstore/by1",
      "run_type": "iteration",
      "repetitions": 20,
      "repetition_index": 9,
      "threads": 1,
      "iterations": 112461,
      "real_time": 5.8346518526432938e+00,
      "cpu_time": 5.9195578733957968e+00,
      "time_unit": "us",
      "code_size": 2.0485000000000000e+04,
      "execution_time_ns": 5.8177944354042738e+03,
      "gas_rate": 1.0451456227508589e+10,
      "gas_used": 6.1868000000000000e+04,
      "input_size": 3.2000000000000000e+01
    },
    {
      "name": "external/total/micro/memory_grow_mstore/by1",
      "family_index": 22,
      "per_family_instance_index": 0,
      "run_name": "external/total/micro/memory_grow_mstore/by1",
      "run_type": "iteration",
      "repetitions": 20,
      "repetition_index": 10,
      "threads": 1,
      "iterations": 112461,
      "real_time": 5.9096449880423769e+00,
      "cpu_time": 5.9953238189239535e+00,
      "time_unit": "us",
      "code_size": 2.0485000000000000e+04,
      "execution_time_ns": 5.8928120326157514e+03,
      "gas_rate": 1.0319375878366505e+10,
      "gas_used": 6.1868000000000000e+04,
      "input_size": 3.2000000000000000e+01
    },
    {
      "name": "external/total/micro/memory_grow_mstore/by1",
      "family_index": 22,
      "per_family_instance_index": 0,
      "run_name": "external/total/micro/memory_grow_mstore/by1",
      "run_type": "iteration",
      "repetitions": 20,
      "repetition_index": 11,
      "threads": 1,
      "iterations": 112461,
      "real_time": 5.9525636353917672e+00,
      "cpu_time": 6.0390256266619460e+00,
      "time_unit": "us",
      "code_size": 2.0485000000000000e+04,
      "execution_time_ns": 5.9350536274797487e+03,
      "gas_rate": 1.0244699033376575e+10,
      "gas_used": 6.1868000000000000e+04,
      "input_size": 3.2000000000000000e+01
    },
    {
      "name": "external/total/micro/memory_grow_mstore/by1",
      "family_index": 22,
      "per_family_instance_index": 0,
      "run_name": "external/total/micro/memory_grow_mstore/by1",
      "run_type": "iteration",
      "repetitions": 20,
      "repetition_index": 12,
      "threads": 1,
      "iterations": 112461,
      "real_time": 6.0797003316686089e+00,
      "cpu_time": 6.1699428957596156e+00,
      "time_unit": "us",
      "code_size": 2.0485000000000000e+04,
      "execution_time_ns": 6.0637219925129602e+03,
      "gas_rate": 1.0027321329427488e+10,
      "gas_used": 6.1868000000000000e+04,
      "input_size": 3.2000000000000000e+01
    },
    {
      "name": "external/total/micro/memory_grow_mstore/by1",
      "family_index": 22,
      "per_family_instance_index": 0,
      "run_name": "external/total/micro/memory_grow_mstore/by1",
      "run_type": "iteration",
      "repetitions": 20,
      "repetition_index": 13,
      "threads": 1,
      "iterations": 112461,
      "real_time": 5.9925903379838514e+00,
      "cpu_time": 6.0816389592835556e+00,
      "time_unit": "us",
      "code_size": 2.0485000000000000e+04,
      "execution_time_ns": 5.9763621877806527e+03,
      "gas_rate": 1.0172915625903635e+10,
      "gas_used": 6.1868000000000000e+04,
      "input_size": 3.2000000000000000e+01
    },
    {
      "name": "external/total/micro/memory_grow_mstore/by1",
      "family_index": 22,
      "per_family_instance_index": 0,
      "run_name": "external/total/micro/memory_grow_mstore/by1",
      "run_type": "iteration",
      "repetitions": 20,
      "repetition_index": 14,
      "threads": 1,
      "iterations": 112461,
      "real_time": 6.0654925351890858e+00,
      "cpu_time": 6.1554352175419718e+00,
      "time_unit": "us",
      "code_size": 2.0485000000000000e+04,
      "execution_time_ns": 6.0475271516347893e+03,
      "gas_rate": 1.0050954613848658e+10,
      "gas_used": 6.1868000000000000e+04,
      "input_size": 3.2000000000000000e+01
    },
    {
      "name": "external/total/micro/memory_grow_mstore/by1",
      "family_index": 22,
      "per_family_instance_index": 0,
      "run_name": "external/total/micro/memory_grow_mstore/by1",
      "run_type": "iteration",
      "repetitions": 20,
      "repetition_index": 15,
      "threads": 1,
      "iterations": 112461,
      "real_time": 5.9653069864232400e+00,
      "cpu_time": 6.0541535821302981e+00,
      "time_unit": "us",
      "code_size": 2.0485000000000000e+04,
      "execution_time_ns": 5.9488756724553405e+03,
      "gas_rate": 1.0219099856107428e+10,
      "gas_used": 6.1868000000000000e+04,
      "input_size": 3.2000000000000000e+01
    },
    {
      "name": "external/total/micro/memory_grow_mstore/by1",
      "family_index": 22,
      "per_family_instance_index": 0,
      "run_name": "external/total/micro/memory_grow_mstore/by1",
      "run_type": "iteration",
      "repetitions": 20,
      "repetition_index": 16,
      "threads": 1,
      "iterations": 112461,
      "real_time": 5.9689767474972504e+00,
      "cpu_time": 6.0576205884706402e+00,
      "time_unit": "us",
      "code_size": 2.0485000000000000e+04,
      "execution_time_ns": 5.9529122095659832e+03,
      "gas_rate": 1.0213251077122963e+10,
      "gas_used": 6.1868000000000000e+04,
      "input_size": 3.2000000000000000e+01
    },
    {
      "name": "external/total/micro/memory_grow_mstore/by1",
      "family_index": 22,
      "per_family_instance_index": 0,
      "run_name": "external/total/micro/memory_grow_mstore/by1",
      "run_type": "iteration",
      "repetitions": 20,
      "repetition_index": 17,
      "threads": 1,
      "iterations": 112461,
      "real_time": 6.0458179457750276e+00,
      "cpu_time": 6.1358755657518413e+00,
      "time_unit": "us",
      "code_size": 2.0485000000000000e+04,
      "execution_time_ns": 6.0276153422075213e+03,
      "gas_rate": 1.0082994568097828e+10,
      "gas_used": 6.1868000000000000e+04,
      "input_size": 3.2000000000000000e+01
    },
    {
      "name": "external/total/micro/memory_grow_mstore/by1",
      "family_index": 22,
      "per_family_instance_index": 0,
      "run_name": "external/total/micro/memory_grow_mstore/by1",
      "run_type": "iteration",
      "repetitions": 20,
      "repetition_index": 18,
      "threads": 1,
      "iterations": 112461,
      "real_time": 5.9190230390967749e+00,
      "cpu_time": 6.0071533776150110e+00,
      "time_unit": "us",
      "code_size": 2.0485000000000000e+04,
      "execution_time_ns": 5.9016259058695905e+03,
      "gas_rate": 1.0299054495685799e+10,
      "gas_used": 6.1868000000000000e+04,
      "input_size": 3.2000000000000000e+01
    },
    {
      "name": "external/total/micro/memory_grow_mstore/by1",
      "family_index": 22,
      "per_family_instance_index": 0,
      "run_name": "external/total/micro/memory_grow_mstore/by1",
      "run_type": "iteration",
      "repetitions": 20,
      "repetition_index": 19,
      "threads": 1,
      "iterations": 112461,
      "real_time": 5.9553074488025883e+00,
      "cpu_time": 6.0436134215418242e+00,
      "time_unit": "us",
      "code_size": 2.0485000000000000e+04,
      "execution_time_ns": 5.9392072273943859e+03,
      "gas_rate": 1.0236922133285034e+10,
      "gas_used": 6.1868000000000000e+04,
      "input_size": 3.2000000000000000e+01
    },
    {
      "name": "external/total/micro/memory_grow_mstore/by1_mean",
      "family_index": 22,
      "per_family_instance_index": 0,
      "run_name": "external/total/micro/memory_grow_mstore/by1",
      "run_type": "aggregate",
      "repetitions": 20,
      "threads": 1,
      "aggregate_name": "mean",
      "aggregate_unit": "time",
      "iterations": 20,
      "real_time": 5.9843278843326342e+00,
      "cpu_time": 6.0720053872008313e+00,
      "time_unit": "us",
      "code_size": 2.0485000000000000e+04,
      "execution_time_ns": 5.9673687358284214e+03,
      "gas_rate": 1.0192054028740284e+10,
      "gas_used": 6.1868000000000000e+04,
      "input_size": 3.2000000000000000e+01
    },
    {
      "name": "external/total/micro/memory_grow_mstore/by1_median",
      "family_index": 22,
      "per_family_instance_index": 0,
      "run_name": "external/total/micro/memory_grow_mstore/by1",
      "run_type": "aggregate",
      "repetitions": 20,
      "threads": 1,
      "aggregate_name": "median",
      "aggregate_unit": "time",
      "iterations": 20,
      "real_time": 5.9671418669602456e+00,
      "cpu_time": 6.0558870853004692e+00,
      "time_unit": "us",
      "code_size": 2.0485000000000000e+04,
      "execution_time_ns": 5.9508939410106614e+03,
      "gas_rate": 1.0216175466615196e+10,
      "gas_used": 6.1868000000000000e+04,
      "input_size": 3.2000000000000000e+01
    },
    {
      "name": "external/total/micro/memory_grow_mstore/by1_stddev",
      "family_index": 22,
      "per_family_instance_index": 0,
      "run_name": "external/total/micro/memory_grow_mstore/by1",
      "run_type": "aggregate",
      "repetitions": 20,
      "threads": 1,
      "aggregate_name": "stddev",
      "aggregate_unit": "time",
      "iterations": 20,
      "real_time": 1.0551050026668632e-01,
      "cpu_time": 1.0719161058429602e-01,
      "time_unit": "us",
      "code_size": 0.0000000000000000e+00,
      "execution_time_ns": 1.0507461378156916e+02,
      "gas_rate": 1.7883479895948419e+08,
      "gas_used": 0.0000000000000000e+00,
      "input_size": 0.0000000000000000e+00
    },
    {
      "name": "external/total/micro/memory_grow_mstore/by1_cv",
      "family_index": 22,
      "per_family_instance_index": 0,
      "run_name": "external/total/micro/memory_grow_mstore/by1",
      "run_type": "aggregate",
      "repetitions": 20,
      "threads": 1,
      "aggregate_name": "cv",
      "aggregate_unit": "percentage",
      "iterations": 20,
      "real_time": 1.7631136245545596e-02,
      "cpu_time": 1.7653411640616297e-02,
      "time_unit": "us",
      "code_size": 0.0000000000000000e+00,
      "execution_time_ns": 1.7608198593576964e-02,
      "gas_rate": 1.7546492439619435e-02,
      "gas_used": 0.0000000000000000e+00,
      "input_size": 0.0000000000000000e+00
    },
    {
      "name": "external/total/micro/memory_grow_mstore/by16",
      "family_index": 23,
      "per_family_instance_index": 0,
      "run_name": "external/total/micro/memory_grow_mstore/by16",
      "run_type": "iteration",
      "repetitions": 20,
      "repetition_index": 0,
      "threads": 1,
      "iterations": 108030,
      "real_time": 6.4669865037505589e+00,
      "cpu_time": 6.5633195316118051e+00,
      "time_unit": "us",
      "code_size": 2.0485000000000000e+04,
      "execution_time_ns": 6.4459670461908727e+03,
      "gas_rate": 1.1548424487781443e+10,
      "gas_used": 7.5796000000000000e+04,
      "input_size": 3.2000000000000000e+01
    },
    {
      "name": "external/total/micro/memory_grow_mstore/by16",
      "family_index": 23,
      "per_family_instance_index": 0,
      "run_name": "external/total/micro/memory_grow_mstore/by16",
      "run_type": "iteration",
      "repetitions": 20,
      "repetition_index": 1,
      "threads": 1,
      "iterations": 108030,
      "real_time": 6.3860575025459685e+00,
      "cpu_time": 6.4806227714524667e+00,
      "time_unit": "us",
      "code_size": 2.0485000000000000e+04,
      "execution_time_ns": 6.3673657502545593e+03,
      "gas_rate": 1.1695789536444853e+10,
      "gas_used": 7.5796000000000000e+04,
      "input_size": 3.2000000000000000e+01
    },
    {
      "name": "external/total/micro/memory_grow_mstore/by16",
      "family_index": 23,
      "per_family_instance_index": 0,
      "run_name": "external/total/micro/memory_grow_mstore/by16",
      "run_type": "iteration",
      "repetitions": 20,
      "repetition_index": 2,
      "threads": 1,
      "iterations": 108030,
      "real_time": 6.4198428121832682e+00,
      "cpu_time": 6.5152182819589886e+00,
      "time_unit": "us",
      "code_size": 2.0485000000000000e+04,
      "execution_time_ns": 6.4016000555401279e+03,
      "gas_rate": 1.1633685429985277e+10,
      "gas_used": 7.5796000000000000e+04,
      "input_size": 3.2000000000000000e+01
    },
    {
      "name": "external/total/micro/memory_grow_mstore/by16",
      "family_index": 23,
      "per_family_instance_index": 0,
      "run_name": "external/total/micro/memory_grow_mstore/by16",
      "run_type": "iteration",
      "repetitions": 20,
      "repetition_index": 3,
      "threads": 1,
      "iterations": 108030,
      "real_time": 6.4661366564819911e+00,
      "cpu_time": 6.5621093677680760e+00,
      "time_unit": "us",
      "code_size": 2.0485000000000000e+04,
      "execution_time_ns": 6.4447112561325557e+03,
      "gas_rate": 1.1550554212384296e+10,
      "gas_used": 7.5796000000000000e+04,
      "input_size": 3.2000000000000000e+01
    },
    {
      "name": "external/total/micro/memory_grow_mstore/by16",
      "family_index": 23,
      "per_family_instance_index": 0,
      "run_name": "external/total/micro/memory_grow_mstore/by16",
      "run_type": "iteration",
      "repetitions": 20,
      "repetition_index": 4,
      "threads": 1,
      "iterations": 108030,
      "real_time": 6.4029237619181218e+00,
      "cpu_time": 6.4953644265480843e+00,
      "time_unit": "us",
      "code_size": 2.0485000000000000e+04,
      "execution_time_ns": 6.3843424511709709e+03,
      "gas_rate": 1.1669245175867870e+10,
      "gas_used": 7.5796000000000000e+04,
      "input_size": 3.2000000000000000e+01
    },
    {
      "name": "external/total/micro/memory_grow_mstore/by16",
      "family_index": 23,
      "per_family_instance_index": 0,
      "run_name": "external/total/micro/memory_grow_mstore/by16",
      "run_type": "iteration",
      "repetitions": 20,
      "repetition_index": 5,
      "threads": 1,
      "iterations": 108030,
      "real_time": 6.4298379246533148e+00,
      "cpu_time": 6.5251591502361448e+00,
      "time_unit": "us",
      "code_size": 2.0485000000000000e+04,
      "execution_time_ns": 6.4113268629084514e+03,
      "gas_rate": 1.1615961887650963e+10,
      "gas_used": 7.5796000000000000e+04,
      "input_size": 3.2000000000000000e+01
    },
    {
      "name": "external/total/micro/memory_grow_mstore/by16",
      "family_index": 23,
      "per_family_instance_index": 0,
      "run_name": "external/total/micro/memory_grow_mstore/by16",
      "run_type": "iteration",
      "repetitions": 20,
      "repetition_index": 6,
      "threads": 1,
      "iterations": 108030,
      "real_time": 6.6939994260871671e+00,
      "cpu_time": 6.7932551328333250e+00,
      "time_unit": "us",
      "code_size": 2.0485000000000000e+04,
      "execution_time_ns": 6.6754860686846250e+03,
      "gas_rate": 1.1157537663153698e+10,
      "gas_used": 7.5796000000000000e+04,
      "input_size": 3.2000000000000000e+01
    },
    {
      "name": "external/total/micro/memory_grow_mstore/by16",
      "family_index": 23,
      "per_family_instance_index": 0,
      "run_name": "external/total/micro/memory_grow_mstore/by16",
      "run_type": "iteration",
      "repetitions": 20,
      "repetition_index": 7,
      "threads": 1,
      "iterations": 108030,
      "real_time": 6.5225681847621191e+00,
      "cpu_time": 6.6190128667960986e+00,
      "time_unit": "us",
      "code_size": 2.0485000000000000e+04,
      "execution_time_ns": 6.5035186059427933e+03,
      "gas_rate": 1.1451254367584980e+10,
      "gas_used": 7.5796000000000000e+04,
      "input_size": 3.2000000000000000e+01
    },
    {
      "name": "external/total/micro/memory_grow_mstore/by16",
      "family_index": 23,
      "per_family_instance_index": 0,
      "run_name": "external/total/micro/memory_grow_mstore/by16",
      "run_type": "iteration",
      "repetitions": 20,
      "repetition_index": 8,
      "threads": 1,
      "iterations": 108030,
      "real_time": 6.5032883736011522e+00,
      "cpu_time": 6.5996705915023908e+00,
      "time_unit": "us",
      "code_size": 2.0485000000000000e+04,
      "execution_time_ns": 6.4834823474960658e+03,
      "gas_rate": 1.1484815635736952e+10,
      "gas_used": 7.5796000000000000e+04,
      "input_size": 3.2000000000000000e+01
    },
    {
      "name": "external/total/micro/memory_grow_mstore/by16",
      "family_index": 23,
      "per_family_instance_index": 0,
      "run_name": "external/total/micro/memory_grow_mstore/by16",
      "run_type": "iteration",
      "repetitions": 20,
      "repetition_index": 9,
      "threads": 1,
      "iterations": 108030,
      "real_time": 6.5969571137628842e+00,
      "cpu_time": 6.6946346848101896e+00,
      "time_unit": "us",
      "code_size": 2.0485000000000000e+04,
      "execution_time_ns": 6.5781958530037955e+03,
      "gas_rate": 1.1321902324555145e+10,
      "gas_used": 7.5796000000000000e+04,
      "input_size": 3.2000000000000000e+01
    },
    {
      "name": "external/total/micro/memory_grow_mstore/by16",
      "family_index": 23,
      "per_family_instance_index": 0,
      "run_name": "external/total/micro/memory_grow_mstore/by16",
      "run_type": "iteration",
      "repetitions": 20,
      "repetition_index": 10,
      "threads": 1,
      "iterations": 108030,
      "real_time": 6.5251722947303161e+00,
      "cpu_time": 6.6213793668430059e+00,
      "time_unit": "us",
      "code_size": 2.0485000000000000e+04,
      "execution_time_ns": 6.5065471998518933e+03,
      "gas_rate": 1.1447161656308876e+10,
      "gas_used": 7.5796000000000000e+04,
      "input_size": 3.2000000000000000e+01
    },
    {
      "name": "external/total/micro/memory_grow_mstore/by16",
      "family_index": 23,
      "per_family_instance_index": 0,
      "run_name": "external/total/micro/memory_grow_mstore/by16",
      "run_type": "iteration",
      "repetitions": 20,
      "repetition_index": 11,
      "threads": 1,
      "iterations": 108030,
      "real_time": 6.4537826622249526e+00,
      "cpu_time": 6.5495449597333897e+00,
      "time_unit": "us",
      "code_size": 2.0485000000000000e+04,
      "execution_time_ns": 6.4346046561140420e+03,
      "gas_rate": 1.1572712374064749e+10,
      "gas_used": 7.5796000000000000e+04,
      "input_size": 3.2000000000000000e+01
    },
    {
      "name": "external/total/micro/memory_grow_mstore/by16",
      "family_index": 23,
      "per_family_instance_index": 0,
      "run_name": "external/total/micro/memory_grow_mstore/by16",
      "run_type": "iteration",
      "repetitions": 20,
      "repetition_index": 12,
      "threads": 1,
      "iterations": 108030,
      "real_time": 6.3569104045141707e+00,
      "cpu_time": 6.4509672405814529e+00,
      "time_unit": "us",
      "code_size": 2.0485000000000000e+04,
      "execution_time_ns": 6.3379074794038697e+03,
      "gas_rate": 1.1749555868643379e+10,
      "gas_used": 7.5796000000000000e+04,
      "input_size": 3.2000000000000000e+01
    },
    {
      "name": "external/total/micro/memory_grow_mstore/by16",
      "family_index": 23,
      "per_family_instance_index": 0,
      "run_name": "external/total/micro/memory_grow_mstore/by16",
      "run_type": "iteration",
      "repetitions": 20,
      "repetition_index": 13,
      "threads": 1,
      "iterations": 108030,
      "real_time": 6.4035961492169493e+00,
      "cpu_time": 6.4981954827363699e+00,
      "time_unit": "us",
      "code_size": 2.0485000000000000e+04,
      "execution_time_ns": 6.3849966861057110e+03,
      "gas_rate": 1.1664161258516424e+10,
      "gas_used": 7.5796000000000000e+04,
      "input_size": 3.2000000000000000e+01
    },
    {
      "name": "external/total/micro/memory_grow_mstore/by16",
      "family_index": 23,
      "per_family_instance_index": 0,
      "run_name": "external/total/micro/memory_grow_mstore/by16",
      "run_type": "iteration",
      "repetitions": 20,
      "repetition_index": 14,
      "threads": 1,
      "iterations": 108030,
      "real_time": 6.5118100435077935e+00,
      "cpu_time": 6.6082985744703659e+00,
      "time_unit": "us",
      "code_size": 2.0485000000000000e+04,
      "execution_time_ns": 6.4920472183652691e+03,
      "gas_rate": 1.1469820733103725e+10,
      "gas_used": 7.5796000000000000e+04,
      "input_size": 3.2000000000000000e+01
    },
    {
      "name": "external/total/micro/memory_grow_mstore/by16",
      "family_index": 23,
      "per_family_instance_index": 0,
      "run_name": "external/total/micro/memory_grow_mstore/by16",
      "run_type": "iteration",
      "repetitions": 20,
      "repetition_index": 15,
      "threads": 1,
      "iterations": 108030,
      "real_time": 6.3729142645553472e+00,
      "cpu_time": 6.4670686290842267e+00,
      "time_unit": "us",
      "code_size": 2.0485000000000000e+04,
      "execution_time_ns": 6.3545539016939738e+03,
      "gas_rate": 1.1720302403955334e+10,
      "gas_used": 7.5796000000000000e+04,
      "input_size": 3.2000000000000000e+01
    },
    {
      "name": "external/total/micro/memory_grow_mstore/by16",
      "family_index": 23,
      "per_family_instance_index": 0,
      "run_name": "external/total/micro/memory_grow_mstore/by16",
      "run_type": "iteration",
      "repetitions": 20,
      "repetition_index": 16,
      "threads": 1,
      "iterations": 108030,
      "real_time": 6.5226543737856559e+00,
      "cpu_time": 6.6188843839674103e+00,
      "time_unit": "us",
      "code_size": 2.0485000000000000e+04,
      "execution_time_ns": 6.5038208738313433e+03,
      "gas_rate": 1.1451476654222399e+10,
      "gas_used": 7.5796000000000000e+04,
      "input_size": 3.2000000000000000e+01
    },
    {
      "name": "external/total/micro/memory_grow_mstore/by16",
      "family_index": 23,
      "per_family_instance_index": 0,
      "run_name": "external/total/micro/memory_grow_mstore/by16",
      "run_type": "iteration",
      "repetitions": 20,
      "repetition_index": 17,
      "threads": 1,
      "iterations": 108030,
      "real_time": 6.4608995093943591e+00,
      "cpu_time": 6.5565694899566518e+00,
      "time_unit": "us",
      "code_size": 2.0485000000000000e+04,
      "execution_time_ns": 6.4400356937887627e+03,
      "gas_rate": 1.1560313684786573e+10,
      "gas_used": 7.5796000000000000e+04,
      "input_size": 3.2000000000000000e+01
    },
    {
      "name": "external/total/micro/memory_grow_mstore/by16",
      "family_index": 23,
      "per_family_instance_index": 0,
      "run_name": "external/total/micro/memory_grow_mstore/by16",
      "run_type": "iteration",
      "repetitions": 20,
      "repetition_index": 18,
      "threads": 1,
      "iterations": 108030,
      "real_time": 6.6021828751268750e+00,
      "cpu_time": 6.6994375914093487e+00,
      "time_unit": "us",
      "code_size": 2.0485000000000000e+04,
      "execution_time_ns": 6.5810074979172450e+03,
      "gas_rate": 1.1313785517935532e+10,
      "gas_used": 7.5796000000000000e+04,
      "input_size": 3.2000000000000000e+01
    },
    {
      "name": "external/total/micro/memory_grow_mstore/by16",
      "family_index": 23,
      "per_family_instance_index": 0,
      "run_name": "external/total/micro/memory_grow_mstore/by16",
      "run_type": "iteration",
      "repetitions": 20,
      "repetition_index": 19,
      "threads": 1,
      "iterations": 108030,
      "real_time": 6.5150585115254422e+00,
      "cpu_time": 6.6113452281772496e+00,
      "time_unit": "us",
      "code_size": 2.0485000000000000e+04,
      "execution_time_ns": 6.4932830787744142e+03,
      "gas_rate": 1.1464535186721294e+10,
      "gas_used": 7.5796000000000000e+04,
      "input_size": 3.2000000000000000e+01
    },
    {
      "name": "external/total/micro/memory_grow_mstore/by16_mean",
      "family_index": 23,
      "per_family_instance_index": 0,
      "run_name": "external/total/micro/memory_grow_mstore/by16",
      "run_type": "aggregate",
      "repetitions": 20,
      "threads": 1,
      "aggregate_name": "mean",
      "aggregate_unit": "time",
      "iterations": 20,
      "real_time": 6.4806789674164209e+00,
      "cpu_time": 6.5765028876238514e+00,
      "time_unit": "us",
      "code_size": 2.0485000000000000e+04,
      "execution_time_ns": 6.4612400291585682e+03,
      "gas_rate": 1.1527149802970190e+10,
      "gas_used": 7.5796000000000000e+04,
      "input_size": 3.2000000000000000e+01
    },
    {
      "name": "external/total/micro/memory_grow_mstore/by16_median",
      "family_index": 23,
      "per_family_instance_index": 0,
      "run_name": "external/total/micro/memory_grow_mstore/by16",
      "run_type": "aggregate",
      "repetitions": 20,
      "threads": 1,
      "aggregate_name": "median",
      "aggregate_unit": "time",
      "iterations": 20,
      "real_time": 6.4665615801162755e+00,
      "cpu_time": 6.5627144496899401e+00,
      "time_unit": "us",
      "code_size": 2.0485000000000000e+04,
      "execution_time_ns": 6.4453391511617137e+03,
      "gas_rate": 1.1549489350082870e+10,
      "gas_used": 7.5796000000000000e+04,
      "input_size": 3.2000000000000000e+01
    },
    {
      "name": "external/total/micro/memory_grow_mstore/by16_stddev",
      "family_index": 23,
      "per_family_instance_index": 0,
      "run_name": "external/total/micro/memory_grow_mstore/by16",
      "run_type": "aggregate",
      "repetitions": 20,
      "threads": 1,
      "aggregate_name": "stddev",
      "aggregate_unit": "time",
      "iterations": 20,
      "real_time": 8.5106805163152166e-02,
      "cpu_time": 8.6441054496192243e-02,
      "time_unit": "us",
      "code_size": 0.0000000000000000e+00,
      "execution_time_ns": 8.4881799594032756e+01,
      "gas_rate": 1.5021678973265865e+08,
      "gas_used": 0.0000000000000000e+00,
      "input_size": 0.0000000000000000e+00
    },
    {
      "name": "external/total/micro/memory_grow_mstore/by16_cv",
      "family_index": 23,
      "per_family_instance_index": 0,
      "run_name": "external/total/micro/memory_grow_mstore/by16",
      "run_type": "aggregate",
      "repetitions": 20,
      "threads": 1,
      "aggregate_name": "cv",
      "aggregate_unit": "percentage",
      "iterations": 20,
      "real_time": 1.3132390231186029e-02,
      "cpu_time": 1.3143924054053620e-02,
      "time_unit": "us",
      "code_size": 0.0000000000000000e+00,
      "execution_time_ns": 1.3137075733291819e-02,
      "gas_rate": 1.3031563942541324e-02,
      "gas_used": 0.0000000000000000e+00,
      "input_size": 0.0000000000000000e+00
    },
    {
      "name": "external/total/micro/memory_grow_mstore/by32",
      "family_index": 24,
      "per_family_instance_index": 0,
      "run_name": "external/total/micro/memory_grow_mstore/by32",
      "run_type": "iteration",
      "repetitions": 20,
      "repetition_index": 0,
      "threads": 1,
      "iterations": 96043,
      "real_time": 7.2675523879931250e+00,
      "cpu_time": 7.3748157179596259e+00,
      "time_unit": "us",
      "code_size": 2.0485000000000000e+04,
      "execution_time_ns": 7.2478980352550416e+03,
      "gas_rate": 1.4441716793089781e+10,
      "gas_used": 1.0650500000000000e+05,
      "input_size": 3.2000000000000000e+01
    },
    {
      "name": "external/total/micro/memory_grow_mstore/by32",
      "family_index": 24,
      "per_family_instance_index": 0,
      "run_name": "external/total/micro/memory_grow_mstore/by32",
      "run_type": "iteration",
      "repetitions": 20,
      "repetition_index": 1,
      "threads": 1,
      "iterations": 96043,
      "real_time": 7.3400367439577368e+00,
      "cpu_time": 7.4481677686037306e+00,
      "time_unit": "us",
      "code_size": 2.0485000000000000e+04,
      "execution_time_ns": 7.3210971648115947e+03,
      "gas_rate": 1.4299489929449581e+10,
      "gas_used": 1.0650500000000000e+05,
      "input_size": 3.2000000000000000e+01
    },
    {
      "name": "external/total/micro/memory_grow_mstore/by32",
      "family_index": 24,
      "per_family_instance_index": 0,
      "run_name": "external/total/micro/memory_grow_mstore/by32",
      "run_type": "iteration",
      "repetitions": 20,
      "repetition_index": 2,
      "threads": 1,
      "iterations": 96043,
      "real_time": 7.4379094676385336e+00,
      "cpu_time": 7.5480062784379642e+00,
      "time_unit": "us",
      "code_size": 2.0485000000000000e+04,
      "execution_time_ns": 7.4184228210280808e+03,
      "gas_rate": 1.4110348623350758e+10,
      "gas_used": 1.0650500000000000e+05,
      "input_size": 3.2000000000000000e+01
    },
    {
      "name": "external/total/micro/memory_grow_mstore/by32",
      "family_index": 24,
      "per_family_instance_index": 0,
      "run_name": "external/total/micro/memory_grow_mstore/by32",
      "run_type": "iteration",
      "repetitions": 20,
      "repetition_index": 3,
      "threads": 1,
      "iterations": 96043,
      "real_time": 7.3383193986008157e+00,
      "cpu_time": 7.4463677415327352e+00,
      "time_unit": "us",
      "code_size": 2.0485000000000000e+04,
      "execution_time_ns": 7.3179356746457315e+03,
      "gas_rate": 1.4302946577021641e+10,
      "gas_used": 1.0650500000000000e+05,
      "input_size": 3.2000000000000000e+01
    },
    {
      "name": "external/total/micro/memory_grow_mstore/by32",
      "family_index": 24,
      "per_family_instance_index": 0,
      "run_name": "external/total/micro/memory_grow_mstore/by32",
      "run_type": "iteration",
      "repetitions": 20,
      "repetition_index": 4,
      "threads": 1,
      "iterations": 96043,
      "real_time": 7.3132808741916273e+00,
      "cpu_time": 7.4212924419273909e+00,
      "time_unit": "us",
      "code_size": 2.0485000000000000e+04,
      "execution_time_ns": 1.2331906489801444e+04,
      "gas_rate": 1.4351273829109406e+10,
      "gas_used": 1.0650500000000000e+05,
      "input_size": 3.2000000000000000e+01
    },
    {
      "name": "external/total/micro/memory_grow_mstore/by32",
      "family_index": 24,
      "per_family_instance_index": 0,
      "run_name": "external/total/micro/memory_grow_mstore/by32",
      "run_type": "iteration",
      "repetitions": 20,
      "repetition_index": 5,
      "threads": 1,
      "iterations": 96043,
      "real_time": 7.3327143779329829e+00,
      "cpu_time": 7.4403250314964495e+00,
      "time_unit": "us",
      "code_size": 2.0485000000000000e+04,
      "execution_time_ns": 7.3117344939245959e+03,
      "gas_rate": 1.4314562811321024e+10,
      "gas_used": 1.0650500000000000e+05,
      "input_size": 3.2000000000000000e+01
    },
    {
      "name": "external/total/micro/memory_grow_mstore/by32",
      "family_index": 24,
      "per_family_instance_index": 0,
      "run_name": "external/total/micro/memory_grow_mstore/by32",
      "run_type": "iteration",
      "repetitions": 20,
      "repetition_index": 6,
      "threads": 1,
      "iterations": 96043,
      "real_time": 7.3397778286768709e+00,
      "cpu_time": 7.4456674510372460e+00,
      "time_unit": "us",
      "code_size": 2.0485000000000000e+04,
      "execution_time_ns": 7.3208455795841446e+03,
      "gas_rate": 1.4304291818077765e+10,
      "gas_used": 1.0650500000000000e+05,
      "input_size": 3.2000000000000000e+01
    },
    {
      "name": "external/total/micro/memory_grow_mstore/by32",
      "family_index": 24,
      "per_family_instance_index": 0,
      "run_name": "external/total/micro/memory_grow_mstore/by32",
      "run_type": "iteration",
      "repetitions": 20,
      "repetition_index": 7,
      "threads": 1,
      "iterations": 96043,
      "real_time": 7.4271869266893003e+00,
      "cpu_time": 7.5343649511157302e+00,
      "time_unit": "us",
      "code_size": 2.0485000000000000e+04,
      "execution_time_ns": 7.4081040263215436e+03,
      "gas_rate": 1.4135896082950979e+10,
      "gas_used": 1.0650500000000000e+05,
      "input_size": 3.2000000000000000e+01
    },
    {
      "name": "external/total/micro/memory_grow_mstore/by32",
      "family_index": 24,
      "per_family_instance_index": 0,
      "run_name": "external/total/micro/memory_grow_mstore/by32",
      "run_type": "iteration",
      "repetitions": 20,
      "repetition_index": 8,
      "threads": 1,
      "iterations": 96043,
      "real_time": 7.4019031787851182e+00,
      "cpu_time": 7.5094173339023742e+00,
      "time_unit": "us",
      "code_size": 2.0485000000000000e+04,
      "execution_time_ns": 7.3827919681809190e+03,
      "gas_rate": 1.4182858038687960e+10,
      "gas_used": 1.0650500000000000e+05,
      "input_size": 3.2000000000000000e+01
    },
    {
      "name": "external/total/micro/memory_grow_mstore/by32",
      "family_index": 24,
      "per_family_instance_index": 0,
      "run_name": "external/total/micro/memory_grow_mstore/by32",
      "run_type": "iteration",
      "repetitions": 20,
      "repetition_index": 9,
      "threads": 1,
      "iterations": 96043,
      "real_time": 7.5980689482855412e+00,
      "cpu_time": 7.7080014993287129e+00,
      "time_unit": "us",
      "code_size": 2.0485000000000000e+04,
      "execution_time_ns": 7.5784487885634562e+03,
      "gas_rate": 1.3817459689035540e+10,
      "gas_used": 1.0650500000000000e+05,
      "input_size": 3.2000000000000000e+01
    },
    {
      "name": "external/total/micro/memory_grow_mstore/by32",
      "family_index": 24,
      "per_family_instance_index": 0,
      "run_name": "external/total/micro/memory_grow_mstore/by32",
      "run_type": "iteration",
      "repetitions": 20,
      "repetition_index": 10,
      "threads": 1,
      "iterations": 96043,
      "real_time": 7.3333077579846560e+00,
      "cpu_time": 7.4399235030141888e+00,
      "time_unit": "us",
      "code_size": 2.0485000000000000e+04,
      "execution_time_ns": 7.3146415043261868e+03,
      "gas_rate": 1.4315335360215851e+10,
      "gas_used": 1.0650500000000000e+05,
      "input_size": 3.2000000000000000e+01
    },
    {
      "name": "external/total/micro/memory_grow_mstore/by32",
      "family_index": 24,
      "per_family_instance_index": 0,
      "run_name": "external/total/micro/memory_grow_mstore/by32",
      "run_type": "iteration",
      "repetitions": 20,
      "repetition_index": 11,
      "threads": 1,
      "iterations": 96043,
      "real_time": 7.2169214102017323e+00,
      "cpu_time": 7.3216857865745082e+00,
      "time_unit": "us",
      "code_size": 2.0485000000000000e+04,
      "execution_time_ns": 7.1977340670324747e+03,
      "gas_rate": 1.4546513344685469e+10,
      "gas_used": 1.0650500000000000e+05,
      "input_size": 3.2000000000000000e+01
    },
    {
      "name": "external/total/micro/memory_grow_mstore/by32",
      "family_index": 24,
      "per_family_instance_index": 0,
      "run_name": "external/total/micro/memory_grow_mstore/by32",
      "run_type": "iteration",
      "repetitions": 20,
      "repetition_index": 12,
      "threads": 1,
      "iterations": 96043,
      "real_time": 7.8248296283954080e+00,
      "cpu_time": 7.9381679560200009e+00,
      "time_unit": "us",
      "code_size": 2.0485000000000000e+04,
      "execution_time_ns": 7.8048596878481512e+03,
      "gas_rate": 1.3416823704168505e+10,
      "gas_used": 1.0650500000000000e+05,
      "input_size": 3.2000000000000000e+01
    },
    {
      "name": "external/total/micro/memory_grow_mstore/by32",
      "family_index": 24,
      "per_family_instance_index": 0,
      "run_name": "external/total/micro/memory_grow_mstore/by32",
      "run_type": "iteration",
      "repetitions": 20,
      "repetition_index": 13,
      "threads": 1,
      "iterations": 96043,
      "real_time": 8.0591570650641255e+00,
      "cpu_time": 8.1762968982641642e+00,
      "time_unit": "us",
      "code_size": 2.0485000000000000e+04,
      "execution_time_ns": 8.0394822319169534e+03,
      "gas_rate": 1.3026068075220104e+10,
      "gas_used": 1.0650500000000000e+05,
      "input_size": 3.2000000000000000e+01
    },
    {
      "name": "external/total/micro/memory_grow_mstore/by32",
      "family_index": 24,
      "per_family_instance_index": 0,
      "run_name": "external/total/micro/memory_grow_mstore/by32",
      "run_type": "iteration",
      "repetitions": 20,
      "repetition_index": 14,
      "threads": 1,
      "iterations": 96043,
      "real_time": 8.1723424924229633e+00,
      "cpu_time": 8.2904426663057400e+00,
      "time_unit": "us",
      "code_size": 2.0485000000000000e+04,
      "execution_time_ns": 8.1513739991462162e+03,
      "gas_rate": 1.2846720529515358e+10,
      "gas_used": 1.0650500000000000e+05,
      "input_size": 3.2000000000000000e+01
    },
    {
      "name": "external/total/micro/memory_grow_mstore/by32",
      "family_index": 24,
      "per_family_instance_index": 0,
      "run_name": "external/total/micro/memory_grow_mstore/by32",
      "run_type": "iteration",
      "repetitions": 20,
      "repetition_index": 15,
      "threads": 1,
      "iterations": 96043,
      "real_time": 7.5859577585047413e+00,
      "cpu_time": 7.6962024093373289e+00,
      "time_unit": "us",
      "code_size": 2.0485000000000000e+04,
      "execution_time_ns": 7.5669525004425104e+03,
      "gas_rate": 1.3838643312029324e+10,
      "gas_used": 1.0650500000000000e+05,
      "input_size": 3.2000000000000000e+01
    },
    {
      "name": "external/total/micro/memory_grow_mstore/by32",
      "family_index": 24,
      "per_family_instance_index": 0,
      "run_name": "external/total/micro/memory_grow_mstore/by32",
      "run_type": "iteration",
      "repetitions": 20,
      "repetition_index": 16,
      "threads": 1,
      "iterations": 96043,
      "real_time": 7.5745015565942566e+00,
      "cpu_time": 7.6859309059481831e+00,
      "time_unit": "us",
      "code_size": 2.0485000000000000e+04,
      "execution_time_ns": 7.5555692866736772e+03,
      "gas_rate": 1.3857137320552181e+10,
      "gas_used": 1.0650500000000000e+05,
      "input_size": 3.2000000000000000e+01
    },
    {
      "name": "external/total/micro/memory_grow_mstore/by32",
      "family_index": 24,
      "per_family_instance_index": 0,
      "run_name": "external/total/micro/memory_grow_mstore/by32",
      "run_type": "iteration",
      "repetitions": 20,
      "repetition_index": 17,
      "threads": 1,
      "iterations": 96043,
      "real_time": 7.7071059525405223e+00,
      "cpu_time": 7.8217206355486342e+00,
      "time_unit": "us",
      "code_size": 2.0485000000000000e+04,
      "execution_time_ns": 7.6872739085617904e+03,
      "gas_rate": 1.3616569162026775e+10,
      "gas_used": 1.0650500000000000e+05,
      "input_size": 3.2000000000000000e+01
    },
    {
      "name": "external/total/micro/memory_grow_mstore/by32",
      "family_index": 24,
      "per_family_instance_index": 0,
      "run_name": "external/total/micro/memory_grow_mstore/by32",
      "run_type": "iteration",
      "repetitions": 20,
      "repetition_index": 18,
      "threads": 1,
      "iterations": 96043,
      "real_time": 7.1972767198029430e+00,
      "cpu_time": 7.3046641608448990e+00,
      "time_unit": "us",
      "code_size": 2.0485000000000000e+04,
      "execution_time_ns": 7.1775810834730273e+03,
      "gas_rate": 1.4580410222128683e+10,
      "gas_used": 1.0650500000000000e+05,
      "input_size": 3.2000000000000000e+01
    },
    {
      "name": "external/total/micro/memory_grow_mstore/by32",
      "family_index": 24,
      "per_family_instance_index": 0,
      "run_name": "external/total/micro/memory_grow_mstore/by32",
      "run_type": "iteration",
      "repetitions": 20,
      "repetition_index": 19,
      "threads": 1,
      "iterations": 96043,
      "real_time": 7.3252040752584664e+00,
      "cpu_time": 7.4343567568692857e+00,
      "time_unit": "us",
      "code_size": 2.0485000000000000e+04,
      "execution_time_ns": 7.3046119758858013e+03,
      "gas_rate": 1.4326054490402311e+10,
      "gas_used": 1.0650500000000000e+05,
      "input_size": 3.2000000000000000e+01
    },
    {
      "name": "external/total/micro/memory_grow_mstore/by32_mean",
      "family_index": 24,
      "per_family_instance_index": 0,
      "run_name": "external/total/micro/memory_grow_mstore/by32",
      "run_type": "aggregate",
      "repetitions": 20,
      "threads": 1,
      "aggregate_name": "mean",
      "aggregate_unit": "time",
      "iterations": 20,
      "real_time": 7.4896677274760730e+00,
      "cpu_time": 7.5992908947034463e+00,
      "time_unit": "us",
      "code_size": 2.0485000000000000e+04,
      "execution_time_ns": 7.7219632643711666e+03,
      "gas_rate": 1.4031555985651947e+10,
      "gas_used": 1.0650500000000000e+05,
      "input_size": 3.2000000000000000e+01
    },
    {
      "name": "external/total/micro/memory_grow_mstore/by32_median",
      "family_index": 24,
      "per_family_instance_index": 0,
      "run_name": "external/total/micro/memory_grow_mstore/by32",
      "run_type": "aggregate",
      "repetitions": 20,
      "threads": 1,
      "aggregate_name": "median",
      "aggregate_unit": "time",
      "iterations": 20,
      "real_time": 7.3709699613714275e+00,
      "cpu_time": 7.4787925512530524e+00,
      "time_unit": "us",
      "code_size": 2.0485000000000000e+04,
      "execution_time_ns": 7.3954479972512308e+03,
      "gas_rate": 1.4241173984068771e+10,
      "gas_used": 1.0650500000000000e+05,
      "input_size": 3.2000000000000000e+01
    },
    {
      "name": "external/total/micro/memory_grow_mstore/by32_stddev",
      "family_index": 24,
      "per_family_instance_index": 0,
      "run_name": "external/total/micro/memory_grow_mstore/by32",
      "run_type": "aggregate",
      "repetitions": 20,
      "threads": 1,
      "aggregate_name": "stddev",
      "aggregate_unit": "time",
      "iterations": 20,
      "real_time": 2.6918052997673941e-01,
      "cpu_time": 2.7263004850099010e-01,
      "time_unit": "us",
      "code_size": 0.0000000000000000e+00,
      "execution_time_ns": 1.1171385204081139e+03,
      "gas_rate": 4.8245345414771473e+08,
      "gas_used": 0.0000000000000000e+00,
      "input_size": 0.0000000000000000e+00
    },
    {
      "name": "external/total/micro/memory_grow_mstore/by32_cv",
      "family_index": 24,
      "per_family_instance_index": 0,
      "run_name": "external/total/micro/memory_grow_mstore/by32",
      "run_type": "aggregate",
      "repetitions": 20,
      "threads": 1,
      "aggregate_name": "cv",
      "aggregate_unit": "percentage",
      "iterations": 20,
      "real_time": 3.5940249924471611e-02,
      "cpu_time": 3.5875722127048433e-02,
      "time_unit": "us",
      "code_size": 0.0000000000000000e+00,
      "execution_time_ns": 1.4467027129778601e-01,
      "gas_rate": 3.4383460725314459e-02,
      "gas_used": 0.0000000000000000e+00,
      "input_size": 0.0000000000000000e+00
    },
    {
      "name": "external/total/micro/signextend/zero",
      "family_index": 25,
      "per_family_instance_index": 0,
      "run_name": "external/total/micro/signextend/zero",
      "run_type": "iteration",
      "repetitions": 20,
      "repetition_index": 0,
      "threads": 1,
      "iterations": 12222,
      "real_time": 5.6780342988041234e+01,
      "cpu_time": 5.7628711585661016e+01,
      "time_unit": "us",
      "code_size": 2.4041000000000000e+04,
      "execution_time_ns": 5.6750367124856813e+04,
      "gas_rate": 1.6669815679846439e+09,
      "gas_used": 9.6066000000000000e+04,
      "input_size": 3.2000000000000000e+01
    },
    {
      "name": "external/total/micro/signextend/zero",
      "family_index": 25,
      "per_family_instance_index": 0,
      "run_name": "external/total/micro/signextend/zero",
      "run_type": "iteration",
      "repetitions": 20,
      "repetition_index": 1,
      "threads": 1,
      "iterations": 12222,
      "real_time": 5.6305877270485922e+01,
      "cpu_time": 5.7145771068565253e+01,
      "time_unit": "us",
      "code_size": 2.4041000000000000e+04,
      "execution_time_ns": 5.6266855997381768e+04,
      "gas_rate": 1.6810692760578392e+09,
      "gas_used": 9.6066000000000000e+04,
      "input_size": 3.2000000000000000e+01
    },
    {
      "name": "external/total/micro/signextend/zero",
      "family_index": 25,
      "per_family_instance_index": 0,
      "run_name": "external/total/micro/signextend/zero",
      "run_type": "iteration",
      "repetitions": 20,
      "repetition_index": 2,
      "threads": 1,
      "iterations": 12222,
      "real_time": 5.6476137211617676e+01,
      "cpu_time": 5.6423828587792755e+01,
      "time_unit": "us",
      "code_size": 2.4041000000000000e+04,
      "execution_time_ns": 5.6436957453771887e+04,
      "gas_rate": 1.7025785453485479e+09,
      "gas_used": 9.6066000000000000e+04,
      "input_size": 3.2000000000000000e+01
    },
    {
      "name": "external/total/micro/signextend/zero",
      "family_index": 25,
      "per_family_instance_index": 0,
      "run_name": "external/total/micro/signextend/zero",
      "run_type": "iteration",
      "repetitions": 20,
      "repetition_index": 3,
      "threads": 1,
      "iterations": 12222,
      "real_time": 5.6072154475558740e+01,
      "cpu_time": 5.6910428816889883e+01,
      "time_unit": "us",
      "code_size": 2.4041000000000000e+04,
      "execution_time_ns": 5.6028881606938310e+04,
      "gas_rate": 1.6880210182406766e+09,
      "gas_used": 9.6066000000000000e+04,
      "input_size": 3.2000000000000000e+01
    },
    {
      "name": "external/total/micro/signextend/zero",
      "family_index": 25,
      "per_family_instance_index": 0,
      "run_name": "external/total/micro/signextend/zero",
      "run_type": "iteration",
      "repetitions": 20,
      "repetition_index": 4,
      "threads": 1,
      "iterations": 12222,
      "real_time": 5.5969133447888822e+01,
      "cpu_time": 5.6801223531338231e+01,
      "time_unit": "us",
      "code_size": 2.4041000000000000e+04,
      "execution_time_ns": 5.5938822124038619e+04,
      "gas_rate": 1.6912663852566259e+09,
      "gas_used": 9.6066000000000000e+04,
      "input_size": 3.2000000000000000e+01
    },
    {
      "name": "external/total/micro/signextend/zero",
      "family_index": 25,
      "per_family_instance_index": 0,
      "run_name": "external/total/micro/signextend/zero",
      "run_type": "iteration",
      "repetitions": 20,
      "repetition_index": 5,
      "threads": 1,
      "iterations": 12222,
      "real_time": 5.8512880870543448e+01,
      "cpu_time": 5.9380709049256396e+01,
      "time_unit": "us",
      "code_size": 2.4041000000000000e+04,
      "execution_time_ns": 5.8480064064801176e+04,
      "gas_rate": 1.6177981290239072e+09,
      "gas_used": 9.6066000000000000e+04,
      "input_size": 3.2000000000000000e+01
    },
    {
      "name": "external/total/micro/signextend/zero",
      "family_index": 25,
      "per_family_instance_index": 0,
      "run_name": "external/total/micro/signextend/zero",
      "run_type": "iteration",
      "repetitions": 20,
      "repetition_index": 6,
      "threads": 1,
      "iterations": 12222,
      "real_time": 5.6710225658650259e+01,
      "cpu_time": 5.7553599574539618e+01,
      "time_unit": "us",
      "code_size": 2.4041000000000000e+04,
      "execution_time_ns": 5.6678272950417282e+04,
      "gas_rate": 1.6691571111131227e+09,
      "gas_used": 9.6066000000000000e+04,
      "input_size": 3.2000000000000000e+01
    },
    {
      "name": "external/total/micro/signextend/zero",
      "family_index": 25,
      "per_family_instance_index": 0,
      "run_name": "external/total/micro/signextend/zero",
      "run_type": "iteration",
      "repetitions": 20,
      "repetition_index": 7,
      "threads": 1,
      "iterations": 12222,
      "real_time": 5.6488746768154833e+01,
      "cpu_time": 5.7325926198653811e+01,
      "time_unit": "us",
      "code_size": 2.4041000000000000e+04,
      "execution_time_ns": 5.6446725249549992e+04,
      "gas_rate": 1.6757862693242612e+09,
      "gas_used": 9.6066000000000000e+04,
      "input_size": 3.2000000000000000e+01
    },
    {
      "name": "external/total/micro/signextend/zero",
      "family_index": 25,
      "per_family_instance_index": 0,
      "run_name": "external/total/micro/signextend/zero",
      "run_type": "iteration",
      "repetitions": 20,
      "repetition_index": 8,
      "threads": 1,
      "iterations": 12222,
      "real_time": 5.5746726313200135e+01,
      "cpu_time": 5.6574386761575774e+01,
      "time_unit": "us",
      "code_size": 2.4041000000000000e+04,
      "execution_time_ns": 5.5715139011618390e+04,
      "gas_rate": 1.6980475706233580e+09,
      "gas_used": 9.6066000000000000e+04,
      "input_size": 3.2000000000000000e+01
    },
    {
      "name": "external/total/micro/signextend/zero",
      "family_index": 25,
      "per_family_instance_index": 0,
      "run_name": "external/total/micro/signextend/zero",
      "run_type": "iteration",
      "repetitions": 20,
      "repetition_index": 9,
      "threads": 1,
      "iterations": 12222,
      "real_time": 5.7159000981833437e+01,
      "cpu_time": 5.8007751350025821e+01,
      "time_unit": "us",
      "code_size": 2.4041000000000000e+04,
      "execution_time_ns": 5.7128019145802653e+04,
      "gas_rate": 1.6560890185231640e+09,
      "gas_used": 9.6066000000000000e+04,
      "input_size": 3.2000000000000000e+01
    },
    {
      "name": "external/total/micro/signextend/zero",
      "family_index": 25,
      "per_family_instance_index": 0,
      "run_name": "external/total/micro/signextend/zero",
      "run_type": "iteration",
      "repetitions": 20,
      "repetition_index": 10,
      "threads": 1,
      "iterations": 12222,
      "real_time": 5.8114188430684464e+01,
      "cpu_time": 5.8974422680413824e+01,
      "time_unit": "us",
      "code_size": 2.4041000000000000e+04,
      "execution_time_ns": 5.8082252822778595e+04,
      "gas_rate": 1.6289434577526569e+09,
      "gas_used": 9.6066000000000000e+04,
      "input_size": 3.2000000000000000e+01
    },
    {
      "name": "external/total/micro/signextend/zero",
      "family_index": 25,
      "per_family_instance_index": 0,
      "run_name": "external/total/micro/signextend/zero",
      "run_type": "iteration",
      "repetitions": 20,
      "repetition_index": 11,
      "threads": 1,
      "iterations": 12222,
      "real_time": 5.4624166503038602e+01,
      "cpu_time": 5.5433194076257479e+01,
      "time_unit": "us",
      "code_size": 2.4041000000000000e+04,
      "execution_time_ns": 5.4594402389134346e+04,
      "gas_rate": 1.7330049548984208e+09,
      "gas_used": 9.6066000000000000e+04,
      "input_size": 3.2000000000000000e+01
    },
    {
      "name": "external/total/micro/signextend/zero",
      "family_index": 25,
      "per_family_instance_index": 0,
      "run_name": "external/total/micro/signextend/zero",
      "run_type": "iteration",
      "repetitions": 20,
      "repetition_index": 12,
      "threads": 1,
      "iterations": 12222,
      "real_time": 5.6314325396845049e+01,
      "cpu_time": 5.7150815578463657e+01,
      "time_unit": "us",
      "code_size": 2.4041000000000000e+04,
      "execution_time_ns": 5.6285355261004748e+04,
      "gas_rate": 1.6809208937378821e+09,
      "gas_used": 9.6066000000000000e+04,
      "input_size": 3.2000000000000000e+01
    },
    {
      "name": "external/total/micro/signextend/zero",
      "family_index": 25,
      "per_family_instance_index": 0,
      "run_name": "external/total/micro/signextend/zero",
      "run_type": "iteration",
      "repetitions": 20,
      "repetition_index": 13,
      "threads": 1,
      "iterations": 12222,
      "real_time": 5.7819786368855155e+01,
      "cpu_time": 5.8677565046639749e+01,
      "time_unit": "us",
      "code_size": 2.4041000000000000e+04,
      "execution_time_ns": 5.7786879070528557e+04,
      "gas_rate": 1.6371845001346276e+09,
      "gas_used": 9.6066000000000000e+04,
      "input_size": 3.2000000000000000e+01
    },
    {
      "name": "external/total/micro/signextend/zero",
      "family_index": 25,
      "per_family_instance_index": 0,
      "run_name": "external/total/micro/signextend/zero",
      "run_type": "iteration",
      "repetitions": 20,
      "repetition_index": 14,
      "threads": 1,
      "iterations": 12222,
      "real_time": 5.7630227540519655e+01,
      "cpu_time": 5.8486952544591233e+01,
      "time_unit": "us",
      "code_size": 2.4041000000000000e+04,
      "execution_time_ns": 5.7600523973163152e+04,
      "gas_rate": 1.6425201830572040e+09,
      "gas_used": 9.6066000000000000e+04,
      "input_size": 3.2000000000000000e+01
    },
    {
      "name": "external/total/micro/signextend/zero",
      "family_index": 25,
      "per_family_instance_index": 0,
      "run_name": "external/total/micro/signextend/zero",
      "run_type": "iteration",
      "repetitions": 20,
      "repetition_index": 15,
      "threads": 1,
      "iterations": 12222,
      "real_time": 5.6167454180971696e+01,
      "cpu_time": 5.7001607265585527e+01,
      "time_unit": "us",
      "code_size": 2.4041000000000000e+04,
      "execution_time_ns": 5.6124326460481097e+04,
      "gas_rate": 1.6853208989775176e+09,
      "gas_used": 9.6066000000000000e+04,
      "input_size": 3.2000000000000000e+01
    },
    {
      "name": "external/total/micro/signextend/zero",
      "family_index": 25,
      "per_family_instance_index": 0,
      "run_name": "external/total/micro/signextend/zero",
      "run_type": "iteration",
      "repetitions": 20,
      "repetition_index": 16,
      "threads": 1,
      "iterations": 12222,
      "real_time": 5.7739252740971807e+01,
      "cpu_time": 5.8591723613155622e+01,
      "time_unit": "us",
      "code_size": 2.4041000000000000e+04,
      "execution_time_ns": 5.7707481672394046e+04,
      "gas_rate": 1.6395831027990148e+09,
      "gas_used": 9.6066000000000000e+04,
      "input_size": 3.2000000000000000e+01
    },
    {
      "name": "external/total/micro/signextend/zero",
      "family_index": 25,
      "per_family_instance_index": 0,
      "run_name": "external/total/micro/signextend/zero",
      "run_type": "iteration",
      "repetitions": 20,
      "repetition_index": 17,
      "threads": 1,
      "iterations": 12222,
      "real_time": 5.6695681803299642e+01,
      "cpu_time": 5.7534524054982768e+01,
      "time_unit": "us",
      "code_size": 2.4041000000000000e+04,
      "execution_time_ns": 5.6653253231876944e+04,
      "gas_rate": 1.6697105186478069e+09,
      "gas_used": 9.6066000000000000e+04,
      "input_size": 3.2000000000000000e+01
    },
    {
      "name": "external/total/micro/signextend/zero",
      "family_index": 25,
      "per_family_instance_index": 0,
      "run_name": "external/total/micro/signextend/zero",
      "run_type": "iteration",
      "repetitions": 20,
      "repetition_index": 18,
      "threads": 1,
      "iterations": 12222,
      "real_time": 5.5903349697263010e+01,
      "cpu_time": 5.6730222140401231e+01,
      "time_unit": "us",
      "code_size": 2.4041000000000000e+04,
      "execution_time_ns": 5.5874094092619867e+04,
      "gas_rate": 1.6933831100158031e+09,
      "gas_used": 9.6066000000000000e+04,
      "input_size": 3.2000000000000000e+01
    },
    {
      "name": "external/total/micro/signextend/zero",
      "family_index": 25,
      "per_family_instance_index": 0,
      "run_name": "external/total/micro/signextend/zero",
      "run_type": "iteration",
      "repetitions": 20,
      "repetition_index": 19,
      "threads": 1,
      "iterations": 12222,
      "real_time": 5.4458923580435901e+01,
      "cpu_time": 5.5262774259531291e+01,
      "time_unit": "us",
      "code_size": 2.4041000000000000e+04,
      "execution_time_ns": 5.4428779986908856e+04,
      "gas_rate": 1.7383492104258821e+09,
      "gas_used": 9.6066000000000000e+04,
      "input_size": 3.2000000000000000e+01
    },
    {
      "name": "external/total/micro/signextend/zero_mean",
      "family_index": 25,
      "per_family_instance_index": 0,
      "run_name": "external/total/micro/signextend/zero",
      "run_type": "aggregate",
      "repetitions": 20,
      "threads": 1,
      "aggregate_name": "mean",
      "aggregate_unit": "time",
      "iterations": 20,
      "real_time": 5.6584429111442979e+01,
      "cpu_time": 5.7379806889216056e+01,
      "time_unit": "us",
      "code_size": 2.4041000000000000e+04,
      "execution_time_ns": 5.6550372684503374e+04,
      "gas_rate": 1.6747857860971482e+09,
      "gas_used": 9.6066000000000000e+04,
      "input_size": 3.2000000000000000e+01
    },
    {
      "name": "external/total/micro/signextend/zero_median",
      "family_index": 25,
      "per_family_instance_index": 0,
      "run_name": "external/total/micro/signextend/zero",
      "run_type": "aggregate",
      "repetitions": 20,
      "threads": 1,
      "aggregate_name": "median",
      "aggregate_unit": "time",
      "iterations": 20,
      "real_time": 5.6482441989886254e+01,
      "cpu_time": 5.7238370888558734e+01,
      "time_unit": "us",
      "code_size": 2.4041000000000000e+04,
      "execution_time_ns": 5.6441841351660943e+04,
      "gas_rate": 1.6783535815310717e+09,
      "gas_used": 9.6066000000000000e+04,
      "input_size": 3.2000000000000000e+01
    },
    {
      "name": "external/total/micro/signextend/zero_stddev",
      "family_index": 25,
      "per_family_instance_index": 0,
      "run_name": "external/total/micro/signextend/zero",
      "run_type": "aggregate",
      "repetitions": 20,
      "threads": 1,
      "aggregate_name": "stddev",
      "aggregate_unit": "time",
      "iterations": 20,
      "real_time": 1.0493495790448748e+00,
      "cpu_time": 1.0882002364463721e+00,
      "time_unit": "us",
      "code_size": 0.0000000000000000e+00,
      "execution_time_ns": 1.0494428652293716e+03,
      "gas_rate": 3.1818783012402166e+07,
      "gas_used": 0.0000000000000000e+00,
      "input_size": 0.0000000000000000e+00
    },
    {
      "name": "external/total/micro/signextend/zero_cv",
      "family_index": 25,
      "per_family_instance_index": 0,
      "run_name": "external/total/micro/signextend/zero",
      "run_type": "aggregate",
      "repetitions": 20,
      "threads": 1,
      "aggregate_name": "cv",
      "aggregate_unit": "percentage",
      "iterations": 20,
      "real_time": 1.8544846975095956e-02,
      "cpu_time": 1.8964864042630442e-02,
      "time_unit": "us",
      "code_size": 0.0000000000000000e+00,
      "execution_time_ns": 1.8557664881967310e-02,
      "gas_rate": 1.8998718090718542e-02,
      "gas_used": 0.0000000000000000e+00,
      "input_size": 0.0000000000000000e+00
    },
    {
      "name": "external/total/micro/signextend/one",
      "family_index": 26,
      "per_family_instance_index": 0,
      "run_name": "external/total/micro/signextend/one",
      "run_type": "iteration",
      "repetitions": 20,
      "repetition_index": 0,
      "threads": 1,
      "iterations": 13178,
      "real_time": 5.4175910001533495e+01,
      "cpu_time": 5.4977799210806978e+01,
      "time_unit": "us",
      "code_size": 2.4041000000000000e+04,
      "execution_time_ns": 5.4144601532857792e+04,
      "gas_rate": 1.7473598685106390e+09,
      "gas_used": 9.6066000000000000e+04,
      "input_size": 3.2000000000000000e+01
    },
    {
      "name": "external/total/micro/signextend/one",
      "family_index": 26,
      "per_family_instance_index": 0,
      "run_name": "external/total/micro/signextend/one",
      "run_type": "iteration",
      "repetitions": 20,
      "repetition_index": 1,
      "threads": 1,
      "iterations": 13178,
      "real_time": 5.3679236834108629e+01,
      "cpu_time": 5.4470527697675500e+01,
      "time_unit": "us",
      "code_size": 2.4041000000000000e+04,
      "execution_time_ns": 5.3642798907269695e+04,
      "gas_rate": 1.7636326296155853e+09,
      "gas_used": 9.6066000000000000e+04,
      "input_size": 3.2000000000000000e+01
    },
    {
      "name": "external/total/micro/signextend/one",
      "family_index": 26,
      "per_family_instance_index": 0,
      "run_name": "external/total/micro/signextend/one",
      "run_type": "iteration",
      "repetitions": 20,
      "repetition_index": 2,
      "threads": 1,
      "iterations": 13178,
      "real_time": 5.5521874867196900e+01,
      "cpu_time": 5.6343373653060389e+01,
      "time_unit": "us",
      "code_size": 2.4041000000000000e+04,
      "execution_time_ns": 5.5489741766580664e+04,
      "gas_rate": 1.7050097246844928e+09,
      "gas_used": 9.6066000000000000e+04,
      "input_size": 3.2000000000000000e+01
    },
    {
      "name": "external/total/micro/signextend/one",
      "family_index": 26,
      "per_family_instance_index": 0,
      "run_name": "external/total/micro/signextend/one",
      "run_type": "iteration",
      "repetitions": 20,
      "repetition_index": 3,
      "threads": 1,
      "iterations": 13178,
      "real_time": 5.5653085900732414e+01,
      "cpu_time": 5.6474727500380176e+01,
      "time_unit": "us",
      "code_size": 2.4041000000000000e+04,
      "execution_time_ns": 9.2162267946577631e+04,
      "gas_rate": 1.7010440643445921e+09,
      "gas_used": 9.6066000000000000e+04,
      "input_size": 3.2000000000000000e+01
    },
    {
      "name": "external/total/micro/signextend/one",
      "family_index": 26,
      "per_family_instance_index": 0,
      "run_name": "external/total/micro/signextend/one",
      "run_type": "iteration",
      "repetitions": 20,
      "repetition_index": 4,
      "threads": 1,
      "iterations": 13178,
      "real_time": 5.6014448702376832e+01,
      "cpu_time": 5.6820902413114730e+01,
      "time_unit": "us",
      "code_size": 2.4041000000000000e+04,
      "execution_time_ns": 5.5981778190924269e+04,
      "gas_rate": 1.6906806460333016e+09,
      "gas_used": 9.6066000000000000e+04,
      "input_size": 3.2000000000000000e+01
    },
    {
      "name": "external/total/micro/signextend/one",
      "family_index": 26,
      "per_family_instance_index": 0,
      "run_name": "external/total/micro/signextend/one",
      "run_type": "iteration",
      "repetitions": 20,
      "repetition_index": 5,
      "threads": 1,
      "iterations": 13178,
      "real_time": 5.6363051601167371e+01,
      "cpu_time": 5.7179272347849391e+01,
      "time_unit": "us",
      "code_size": 2.4041000000000000e+04,
      "execution_time_ns": 5.6329769084838365e+04,
      "gas_rate": 1.6800843392266991e+09,
      "gas_used": 9.6066000000000000e+04,
      "input_size": 3.2000000000000000e+01
    },
    {
      "name": "external/total/micro/signextend/one",
      "family_index": 26,
      "per_family_instance_index": 0,
      "run_name": "external/total/micro/signextend/one",
      "run_type": "iteration",
      "repetitions": 20,
      "repetition_index": 6,
      "threads": 1,
      "iterations": 13178,
      "real_time": 5.7247842920010747e+01,
      "cpu_time": 5.8070164364851721e+01,
      "time_unit": "us",
      "code_size": 2.4041000000000000e+04,
      "execution_time_ns": 5.7214879420245867e+04,
      "gas_rate": 1.6543090767992749e+09,
      "gas_used": 9.6066000000000000e+04,
      "input_size": 3.2000000000000000e+01
    },
    {
      "name": "external/total/micro/signextend/one",
      "family_index": 26,
      "per_family_instance_index": 0,
      "run_name": "external/total/micro/signextend/one",
      "run_type": "iteration",
      "repetitions": 20,
      "repetition_index": 7,
      "threads": 1,
      "iterations": 13178,
      "real_time": 5.7068532630158870e+01,
      "cpu_time": 5.7893155258766001e+01,
      "time_unit": "us",
      "code_size": 2.4041000000000000e+04,
      "execution_time_ns": 5.7033761192897255e+04,
      "gas_rate": 1.6593671492011828e+09,
      "gas_used": 9.6066000000000000e+04,
      "input_size": 3.2000000000000000e+01
    },
    {
      "name": "external/total/micro/signextend/one",
      "family_index": 26,
      "per_family_instance_index": 0,
      "run_name": "external/total/micro/signextend/one",
      "run_type": "iteration",
      "repetitions": 20,
      "repetition_index": 8,
      "threads": 1,
      "iterations": 13178,
      "real_time": 5.7411162847186326e+01,
      "cpu_time": 5.8242047655179285e+01,
      "time_unit": "us",
      "code_size": 2.4041000000000000e+04,
      "execution_time_ns": 5.7377293367734099e+04,
      "gas_rate": 1.6494268980506413e+09,
      "gas_used": 9.6066000000000000e+04,
      "input_size": 3.2000000000000000e+01
    },
    {
      "name": "external/total/micro/signextend/one",
      "family_index": 26,
      "per_family_instance_index": 0,
      "run_name": "external/total/micro/signextend/one",
      "run_type": "iteration",
      "repetitions": 20,
      "repetition_index": 9,
      "threads": 1,
      "iterations": 13178,
      "real_time": 5.4627905296714502e+01,
      "cpu_time": 5.5415710730006758e+01,
      "time_unit": "us",
      "code_size": 2.4041000000000000e+04,
      "execution_time_ns": 5.4595025193504327e+04,
      "gas_rate": 1.7335517082519658e+09,
      "gas_used": 9.6066000000000000e+04,
      "input_size": 3.2000000000000000e+01
    },
    {
      "name": "external/total/micro/signextend/one",
      "family_index": 26,
      "per_family_instance_index": 0,
      "run_name": "external/total/micro/signextend/one",
      "run_type": "iteration",
      "repetitions": 20,
      "repetition_index": 10,
      "threads": 1,
      "iterations": 13178,
      "real_time": 5.4774551677028306e+01,
      "cpu_time": 5.5565893003489094e+01,
      "time_unit": "us",
      "code_size": 2.4041000000000000e+04,
      "execution_time_ns": 5.4741408863256940e+04,
      "gas_rate": 1.7288663028229895e+09,
      "gas_used": 9.6066000000000000e+04,
      "input_size": 3.2000000000000000e+01
    },
    {
      "name": "external/total/micro/signextend/one",
      "family_index": 26,
      "per_family_instance_index": 0,
      "run_name": "external/total/micro/signextend/one",
      "run_type": "iteration",
      "repetitions": 20,
      "repetition_index": 11,
      "threads": 1,
      "iterations": 13178,
      "real_time": 5.3800610107737697e+01,
      "cpu_time": 5.4579577857033946e+01,
      "time_unit": "us",
      "code_size": 2.4041000000000000e+04,
      "execution_time_ns": 5.3769087266656548e+04,
      "gas_rate": 1.7601088863610454e+09,
      "gas_used": 9.6066000000000000e+04,
      "input_size": 3.2000000000000000e+01
    },
    {
      "name": "external/total/micro/signextend/one",
      "family_index": 26,
      "per_family_instance_index": 0,
      "run_name": "external/total/micro/signextend/one",
      "run_type": "iteration",
      "repetitions": 20,
      "repetition_index": 12,
      "threads": 1,
      "iterations": 13178,
      "real_time": 5.6467178175733672e+01,
      "cpu_time": 5.7282548717560850e+01,
      "time_unit": "us",
      "code_size": 2.4041000000000000e+04,
      "execution_time_ns": 5.6432012748520261e+04,
      "gas_rate": 1.6770552664069831e+09,
      "gas_used": 9.6066000000000000e+04,
      "input_size": 3.2000000000000000e+01
    },
    {
      "name": "external/total/micro/signextend/one",
      "family_index": 26,
      "per_family_instance_index": 0,
      "run_name": "external/total/micro/signextend/one",
      "run_type": "iteration",
      "repetitions": 20,
      "repetition_index": 13,
      "threads": 1,
      "iterations": 13178,
      "real_time": 5.5415447412345657e+01,
      "cpu_time": 5.6218431552588662e+01,
      "time_unit": "us",
      "code_size": 2.4041000000000000e+04,
      "execution_time_ns": 5.5383402792533008e+04,
      "gas_rate": 1.7087990067836833e+09,
      "gas_used": 9.6066000000000000e+04,
      "input_size": 3.2000000000000000e+01
    },
    {
      "name": "external/total/micro/signextend/one",
      "family_index": 26,
      "per_family_instance_index": 0,
      "run_name": "external/total/micro/signextend/one",
      "run_type": "iteration",
      "repetitions": 20,
      "repetition_index": 14,
      "threads": 1,
      "iterations": 13178,
      "real_time": 5.6059916982834444e+01,
      "cpu_time": 5.6878397101229808e+01,
      "time_unit": "us",
      "code_size": 2.4041000000000000e+04,
      "execution_time_ns": 5.6016776673243286e+04,
      "gas_rate": 1.6889716464587727e+09,
      "gas_used": 9.6066000000000000e+04,
      "input_size": 3.2000000000000000e+01
    },
    {
      "name": "external/total/micro/signextend/one",
      "family_index": 26,
      "per_family_instance_index": 0,
      "run_name": "external/total/micro/signextend/one",
      "run_type": "iteration",
      "repetitions": 20,
      "repetition_index": 15,
      "threads": 1,
      "iterations": 13178,
      "real_time": 5.9156952875997497e+01,
      "cpu_time": 6.0041510699653749e+01,
      "time_unit": "us",
      "code_size": 2.4041000000000000e+04,
      "execution_time_ns": 5.9118580209439977e+04,
      "gas_rate": 1.5999930528156083e+09,
      "gas_used": 9.6066000000000000e+04,
      "input_size": 3.2000000000000000e+01
    },
    {
      "name": "external/total/micro/signextend/one",
      "family_index": 26,
      "per_family_instance_index": 0,
      "run_name": "external/total/micro/signextend/one",
      "run_type": "iteration",
      "repetitions": 20,
      "repetition_index": 16,
      "threads": 1,
      "iterations": 13178,
      "real_time": 6.0477448550630783e+01,
      "cpu_time": 6.1380450675370042e+01,
      "time_unit": "us",
      "code_size": 2.4041000000000000e+04,
      "execution_time_ns": 6.0435829640309610e+04,
      "gas_rate": 1.5650911478000619e+09,
      "gas_used": 9.6066000000000000e+04,
      "input_size": 3.2000000000000000e+01
    },
    {
      "name": "external/total/micro/signextend/one",
      "family_index": 26,
      "per_family_instance_index": 0,
      "run_name": "external/total/micro/signextend/one",
      "run_type": "iteration",
      "repetitions": 20,
      "repetition_index": 17,
      "threads": 1,
      "iterations": 13178,
      "real_time": 5.9562117923819812e+01,
      "cpu_time": 6.0453641144332309e+01,
      "time_unit": "us",
      "code_size": 2.4041000000000000e+04,
      "execution_time_ns": 5.9526876916072244e+04,
      "gas_rate": 1.5890854244931853e+09,
      "gas_used": 9.6066000000000000e+04,
      "input_size": 3.2000000000000000e+01
    },
    {
      "name": "external/total/micro/signextend/one",
      "family_index": 26,
      "per_family_instance_index": 0,
      "run_name": "external/total/micro/signextend/one",
      "run_type": "iteration",
      "repetitions": 20,
      "repetition_index": 18,
      "threads": 1,
      "iterations": 13178,
      "real_time": 5.7177444073467193e+01,
      "cpu_time": 5.8036040142663772e+01,
      "time_unit": "us",
      "code_size": 2.4041000000000000e+04,
      "execution_time_ns": 5.7144566246774928e+04,
      "gas_rate": 1.6552817829033692e+09,
      "gas_used": 9.6066000000000000e+04,
      "input_size": 3.2000000000000000e+01
    },
    {
      "name": "external/total/micro/signextend/one",
      "family_index": 26,
      "per_family_instance_index": 0,
      "run_name": "external/total/micro/signextend/one",
      "run_type": "iteration",
      "repetitions": 20,
      "repetition_index": 19,
      "threads": 1,
      "iterations": 13178,
      "real_time": 5.7188084231278388e+01,
      "cpu_time": 5.8045176809835013e+01,
      "time_unit": "us",
      "code_size": 2.4041000000000000e+04,
      "execution_time_ns": 5.7155544012748520e+04,
      "gas_rate": 1.6550212313889074e+09,
      "gas_used": 9.6066000000000000e+04,
      "input_size": 3.2000000000000000e+01
    },
    {
      "name": "external/total/micro/signextend/one_mean",
      "family_index": 26,
      "per_family_instance_index": 0,
      "run_name": "external/total/micro/signextend/one",
      "run_type": "aggregate",
      "repetitions": 20,
      "threads": 1,
      "aggregate_name": "mean",
      "aggregate_unit": "time",
      "iterations": 20,
      "real_time": 5.6392140180602972e+01,
      "cpu_time": 5.7218467426772406e+01,
      "time_unit": "us",
      "code_size": 2.4041000000000000e+04,
      "execution_time_ns": 5.8184800098649277e+04,
      "gas_rate": 1.6806369926476493e+09,
      "gas_used": 9.6066000000000000e+04,
      "input_size": 3.2000000000000000e+01
    },
    {
      "name": "external/total/micro/signextend/one_median",
      "family_index": 26,
      "per_family_instance_index": 0,
      "run_name": "external/total/micro/signextend/one",
      "run_type": "aggregate",
      "repetitions": 20,
      "threads": 1,
      "aggregate_name": "median",
      "aggregate_unit": "time",
      "iterations": 20,
      "real_time": 5.6211484292000897e+01,
      "cpu_time": 5.7028834724539593e+01,
      "time_unit": "us",
      "code_size": 2.4041000000000000e+04,
      "execution_time_ns": 5.6380890916679316e+04,
      "gas_rate": 1.6845279928427358e+09,
      "gas_used": 9.6066000000000000e+04,
      "input_size": 3.2000000000000000e+01
    },
    {
      "name": "external/total/micro/signextend/one_stddev",
      "family_index": 26,
      "per_family_instance_index": 0,
      "run_name": "external/total/micro/signextend/one",
      "run_type": "aggregate",
      "repetitions": 20,
      "threads": 1,
      "aggregate_name": "stddev",
      "aggregate_unit": "time",
      "iterations": 20,
      "real_time": 1.8509559509001661e+00,
      "cpu_time": 1.8841863456703298e+00,
      "time_unit": "us",
      "code_size": 0.0000000000000000e+00,
      "execution_time_ns": 8.2066752556736719e+03,
      "gas_rate": 5.4494689651565403e+07,
      "gas_used": 0.0000000000000000e+00,
      "input_size": 0.0000000000000000e+00
    },
    {
      "name": "external/total/micro/signextend/one_cv",
      "family_index": 26,
      "per_family_instance_index": 0,
      "run_name": "external/total/micro/signextend/one",
      "run_type": "aggregate",
      "repetitions": 20,
      "threads": 1,
      "aggregate_name": "cv",
      "aggregate_unit": "percentage",
      "iterations": 20,
      "real_time": 3.2822942079733901e-02,
      "cpu_time": 3.2929689144185689e-02,
      "time_unit": "us",
      "code_size": 0.0000000000000000e+00,
      "execution_time_ns": 1.4104500216138380e-01,
      "gas_rate": 3.2425020923593569e-02,
      "gas_used": 0.0000000000000000e+00,
      "input_size": 0.0000000000000000e+00
    }
  ]
}
