External VM: /home/abmcar/dtvm-baseline/build-baseline/lib/libdtvmapi.so,mode=multipass
{
  "context": {
    "date": "2026-05-11T21:24:10+08:00",
    "host_name": "DESKTOP-67J5975",
    "executable": "/home/abmcar/evmone/build/bin/evmone-bench",
    "num_cpus": 20,
    "mhz_per_cpu": 3878,
    "cpu_scaling_enabled": false,
    "aslr_enabled": false,
    "caches": [
      {
        "type": "Data",
        "level": 1,
        "size": 49152,
        "num_sharing": 1
      },
      {
        "type": "Instruction",
        "level": 1,
        "size": 65536,
        "num_sharing": 1
      },
      {
        "type": "Unified",
        "level": 2,
        "size": 3145728,
        "num_sharing": 1
      },
      {
        "type": "Unified",
        "level": 3,
        "size": 31457280,
        "num_sharing": 20
      }
    ],
    "load_avg": [1.08008,1.08545,1.01953],
    "library_version": "v1.9.4",
    "library_build_type": "release",
    "json_schema_version": 1
  },
  "benchmarks": [
    {
      "name": "external/total/main/blake2b_huff/empty",
      "family_index": 0,
      "per_family_instance_index": 0,
      "run_name": "external/total/main/blake2b_huff/empty",
      "run_type": "iteration",
      "repetitions": 20,
      "repetition_index": 0,
      "threads": 1,
      "iterations": 76540,
      "real_time": 8.7509766135418499e+00,
      "cpu_time": 8.8449504311471117e+00,
      "time_unit": "us",
      "code_size": 1.4363000000000000e+04,
      "execution_time_ns": 8.7296686438463548e+03,
      "gas_rate": 1.5810150784741480e+09,
      "gas_used": 1.3984000000000000e+04,
      "input_size": 6.4000000000000000e+01
    },
    {
      "name": "external/total/main/blake2b_huff/empty",
      "family_index": 0,
      "per_family_instance_index": 0,
      "run_name": "external/total/main/blake2b_huff/empty",
      "run_type": "iteration",
      "repetitions": 20,
      "repetition_index": 1,
      "threads": 1,
      "iterations": 76540,
      "real_time": 8.8122270969454615e+00,
      "cpu_time": 8.9169450352756741e+00,
      "time_unit": "us",
      "code_size": 1.4363000000000000e+04,
      "execution_time_ns": 8.7904665534361120e+03,
      "gas_rate": 1.5682501063625402e+09,
      "gas_used": 1.3984000000000000e+04,
      "input_size": 6.4000000000000000e+01
    },
    {
      "name": "external/total/main/blake2b_huff/empty",
      "family_index": 0,
      "per_family_instance_index": 0,
      "run_name": "external/total/main/blake2b_huff/empty",
      "run_type": "iteration",
      "repetitions": 20,
      "repetition_index": 2,
      "threads": 1,
      "iterations": 76540,
      "real_time": 8.7459094590975415e+00,
      "cpu_time": 8.9667694016200681e+00,
      "time_unit": "us",
      "code_size": 1.4363000000000000e+04,
      "execution_time_ns": 8.7212224457799839e+03,
      "gas_rate": 1.5595360350711646e+09,
      "gas_used": 1.3984000000000000e+04,
      "input_size": 6.4000000000000000e+01
    },
    {
      "name": "external/total/main/blake2b_huff/empty",
      "family_index": 0,
      "per_family_instance_index": 0,
      "run_name": "external/total/main/blake2b_huff/empty",
      "run_type": "iteration",
      "repetitions": 20,
      "repetition_index": 3,
      "threads": 1,
      "iterations": 76540,
      "real_time": 8.8638736216338074e+00,
      "cpu_time": 9.0887871701071354e+00,
      "time_unit": "us",
      "code_size": 1.4363000000000000e+04,
      "execution_time_ns": 8.8396263914293177e+03,
      "gas_rate": 1.5385991264041407e+09,
      "gas_used": 1.3984000000000000e+04,
      "input_size": 6.4000000000000000e+01
    },
    {
      "name": "external/total/main/blake2b_huff/empty",
      "family_index": 0,
      "per_family_instance_index": 0,
      "run_name": "external/total/main/blake2b_huff/empty",
      "run_type": "iteration",
      "repetitions": 20,
      "repetition_index": 4,
      "threads": 1,
      "iterations": 76540,
      "real_time": 8.9073353148723839e+00,
      "cpu_time": 9.0779534099817045e+00,
      "time_unit": "us",
      "code_size": 1.4363000000000000e+04,
      "execution_time_ns": 8.8827084400313561e+03,
      "gas_rate": 1.5404353127241027e+09,
      "gas_used": 1.3984000000000000e+04,
      "input_size": 6.4000000000000000e+01
    },
    {
      "name": "external/total/main/blake2b_huff/empty",
      "family_index": 0,
      "per_family_instance_index": 0,
      "run_name": "external/total/main/blake2b_huff/empty",
      "run_type": "iteration",
      "repetitions": 20,
      "repetition_index": 5,
      "threads": 1,
      "iterations": 76540,
      "real_time": 8.8599290044421988e+00,
      "cpu_time": 9.0854842957930586e+00,
      "time_unit": "us",
      "code_size": 1.4363000000000000e+04,
      "execution_time_ns": 8.8353841651424100e+03,
      "gas_rate": 1.5391584581215060e+09,
      "gas_used": 1.3984000000000000e+04,
      "input_size": 6.4000000000000000e+01
    },
    {
      "name": "external/total/main/blake2b_huff/empty",
      "family_index": 0,
      "per_family_instance_index": 0,
      "run_name": "external/total/main/blake2b_huff/empty",
      "run_type": "iteration",
      "repetitions": 20,
      "repetition_index": 6,
      "threads": 1,
      "iterations": 76540,
      "real_time": 8.8498330546036570e+00,
      "cpu_time": 9.0742531094852303e+00,
      "time_unit": "us",
      "code_size": 1.4363000000000000e+04,
      "execution_time_ns": 8.8276481447609094e+03,
      "gas_rate": 1.5410634717013414e+09,
      "gas_used": 1.3984000000000000e+04,
      "input_size": 6.4000000000000000e+01
    },
    {
      "name": "external/total/main/blake2b_huff/empty",
      "family_index": 0,
      "per_family_instance_index": 0,
      "run_name": "external/total/main/blake2b_huff/empty",
      "run_type": "iteration",
      "repetitions": 20,
      "repetition_index": 7,
      "threads": 1,
      "iterations": 76540,
      "real_time": 8.8748814868036554e+00,
      "cpu_time": 9.0594487196237168e+00,
      "time_unit": "us",
      "code_size": 1.4363000000000000e+04,
      "execution_time_ns": 1.8399703710478181e+04,
      "gas_rate": 1.5435817821573610e+09,
      "gas_used": 1.3984000000000000e+04,
      "input_size": 6.4000000000000000e+01
    },
    {
      "name": "external/total/main/blake2b_huff/empty",
      "family_index": 0,
      "per_family_instance_index": 0,
      "run_name": "external/total/main/blake2b_huff/empty",
      "run_type": "iteration",
      "repetitions": 20,
      "repetition_index": 8,
      "threads": 1,
      "iterations": 76540,
      "real_time": 8.9292046380963832e+00,
      "cpu_time": 9.1566337862555365e+00,
      "time_unit": "us",
      "code_size": 1.4363000000000000e+04,
      "execution_time_ns": 8.9010473085968115e+03,
      "gas_rate": 1.5271987857579856e+09,
      "gas_used": 1.3984000000000000e+04,
      "input_size": 6.4000000000000000e+01
    },
    {
      "name": "external/total/main/blake2b_huff/empty",
      "family_index": 0,
      "per_family_instance_index": 0,
      "run_name": "external/total/main/blake2b_huff/empty",
      "run_type": "iteration",
      "repetitions": 20,
      "repetition_index": 9,
      "threads": 1,
      "iterations": 76540,
      "real_time": 8.7237786647497906e+00,
      "cpu_time": 8.9452372093023111e+00,
      "time_unit": "us",
      "code_size": 1.4363000000000000e+04,
      "execution_time_ns": 8.7011205121505100e+03,
      "gas_rate": 1.5632900137581360e+09,
      "gas_used": 1.3984000000000000e+04,
      "input_size": 6.4000000000000000e+01
    },
    {
      "name": "external/total/main/blake2b_huff/empty",
      "family_index": 0,
      "per_family_instance_index": 0,
      "run_name": "external/total/main/blake2b_huff/empty",
      "run_type": "iteration",
      "repetitions": 20,
      "repetition_index": 10,
      "threads": 1,
      "iterations": 76540,
      "real_time": 8.6873376796393469e+00,
      "cpu_time": 8.8734233995296492e+00,
      "time_unit": "us",
      "code_size": 1.4363000000000000e+04,
      "execution_time_ns": 8.6657175986412331e+03,
      "gas_rate": 1.5759419302296841e+09,
      "gas_used": 1.3984000000000000e+04,
      "input_size": 6.4000000000000000e+01
    },
    {
      "name": "external/total/main/blake2b_huff/empty",
      "family_index": 0,
      "per_family_instance_index": 0,
      "run_name": "external/total/main/blake2b_huff/empty",
      "run_type": "iteration",
      "repetitions": 20,
      "repetition_index": 11,
      "threads": 1,
      "iterations": 76540,
      "real_time": 8.6843767572540411e+00,
      "cpu_time": 8.9054211784687958e+00,
      "time_unit": "us",
      "code_size": 1.4363000000000000e+04,
      "execution_time_ns": 8.6622232950091457e+03,
      "gas_rate": 1.5702794645816424e+09,
      "gas_used": 1.3984000000000000e+04,
      "input_size": 6.4000000000000000e+01
    },
    {
      "name": "external/total/main/blake2b_huff/empty",
      "family_index": 0,
      "per_family_instance_index": 0,
      "run_name": "external/total/main/blake2b_huff/empty",
      "run_type": "iteration",
      "repetitions": 20,
      "repetition_index": 12,
      "threads": 1,
      "iterations": 76540,
      "real_time": 8.7631998170892658e+00,
      "cpu_time": 8.9853093807159645e+00,
      "time_unit": "us",
      "code_size": 1.4363000000000000e+04,
      "execution_time_ns": 8.7402695845309645e+03,
      "gas_rate": 1.5563181419230919e+09,
      "gas_used": 1.3984000000000000e+04,
      "input_size": 6.4000000000000000e+01
    },
    {
      "name": "external/total/main/blake2b_huff/empty",
      "family_index": 0,
      "per_family_instance_index": 0,
      "run_name": "external/total/main/blake2b_huff/empty",
      "run_type": "iteration",
      "repetitions": 20,
      "repetition_index": 13,
      "threads": 1,
      "iterations": 76540,
      "real_time": 8.9246633916912224e+00,
      "cpu_time": 9.1222983146067360e+00,
      "time_unit": "us",
      "code_size": 1.4363000000000000e+04,
      "execution_time_ns": 8.8988443166971520e+03,
      "gas_rate": 1.5329470181443911e+09,
      "gas_used": 1.3984000000000000e+04,
      "input_size": 6.4000000000000000e+01
    },
    {
      "name": "external/total/main/blake2b_huff/empty",
      "family_index": 0,
      "per_family_instance_index": 0,
      "run_name": "external/total/main/blake2b_huff/empty",
      "run_type": "iteration",
      "repetitions": 20,
      "repetition_index": 14,
      "threads": 1,
      "iterations": 76540,
      "real_time": 8.7684943428324917e+00,
      "cpu_time": 8.9578262477136139e+00,
      "time_unit": "us",
      "code_size": 1.4363000000000000e+04,
      "execution_time_ns": 8.7476667624771362e+03,
      "gas_rate": 1.5610930166868622e+09,
      "gas_used": 1.3984000000000000e+04,
      "input_size": 6.4000000000000000e+01
    },
    {
      "name": "external/total/main/blake2b_huff/empty",
      "family_index": 0,
      "per_family_instance_index": 0,
      "run_name": "external/total/main/blake2b_huff/empty",
      "run_type": "iteration",
      "repetitions": 20,
      "repetition_index": 15,
      "threads": 1,
      "iterations": 76540,
      "real_time": 8.6047873399533241e+00,
      "cpu_time": 8.8119215834857698e+00,
      "time_unit": "us",
      "code_size": 1.4363000000000000e+04,
      "execution_time_ns": 8.5765388816305203e+03,
      "gas_rate": 1.5869410397622135e+09,
      "gas_used": 1.3984000000000000e+04,
      "input_size": 6.4000000000000000e+01
    },
    {
      "name": "external/total/main/blake2b_huff/empty",
      "family_index": 0,
      "per_family_instance_index": 0,
      "run_name": "external/total/main/blake2b_huff/empty",
      "run_type": "iteration",
      "repetitions": 20,
      "repetition_index": 16,
      "threads": 1,
      "iterations": 76540,
      "real_time": 8.8498271361387744e+00,
      "cpu_time": 9.0641104651162863e+00,
      "time_unit": "us",
      "code_size": 1.4363000000000000e+04,
      "execution_time_ns": 8.8284094460412853e+03,
      "gas_rate": 1.5427879055333858e+09,
      "gas_used": 1.3984000000000000e+04,
      "input_size": 6.4000000000000000e+01
    },
    {
      "name": "external/total/main/blake2b_huff/empty",
      "family_index": 0,
      "per_family_instance_index": 0,
      "run_name": "external/total/main/blake2b_huff/empty",
      "run_type": "iteration",
      "repetitions": 20,
      "repetition_index": 17,
      "threads": 1,
      "iterations": 76540,
      "real_time": 8.9083389861582578e+00,
      "cpu_time": 9.1234906454141527e+00,
      "time_unit": "us",
      "code_size": 1.4363000000000000e+04,
      "execution_time_ns": 8.8855962111314348e+03,
      "gas_rate": 1.5327466803540752e+09,
      "gas_used": 1.3984000000000000e+04,
      "input_size": 6.4000000000000000e+01
    },
    {
      "name": "external/total/main/blake2b_huff/empty",
      "family_index": 0,
      "per_family_instance_index": 0,
      "run_name": "external/total/main/blake2b_huff/empty",
      "run_type": "iteration",
      "repetitions": 20,
      "repetition_index": 18,
      "threads": 1,
      "iterations": 76540,
      "real_time": 8.8417089495590222e+00,
      "cpu_time": 9.0520810295270628e+00,
      "time_unit": "us",
      "code_size": 1.4363000000000000e+04,
      "execution_time_ns": 8.8189585706819962e+03,
      "gas_rate": 1.5448381377039673e+09,
      "gas_used": 1.3984000000000000e+04,
      "input_size": 6.4000000000000000e+01
    },
    {
      "name": "external/total/main/blake2b_huff/empty",
      "family_index": 0,
      "per_family_instance_index": 0,
      "run_name": "external/total/main/blake2b_huff/empty",
      "run_type": "iteration",
      "repetitions": 20,
      "repetition_index": 19,
      "threads": 1,
      "iterations": 76540,
      "real_time": 8.8607732035558087e+00,
      "cpu_time": 9.0752289913770650e+00,
      "time_unit": "us",
      "code_size": 1.4363000000000000e+04,
      "execution_time_ns": 8.8397340736869610e+03,
      "gas_rate": 1.5408977573223839e+09,
      "gas_used": 1.3984000000000000e+04,
      "input_size": 6.4000000000000000e+01
    },
    {
      "name": "external/total/main/blake2b_huff/empty_mean",
      "family_index": 0,
      "per_family_instance_index": 0,
      "run_name": "external/total/main/blake2b_huff/empty",
      "run_type": "aggregate",
      "repetitions": 20,
      "threads": 1,
      "aggregate_name": "mean",
      "aggregate_unit": "time",
      "iterations": 20,
      "real_time": 8.8105728279329139e+00,
      "cpu_time": 9.0093786902273312e+00,
      "time_unit": "us",
      "code_size": 1.4363000000000000e+04,
      "execution_time_ns": 9.2646277528089886e+03,
      "gas_rate": 1.5523459631387064e+09,
      "gas_used": 1.3984000000000000e+04,
      "input_size": 6.4000000000000000e+01
    },
    {
      "name": "external/total/main/blake2b_huff/empty_median",
      "family_index": 0,
      "per_family_instance_index": 0,
      "run_name": "external/total/main/blake2b_huff/empty",
      "run_type": "aggregate",
      "repetitions": 20,
      "threads": 1,
      "aggregate_name": "median",
      "aggregate_unit": "time",
      "iterations": 20,
      "real_time": 8.8457680428488992e+00,
      "cpu_time": 9.0557648745753898e+00,
      "time_unit": "us",
      "code_size": 1.4363000000000000e+04,
      "execution_time_ns": 8.8233033577214519e+03,
      "gas_rate": 1.5442099599306641e+09,
      "gas_used": 1.3984000000000000e+04,
      "input_size": 6.4000000000000000e+01
    },
    {
      "name": "external/total/main/blake2b_huff/empty_stddev",
      "family_index": 0,
      "per_family_instance_index": 0,
      "run_name": "external/total/main/blake2b_huff/empty",
      "run_type": "aggregate",
      "repetitions": 20,
      "threads": 1,
      "aggregate_name": "stddev",
      "aggregate_unit": "time",
      "iterations": 20,
      "real_time": 9.0245168270413359e-02,
      "cpu_time": 1.0082693270509249e-01,
      "time_unit": "us",
      "code_size": 0.0000000000000000e+00,
      "execution_time_ns": 2.1520062674625769e+03,
      "gas_rate": 1.7463178748867240e+07,
      "gas_used": 0.0000000000000000e+00,
      "input_size": 0.0000000000000000e+00
    },
    {
      "name": "external/total/main/blake2b_huff/empty_cv",
      "family_index": 0,
      "per_family_instance_index": 0,
      "run_name": "external/total/main/blake2b_huff/empty",
      "run_type": "aggregate",
      "repetitions": 20,
      "threads": 1,
      "aggregate_name": "cv",
      "aggregate_unit": "percentage",
      "iterations": 20,
      "real_time": 1.0242826435110026e-02,
      "cpu_time": 1.1191330298332518e-02,
      "time_unit": "us",
      "code_size": 0.0000000000000000e+00,
      "execution_time_ns": 2.3228200040849989e-01,
      "gas_rate": 1.1249540478437058e-02,
      "gas_used": 0.0000000000000000e+00,
      "input_size": 0.0000000000000000e+00
    },
    {
      "name": "external/total/main/blake2b_huff/8415nulls",
      "family_index": 1,
      "per_family_instance_index": 0,
      "run_name": "external/total/main/blake2b_huff/8415nulls",
      "run_type": "iteration",
      "repetitions": 20,
      "repetition_index": 0,
      "threads": 1,
      "iterations": 1260,
      "real_time": 5.4205670079364415e+02,
      "cpu_time": 5.5513656507936423e+02,
      "time_unit": "us",
      "code_size": 1.4363000000000000e+04,
      "execution_time_ns": 5.4199496111111110e+05,
      "gas_rate": 1.5850568226832674e+09,
      "gas_used": 8.7992300000000000e+05,
      "input_size": 8.4790000000000000e+03
    },
    {
      "name": "external/total/main/blake2b_huff/8415nulls",
      "family_index": 1,
      "per_family_instance_index": 0,
      "run_name": "external/total/main/blake2b_huff/8415nulls",
      "run_type": "iteration",
      "repetitions": 20,
      "repetition_index": 1,
      "threads": 1,
      "iterations": 1260,
      "real_time": 5.4340950476231114e+02,
      "cpu_time": 5.5653343412698473e+02,
      "time_unit": "us",
      "code_size": 1.4363000000000000e+04,
      "execution_time_ns": 5.4332657063492062e+05,
      "gas_rate": 1.5810784151365597e+09,
      "gas_used": 8.7992300000000000e+05,
      "input_size": 8.4790000000000000e+03
    },
    {
      "name": "external/total/main/blake2b_huff/8415nulls",
      "family_index": 1,
      "per_family_instance_index": 0,
      "run_name": "external/total/main/blake2b_huff/8415nulls",
      "run_type": "iteration",
      "repetitions": 20,
      "repetition_index": 2,
      "threads": 1,
      "iterations": 1260,
      "real_time": 5.3715131428520726e+02,
      "cpu_time": 5.5015197698412715e+02,
      "time_unit": "us",
      "code_size": 1.4363000000000000e+04,
      "execution_time_ns": 5.3709370555555553e+05,
      "gas_rate": 1.5994180459436705e+09,
      "gas_used": 8.7992300000000000e+05,
      "input_size": 8.4790000000000000e+03
    },
    {
      "name": "external/total/main/blake2b_huff/8415nulls",
      "family_index": 1,
      "per_family_instance_index": 0,
      "run_name": "external/total/main/blake2b_huff/8415nulls",
      "run_type": "iteration",
      "repetitions": 20,
      "repetition_index": 3,
      "threads": 1,
      "iterations": 1260,
      "real_time": 5.2991330238087573e+02,
      "cpu_time": 5.4268248333333338e+02,
      "time_unit": "us",
      "code_size": 1.4363000000000000e+04,
      "execution_time_ns": 5.2985809920634923e+05,
      "gas_rate": 1.6214324711481843e+09,
      "gas_used": 8.7992300000000000e+05,
      "input_size": 8.4790000000000000e+03
    },
    {
      "name": "external/total/main/blake2b_huff/8415nulls",
      "family_index": 1,
      "per_family_instance_index": 0,
      "run_name": "external/total/main/blake2b_huff/8415nulls",
      "run_type": "iteration",
      "repetitions": 20,
      "repetition_index": 4,
      "threads": 1,
      "iterations": 1260,
      "real_time": 5.3066495476149794e+02,
      "cpu_time": 5.4346721666666576e+02,
      "time_unit": "us",
      "code_size": 1.4363000000000000e+04,
      "execution_time_ns": 5.3058545634920639e+05,
      "gas_rate": 1.6190912220924242e+09,
      "gas_used": 8.7992300000000000e+05,
      "input_size": 8.4790000000000000e+03
    },
    {
      "name": "external/total/main/blake2b_huff/8415nulls",
      "family_index": 1,
      "per_family_instance_index": 0,
      "run_name": "external/total/main/blake2b_huff/8415nulls",
      "run_type": "iteration",
      "repetitions": 20,
      "repetition_index": 5,
      "threads": 1,
      "iterations": 1260,
      "real_time": 5.2114083333320207e+02,
      "cpu_time": 5.3399411111110942e+02,
      "time_unit": "us",
      "code_size": 1.4363000000000000e+04,
      "execution_time_ns": 5.2108297460317460e+05,
      "gas_rate": 1.6478140520484359e+09,
      "gas_used": 8.7992300000000000e+05,
      "input_size": 8.4790000000000000e+03
    },
    {
      "name": "external/total/main/blake2b_huff/8415nulls",
      "family_index": 1,
      "per_family_instance_index": 0,
      "run_name": "external/total/main/blake2b_huff/8415nulls",
      "run_type": "iteration",
      "repetitions": 20,
      "repetition_index": 6,
      "threads": 1,
      "iterations": 1260,
      "real_time": 5.2047317222238075e+02,
      "cpu_time": 5.3414447936507906e+02,
      "time_unit": "us",
      "code_size": 1.4363000000000000e+04,
      "execution_time_ns": 5.2041565317460318e+05,
      "gas_rate": 1.6473501720844088e+09,
      "gas_used": 8.7992300000000000e+05,
      "input_size": 8.4790000000000000e+03
    },
    {
      "name": "external/total/main/blake2b_huff/8415nulls",
      "family_index": 1,
      "per_family_instance_index": 0,
      "run_name": "external/total/main/blake2b_huff/8415nulls",
      "run_type": "iteration",
      "repetitions": 20,
      "repetition_index": 7,
      "threads": 1,
      "iterations": 1260,
      "real_time": 5.2736257698453539e+02,
      "cpu_time": 5.4125816984127016e+02,
      "time_unit": "us",
      "code_size": 1.4363000000000000e+04,
      "execution_time_ns": 5.2730573095238092e+05,
      "gas_rate": 1.6256992485823300e+09,
      "gas_used": 8.7992300000000000e+05,
      "input_size": 8.4790000000000000e+03
    },
    {
      "name": "external/total/main/blake2b_huff/8415nulls",
      "family_index": 1,
      "per_family_instance_index": 0,
      "run_name": "external/total/main/blake2b_huff/8415nulls",
      "run_type": "iteration",
      "repetitions": 20,
      "repetition_index": 8,
      "threads": 1,
      "iterations": 1260,
      "real_time": 5.2227257619094985e+02,
      "cpu_time": 5.3604997222222153e+02,
      "time_unit": "us",
      "code_size": 1.4363000000000000e+04,
      "execution_time_ns": 5.2221455079365079e+05,
      "gas_rate": 1.6414943486560326e+09,
      "gas_used": 8.7992300000000000e+05,
      "input_size": 8.4790000000000000e+03
    },
    {
      "name": "external/total/main/blake2b_huff/8415nulls",
      "family_index": 1,
      "per_family_instance_index": 0,
      "run_name": "external/total/main/blake2b_huff/8415nulls",
      "run_type": "iteration",
      "repetitions": 20,
      "repetition_index": 9,
      "threads": 1,
      "iterations": 1260,
      "real_time": 5.2543398095232465e+02,
      "cpu_time": 5.3923298333333298e+02,
      "time_unit": "us",
      "code_size": 1.4363000000000000e+04,
      "execution_time_ns": 5.2537624365079368e+05,
      "gas_rate": 1.6318048546671813e+09,
      "gas_used": 8.7992300000000000e+05,
      "input_size": 8.4790000000000000e+03
    },
    {
      "name": "external/total/main/blake2b_huff/8415nulls",
      "family_index": 1,
      "per_family_instance_index": 0,
      "run_name": "external/total/main/blake2b_huff/8415nulls",
      "run_type": "iteration",
      "repetitions": 20,
      "repetition_index": 10,
      "threads": 1,
      "iterations": 1260,
      "real_time": 5.3587509206365553e+02,
      "cpu_time": 5.4997163095238068e+02,
      "time_unit": "us",
      "code_size": 1.4363000000000000e+04,
      "execution_time_ns": 5.3582026984126982e+05,
      "gas_rate": 1.5999425251739724e+09,
      "gas_used": 8.7992300000000000e+05,
      "input_size": 8.4790000000000000e+03
    },
    {
      "name": "external/total/main/blake2b_huff/8415nulls",
      "family_index": 1,
      "per_family_instance_index": 0,
      "run_name": "external/total/main/blake2b_huff/8415nulls",
      "run_type": "iteration",
      "repetitions": 20,
      "repetition_index": 11,
      "threads": 1,
      "iterations": 1260,
      "real_time": 5.3648728730155517e+02,
      "cpu_time": 5.5062996904762065e+02,
      "time_unit": "us",
      "code_size": 1.4363000000000000e+04,
      "execution_time_ns": 5.3642796587301593e+05,
      "gas_rate": 1.5980296196408095e+09,
      "gas_used": 8.7992300000000000e+05,
      "input_size": 8.4790000000000000e+03
    },
    {
      "name": "external/total/main/blake2b_huff/8415nulls",
      "family_index": 1,
      "per_family_instance_index": 0,
      "run_name": "external/total/main/blake2b_huff/8415nulls",
      "run_type": "iteration",
      "repetitions": 20,
      "repetition_index": 12,
      "threads": 1,
      "iterations": 1260,
      "real_time": 5.3605427380991011e+02,
      "cpu_time": 5.5011371904762018e+02,
      "time_unit": "us",
      "code_size": 1.4363000000000000e+04,
      "execution_time_ns": 5.3599455317460315e+05,
      "gas_rate": 1.5995292782796969e+09,
      "gas_used": 8.7992300000000000e+05,
      "input_size": 8.4790000000000000e+03
    },
    {
      "name": "external/total/main/blake2b_huff/8415nulls",
      "family_index": 1,
      "per_family_instance_index": 0,
      "run_name": "external/total/main/blake2b_huff/8415nulls",
      "run_type": "iteration",
      "repetitions": 20,
      "repetition_index": 13,
      "threads": 1,
      "iterations": 1260,
      "real_time": 5.3639479603141751e+02,
      "cpu_time": 5.5053550317460463e+02,
      "time_unit": "us",
      "code_size": 1.4363000000000000e+04,
      "execution_time_ns": 5.3633959047619044e+05,
      "gas_rate": 1.5983038240513415e+09,
      "gas_used": 8.7992300000000000e+05,
      "input_size": 8.4790000000000000e+03
    },
    {
      "name": "external/total/main/blake2b_huff/8415nulls",
      "family_index": 1,
      "per_family_instance_index": 0,
      "run_name": "external/total/main/blake2b_huff/8415nulls",
      "run_type": "iteration",
      "repetitions": 20,
      "repetition_index": 14,
      "threads": 1,
      "iterations": 1260,
      "real_time": 5.3086711746035439e+02,
      "cpu_time": 5.4485440555555590e+02,
      "time_unit": "us",
      "code_size": 1.4363000000000000e+04,
      "execution_time_ns": 5.3081022936507931e+05,
      "gas_rate": 1.6149690468278301e+09,
      "gas_used": 8.7992300000000000e+05,
      "input_size": 8.4790000000000000e+03
    },
    {
      "name": "external/total/main/blake2b_huff/8415nulls",
      "family_index": 1,
      "per_family_instance_index": 0,
      "run_name": "external/total/main/blake2b_huff/8415nulls",
      "run_type": "iteration",
      "repetitions": 20,
      "repetition_index": 15,
      "threads": 1,
      "iterations": 1260,
      "real_time": 5.3364684047607170e+02,
      "cpu_time": 5.4764560317460212e+02,
      "time_unit": "us",
      "code_size": 1.4363000000000000e+04,
      "execution_time_ns": 5.3359036984126980e+05,
      "gas_rate": 1.6067379978936126e+09,
      "gas_used": 8.7992300000000000e+05,
      "input_size": 8.4790000000000000e+03
    },
    {
      "name": "external/total/main/blake2b_huff/8415nulls",
      "family_index": 1,
      "per_family_instance_index": 0,
      "run_name": "external/total/main/blake2b_huff/8415nulls",
      "run_type": "iteration",
      "repetitions": 20,
      "repetition_index": 16,
      "threads": 1,
      "iterations": 1260,
      "real_time": 5.2815688095217899e+02,
      "cpu_time": 5.4206881507936271e+02,
      "time_unit": "us",
      "code_size": 1.4363000000000000e+04,
      "execution_time_ns": 5.2809760714285716e+05,
      "gas_rate": 1.6232680713631775e+09,
      "gas_used": 8.7992300000000000e+05,
      "input_size": 8.4790000000000000e+03
    },
    {
      "name": "external/total/main/blake2b_huff/8415nulls",
      "family_index": 1,
      "per_family_instance_index": 0,
      "run_name": "external/total/main/blake2b_huff/8415nulls",
      "run_type": "iteration",
      "repetitions": 20,
      "repetition_index": 17,
      "threads": 1,
      "iterations": 1260,
      "real_time": 5.2158339682598978e+02,
      "cpu_time": 5.3515948650793609e+02,
      "time_unit": "us",
      "code_size": 1.4363000000000000e+04,
      "execution_time_ns": 5.2149446507936507e+05,
      "gas_rate": 1.6442257349145417e+09,
      "gas_used": 8.7992300000000000e+05,
      "input_size": 8.4790000000000000e+03
    },
    {
      "name": "external/total/main/blake2b_huff/8415nulls",
      "family_index": 1,
      "per_family_instance_index": 0,
      "run_name": "external/total/main/blake2b_huff/8415nulls",
      "run_type": "iteration",
      "repetitions": 20,
      "repetition_index": 18,
      "threads": 1,
      "iterations": 1260,
      "real_time": 5.2257032222249632e+02,
      "cpu_time": 5.3558047063491915e+02,
      "time_unit": "us",
      "code_size": 1.4363000000000000e+04,
      "execution_time_ns": 5.2251418412698415e+05,
      "gas_rate": 1.6429333186045232e+09,
      "gas_used": 8.7992300000000000e+05,
      "input_size": 8.4790000000000000e+03
    },
    {
      "name": "external/total/main/blake2b_huff/8415nulls",
      "family_index": 1,
      "per_family_instance_index": 0,
      "run_name": "external/total/main/blake2b_huff/8415nulls",
      "run_type": "iteration",
      "repetitions": 20,
      "repetition_index": 19,
      "threads": 1,
      "iterations": 1260,
      "real_time": 5.2402026746084823e+02,
      "cpu_time": 5.3712537222222204e+02,
      "time_unit": "us",
      "code_size": 1.4363000000000000e+04,
      "execution_time_ns": 5.2396364365079365e+05,
      "gas_rate": 1.6382078477498436e+09,
      "gas_used": 8.7992300000000000e+05,
      "input_size": 8.4790000000000000e+03
    },
    {
      "name": "external/total/main/blake2b_huff/8415nulls_mean",
      "family_index": 1,
      "per_family_instance_index": 0,
      "run_name": "external/total/main/blake2b_huff/8415nulls",
      "run_type": "aggregate",
      "repetitions": 20,
      "threads": 1,
      "aggregate_name": "mean",
      "aggregate_unit": "time",
      "iterations": 20,
      "real_time": 5.3027675956357029e+02,
      "cpu_time": 5.4381681837301574e+02,
      "time_unit": "us",
      "code_size": 1.4363000000000000e+04,
      "execution_time_ns": 5.3021534123015881e+05,
      "gas_rate": 1.6183193458770924e+09,
      "gas_used": 8.7992300000000000e+05,
      "input_size": 8.4790000000000000e+03
    },
    {
      "name": "external/total/main/blake2b_huff/8415nulls_median",
      "family_index": 1,
      "per_family_instance_index": 0,
      "run_name": "external/total/main/blake2b_huff/8415nulls",
      "run_type": "aggregate",
      "repetitions": 20,
      "threads": 1,
      "aggregate_name": "median",
      "aggregate_unit": "time",
      "iterations": 20,
      "real_time": 5.3028912857118689e+02,
      "cpu_time": 5.4307484999999940e+02,
      "time_unit": "us",
      "code_size": 1.4363000000000000e+04,
      "execution_time_ns": 5.3022177777777775e+05,
      "gas_rate": 1.6202618466203041e+09,
      "gas_used": 8.7992300000000000e+05,
      "input_size": 8.4790000000000000e+03
    },
    {
      "name": "external/total/main/blake2b_huff/8415nulls_stddev",
      "family_index": 1,
      "per_family_instance_index": 0,
      "run_name": "external/total/main/blake2b_huff/8415nulls",
      "run_type": "aggregate",
      "repetitions": 20,
      "threads": 1,
      "aggregate_name": "stddev",
      "aggregate_unit": "time",
      "iterations": 20,
      "real_time": 7.1281318198274635e+00,
      "cpu_time": 7.1992703892661769e+00,
      "time_unit": "us",
      "code_size": 0.0000000000000000e+00,
      "execution_time_ns": 7.1272716273206097e+03,
      "gas_rate": 2.1389138323482540e+07,
      "gas_used": 0.0000000000000000e+00,
      "input_size": 0.0000000000000000e+00
    },
    {
      "name": "external/total/main/blake2b_huff/8415nulls_cv",
      "family_index": 1,
      "per_family_instance_index": 0,
      "run_name": "external/total/main/blake2b_huff/8415nulls",
      "run_type": "aggregate",
      "repetitions": 20,
      "threads": 1,
      "aggregate_name": "cv",
      "aggregate_unit": "percentage",
      "iterations": 20,
      "real_time": 1.3442285921966626e-02,
      "cpu_time": 1.3238410703819096e-02,
      "time_unit": "us",
      "code_size": 0.0000000000000000e+00,
      "execution_time_ns": 1.3442220684872195e-02,
      "gas_rate": 1.3216883539070660e-02,
      "gas_used": 0.0000000000000000e+00,
      "input_size": 0.0000000000000000e+00
    },
    {
      "name": "external/total/main/blake2b_shifts/8415nulls",
      "family_index": 2,
      "per_family_instance_index": 0,
      "run_name": "external/total/main/blake2b_shifts/8415nulls",
      "run_type": "iteration",
      "repetitions": 20,
      "repetition_index": 0,
      "threads": 1,
      "iterations": 292,
      "real_time": 2.3354459143812251e+03,
      "cpu_time": 2.3937664931506774e+03,
      "time_unit": "us",
      "code_size": 5.7120000000000000e+03,
      "execution_time_ns": 2.3353447157534244e+06,
      "gas_rate": 5.0310274767648096e+09,
      "gas_used": 1.2043105000000000e+07,
      "input_size": 8.5470000000000000e+03
    },
    {
      "name": "external/total/main/blake2b_shifts/8415nulls",
      "family_index": 2,
      "per_family_instance_index": 0,
      "run_name": "external/total/main/blake2b_shifts/8415nulls",
      "run_type": "iteration",
      "repetitions": 20,
      "repetition_index": 1,
      "threads": 1,
      "iterations": 292,
      "real_time": 2.3610177499997681e+03,
      "cpu_time": 2.4200445205479550e+03,
      "time_unit": "us",
      "code_size": 5.7120000000000000e+03,
      "execution_time_ns": 2.3609030034246575e+06,
      "gas_rate": 4.9763981190202065e+09,
      "gas_used": 1.2043105000000000e+07,
      "input_size": 8.5470000000000000e+03
    },
    {
      "name": "external/total/main/blake2b_shifts/8415nulls",
      "family_index": 2,
      "per_family_instance_index": 0,
      "run_name": "external/total/main/blake2b_shifts/8415nulls",
      "run_type": "iteration",
      "repetitions": 20,
      "repetition_index": 2,
      "threads": 1,
      "iterations": 292,
      "real_time": 2.3964582568505525e+03,
      "cpu_time": 2.4561795958904227e+03,
      "time_unit": "us",
      "code_size": 5.7120000000000000e+03,
      "execution_time_ns": 2.3963451472602738e+06,
      "gas_rate": 4.9031858338657408e+09,
      "gas_used": 1.2043105000000000e+07,
      "input_size": 8.5470000000000000e+03
    },
    {
      "name": "external/total/main/blake2b_shifts/8415nulls",
      "family_index": 2,
      "per_family_instance_index": 0,
      "run_name": "external/total/main/blake2b_shifts/8415nulls",
      "run_type": "iteration",
      "repetitions": 20,
      "repetition_index": 3,
      "threads": 1,
      "iterations": 292,
      "real_time": 2.3796686061658661e+03,
      "cpu_time": 2.4391868664383696e+03,
      "time_unit": "us",
      "code_size": 5.7120000000000000e+03,
      "execution_time_ns": 2.3795719520547944e+06,
      "gas_rate": 4.9373441476359682e+09,
      "gas_used": 1.2043105000000000e+07,
      "input_size": 8.5470000000000000e+03
    },
    {
      "name": "external/total/main/blake2b_shifts/8415nulls",
      "family_index": 2,
      "per_family_instance_index": 0,
      "run_name": "external/total/main/blake2b_shifts/8415nulls",
      "run_type": "iteration",
      "repetitions": 20,
      "repetition_index": 4,
      "threads": 1,
      "iterations": 292,
      "real_time": 2.4164187500010075e+03,
      "cpu_time": 2.4767676506849534e+03,
      "time_unit": "us",
      "code_size": 5.7120000000000000e+03,
      "execution_time_ns": 2.4163145376712331e+06,
      "gas_rate": 4.8624282526741915e+09,
      "gas_used": 1.2043105000000000e+07,
      "input_size": 8.5470000000000000e+03
    },
    {
      "name": "external/total/main/blake2b_shifts/8415nulls",
      "family_index": 2,
      "per_family_instance_index": 0,
      "run_name": "external/total/main/blake2b_shifts/8415nulls",
      "run_type": "iteration",
      "repetitions": 20,
      "repetition_index": 5,
      "threads": 1,
      "iterations": 292,
      "real_time": 2.3776969520558973e+03,
      "cpu_time": 2.4368982157534388e+03,
      "time_unit": "us",
      "code_size": 5.7120000000000000e+03,
      "execution_time_ns": 2.3775871712328768e+06,
      "gas_rate": 4.9419811308272142e+09,
      "gas_used": 1.2043105000000000e+07,
      "input_size": 8.5470000000000000e+03
    },
    {
      "name": "external/total/main/blake2b_shifts/8415nulls",
      "family_index": 2,
      "per_family_instance_index": 0,
      "run_name": "external/total/main/blake2b_shifts/8415nulls",
      "run_type": "iteration",
      "repetitions": 20,
      "repetition_index": 6,
      "threads": 1,
      "iterations": 292,
      "real_time": 2.4032463082202826e+03,
      "cpu_time": 2.4632543150684751e+03,
      "time_unit": "us",
      "code_size": 5.7120000000000000e+03,
      "execution_time_ns": 2.4031431027397262e+06,
      "gas_rate": 4.8891033809739695e+09,
      "gas_used": 1.2043105000000000e+07,
      "input_size": 8.5470000000000000e+03
    },
    {
      "name": "external/total/main/blake2b_shifts/8415nulls",
      "family_index": 2,
      "per_family_instance_index": 0,
      "run_name": "external/total/main/blake2b_shifts/8415nulls",
      "run_type": "iteration",
      "repetitions": 20,
      "repetition_index": 7,
      "threads": 1,
      "iterations": 292,
      "real_time": 2.4030632397258059e+03,
      "cpu_time": 2.4612062465753502e+03,
      "time_unit": "us",
      "code_size": 5.7120000000000000e+03,
      "execution_time_ns": 2.4029538458904112e+06,
      "gas_rate": 4.8931718001111851e+09,
      "gas_used": 1.2043105000000000e+07,
      "input_size": 8.5470000000000000e+03
    },
    {
      "name": "external/total/main/blake2b_shifts/8415nulls",
      "family_index": 2,
      "per_family_instance_index": 0,
      "run_name": "external/total/main/blake2b_shifts/8415nulls",
      "run_type": "iteration",
      "repetitions": 20,
      "repetition_index": 8,
      "threads": 1,
      "iterations": 292,
      "real_time": 2.3612824657522829e+03,
      "cpu_time": 2.4104450205479393e+03,
      "time_unit": "us",
      "code_size": 5.7120000000000000e+03,
      "execution_time_ns": 2.3611784589041094e+06,
      "gas_rate": 4.9962164236637001e+09,
      "gas_used": 1.2043105000000000e+07,
      "input_size": 8.5470000000000000e+03
    },
    {
      "name": "external/total/main/blake2b_shifts/8415nulls",
      "family_index": 2,
      "per_family_instance_index": 0,
      "run_name": "external/total/main/blake2b_shifts/8415nulls",
      "run_type": "iteration",
      "repetitions": 20,
      "repetition_index": 9,
      "threads": 1,
      "iterations": 292,
      "real_time": 2.3392164041088608e+03,
      "cpu_time": 2.3881460958904104e+03,
      "time_unit": "us",
      "code_size": 5.7120000000000000e+03,
      "execution_time_ns": 2.3391054691780824e+06,
      "gas_rate": 5.0428677796237497e+09,
      "gas_used": 1.2043105000000000e+07,
      "input_size": 8.5470000000000000e+03
    },
    {
      "name": "external/total/main/blake2b_shifts/8415nulls",
      "family_index": 2,
      "per_family_instance_index": 0,
      "run_name": "external/total/main/blake2b_shifts/8415nulls",
      "run_type": "iteration",
      "repetitions": 20,
      "repetition_index": 10,
      "threads": 1,
      "iterations": 292,
      "real_time": 2.3323584315059561e+03,
      "cpu_time": 2.3810280821917804e+03,
      "time_unit": "us",
      "code_size": 5.7120000000000000e+03,
      "execution_time_ns": 2.3322580890410957e+06,
      "gas_rate": 5.0579432851182919e+09,
      "gas_used": 1.2043105000000000e+07,
      "input_size": 8.5470000000000000e+03
    },
    {
      "name": "external/total/main/blake2b_shifts/8415nulls",
      "family_index": 2,
      "per_family_instance_index": 0,
      "run_name": "external/total/main/blake2b_shifts/8415nulls",
      "run_type": "iteration",
      "repetitions": 20,
      "repetition_index": 11,
      "threads": 1,
      "iterations": 292,
      "real_time": 2.3258466883549299e+03,
      "cpu_time": 2.3742797739726047e+03,
      "time_unit": "us",
      "code_size": 5.7120000000000000e+03,
      "execution_time_ns": 2.3257328767123288e+06,
      "gas_rate": 5.0723192489862642e+09,
      "gas_used": 1.2043105000000000e+07,
      "input_size": 8.5470000000000000e+03
    },
    {
      "name": "external/total/main/blake2b_shifts/8415nulls",
      "family_index": 2,
      "per_family_instance_index": 0,
      "run_name": "external/total/main/blake2b_shifts/8415nulls",
      "run_type": "iteration",
      "repetitions": 20,
      "repetition_index": 12,
      "threads": 1,
      "iterations": 292,
      "real_time": 2.3713088835611165e+03,
      "cpu_time": 2.4208823047945102e+03,
      "time_unit": "us",
      "code_size": 5.7120000000000000e+03,
      "execution_time_ns": 2.3711942808219176e+06,
      "gas_rate": 4.9746759584920197e+09,
      "gas_used": 1.2043105000000000e+07,
      "input_size": 8.5470000000000000e+03
    },
    {
      "name": "external/total/main/blake2b_shifts/8415nulls",
      "family_index": 2,
      "per_family_instance_index": 0,
      "run_name": "external/total/main/blake2b_shifts/8415nulls",
      "run_type": "iteration",
      "repetitions": 20,
      "repetition_index": 13,
      "threads": 1,
      "iterations": 292,
      "real_time": 2.3631853630127830e+03,
      "cpu_time": 2.4107827226027284e+03,
      "time_unit": "us",
      "code_size": 5.7120000000000000e+03,
      "execution_time_ns": 2.3630824006849313e+06,
      "gas_rate": 4.9955165544732409e+09,
      "gas_used": 1.2043105000000000e+07,
      "input_size": 8.5470000000000000e+03
    },
    {
      "name": "external/total/main/blake2b_shifts/8415nulls",
      "family_index": 2,
      "per_family_instance_index": 0,
      "run_name": "external/total/main/blake2b_shifts/8415nulls",
      "run_type": "iteration",
      "repetitions": 20,
      "repetition_index": 14,
      "threads": 1,
      "iterations": 292,
      "real_time": 2.3604396404102959e+03,
      "cpu_time": 2.4096882020547919e+03,
      "time_unit": "us",
      "code_size": 5.7120000000000000e+03,
      "execution_time_ns": 5.0994911472602738e+06,
      "gas_rate": 4.9977856013614502e+09,
      "gas_used": 1.2043105000000000e+07,
      "input_size": 8.5470000000000000e+03
    },
    {
      "name": "external/total/main/blake2b_shifts/8415nulls",
      "family_index": 2,
      "per_family_instance_index": 0,
      "run_name": "external/total/main/blake2b_shifts/8415nulls",
      "run_type": "iteration",
      "repetitions": 20,
      "repetition_index": 15,
      "threads": 1,
      "iterations": 292,
      "real_time": 2.4001494520521255e+03,
      "cpu_time": 2.4503498424657510e+03,
      "time_unit": "us",
      "code_size": 5.7120000000000000e+03,
      "execution_time_ns": 2.4000398390410957e+06,
      "gas_rate": 4.9148512556399708e+09,
      "gas_used": 1.2043105000000000e+07,
      "input_size": 8.5470000000000000e+03
    },
    {
      "name": "external/total/main/blake2b_shifts/8415nulls",
      "family_index": 2,
      "per_family_instance_index": 0,
      "run_name": "external/total/main/blake2b_shifts/8415nulls",
      "run_type": "iteration",
      "repetitions": 20,
      "repetition_index": 16,
      "threads": 1,
      "iterations": 292,
      "real_time": 2.3853462089048921e+03,
      "cpu_time": 2.4349210753424736e+03,
      "time_unit": "us",
      "code_size": 5.7120000000000000e+03,
      "execution_time_ns": 2.3852421438356163e+06,
      "gas_rate": 4.9459939880417385e+09,
      "gas_used": 1.2043105000000000e+07,
      "input_size": 8.5470000000000000e+03
    },
    {
      "name": "external/total/main/blake2b_shifts/8415nulls",
      "family_index": 2,
      "per_family_instance_index": 0,
      "run_name": "external/total/main/blake2b_shifts/8415nulls",
      "run_type": "iteration",
      "repetitions": 20,
      "repetition_index": 17,
      "threads": 1,
      "iterations": 292,
      "real_time": 2.3923549315067285e+03,
      "cpu_time": 2.4423507705479356e+03,
      "time_unit": "us",
      "code_size": 5.7120000000000000e+03,
      "execution_time_ns": 2.3922496164383562e+06,
      "gas_rate": 4.9309481443970308e+09,
      "gas_used": 1.2043105000000000e+07,
      "input_size": 8.5470000000000000e+03
    },
    {
      "name": "external/total/main/blake2b_shifts/8415nulls",
      "family_index": 2,
      "per_family_instance_index": 0,
      "run_name": "external/total/main/blake2b_shifts/8415nulls",
      "run_type": "iteration",
      "repetitions": 20,
      "repetition_index": 18,
      "threads": 1,
      "iterations": 292,
      "real_time": 2.4008934486318303e+03,
      "cpu_time": 2.4510142431506974e+03,
      "time_unit": "us",
      "code_size": 5.7120000000000000e+03,
      "execution_time_ns": 2.4001538116438356e+06,
      "gas_rate": 4.9135189783797369e+09,
      "gas_used": 1.2043105000000000e+07,
      "input_size": 8.5470000000000000e+03
    },
    {
      "name": "external/total/main/blake2b_shifts/8415nulls",
      "family_index": 2,
      "per_family_instance_index": 0,
      "run_name": "external/total/main/blake2b_shifts/8415nulls",
      "run_type": "iteration",
      "repetitions": 20,
      "repetition_index": 19,
      "threads": 1,
      "iterations": 292,
      "real_time": 2.3962960993149827e+03,
      "cpu_time": 2.4502509897260343e+03,
      "time_unit": "us",
      "code_size": 5.7120000000000000e+03,
      "execution_time_ns": 2.3961784143835618e+06,
      "gas_rate": 4.9150495400255127e+09,
      "gas_used": 1.2043105000000000e+07,
      "input_size": 8.5470000000000000e+03
    },
    {
      "name": "external/total/main/blake2b_shifts/8415nulls_mean",
      "family_index": 2,
      "per_family_instance_index": 0,
      "run_name": "external/total/main/blake2b_shifts/8415nulls",
      "run_type": "aggregate",
      "repetitions": 20,
      "threads": 1,
      "aggregate_name": "mean",
      "aggregate_unit": "time",
      "iterations": 20,
      "real_time": 2.3750846897258598e+03,
      "cpu_time": 2.4285721513698650e+03,
      "time_unit": "us",
      "code_size": 5.7120000000000000e+03,
      "execution_time_ns": 2.5119035011986303e+06,
      "gas_rate": 4.9596163450037994e+09,
      "gas_used": 1.2043105000000000e+07,
      "input_size": 8.5470000000000000e+03
    },
    {
      "name": "external/total/main/blake2b_shifts/8415nulls_median",
      "family_index": 2,
      "per_family_instance_index": 0,
      "run_name": "external/total/main/blake2b_shifts/8415nulls",
      "run_type": "aggregate",
      "repetitions": 20,
      "threads": 1,
      "aggregate_name": "median",
      "aggregate_unit": "time",
      "iterations": 20,
      "real_time": 2.3786827791108817e+03,
      "cpu_time": 2.4359096455479562e+03,
      "time_unit": "us",
      "code_size": 5.7120000000000000e+03,
      "execution_time_ns": 2.3824070479452051e+06,
      "gas_rate": 4.9439875594344769e+09,
      "gas_used": 1.2043105000000000e+07,
      "input_size": 8.5470000000000000e+03
    },
    {
      "name": "external/total/main/blake2b_shifts/8415nulls_stddev",
      "family_index": 2,
      "per_family_instance_index": 0,
      "run_name": "external/total/main/blake2b_shifts/8415nulls",
      "run_type": "aggregate",
      "repetitions": 20,
      "threads": 1,
      "aggregate_name": "stddev",
      "aggregate_unit": "time",
      "iterations": 20,
      "real_time": 2.6933888928913870e+01,
      "cpu_time": 2.9379701933080582e+01,
      "time_unit": "us",
      "code_size": 0.0000000000000000e+00,
      "execution_time_ns": 6.0963907480419904e+05,
      "gas_rate": 6.0236654168056630e+07,
      "gas_used": 0.0000000000000000e+00,
      "input_size": 0.0000000000000000e+00
    },
    {
      "name": "external/total/main/blake2b_shifts/8415nulls_cv",
      "family_index": 2,
      "per_family_instance_index": 0,
      "run_name": "external/total/main/blake2b_shifts/8415nulls",
      "run_type": "aggregate",
      "repetitions": 20,
      "threads": 1,
      "aggregate_name": "cv",
      "aggregate_unit": "percentage",
      "iterations": 20,
      "real_time": 1.1340180434585964e-02,
      "cpu_time": 1.2097520724887095e-02,
      "time_unit": "us",
      "code_size": 0.0000000000000000e+00,
      "execution_time_ns": 2.4270003784512081e-01,
      "gas_rate": 1.2145426173687329e-02,
      "gas_used": 0.0000000000000000e+00,
      "input_size": 0.0000000000000000e+00
    },
    {
      "name": "external/total/main/sha1_divs/empty",
      "family_index": 3,
      "per_family_instance_index": 0,
      "run_name": "external/total/main/sha1_divs/empty",
      "run_type": "iteration",
      "repetitions": 20,
      "repetition_index": 0,
      "threads": 1,
      "iterations": 168859,
      "real_time": 4.0429937640289708e+00,
      "cpu_time": 4.1384746622922064e+00,
      "time_unit": "us",
      "code_size": 1.8420000000000000e+03,
      "execution_time_ns": 4.0238045410668074e+03,
      "gas_rate": 8.8085594270157890e+09,
      "gas_used": 3.6454000000000000e+04,
      "input_size": 6.8000000000000000e+01
    },
    {
      "name": "external/total/main/sha1_divs/empty",
      "family_index": 3,
      "per_family_instance_index": 0,
      "run_name": "external/total/main/sha1_divs/empty",
      "run_type": "iteration",
      "repetitions": 20,
      "repetition_index": 1,
      "threads": 1,
      "iterations": 168859,
      "real_time": 4.0003990725959557e+00,
      "cpu_time": 4.0943285936787381e+00,
      "time_unit": "us",
      "code_size": 1.8420000000000000e+03,
      "execution_time_ns": 3.9785597688011890e+03,
      "gas_rate": 8.9035355042781830e+09,
      "gas_used": 3.6454000000000000e+04,
      "input_size": 6.8000000000000000e+01
    },
    {
      "name": "external/total/main/sha1_divs/empty",
      "family_index": 3,
      "per_family_instance_index": 0,
      "run_name": "external/total/main/sha1_divs/empty",
      "run_type": "iteration",
      "repetitions": 20,
      "repetition_index": 2,
      "threads": 1,
      "iterations": 168859,
      "real_time": 4.0026111015737742e+00,
      "cpu_time": 4.0971384646361670e+00,
      "time_unit": "us",
      "code_size": 1.8420000000000000e+03,
      "execution_time_ns": 3.9823898045114561e+03,
      "gas_rate": 8.8974293435887527e+09,
      "gas_used": 3.6454000000000000e+04,
      "input_size": 6.8000000000000000e+01
    },
    {
      "name": "external/total/main/sha1_divs/empty",
      "family_index": 3,
      "per_family_instance_index": 0,
      "run_name": "external/total/main/sha1_divs/empty",
      "run_type": "iteration",
      "repetitions": 20,
      "repetition_index": 3,
      "threads": 1,
      "iterations": 168859,
      "real_time": 4.0080550873789322e+00,
      "cpu_time": 4.1025877803374335e+00,
      "time_unit": "us",
      "code_size": 1.8420000000000000e+03,
      "execution_time_ns": 3.9885942413492912e+03,
      "gas_rate": 8.8856112170747261e+09,
      "gas_used": 3.6454000000000000e+04,
      "input_size": 6.8000000000000000e+01
    },
    {
      "name": "external/total/main/sha1_divs/empty",
      "family_index": 3,
      "per_family_instance_index": 0,
      "run_name": "external/total/main/sha1_divs/empty",
      "run_type": "iteration",
      "repetitions": 20,
      "repetition_index": 4,
      "threads": 1,
      "iterations": 168859,
      "real_time": 3.9963685204855435e+00,
      "cpu_time": 4.0904097679128570e+00,
      "time_unit": "us",
      "code_size": 1.8420000000000000e+03,
      "execution_time_ns": 3.9764122315067602e+03,
      "gas_rate": 8.9120655553785152e+09,
      "gas_used": 3.6454000000000000e+04,
      "input_size": 6.8000000000000000e+01
    },
    {
      "name": "external/total/main/sha1_divs/empty",
      "family_index": 3,
      "per_family_instance_index": 0,
      "run_name": "external/total/main/sha1_divs/empty",
      "run_type": "iteration",
      "repetitions": 20,
      "repetition_index": 5,
      "threads": 1,
      "iterations": 168859,
      "real_time": 4.0616855009252353e+00,
      "cpu_time": 4.1575739166997518e+00,
      "time_unit": "us",
      "code_size": 1.8420000000000000e+03,
      "execution_time_ns": 4.0418252921076164e+03,
      "gas_rate": 8.7680942613130703e+09,
      "gas_used": 3.6454000000000000e+04,
      "input_size": 6.8000000000000000e+01
    },
    {
      "name": "external/total/main/sha1_divs/empty",
      "family_index": 3,
      "per_family_instance_index": 0,
      "run_name": "external/total/main/sha1_divs/empty",
      "run_type": "iteration",
      "repetitions": 20,
      "repetition_index": 6,
      "threads": 1,
      "iterations": 168859,
      "real_time": 4.0572679039912183e+00,
      "cpu_time": 4.1529701289241112e+00,
      "time_unit": "us",
      "code_size": 1.8420000000000000e+03,
      "execution_time_ns": 4.0362300973001143e+03,
      "gas_rate": 8.7778141591025486e+09,
      "gas_used": 3.6454000000000000e+04,
      "input_size": 6.8000000000000000e+01
    },
    {
      "name": "external/total/main/sha1_divs/empty",
      "family_index": 3,
      "per_family_instance_index": 0,
      "run_name": "external/total/main/sha1_divs/empty",
      "run_type": "iteration",
      "repetitions": 20,
      "repetition_index": 7,
      "threads": 1,
      "iterations": 168859,
      "real_time": 4.0546277071427825e+00,
      "cpu_time": 4.1499956827885924e+00,
      "time_unit": "us",
      "code_size": 1.8420000000000000e+03,
      "execution_time_ns": 4.0329002718244215e+03,
      "gas_rate": 8.7841055235760422e+09,
      "gas_used": 3.6454000000000000e+04,
      "input_size": 6.8000000000000000e+01
    },
    {
      "name": "external/total/main/sha1_divs/empty",
      "family_index": 3,
      "per_family_instance_index": 0,
      "run_name": "external/total/main/sha1_divs/empty",
      "run_type": "iteration",
      "repetitions": 20,
      "repetition_index": 8,
      "threads": 1,
      "iterations": 168859,
      "real_time": 4.1042896144150607e+00,
      "cpu_time": 4.2012262953114723e+00,
      "time_unit": "us",
      "code_size": 1.8420000000000000e+03,
      "execution_time_ns": 4.0828847144659153e+03,
      "gas_rate": 8.6769903446244526e+09,
      "gas_used": 3.6454000000000000e+04,
      "input_size": 6.8000000000000000e+01
    },
    {
      "name": "external/total/main/sha1_divs/empty",
      "family_index": 3,
      "per_family_instance_index": 0,
      "run_name": "external/total/main/sha1_divs/empty",
      "run_type": "iteration",
      "repetitions": 20,
      "repetition_index": 9,
      "threads": 1,
      "iterations": 168859,
      "real_time": 4.1092307487277999e+00,
      "cpu_time": 4.2062318265535108e+00,
      "time_unit": "us",
      "code_size": 1.8420000000000000e+03,
      "execution_time_ns": 4.0891245121669558e+03,
      "gas_rate": 8.6666644881220360e+09,
      "gas_used": 3.6454000000000000e+04,
      "input_size": 6.8000000000000000e+01
    },
    {
      "name": "external/total/main/sha1_divs/empty",
      "family_index": 3,
      "per_family_instance_index": 0,
      "run_name": "external/total/main/sha1_divs/empty",
      "run_type": "iteration",
      "repetitions": 20,
      "repetition_index": 10,
      "threads": 1,
      "iterations": 168859,
      "real_time": 4.1152425751658441e+00,
      "cpu_time": 4.2168291592393663e+00,
      "time_unit": "us",
      "code_size": 1.8420000000000000e+03,
      "execution_time_ns": 4.0948550328972692e+03,
      "gas_rate": 8.6448842538775253e+09,
      "gas_used": 3.6454000000000000e+04,
      "input_size": 6.8000000000000000e+01
    },
    {
      "name": "external/total/main/sha1_divs/empty",
      "family_index": 3,
      "per_family_instance_index": 0,
      "run_name": "external/total/main/sha1_divs/empty",
      "run_type": "iteration",
      "repetitions": 20,
      "repetition_index": 11,
      "threads": 1,
      "iterations": 168859,
      "real_time": 4.1010936284131478e+00,
      "cpu_time": 4.2054579975008446e+00,
      "time_unit": "us",
      "code_size": 1.8420000000000000e+03,
      "execution_time_ns": 4.0812451927347670e+03,
      "gas_rate": 8.6682592054571285e+09,
      "gas_used": 3.6454000000000000e+04,
      "input_size": 6.8000000000000000e+01
    },
    {
      "name": "external/total/main/sha1_divs/empty",
      "family_index": 3,
      "per_family_instance_index": 0,
      "run_name": "external/total/main/sha1_divs/empty",
      "run_type": "iteration",
      "repetitions": 20,
      "repetition_index": 12,
      "threads": 1,
      "iterations": 168859,
      "real_time": 4.0999304508472818e+00,
      "cpu_time": 4.2040574799092507e+00,
      "time_unit": "us",
      "code_size": 1.8420000000000000e+03,
      "execution_time_ns": 4.0795056111904014e+03,
      "gas_rate": 8.6711469037257080e+09,
      "gas_used": 3.6454000000000000e+04,
      "input_size": 6.8000000000000000e+01
    },
    {
      "name": "external/total/main/sha1_divs/empty",
      "family_index": 3,
      "per_family_instance_index": 0,
      "run_name": "external/total/main/sha1_divs/empty",
      "run_type": "iteration",
      "repetitions": 20,
      "repetition_index": 13,
      "threads": 1,
      "iterations": 168859,
      "real_time": 4.0961533468738880e+00,
      "cpu_time": 4.1999373856294131e+00,
      "time_unit": "us",
      "code_size": 1.8420000000000000e+03,
      "execution_time_ns": 4.0765157320604767e+03,
      "gas_rate": 8.6796532073863068e+09,
      "gas_used": 3.6454000000000000e+04,
      "input_size": 6.8000000000000000e+01
    },
    {
      "name": "external/total/main/sha1_divs/empty",
      "family_index": 3,
      "per_family_instance_index": 0,
      "run_name": "external/total/main/sha1_divs/empty",
      "run_type": "iteration",
      "repetitions": 20,
      "repetition_index": 14,
      "threads": 1,
      "iterations": 168859,
      "real_time": 3.9997590474844187e+00,
      "cpu_time": 4.1015868387234171e+00,
      "time_unit": "us",
      "code_size": 1.8420000000000000e+03,
      "execution_time_ns": 3.9804562445590700e+03,
      "gas_rate": 8.8877796407563038e+09,
      "gas_used": 3.6454000000000000e+04,
      "input_size": 6.8000000000000000e+01
    },
    {
      "name": "external/total/main/sha1_divs/empty",
      "family_index": 3,
      "per_family_instance_index": 0,
      "run_name": "external/total/main/sha1_divs/empty",
      "run_type": "iteration",
      "repetitions": 20,
      "repetition_index": 15,
      "threads": 1,
      "iterations": 168859,
      "real_time": 3.9940408091936317e+00,
      "cpu_time": 4.0953409827133829e+00,
      "time_unit": "us",
      "code_size": 1.8420000000000000e+03,
      "execution_time_ns": 3.9739131642376183e+03,
      "gas_rate": 8.9013345052033424e+09,
      "gas_used": 3.6454000000000000e+04,
      "input_size": 6.8000000000000000e+01
    },
    {
      "name": "external/total/main/sha1_divs/empty",
      "family_index": 3,
      "per_family_instance_index": 0,
      "run_name": "external/total/main/sha1_divs/empty",
      "run_type": "iteration",
      "repetitions": 20,
      "repetition_index": 16,
      "threads": 1,
      "iterations": 168859,
      "real_time": 3.9800322636058070e+00,
      "cpu_time": 4.0811954293226629e+00,
      "time_unit": "us",
      "code_size": 1.8420000000000000e+03,
      "execution_time_ns": 3.9600795515785358e+03,
      "gas_rate": 8.9321868142075481e+09,
      "gas_used": 3.6454000000000000e+04,
      "input_size": 6.8000000000000000e+01
    },
    {
      "name": "external/total/main/sha1_divs/empty",
      "family_index": 3,
      "per_family_instance_index": 0,
      "run_name": "external/total/main/sha1_divs/empty",
      "run_type": "iteration",
      "repetitions": 20,
      "repetition_index": 17,
      "threads": 1,
      "iterations": 168859,
      "real_time": 4.0087992407871207e+00,
      "cpu_time": 4.1108844183608628e+00,
      "time_unit": "us",
      "code_size": 1.8420000000000000e+03,
      "execution_time_ns": 3.9890650246655496e+03,
      "gas_rate": 8.8676781660855713e+09,
      "gas_used": 3.6454000000000000e+04,
      "input_size": 6.8000000000000000e+01
    },
    {
      "name": "external/total/main/sha1_divs/empty",
      "family_index": 3,
      "per_family_instance_index": 0,
      "run_name": "external/total/main/sha1_divs/empty",
      "run_type": "iteration",
      "repetitions": 20,
      "repetition_index": 18,
      "threads": 1,
      "iterations": 168859,
      "real_time": 4.0213752953624402e+00,
      "cpu_time": 4.1232123842969637e+00,
      "time_unit": "us",
      "code_size": 1.8420000000000000e+03,
      "execution_time_ns": 4.0006950591913965e+03,
      "gas_rate": 8.8411647527139606e+09,
      "gas_used": 3.6454000000000000e+04,
      "input_size": 6.8000000000000000e+01
    },
    {
      "name": "external/total/main/sha1_divs/empty",
      "family_index": 3,
      "per_family_instance_index": 0,
      "run_name": "external/total/main/sha1_divs/empty",
      "run_type": "iteration",
      "repetitions": 20,
      "repetition_index": 19,
      "threads": 1,
      "iterations": 168859,
      "real_time": 4.0053879508912082e+00,
      "cpu_time": 4.1072458145553155e+00,
      "time_unit": "us",
      "code_size": 1.8420000000000000e+03,
      "execution_time_ns": 3.9853936894095073e+03,
      "gas_rate": 8.8755340308130093e+09,
      "gas_used": 3.6454000000000000e+04,
      "input_size": 6.8000000000000000e+01
    },
    {
      "name": "external/total/main/sha1_divs/empty_mean",
      "family_index": 3,
      "per_family_instance_index": 0,
      "run_name": "external/total/main/sha1_divs/empty",
      "run_type": "aggregate",
      "repetitions": 20,
      "threads": 1,
      "aggregate_name": "mean",
      "aggregate_unit": "time",
      "iterations": 20,
      "real_time": 4.0429671814945030e+00,
      "cpu_time": 4.1418342504693166e+00,
      "time_unit": "us",
      "code_size": 1.8420000000000000e+03,
      "execution_time_ns": 4.0227224888812570e+03,
      "gas_rate": 8.8025245652150269e+09,
      "gas_used": 3.6454000000000000e+04,
      "input_size": 6.8000000000000000e+01
    },
    {
      "name": "external/total/main/sha1_divs/empty_median",
      "family_index": 3,
      "per_family_instance_index": 0,
      "run_name": "external/total/main/sha1_divs/empty",
      "run_type": "aggregate",
      "repetitions": 20,
      "threads": 1,
      "aggregate_name": "median",
      "aggregate_unit": "time",
      "iterations": 20,
      "real_time": 4.0321845296957051e+00,
      "cpu_time": 4.1308435232945850e+00,
      "time_unit": "us",
      "code_size": 1.8420000000000000e+03,
      "execution_time_ns": 4.0122498001291019e+03,
      "gas_rate": 8.8248620898648758e+09,
      "gas_used": 3.6454000000000000e+04,
      "input_size": 6.8000000000000000e+01
    },
    {
      "name": "external/total/main/sha1_divs/empty_stddev",
      "family_index": 3,
      "per_family_instance_index": 0,
      "run_name": "external/total/main/sha1_divs/empty",
      "run_type": "aggregate",
      "repetitions": 20,
      "threads": 1,
      "aggregate_name": "stddev",
      "aggregate_unit": "time",
      "iterations": 20,
      "real_time": 4.6801087467912769e-02,
      "cpu_time": 4.7817008519321989e-02,
      "time_unit": "us",
      "code_size": 0.0000000000000000e+00,
      "execution_time_ns": 4.6689198017184552e+01,
      "gas_rate": 1.0121601773414424e+08,
      "gas_used": 0.0000000000000000e+00,
      "input_size": 0.0000000000000000e+00
    },
    {
      "name": "external/total/main/sha1_divs/empty_cv",
      "family_index": 3,
      "per_family_instance_index": 0,
      "run_name": "external/total/main/sha1_divs/empty",
      "run_type": "aggregate",
      "repetitions": 20,
      "threads": 1,
      "aggregate_name": "cv",
      "aggregate_unit": "percentage",
      "iterations": 20,
      "real_time": 1.1575925642466510e-02,
      "cpu_time": 1.1544887030161525e-02,
      "time_unit": "us",
      "code_size": 0.0000000000000000e+00,
      "execution_time_ns": 1.1606368111703647e-02,
      "gas_rate": 1.1498521473500910e-02,
      "gas_used": 0.0000000000000000e+00,
      "input_size": 0.0000000000000000e+00
    },
    {
      "name": "external/total/main/sha1_divs/5311",
      "family_index": 4,
      "per_family_instance_index": 0,
      "run_name": "external/total/main/sha1_divs/5311",
      "run_type": "iteration",
      "repetitions": 20,
      "repetition_index": 0,
      "threads": 1,
      "iterations": 2495,
      "real_time": 2.7528008977971336e+02,
      "cpu_time": 2.8227360681362580e+02,
      "time_unit": "us",
      "code_size": 1.8420000000000000e+03,
      "execution_time_ns": 2.7520945811623248e+05,
      "gas_rate": 1.0628999409005926e+10,
      "gas_used": 3.0002860000000000e+06,
      "input_size": 5.3790000000000000e+03
    },
    {
      "name": "external/total/main/sha1_divs/5311",
      "family_index": 4,
      "per_family_instance_index": 0,
      "run_name": "external/total/main/sha1_divs/5311",
      "run_type": "iteration",
      "repetitions": 20,
      "repetition_index": 1,
      "threads": 1,
      "iterations": 2495,
      "real_time": 2.7869977715461590e+02,
      "cpu_time": 2.8573005210420752e+02,
      "time_unit": "us",
      "code_size": 1.8420000000000000e+03,
      "execution_time_ns": 2.7864058677354711e+05,
      "gas_rate": 1.0500421561907591e+10,
      "gas_used": 3.0002860000000000e+06,
      "input_size": 5.3790000000000000e+03
    },
    {
      "name": "external/total/main/sha1_divs/5311",
      "family_index": 4,
      "per_family_instance_index": 0,
      "run_name": "external/total/main/sha1_divs/5311",
      "run_type": "iteration",
      "repetitions": 20,
      "repetition_index": 2,
      "threads": 1,
      "iterations": 2495,
      "real_time": 2.7939297194383676e+02,
      "cpu_time": 2.8650777234468978e+02,
      "time_unit": "us",
      "code_size": 1.8420000000000000e+03,
      "execution_time_ns": 2.7934025971943885e+05,
      "gas_rate": 1.0471918354767830e+10,
      "gas_used": 3.0002860000000000e+06,
      "input_size": 5.3790000000000000e+03
    },
    {
      "name": "external/total/main/sha1_divs/5311",
      "family_index": 4,
      "per_family_instance_index": 0,
      "run_name": "external/total/main/sha1_divs/5311",
      "run_type": "iteration",
      "repetitions": 20,
      "repetition_index": 3,
      "threads": 1,
      "iterations": 2495,
      "real_time": 2.7549884408820401e+02,
      "cpu_time": 2.8250197715430988e+02,
      "time_unit": "us",
      "code_size": 1.8420000000000000e+03,
      "execution_time_ns": 2.7542945771543088e+05,
      "gas_rate": 1.0620407086075600e+10,
      "gas_used": 3.0002860000000000e+06,
      "input_size": 5.3790000000000000e+03
    },
    {
      "name": "external/total/main/sha1_divs/5311",
      "family_index": 4,
      "per_family_instance_index": 0,
      "run_name": "external/total/main/sha1_divs/5311",
      "run_type": "iteration",
      "repetitions": 20,
      "repetition_index": 4,
      "threads": 1,
      "iterations": 2495,
      "real_time": 2.7669770861721844e+02,
      "cpu_time": 2.8371378957916056e+02,
      "time_unit": "us",
      "code_size": 1.8420000000000000e+03,
      "execution_time_ns": 2.7664471102204407e+05,
      "gas_rate": 1.0575044676010975e+10,
      "gas_used": 3.0002860000000000e+06,
      "input_size": 5.3790000000000000e+03
    },
    {
      "name": "external/total/main/sha1_divs/5311",
      "family_index": 4,
      "per_family_instance_index": 0,
      "run_name": "external/total/main/sha1_divs/5311",
      "run_type": "iteration",
      "repetitions": 20,
      "repetition_index": 5,
      "threads": 1,
      "iterations": 2495,
      "real_time": 2.7594763286577870e+02,
      "cpu_time": 2.8296201963927649e+02,
      "time_unit": "us",
      "code_size": 1.8420000000000000e+03,
      "execution_time_ns": 2.7589430100200401e+05,
      "gas_rate": 1.0603140321887730e+10,
      "gas_used": 3.0002860000000000e+06,
      "input_size": 5.3790000000000000e+03
    },
    {
      "name": "external/total/main/sha1_divs/5311",
      "family_index": 4,
      "per_family_instance_index": 0,
      "run_name": "external/total/main/sha1_divs/5311",
      "run_type": "iteration",
      "repetitions": 20,
      "repetition_index": 6,
      "threads": 1,
      "iterations": 2495,
      "real_time": 2.7793349579182455e+02,
      "cpu_time": 2.8497626332665334e+02,
      "time_unit": "us",
      "code_size": 1.8420000000000000e+03,
      "execution_time_ns": 2.7787975150300603e+05,
      "gas_rate": 1.0528196155624826e+10,
      "gas_used": 3.0002860000000000e+06,
      "input_size": 5.3790000000000000e+03
    },
    {
      "name": "external/total/main/sha1_divs/5311",
      "family_index": 4,
      "per_family_instance_index": 0,
      "run_name": "external/total/main/sha1_divs/5311",
      "run_type": "iteration",
      "repetitions": 20,
      "repetition_index": 7,
      "threads": 1,
      "iterations": 2495,
      "real_time": 2.6928950621244189e+02,
      "cpu_time": 2.7612645170340789e+02,
      "time_unit": "us",
      "code_size": 1.8420000000000000e+03,
      "execution_time_ns": 2.6924074989979959e+05,
      "gas_rate": 1.0865623273291679e+10,
      "gas_used": 3.0002860000000000e+06,
      "input_size": 5.3790000000000000e+03
    },
    {
      "name": "external/total/main/sha1_divs/5311",
      "family_index": 4,
      "per_family_instance_index": 0,
      "run_name": "external/total/main/sha1_divs/5311",
      "run_type": "iteration",
      "repetitions": 20,
      "repetition_index": 8,
      "threads": 1,
      "iterations": 2495,
      "real_time": 2.6927171142295390e+02,
      "cpu_time": 2.7612412104208755e+02,
      "time_unit": "us",
      "code_size": 1.8420000000000000e+03,
      "execution_time_ns": 2.6921200601202407e+05,
      "gas_rate": 1.0865714985988815e+10,
      "gas_used": 3.0002860000000000e+06,
      "input_size": 5.3790000000000000e+03
    },
    {
      "name": "external/total/main/sha1_divs/5311",
      "family_index": 4,
      "per_family_instance_index": 0,
      "run_name": "external/total/main/sha1_divs/5311",
      "run_type": "iteration",
      "repetitions": 20,
      "repetition_index": 9,
      "threads": 1,
      "iterations": 2495,
      "real_time": 2.6697438957937430e+02,
      "cpu_time": 2.7374084008015927e+02,
      "time_unit": "us",
      "code_size": 1.8420000000000000e+03,
      "execution_time_ns": 2.6692569498997997e+05,
      "gas_rate": 1.0960315600410334e+10,
      "gas_used": 3.0002860000000000e+06,
      "input_size": 5.3790000000000000e+03
    },
    {
      "name": "external/total/main/sha1_divs/5311",
      "family_index": 4,
      "per_family_instance_index": 0,
      "run_name": "external/total/main/sha1_divs/5311",
      "run_type": "iteration",
      "repetitions": 20,
      "repetition_index": 10,
      "threads": 1,
      "iterations": 2495,
      "real_time": 2.6927438316625472e+02,
      "cpu_time": 2.7612294709419001e+02,
      "time_unit": "us",
      "code_size": 1.8420000000000000e+03,
      "execution_time_ns": 2.6922493867735472e+05,
      "gas_rate": 1.0865761182016335e+10,
      "gas_used": 3.0002860000000000e+06,
      "input_size": 5.3790000000000000e+03
    },
    {
      "name": "external/total/main/sha1_divs/5311",
      "family_index": 4,
      "per_family_instance_index": 0,
      "run_name": "external/total/main/sha1_divs/5311",
      "run_type": "iteration",
      "repetitions": 20,
      "repetition_index": 11,
      "threads": 1,
      "iterations": 2495,
      "real_time": 2.6839182124250533e+02,
      "cpu_time": 2.7522660921844073e+02,
      "time_unit": "us",
      "code_size": 1.8420000000000000e+03,
      "execution_time_ns": 2.6834244128256512e+05,
      "gas_rate": 1.0901147997716839e+10,
      "gas_used": 3.0002860000000000e+06,
      "input_size": 5.3790000000000000e+03
    },
    {
      "name": "external/total/main/sha1_divs/5311",
      "family_index": 4,
      "per_family_instance_index": 0,
      "run_name": "external/total/main/sha1_divs/5311",
      "run_type": "iteration",
      "repetitions": 20,
      "repetition_index": 12,
      "threads": 1,
      "iterations": 2495,
      "real_time": 2.6655461402799324e+02,
      "cpu_time": 2.7330339559118335e+02,
      "time_unit": "us",
      "code_size": 1.8420000000000000e+03,
      "execution_time_ns": 2.6650866733466933e+05,
      "gas_rate": 1.0977858484012146e+10,
      "gas_used": 3.0002860000000000e+06,
      "input_size": 5.3790000000000000e+03
    },
    {
      "name": "external/total/main/sha1_divs/5311",
      "family_index": 4,
      "per_family_instance_index": 0,
      "run_name": "external/total/main/sha1_divs/5311",
      "run_type": "iteration",
      "repetitions": 20,
      "repetition_index": 13,
      "threads": 1,
      "iterations": 2495,
      "real_time": 2.7189550541104740e+02,
      "cpu_time": 2.7832899599198373e+02,
      "time_unit": "us",
      "code_size": 1.8420000000000000e+03,
      "execution_time_ns": 2.7184214909819642e+05,
      "gas_rate": 1.0779638640619436e+10,
      "gas_used": 3.0002860000000000e+06,
      "input_size": 5.3790000000000000e+03
    },
    {
      "name": "external/total/main/sha1_divs/5311",
      "family_index": 4,
      "per_family_instance_index": 0,
      "run_name": "external/total/main/sha1_divs/5311",
      "run_type": "iteration",
      "repetitions": 20,
      "repetition_index": 14,
      "threads": 1,
      "iterations": 2495,
      "real_time": 2.7534966533082383e+02,
      "cpu_time": 2.8156216112224462e+02,
      "time_unit": "us",
      "code_size": 1.8420000000000000e+03,
      "execution_time_ns": 2.7529740681362728e+05,
      "gas_rate": 1.0655856554167374e+10,
      "gas_used": 3.0002860000000000e+06,
      "input_size": 5.3790000000000000e+03
    },
    {
      "name": "external/total/main/sha1_divs/5311",
      "family_index": 4,
      "per_family_instance_index": 0,
      "run_name": "external/total/main/sha1_divs/5311",
      "run_type": "iteration",
      "repetitions": 20,
      "repetition_index": 15,
      "threads": 1,
      "iterations": 2495,
      "real_time": 2.7680471462946718e+02,
      "cpu_time": 2.8303545330661399e+02,
      "time_unit": "us",
      "code_size": 1.8420000000000000e+03,
      "execution_time_ns": 2.7675312905811623e+05,
      "gas_rate": 1.0600389332674067e+10,
      "gas_used": 3.0002860000000000e+06,
      "input_size": 5.3790000000000000e+03
    },
    {
      "name": "external/total/main/sha1_divs/5311",
      "family_index": 4,
      "per_family_instance_index": 0,
      "run_name": "external/total/main/sha1_divs/5311",
      "run_type": "iteration",
      "repetitions": 20,
      "repetition_index": 16,
      "threads": 1,
      "iterations": 2495,
      "real_time": 2.7501680921844951e+02,
      "cpu_time": 2.8122523967935814e+02,
      "time_unit": "us",
      "code_size": 1.8420000000000000e+03,
      "execution_time_ns": 2.7496551543086173e+05,
      "gas_rate": 1.0668622785852388e+10,
      "gas_used": 3.0002860000000000e+06,
      "input_size": 5.3790000000000000e+03
    },
    {
      "name": "external/total/main/sha1_divs/5311",
      "family_index": 4,
      "per_family_instance_index": 0,
      "run_name": "external/total/main/sha1_divs/5311",
      "run_type": "iteration",
      "repetitions": 20,
      "repetition_index": 17,
      "threads": 1,
      "iterations": 2495,
      "real_time": 2.7532299919842046e+02,
      "cpu_time": 2.8153776753507105e+02,
      "time_unit": "us",
      "code_size": 1.8420000000000000e+03,
      "execution_time_ns": 2.7527195791583165e+05,
      "gas_rate": 1.0656779821294333e+10,
      "gas_used": 3.0002860000000000e+06,
      "input_size": 5.3790000000000000e+03
    },
    {
      "name": "external/total/main/sha1_divs/5311",
      "family_index": 4,
      "per_family_instance_index": 0,
      "run_name": "external/total/main/sha1_divs/5311",
      "run_type": "iteration",
      "repetitions": 20,
      "repetition_index": 18,
      "threads": 1,
      "iterations": 2495,
      "real_time": 2.7515845370750367e+02,
      "cpu_time": 2.8133907975952116e+02,
      "time_unit": "us",
      "code_size": 1.8420000000000000e+03,
      "execution_time_ns": 2.7510539679358719e+05,
      "gas_rate": 1.0664305870924650e+10,
      "gas_used": 3.0002860000000000e+06,
      "input_size": 5.3790000000000000e+03
    },
    {
      "name": "external/total/main/sha1_divs/5311",
      "family_index": 4,
      "per_family_instance_index": 0,
      "run_name": "external/total/main/sha1_divs/5311",
      "run_type": "iteration",
      "repetitions": 20,
      "repetition_index": 19,
      "threads": 1,
      "iterations": 2495,
      "real_time": 2.7415912785570663e+02,
      "cpu_time": 2.8035046052104622e+02,
      "time_unit": "us",
      "code_size": 1.8420000000000000e+03,
      "execution_time_ns": 2.7408965090180363e+05,
      "gas_rate": 1.0701912151040556e+10,
      "gas_used": 3.0002860000000000e+06,
      "input_size": 5.3790000000000000e+03
    },
    {
      "name": "external/total/main/sha1_divs/5311_mean",
      "family_index": 4,
      "per_family_instance_index": 0,
      "run_name": "external/total/main/sha1_divs/5311",
      "run_type": "aggregate",
      "repetitions": 20,
      "threads": 1,
      "aggregate_name": "mean",
      "aggregate_unit": "time",
      "iterations": 20,
      "real_time": 2.7364571106220671e+02,
      "cpu_time": 2.8033445018036156e+02,
      "time_unit": "us",
      "code_size": 1.8420000000000000e+03,
      "execution_time_ns": 2.7359091150300601e+05,
      "gas_rate": 1.0704602712264473e+10,
      "gas_used": 3.0002860000000000e+06,
      "input_size": 5.3790000000000000e+03
    },
    {
      "name": "external/total/main/sha1_divs/5311_median",
      "family_index": 4,
      "per_family_instance_index": 0,
      "run_name": "external/total/main/sha1_divs/5311",
      "run_type": "aggregate",
      "repetitions": 20,
      "threads": 1,
      "aggregate_name": "median",
      "aggregate_unit": "time",
      "iterations": 20,
      "real_time": 2.7521927174360849e+02,
      "cpu_time": 2.8143842364729613e+02,
      "time_unit": "us",
      "code_size": 1.8420000000000000e+03,
      "execution_time_ns": 2.7515742745490983e+05,
      "gas_rate": 1.0660542846109491e+10,
      "gas_used": 3.0002860000000000e+06,
      "input_size": 5.3790000000000000e+03
    },
    {
      "name": "external/total/main/sha1_divs/5311_stddev",
      "family_index": 4,
      "per_family_instance_index": 0,
      "run_name": "external/total/main/sha1_divs/5311",
      "run_type": "aggregate",
      "repetitions": 20,
      "threads": 1,
      "aggregate_name": "stddev",
      "aggregate_unit": "time",
      "iterations": 20,
      "real_time": 3.9767756150675866e+00,
      "cpu_time": 3.9986794572376736e+00,
      "time_unit": "us",
      "code_size": 0.0000000000000000e+00,
      "execution_time_ns": 3.9742431309179797e+03,
      "gas_rate": 1.5346184865329221e+08,
      "gas_used": 0.0000000000000000e+00,
      "input_size": 0.0000000000000000e+00
    },
    {
      "name": "external/total/main/sha1_divs/5311_cv",
      "family_index": 4,
      "per_family_instance_index": 0,
      "run_name": "external/total/main/sha1_divs/5311",
      "run_type": "aggregate",
      "repetitions": 20,
      "threads": 1,
      "aggregate_name": "cv",
      "aggregate_unit": "percentage",
      "iterations": 20,
      "real_time": 1.4532570598789920e-02,
      "cpu_time": 1.4263960261270081e-02,
      "time_unit": "us",
      "code_size": 0.0000000000000000e+00,
      "execution_time_ns": 1.4526224972477983e-02,
      "gas_rate": 1.4336062045298324e-02,
      "gas_used": 0.0000000000000000e+00,
      "input_size": 0.0000000000000000e+00
    },
    {
      "name": "external/total/main/sha1_shifts/empty",
      "family_index": 5,
      "per_family_instance_index": 0,
      "run_name": "external/total/main/sha1_shifts/empty",
      "run_type": "iteration",
      "repetitions": 20,
      "repetition_index": 0,
      "threads": 1,
      "iterations": 179199,
      "real_time": 3.7638985485406193e+00,
      "cpu_time": 3.8486695015039110e+00,
      "time_unit": "us",
      "code_size": 1.2660000000000000e+03,
      "execution_time_ns": 3.7430487279504910e+03,
      "gas_rate": 9.1548520823188171e+09,
      "gas_used": 3.5234000000000000e+04,
      "input_size": 6.8000000000000000e+01
    },
    {
      "name": "external/total/main/sha1_shifts/empty",
      "family_index": 5,
      "per_family_instance_index": 0,
      "run_name": "external/total/main/sha1_shifts/empty",
      "run_type": "iteration",
      "repetitions": 20,
      "repetition_index": 1,
      "threads": 1,
      "iterations": 179199,
      "real_time": 3.7552364243107541e+00,
      "cpu_time": 3.8401149169359377e+00,
      "time_unit": "us",
      "code_size": 1.2660000000000000e+03,
      "execution_time_ns": 3.7344039419862834e+03,
      "gas_rate": 9.1752462522953682e+09,
      "gas_used": 3.5234000000000000e+04,
      "input_size": 6.8000000000000000e+01
    },
    {
      "name": "external/total/main/sha1_shifts/empty",
      "family_index": 5,
      "per_family_instance_index": 0,
      "run_name": "external/total/main/sha1_shifts/empty",
      "run_type": "iteration",
      "repetitions": 20,
      "repetition_index": 2,
      "threads": 1,
      "iterations": 179199,
      "real_time": 3.7834379488697008e+00,
      "cpu_time": 3.8688539779797928e+00,
      "time_unit": "us",
      "code_size": 1.2660000000000000e+03,
      "execution_time_ns": 3.7620594367156068e+03,
      "gas_rate": 9.1070896447733612e+09,
      "gas_used": 3.5234000000000000e+04,
      "input_size": 6.8000000000000000e+01
    },
    {
      "name": "external/total/main/sha1_shifts/empty",
      "family_index": 5,
      "per_family_instance_index": 0,
      "run_name": "external/total/main/sha1_shifts/empty",
      "run_type": "iteration",
      "repetitions": 20,
      "repetition_index": 3,
      "threads": 1,
      "iterations": 179199,
      "real_time": 3.7669687554089295e+00,
      "cpu_time": 3.8517355063365417e+00,
      "time_unit": "us",
      "code_size": 1.2660000000000000e+03,
      "execution_time_ns": 3.7451264069553959e+03,
      "gas_rate": 9.1475647645161705e+09,
      "gas_used": 3.5234000000000000e+04,
      "input_size": 6.8000000000000000e+01
    },
    {
      "name": "external/total/main/sha1_shifts/empty",
      "family_index": 5,
      "per_family_instance_index": 0,
      "run_name": "external/total/main/sha1_shifts/empty",
      "run_type": "iteration",
      "repetitions": 20,
      "repetition_index": 4,
      "threads": 1,
      "iterations": 179199,
      "real_time": 3.7829220642992296e+00,
      "cpu_time": 3.8706060469087711e+00,
      "time_unit": "us",
      "code_size": 1.2660000000000000e+03,
      "execution_time_ns": 3.7629314560907146e+03,
      "gas_rate": 9.1029672286435223e+09,
      "gas_used": 3.5234000000000000e+04,
      "input_size": 6.8000000000000000e+01
    },
    {
      "name": "external/total/main/sha1_shifts/empty",
      "family_index": 5,
      "per_family_instance_index": 0,
      "run_name": "external/total/main/sha1_shifts/empty",
      "run_type": "iteration",
      "repetitions": 20,
      "repetition_index": 5,
      "threads": 1,
      "iterations": 179199,
      "real_time": 3.7446112310926747e+00,
      "cpu_time": 3.8334110402401547e+00,
      "time_unit": "us",
      "code_size": 1.2660000000000000e+03,
      "execution_time_ns": 3.7235918001774562e+03,
      "gas_rate": 9.1912919408174572e+09,
      "gas_used": 3.5234000000000000e+04,
      "input_size": 6.8000000000000000e+01
    },
    {
      "name": "external/total/main/sha1_shifts/empty",
      "family_index": 5,
      "per_family_instance_index": 0,
      "run_name": "external/total/main/sha1_shifts/empty",
      "run_type": "iteration",
      "repetitions": 20,
      "repetition_index": 6,
      "threads": 1,
      "iterations": 179199,
      "real_time": 3.8048691677968201e+00,
      "cpu_time": 3.8947831963348003e+00,
      "time_unit": "us",
      "code_size": 1.2660000000000000e+03,
      "execution_time_ns": 3.7837991562452917e+03,
      "gas_rate": 9.0464598987581863e+09,
      "gas_used": 3.5234000000000000e+04,
      "input_size": 6.8000000000000000e+01
    },
    {
      "name": "external/total/main/sha1_shifts/empty",
      "family_index": 5,
      "per_family_instance_index": 0,
      "run_name": "external/total/main/sha1_shifts/empty",
      "run_type": "iteration",
      "repetitions": 20,
      "repetition_index": 7,
      "threads": 1,
      "iterations": 179199,
      "real_time": 3.8696685305164076e+00,
      "cpu_time": 3.9614602257824445e+00,
      "time_unit": "us",
      "code_size": 1.2660000000000000e+03,
      "execution_time_ns": 3.8477061702353249e+03,
      "gas_rate": 8.8941950674364758e+09,
      "gas_used": 3.5234000000000000e+04,
      "input_size": 6.8000000000000000e+01
    },
    {
      "name": "external/total/main/sha1_shifts/empty",
      "family_index": 5,
      "per_family_instance_index": 0,
      "run_name": "external/total/main/sha1_shifts/empty",
      "run_type": "iteration",
      "repetitions": 20,
      "repetition_index": 8,
      "threads": 1,
      "iterations": 179199,
      "real_time": 3.8534051640926212e+00,
      "cpu_time": 3.9444360124777753e+00,
      "time_unit": "us",
      "code_size": 1.2660000000000000e+03,
      "execution_time_ns": 3.8317865668893241e+03,
      "gas_rate": 8.9325824752996998e+09,
      "gas_used": 3.5234000000000000e+04,
      "input_size": 6.8000000000000000e+01
    },
    {
      "name": "external/total/main/sha1_shifts/empty",
      "family_index": 5,
      "per_family_instance_index": 0,
      "run_name": "external/total/main/sha1_shifts/empty",
      "run_type": "iteration",
      "repetitions": 20,
      "repetition_index": 9,
      "threads": 1,
      "iterations": 179199,
      "real_time": 3.8329207752290007e+00,
      "cpu_time": 3.9234849022594487e+00,
      "time_unit": "us",
      "code_size": 1.2660000000000000e+03,
      "execution_time_ns": 3.8125659629797042e+03,
      "gas_rate": 8.9802817846220131e+09,
      "gas_used": 3.5234000000000000e+04,
      "input_size": 6.8000000000000000e+01
    },
    {
      "name": "external/total/main/sha1_shifts/empty",
      "family_index": 5,
      "per_family_instance_index": 0,
      "run_name": "external/total/main/sha1_shifts/empty",
      "run_type": "iteration",
      "repetitions": 20,
      "repetition_index": 10,
      "threads": 1,
      "iterations": 179199,
      "real_time": 3.8222329756345261e+00,
      "cpu_time": 3.9129547095687407e+00,
      "time_unit": "us",
      "code_size": 1.2660000000000000e+03,
      "execution_time_ns": 3.8017895858793854e+03,
      "gas_rate": 9.0044487133568840e+09,
      "gas_used": 3.5234000000000000e+04,
      "input_size": 6.8000000000000000e+01
    },
    {
      "name": "external/total/main/sha1_shifts/empty",
      "family_index": 5,
      "per_family_instance_index": 0,
      "run_name": "external/total/main/sha1_shifts/empty",
      "run_type": "iteration",
      "repetitions": 20,
      "repetition_index": 11,
      "threads": 1,
      "iterations": 179199,
      "real_time": 3.8572490304042217e+00,
      "cpu_time": 3.9485042773676384e+00,
      "time_unit": "us",
      "code_size": 1.2660000000000000e+03,
      "execution_time_ns": 3.8369782364856947e+03,
      "gas_rate": 8.9233789619925537e+09,
      "gas_used": 3.5234000000000000e+04,
      "input_size": 6.8000000000000000e+01
    },
    {
      "name": "external/total/main/sha1_shifts/empty",
      "family_index": 5,
      "per_family_instance_index": 0,
      "run_name": "external/total/main/sha1_shifts/empty",
      "run_type": "iteration",
      "repetitions": 20,
      "repetition_index": 12,
      "threads": 1,
      "iterations": 179199,
      "real_time": 3.9092973063495799e+00,
      "cpu_time": 4.0010042355147410e+00,
      "time_unit": "us",
      "code_size": 1.2660000000000000e+03,
      "execution_time_ns": 3.8874524132389133e+03,
      "gas_rate": 8.8062891029324398e+09,
      "gas_used": 3.5234000000000000e+04,
      "input_size": 6.8000000000000000e+01
    },
    {
      "name": "external/total/main/sha1_shifts/empty",
      "family_index": 5,
      "per_family_instance_index": 0,
      "run_name": "external/total/main/sha1_shifts/empty",
      "run_type": "iteration",
      "repetitions": 20,
      "repetition_index": 13,
      "threads": 1,
      "iterations": 179199,
      "real_time": 3.7416410694231614e+00,
      "cpu_time": 3.8304611577073455e+00,
      "time_unit": "us",
      "code_size": 1.2660000000000000e+03,
      "execution_time_ns": 3.7210211217696528e+03,
      "gas_rate": 9.1983702612686672e+09,
      "gas_used": 3.5234000000000000e+04,
      "input_size": 6.8000000000000000e+01
    },
    {
      "name": "external/total/main/sha1_shifts/empty",
      "family_index": 5,
      "per_family_instance_index": 0,
      "run_name": "external/total/main/sha1_shifts/empty",
      "run_type": "iteration",
      "repetitions": 20,
      "repetition_index": 14,
      "threads": 1,
      "iterations": 179199,
      "real_time": 3.6951553412695106e+00,
      "cpu_time": 3.7826012700963707e+00,
      "time_unit": "us",
      "code_size": 1.2660000000000000e+03,
      "execution_time_ns": 3.6759238276999313e+03,
      "gas_rate": 9.3147539177721291e+09,
      "gas_used": 3.5234000000000000e+04,
      "input_size": 6.8000000000000000e+01
    },
    {
      "name": "external/total/main/sha1_shifts/empty",
      "family_index": 5,
      "per_family_instance_index": 0,
      "run_name": "external/total/main/sha1_shifts/empty",
      "run_type": "iteration",
      "repetitions": 20,
      "repetition_index": 15,
      "threads": 1,
      "iterations": 179199,
      "real_time": 3.7609837610697139e+00,
      "cpu_time": 3.8500069420029757e+00,
      "time_unit": "us",
      "code_size": 1.2660000000000000e+03,
      "execution_time_ns": 3.7415689763893770e+03,
      "gas_rate": 9.1516718101472893e+09,
      "gas_used": 3.5234000000000000e+04,
      "input_size": 6.8000000000000000e+01
    },
    {
      "name": "external/total/main/sha1_shifts/empty",
      "family_index": 5,
      "per_family_instance_index": 0,
      "run_name": "external/total/main/sha1_shifts/empty",
      "run_type": "iteration",
      "repetitions": 20,
      "repetition_index": 16,
      "threads": 1,
      "iterations": 179199,
      "real_time": 3.7282697894522747e+00,
      "cpu_time": 3.8191953414918522e+00,
      "time_unit": "us",
      "code_size": 1.2660000000000000e+03,
      "execution_time_ns": 3.7087394405102709e+03,
      "gas_rate": 9.2255035025877762e+09,
      "gas_used": 3.5234000000000000e+04,
      "input_size": 6.8000000000000000e+01
    },
    {
      "name": "external/total/main/sha1_shifts/empty",
      "family_index": 5,
      "per_family_instance_index": 0,
      "run_name": "external/total/main/sha1_shifts/empty",
      "run_type": "iteration",
      "repetitions": 20,
      "repetition_index": 17,
      "threads": 1,
      "iterations": 179199,
      "real_time": 3.7273220330490417e+00,
      "cpu_time": 3.8183940926009750e+00,
      "time_unit": "us",
      "code_size": 1.2660000000000000e+03,
      "execution_time_ns": 3.7071686393339251e+03,
      "gas_rate": 9.2274393751745148e+09,
      "gas_used": 3.5234000000000000e+04,
      "input_size": 6.8000000000000000e+01
    },
    {
      "name": "external/total/main/sha1_shifts/empty",
      "family_index": 5,
      "per_family_instance_index": 0,
      "run_name": "external/total/main/sha1_shifts/empty",
      "run_type": "iteration",
      "repetitions": 20,
      "repetition_index": 18,
      "threads": 1,
      "iterations": 179199,
      "real_time": 3.7531518423661194e+00,
      "cpu_time": 3.8450885830835730e+00,
      "time_unit": "us",
      "code_size": 1.2660000000000000e+03,
      "execution_time_ns": 3.7313018822649678e+03,
      "gas_rate": 9.1633779661180267e+09,
      "gas_used": 3.5234000000000000e+04,
      "input_size": 6.8000000000000000e+01
    },
    {
      "name": "external/total/main/sha1_shifts/empty",
      "family_index": 5,
      "per_family_instance_index": 0,
      "run_name": "external/total/main/sha1_shifts/empty",
      "run_type": "iteration",
      "repetitions": 20,
      "repetition_index": 19,
      "threads": 1,
      "iterations": 179199,
      "real_time": 3.7407077718078607e+00,
      "cpu_time": 3.8325869117573257e+00,
      "time_unit": "us",
      "code_size": 1.2660000000000000e+03,
      "execution_time_ns": 3.7208698876667841e+03,
      "gas_rate": 9.1932683618763466e+09,
      "gas_used": 3.5234000000000000e+04,
      "input_size": 6.8000000000000000e+01
    },
    {
      "name": "external/total/main/sha1_shifts/empty_mean",
      "family_index": 5,
      "per_family_instance_index": 0,
      "run_name": "external/total/main/sha1_shifts/empty",
      "run_type": "aggregate",
      "repetitions": 20,
      "threads": 1,
      "aggregate_name": "mean",
      "aggregate_unit": "time",
      "iterations": 20,
      "real_time": 3.7846974765491388e+00,
      "cpu_time": 3.8739176423975565e+00,
      "time_unit": "us",
      "code_size": 1.2660000000000000e+03,
      "execution_time_ns": 3.7639916818732236e+03,
      "gas_rate": 9.0970516556353855e+09,
      "gas_used": 3.5234000000000000e+04,
      "input_size": 6.8000000000000000e+01
    },
    {
      "name": "external/total/main/sha1_shifts/empty_median",
      "family_index": 5,
      "per_family_instance_index": 0,
      "run_name": "external/total/main/sha1_shifts/empty",
      "run_type": "aggregate",
      "repetitions": 20,
      "threads": 1,
      "aggregate_name": "median",
      "aggregate_unit": "time",
      "iterations": 20,
      "real_time": 3.7654336519747735e+00,
      "cpu_time": 3.8508712241697589e+00,
      "time_unit": "us",
      "code_size": 1.2660000000000000e+03,
      "execution_time_ns": 3.7440875674529434e+03,
      "gas_rate": 9.1496182873317299e+09,
      "gas_used": 3.5234000000000000e+04,
      "input_size": 6.8000000000000000e+01
    },
    {
      "name": "external/total/main/sha1_shifts/empty_stddev",
      "family_index": 5,
      "per_family_instance_index": 0,
      "run_name": "external/total/main/sha1_shifts/empty",
      "run_type": "aggregate",
      "repetitions": 20,
      "threads": 1,
      "aggregate_name": "stddev",
      "aggregate_unit": "time",
      "iterations": 20,
      "real_time": 5.6165969474823149e-02,
      "cpu_time": 5.7184847258262617e-02,
      "time_unit": "us",
      "code_size": 0.0000000000000000e+00,
      "execution_time_ns": 5.5713672252394481e+01,
      "gas_rate": 1.3308102326027004e+08,
      "gas_used": 0.0000000000000000e+00,
      "input_size": 0.0000000000000000e+00
    },
    {
      "name": "external/total/main/sha1_shifts/empty_cv",
      "family_index": 5,
      "per_family_instance_index": 0,
      "run_name": "external/total/main/sha1_shifts/empty",
      "run_type": "aggregate",
      "repetitions": 20,
      "threads": 1,
      "aggregate_name": "cv",
      "aggregate_unit": "percentage",
      "iterations": 20,
      "real_time": 1.4840279790614837e-02,
      "cpu_time": 1.4761503092479551e-02,
      "time_unit": "us",
      "code_size": 0.0000000000000000e+00,
      "execution_time_ns": 1.4801752225091924e-02,
      "gas_rate": 1.4629027985988167e-02,
      "gas_used": 0.0000000000000000e+00,
      "input_size": 0.0000000000000000e+00
    },
    {
      "name": "external/total/main/sha1_shifts/5311",
      "family_index": 6,
      "per_family_instance_index": 0,
      "run_name": "external/total/main/sha1_shifts/5311",
      "run_type": "iteration",
      "repetitions": 20,
      "repetition_index": 0,
      "threads": 1,
      "iterations": 2649,
      "real_time": 2.5727991166466262e+02,
      "cpu_time": 2.6357375990940301e+02,
      "time_unit": "us",
      "code_size": 1.2660000000000000e+03,
      "execution_time_ns": 2.5722993280483200e+05,
      "gas_rate": 1.0996819262267527e+10,
      "gas_used": 2.8984730000000000e+06,
      "input_size": 5.3790000000000000e+03
    },
    {
      "name": "external/total/main/sha1_shifts/5311",
      "family_index": 6,
      "per_family_instance_index": 0,
      "run_name": "external/total/main/sha1_shifts/5311",
      "run_type": "iteration",
      "repetitions": 20,
      "repetition_index": 1,
      "threads": 1,
      "iterations": 2649,
      "real_time": 2.5633523858058294e+02,
      "cpu_time": 2.6262143035107709e+02,
      "time_unit": "us",
      "code_size": 1.2660000000000000e+03,
      "execution_time_ns": 2.5628653642884106e+05,
      "gas_rate": 1.1036696419348825e+10,
      "gas_used": 2.8984730000000000e+06,
      "input_size": 5.3790000000000000e+03
    },
    {
      "name": "external/total/main/sha1_shifts/5311",
      "family_index": 6,
      "per_family_instance_index": 0,
      "run_name": "external/total/main/sha1_shifts/5311",
      "run_type": "iteration",
      "repetitions": 20,
      "repetition_index": 2,
      "threads": 1,
      "iterations": 2649,
      "real_time": 2.5811027142332858e+02,
      "cpu_time": 2.6444345337863189e+02,
      "time_unit": "us",
      "code_size": 1.2660000000000000e+03,
      "execution_time_ns": 2.5805910268025671e+05,
      "gas_rate": 1.0960653262419573e+10,
      "gas_used": 2.8984730000000000e+06,
      "input_size": 5.3790000000000000e+03
    },
    {
      "name": "external/total/main/sha1_shifts/5311",
      "family_index": 6,
      "per_family_instance_index": 0,
      "run_name": "external/total/main/sha1_shifts/5311",
      "run_type": "iteration",
      "repetitions": 20,
      "repetition_index": 3,
      "threads": 1,
      "iterations": 2649,
      "real_time": 2.5874744658350704e+02,
      "cpu_time": 2.6507133408833386e+02,
      "time_unit": "us",
      "code_size": 1.2660000000000000e+03,
      "execution_time_ns": 2.5869692034730088e+05,
      "gas_rate": 1.0934690504987221e+10,
      "gas_used": 2.8984730000000000e+06,
      "input_size": 5.3790000000000000e+03
    },
    {
      "name": "external/total/main/sha1_shifts/5311",
      "family_index": 6,
      "per_family_instance_index": 0,
      "run_name": "external/total/main/sha1_shifts/5311",
      "run_type": "iteration",
      "repetitions": 20,
      "repetition_index": 4,
      "threads": 1,
      "iterations": 2649,
      "real_time": 2.5533960135902302e+02,
      "cpu_time": 2.6161117516043890e+02,
      "time_unit": "us",
      "code_size": 1.2660000000000000e+03,
      "execution_time_ns": 2.5527856021140053e+05,
      "gas_rate": 1.1079316463535803e+10,
      "gas_used": 2.8984730000000000e+06,
      "input_size": 5.3790000000000000e+03
    },
    {
      "name": "external/total/main/sha1_shifts/5311",
      "family_index": 6,
      "per_family_instance_index": 0,
      "run_name": "external/total/main/sha1_shifts/5311",
      "run_type": "iteration",
      "repetitions": 20,
      "repetition_index": 5,
      "threads": 1,
      "iterations": 2649,
      "real_time": 2.5883379161950768e+02,
      "cpu_time": 2.6518153529633918e+02,
      "time_unit": "us",
      "code_size": 1.2660000000000000e+03,
      "execution_time_ns": 2.5878334352585883e+05,
      "gas_rate": 1.0930146387307734e+10,
      "gas_used": 2.8984730000000000e+06,
      "input_size": 5.3790000000000000e+03
    },
    {
      "name": "external/total/main/sha1_shifts/5311",
      "family_index": 6,
      "per_family_instance_index": 0,
      "run_name": "external/total/main/sha1_shifts/5311",
      "run_type": "iteration",
      "repetitions": 20,
      "repetition_index": 6,
      "threads": 1,
      "iterations": 2649,
      "real_time": 2.5185470215170318e+02,
      "cpu_time": 2.5800926651566431e+02,
      "time_unit": "us",
      "code_size": 1.2660000000000000e+03,
      "execution_time_ns": 2.5173564854662138e+05,
      "gas_rate": 1.1233987984784365e+10,
      "gas_used": 2.8984730000000000e+06,
      "input_size": 5.3790000000000000e+03
    },
    {
      "name": "external/total/main/sha1_shifts/5311",
      "family_index": 6,
      "per_family_instance_index": 0,
      "run_name": "external/total/main/sha1_shifts/5311",
      "run_type": "iteration",
      "repetitions": 20,
      "repetition_index": 7,
      "threads": 1,
      "iterations": 2649,
      "real_time": 2.4869901585494691e+02,
      "cpu_time": 2.5482154624386828e+02,
      "time_unit": "us",
      "code_size": 1.2660000000000000e+03,
      "execution_time_ns": 2.4865420045300113e+05,
      "gas_rate": 1.1374520886181717e+10,
      "gas_used": 2.8984730000000000e+06,
      "input_size": 5.3790000000000000e+03
    },
    {
      "name": "external/total/main/sha1_shifts/5311",
      "family_index": 6,
      "per_family_instance_index": 0,
      "run_name": "external/total/main/sha1_shifts/5311",
      "run_type": "iteration",
      "repetitions": 20,
      "repetition_index": 8,
      "threads": 1,
      "iterations": 2649,
      "real_time": 2.5257804152495416e+02,
      "cpu_time": 2.5880759569648956e+02,
      "time_unit": "us",
      "code_size": 1.2660000000000000e+03,
      "execution_time_ns": 2.5251742355605890e+05,
      "gas_rate": 1.1199335136203325e+10,
      "gas_used": 2.8984730000000000e+06,
      "input_size": 5.3790000000000000e+03
    },
    {
      "name": "external/total/main/sha1_shifts/5311",
      "family_index": 6,
      "per_family_instance_index": 0,
      "run_name": "external/total/main/sha1_shifts/5311",
      "run_type": "iteration",
      "repetitions": 20,
      "repetition_index": 9,
      "threads": 1,
      "iterations": 2649,
      "real_time": 2.4920403057767160e+02,
      "cpu_time": 2.5534240958852246e+02,
      "time_unit": "us",
      "code_size": 1.2660000000000000e+03,
      "execution_time_ns": 2.4914958852397132e+05,
      "gas_rate": 1.1351318430302324e+10,
      "gas_used": 2.8984730000000000e+06,
      "input_size": 5.3790000000000000e+03
    },
    {
      "name": "external/total/main/sha1_shifts/5311",
      "family_index": 6,
      "per_family_instance_index": 0,
      "run_name": "external/total/main/sha1_shifts/5311",
      "run_type": "iteration",
      "repetitions": 20,
      "repetition_index": 10,
      "threads": 1,
      "iterations": 2649,
      "real_time": 2.5321683729722727e+02,
      "cpu_time": 2.5947081275953508e+02,
      "time_unit": "us",
      "code_size": 1.2660000000000000e+03,
      "execution_time_ns": 2.5316615439788598e+05,
      "gas_rate": 1.1170709218405090e+10,
      "gas_used": 2.8984730000000000e+06,
      "input_size": 5.3790000000000000e+03
    },
    {
      "name": "external/total/main/sha1_shifts/5311",
      "family_index": 6,
      "per_family_instance_index": 0,
      "run_name": "external/total/main/sha1_shifts/5311",
      "run_type": "iteration",
      "repetitions": 20,
      "repetition_index": 11,
      "threads": 1,
      "iterations": 2649,
      "real_time": 2.5386363155902646e+02,
      "cpu_time": 2.6011996602491763e+02,
      "time_unit": "us",
      "code_size": 1.2660000000000000e+03,
      "execution_time_ns": 2.5380916421291055e+05,
      "gas_rate": 1.1142831687600433e+10,
      "gas_used": 2.8984730000000000e+06,
      "input_size": 5.3790000000000000e+03
    },
    {
      "name": "external/total/main/sha1_shifts/5311",
      "family_index": 6,
      "per_family_instance_index": 0,
      "run_name": "external/total/main/sha1_shifts/5311",
      "run_type": "iteration",
      "repetitions": 20,
      "repetition_index": 12,
      "threads": 1,
      "iterations": 2649,
      "real_time": 2.5159575877700550e+02,
      "cpu_time": 2.5778806644016731e+02,
      "time_unit": "us",
      "code_size": 1.2660000000000000e+03,
      "execution_time_ns": 2.5153919214798036e+05,
      "gas_rate": 1.1243627527159937e+10,
      "gas_used": 2.8984730000000000e+06,
      "input_size": 5.3790000000000000e+03
    },
    {
      "name": "external/total/main/sha1_shifts/5311",
      "family_index": 6,
      "per_family_instance_index": 0,
      "run_name": "external/total/main/sha1_shifts/5311",
      "run_type": "iteration",
      "repetitions": 20,
      "repetition_index": 13,
      "threads": 1,
      "iterations": 2649,
      "real_time": 2.5852763042656022e+02,
      "cpu_time": 2.6491832314080415e+02,
      "time_unit": "us",
      "code_size": 1.2660000000000000e+03,
      "execution_time_ns": 2.5847226160815402e+05,
      "gas_rate": 1.0941006139690311e+10,
      "gas_used": 2.8984730000000000e+06,
      "input_size": 5.3790000000000000e+03
    },
    {
      "name": "external/total/main/sha1_shifts/5311",
      "family_index": 6,
      "per_family_instance_index": 0,
      "run_name": "external/total/main/sha1_shifts/5311",
      "run_type": "iteration",
      "repetitions": 20,
      "repetition_index": 14,
      "threads": 1,
      "iterations": 2649,
      "real_time": 2.5879502491495055e+02,
      "cpu_time": 2.6516095507739044e+02,
      "time_unit": "us",
      "code_size": 1.2660000000000000e+03,
      "execution_time_ns": 2.5874623065307664e+05,
      "gas_rate": 1.0930994720372936e+10,
      "gas_used": 2.8984730000000000e+06,
      "input_size": 5.3790000000000000e+03
    },
    {
      "name": "external/total/main/sha1_shifts/5311",
      "family_index": 6,
      "per_family_instance_index": 0,
      "run_name": "external/total/main/sha1_shifts/5311",
      "run_type": "iteration",
      "repetitions": 20,
      "repetition_index": 15,
      "threads": 1,
      "iterations": 2649,
      "real_time": 2.5770256058915464e+02,
      "cpu_time": 2.6405916534541308e+02,
      "time_unit": "us",
      "code_size": 1.2660000000000000e+03,
      "execution_time_ns": 2.5764445602114004e+05,
      "gas_rate": 1.0976604414425598e+10,
      "gas_used": 2.8984730000000000e+06,
      "input_size": 5.3790000000000000e+03
    },
    {
      "name": "external/total/main/sha1_shifts/5311",
      "family_index": 6,
      "per_family_instance_index": 0,
      "run_name": "external/total/main/sha1_shifts/5311",
      "run_type": "iteration",
      "repetitions": 20,
      "repetition_index": 16,
      "threads": 1,
      "iterations": 2649,
      "real_time": 2.5786117365048261e+02,
      "cpu_time": 2.6423531219328032e+02,
      "time_unit": "us",
      "code_size": 1.2660000000000000e+03,
      "execution_time_ns": 2.5781052661381653e+05,
      "gas_rate": 1.0969287094678143e+10,
      "gas_used": 2.8984730000000000e+06,
      "input_size": 5.3790000000000000e+03
    },
    {
      "name": "external/total/main/sha1_shifts/5311",
      "family_index": 6,
      "per_family_instance_index": 0,
      "run_name": "external/total/main/sha1_shifts/5311",
      "run_type": "iteration",
      "repetitions": 20,
      "repetition_index": 17,
      "threads": 1,
      "iterations": 2649,
      "real_time": 2.5903202680241168e+02,
      "cpu_time": 2.6541241638354165e+02,
      "time_unit": "us",
      "code_size": 1.2660000000000000e+03,
      "execution_time_ns": 2.5898353340883352e+05,
      "gas_rate": 1.0920638301304939e+10,
      "gas_used": 2.8984730000000000e+06,
      "input_size": 5.3790000000000000e+03
    },
    {
      "name": "external/total/main/sha1_shifts/5311",
      "family_index": 6,
      "per_family_instance_index": 0,
      "run_name": "external/total/main/sha1_shifts/5311",
      "run_type": "iteration",
      "repetitions": 20,
      "repetition_index": 18,
      "threads": 1,
      "iterations": 2649,
      "real_time": 2.5609634126084313e+02,
      "cpu_time": 2.6241127821819413e+02,
      "time_unit": "us",
      "code_size": 1.2660000000000000e+03,
      "execution_time_ns": 2.5603478897697243e+05,
      "gas_rate": 1.1045535160230154e+10,
      "gas_used": 2.8984730000000000e+06,
      "input_size": 5.3790000000000000e+03
    },
    {
      "name": "external/total/main/sha1_shifts/5311",
      "family_index": 6,
      "per_family_instance_index": 0,
      "run_name": "external/total/main/sha1_shifts/5311",
      "run_type": "iteration",
      "repetitions": 20,
      "repetition_index": 19,
      "threads": 1,
      "iterations": 2649,
      "real_time": 2.5586475047202222e+02,
      "cpu_time": 2.6200315024537707e+02,
      "time_unit": "us",
      "code_size": 1.2660000000000000e+03,
      "execution_time_ns": 2.5581345866364666e+05,
      "gas_rate": 1.1062741029203112e+10,
      "gas_used": 2.8984730000000000e+06,
      "input_size": 5.3790000000000000e+03
    },
    {
      "name": "external/total/main/sha1_shifts/5311_mean",
      "family_index": 6,
      "per_family_instance_index": 0,
      "run_name": "external/total/main/sha1_shifts/5311",
      "run_type": "aggregate",
      "repetitions": 20,
      "threads": 1,
      "aggregate_name": "mean",
      "aggregate_unit": "time",
      "iterations": 20,
      "real_time": 2.5547688935447863e+02,
      "cpu_time": 2.6175314760286949e+02,
      "time_unit": "us",
      "code_size": 1.2660000000000000e+03,
      "execution_time_ns": 2.5542055118912796e+05,
      "gas_rate": 1.1075073001520454e+10,
      "gas_used": 2.8984730000000000e+06,
      "input_size": 5.3790000000000000e+03
    },
    {
      "name": "external/total/main/sha1_shifts/5311_median",
      "family_index": 6,
      "per_family_instance_index": 0,
      "run_name": "external/total/main/sha1_shifts/5311",
      "run_type": "aggregate",
      "repetitions": 20,
      "threads": 1,
      "aggregate_name": "median",
      "aggregate_unit": "time",
      "iterations": 20,
      "real_time": 2.5621578992071306e+02,
      "cpu_time": 2.6251635428463561e+02,
      "time_unit": "us",
      "code_size": 1.2660000000000000e+03,
      "execution_time_ns": 2.5616066270290676e+05,
      "gas_rate": 1.1041115789789490e+10,
      "gas_used": 2.8984730000000000e+06,
      "input_size": 5.3790000000000000e+03
    },
    {
      "name": "external/total/main/sha1_shifts/5311_stddev",
      "family_index": 6,
      "per_family_instance_index": 0,
      "run_name": "external/total/main/sha1_shifts/5311",
      "run_type": "aggregate",
      "repetitions": 20,
      "threads": 1,
      "aggregate_name": "stddev",
      "aggregate_unit": "time",
      "iterations": 20,
      "real_time": 3.2976918813365779e+00,
      "cpu_time": 3.3757857970894172e+00,
      "time_unit": "us",
      "code_size": 0.0000000000000000e+00,
      "execution_time_ns": 3.3020340664625246e+03,
      "gas_rate": 1.4413715543984061e+08,
      "gas_used": 0.0000000000000000e+00,
      "input_size": 0.0000000000000000e+00
    },
    {
      "name": "external/total/main/sha1_shifts/5311_cv",
      "family_index": 6,
      "per_family_instance_index": 0,
      "run_name": "external/total/main/sha1_shifts/5311",
      "run_type": "aggregate",
      "repetitions": 20,
      "threads": 1,
      "aggregate_name": "cv",
      "aggregate_unit": "percentage",
      "iterations": 20,
      "real_time": 1.2907985100605215e-02,
      "cpu_time": 1.2896829810853473e-02,
      "time_unit": "us",
      "code_size": 0.0000000000000000e+00,
      "execution_time_ns": 1.2927832357614443e-02,
      "gas_rate": 1.3014555788485781e-02,
      "gas_used": 0.0000000000000000e+00,
      "input_size": 0.0000000000000000e+00
    },
    {
      "name": "external/total/main/snailtracer/benchmark",
      "family_index": 7,
      "per_family_instance_index": 0,
      "run_name": "external/total/main/snailtracer/benchmark",
      "run_type": "iteration",
      "repetitions": 20,
      "repetition_index": 0,
      "threads": 1,
      "iterations": 36,
      "real_time": 1.8788424444437624e+04,
      "cpu_time": 1.9226449361111027e+04,
      "time_unit": "us",
      "code_size": 1.7730000000000000e+04,
      "execution_time_ns": 1.8788072555555556e+07,
      "gas_rate": 1.2218364586607430e+10,
      "gas_used": 2.3491576800000000e+08,
      "input_size": 4.0000000000000000e+00
    },
    {
      "name": "external/total/main/snailtracer/benchmark",
      "family_index": 7,
      "per_family_instance_index": 0,
      "run_name": "external/total/main/snailtracer/benchmark",
      "run_type": "iteration",
      "repetitions": 20,
      "repetition_index": 1,
      "threads": 1,
      "iterations": 36,
      "real_time": 1.8841281861114112e+04,
      "cpu_time": 1.9280539166666858e+04,
      "time_unit": "us",
      "code_size": 1.7730000000000000e+04,
      "execution_time_ns": 1.8840889111111112e+07,
      "gas_rate": 1.2184087071907923e+10,
      "gas_used": 2.3491576800000000e+08,
      "input_size": 4.0000000000000000e+00
    },
    {
      "name": "external/total/main/snailtracer/benchmark",
      "family_index": 7,
      "per_family_instance_index": 0,
      "run_name": "external/total/main/snailtracer/benchmark",
      "run_type": "iteration",
      "repetitions": 20,
      "repetition_index": 2,
      "threads": 1,
      "iterations": 36,
      "real_time": 1.9059347805548692e+04,
      "cpu_time": 1.9501819249999782e+04,
      "time_unit": "us",
      "code_size": 1.7730000000000000e+04,
      "execution_time_ns": 1.9058921111111112e+07,
      "gas_rate": 1.2045838646566404e+10,
      "gas_used": 2.3491576800000000e+08,
      "input_size": 4.0000000000000000e+00
    },
    {
      "name": "external/total/main/snailtracer/benchmark",
      "family_index": 7,
      "per_family_instance_index": 0,
      "run_name": "external/total/main/snailtracer/benchmark",
      "run_type": "iteration",
      "repetitions": 20,
      "repetition_index": 3,
      "threads": 1,
      "iterations": 36,
      "real_time": 1.9285591138896052e+04,
      "cpu_time": 1.9734931916666592e+04,
      "time_unit": "us",
      "code_size": 1.7730000000000000e+04,
      "execution_time_ns": 4.1176908777777776e+07,
      "gas_rate": 1.1903550972051155e+10,
      "gas_used": 2.3491576800000000e+08,
      "input_size": 4.0000000000000000e+00
    },
    {
      "name": "external/total/main/snailtracer/benchmark",
      "family_index": 7,
      "per_family_instance_index": 0,
      "run_name": "external/total/main/snailtracer/benchmark",
      "run_type": "iteration",
      "repetitions": 20,
      "repetition_index": 4,
      "threads": 1,
      "iterations": 36,
      "real_time": 1.9330720444435832e+04,
      "cpu_time": 1.9781736083333595e+04,
      "time_unit": "us",
      "code_size": 1.7730000000000000e+04,
      "execution_time_ns": 1.9330311944444444e+07,
      "gas_rate": 1.1875386821984751e+10,
      "gas_used": 2.3491576800000000e+08,
      "input_size": 4.0000000000000000e+00
    },
    {
      "name": "external/total/main/snailtracer/benchmark",
      "family_index": 7,
      "per_family_instance_index": 0,
      "run_name": "external/total/main/snailtracer/benchmark",
      "run_type": "iteration",
      "repetitions": 20,
      "repetition_index": 5,
      "threads": 1,
      "iterations": 36,
      "real_time": 1.9259106861126282e+04,
      "cpu_time": 1.9705204999999874e+04,
      "time_unit": "us",
      "code_size": 1.7730000000000000e+04,
      "execution_time_ns": 1.9258698111111112e+07,
      "gas_rate": 1.1921508454238436e+10,
      "gas_used": 2.3491576800000000e+08,
      "input_size": 4.0000000000000000e+00
    },
    {
      "name": "external/total/main/snailtracer/benchmark",
      "family_index": 7,
      "per_family_instance_index": 0,
      "run_name": "external/total/main/snailtracer/benchmark",
      "run_type": "iteration",
      "repetitions": 20,
      "repetition_index": 6,
      "threads": 1,
      "iterations": 36,
      "real_time": 1.9157347777763789e+04,
      "cpu_time": 1.9604691472222174e+04,
      "time_unit": "us",
      "code_size": 1.7730000000000000e+04,
      "execution_time_ns": 1.9157003194444444e+07,
      "gas_rate": 1.1982630195065880e+10,
      "gas_used": 2.3491576800000000e+08,
      "input_size": 4.0000000000000000e+00
    },
    {
      "name": "external/total/main/snailtracer/benchmark",
      "family_index": 7,
      "per_family_instance_index": 0,
      "run_name": "external/total/main/snailtracer/benchmark",
      "run_type": "iteration",
      "repetitions": 20,
      "repetition_index": 7,
      "threads": 1,
      "iterations": 36,
      "real_time": 1.9088958194439932e+04,
      "cpu_time": 1.9538841916666883e+04,
      "time_unit": "us",
      "code_size": 1.7730000000000000e+04,
      "execution_time_ns": 1.9088508638888888e+07,
      "gas_rate": 1.2023013902354870e+10,
      "gas_used": 2.3491576800000000e+08,
      "input_size": 4.0000000000000000e+00
    },
    {
      "name": "external/total/main/snailtracer/benchmark",
      "family_index": 7,
      "per_family_instance_index": 0,
      "run_name": "external/total/main/snailtracer/benchmark",
      "run_type": "iteration",
      "repetitions": 20,
      "repetition_index": 8,
      "threads": 1,
      "iterations": 36,
      "real_time": 1.9233815722221458e+04,
      "cpu_time": 1.9688365972222186e+04,
      "time_unit": "us",
      "code_size": 1.7730000000000000e+04,
      "execution_time_ns": 1.9233406055555556e+07,
      "gas_rate": 1.1931704659057877e+10,
      "gas_used": 2.3491576800000000e+08,
      "input_size": 4.0000000000000000e+00
    },
    {
      "name": "external/total/main/snailtracer/benchmark",
      "family_index": 7,
      "per_family_instance_index": 0,
      "run_name": "external/total/main/snailtracer/benchmark",
      "run_type": "iteration",
      "repetitions": 20,
      "repetition_index": 9,
      "threads": 1,
      "iterations": 36,
      "real_time": 1.8890227138904771e+04,
      "cpu_time": 1.9338263472222414e+04,
      "time_unit": "us",
      "code_size": 1.7730000000000000e+04,
      "execution_time_ns": 1.8889849833333332e+07,
      "gas_rate": 1.2147717830891811e+10,
      "gas_used": 2.3491576800000000e+08,
      "input_size": 4.0000000000000000e+00
    },
    {
      "name": "external/total/main/snailtracer/benchmark",
      "family_index": 7,
      "per_family_instance_index": 0,
      "run_name": "external/total/main/snailtracer/benchmark",
      "run_type": "iteration",
      "repetitions": 20,
      "repetition_index": 10,
      "threads": 1,
      "iterations": 36,
      "real_time": 1.8711896138888227e+04,
      "cpu_time": 1.9153682055555444e+04,
      "time_unit": "us",
      "code_size": 1.7730000000000000e+04,
      "execution_time_ns": 1.8711488472222224e+07,
      "gas_rate": 1.2264783727673067e+10,
      "gas_used": 2.3491576800000000e+08,
      "input_size": 4.0000000000000000e+00
    },
    {
      "name": "external/total/main/snailtracer/benchmark",
      "family_index": 7,
      "per_family_instance_index": 0,
      "run_name": "external/total/main/snailtracer/benchmark",
      "run_type": "iteration",
      "repetitions": 20,
      "repetition_index": 11,
      "threads": 1,
      "iterations": 36,
      "real_time": 1.8388370055567470e+04,
      "cpu_time": 1.8823394777778030e+04,
      "time_unit": "us",
      "code_size": 1.7730000000000000e+04,
      "execution_time_ns": 1.8388008527777776e+07,
      "gas_rate": 1.2479989437257614e+10,
      "gas_used": 2.3491576800000000e+08,
      "input_size": 4.0000000000000000e+00
    },
    {
      "name": "external/total/main/snailtracer/benchmark",
      "family_index": 7,
      "per_family_instance_index": 0,
      "run_name": "external/total/main/snailtracer/benchmark",
      "run_type": "iteration",
      "repetitions": 20,
      "repetition_index": 12,
      "threads": 1,
      "iterations": 36,
      "real_time": 1.8442410805543353e+04,
      "cpu_time": 1.8879521444444454e+04,
      "time_unit": "us",
      "code_size": 1.7730000000000000e+04,
      "execution_time_ns": 1.8441999166666668e+07,
      "gas_rate": 1.2442887850270538e+10,
      "gas_used": 2.3491576800000000e+08,
      "input_size": 4.0000000000000000e+00
    },
    {
      "name": "external/total/main/snailtracer/benchmark",
      "family_index": 7,
      "per_family_instance_index": 0,
      "run_name": "external/total/main/snailtracer/benchmark",
      "run_type": "iteration",
      "repetitions": 20,
      "repetition_index": 13,
      "threads": 1,
      "iterations": 36,
      "real_time": 1.8514734972212762e+04,
      "cpu_time": 1.8950653027777676e+04,
      "time_unit": "us",
      "code_size": 1.7730000000000000e+04,
      "execution_time_ns": 1.8514305111111112e+07,
      "gas_rate": 1.2396183269023121e+10,
      "gas_used": 2.3491576800000000e+08,
      "input_size": 4.0000000000000000e+00
    },
    {
      "name": "external/total/main/snailtracer/benchmark",
      "family_index": 7,
      "per_family_instance_index": 0,
      "run_name": "external/total/main/snailtracer/benchmark",
      "run_type": "iteration",
      "repetitions": 20,
      "repetition_index": 14,
      "threads": 1,
      "iterations": 36,
      "real_time": 1.8609519666673197e+04,
      "cpu_time": 1.9050407972222336e+04,
      "time_unit": "us",
      "code_size": 1.7730000000000000e+04,
      "execution_time_ns": 1.8609172750000000e+07,
      "gas_rate": 1.2331272293093876e+10,
      "gas_used": 2.3491576800000000e+08,
      "input_size": 4.0000000000000000e+00
    },
    {
      "name": "external/total/main/snailtracer/benchmark",
      "family_index": 7,
      "per_family_instance_index": 0,
      "run_name": "external/total/main/snailtracer/benchmark",
      "run_type": "iteration",
      "repetitions": 20,
      "repetition_index": 15,
      "threads": 1,
      "iterations": 36,
      "real_time": 1.8772406861115895e+04,
      "cpu_time": 1.9217022500000050e+04,
      "time_unit": "us",
      "code_size": 1.7730000000000000e+04,
      "execution_time_ns": 1.8772029250000000e+07,
      "gas_rate": 1.2224358274024988e+10,
      "gas_used": 2.3491576800000000e+08,
      "input_size": 4.0000000000000000e+00
    },
    {
      "name": "external/total/main/snailtracer/benchmark",
      "family_index": 7,
      "per_family_instance_index": 0,
      "run_name": "external/total/main/snailtracer/benchmark",
      "run_type": "iteration",
      "repetitions": 20,
      "repetition_index": 16,
      "threads": 1,
      "iterations": 36,
      "real_time": 1.9301237777780341e+04,
      "cpu_time": 1.9757126638889054e+04,
      "time_unit": "us",
      "code_size": 1.7730000000000000e+04,
      "execution_time_ns": 1.9300872444444444e+07,
      "gas_rate": 1.1890178784277376e+10,
      "gas_used": 2.3491576800000000e+08,
      "input_size": 4.0000000000000000e+00
    },
    {
      "name": "external/total/main/snailtracer/benchmark",
      "family_index": 7,
      "per_family_instance_index": 0,
      "run_name": "external/total/main/snailtracer/benchmark",
      "run_type": "iteration",
      "repetitions": 20,
      "repetition_index": 17,
      "threads": 1,
      "iterations": 36,
      "real_time": 1.9085114583327188e+04,
      "cpu_time": 1.9537104055555374e+04,
      "time_unit": "us",
      "code_size": 1.7730000000000000e+04,
      "execution_time_ns": 1.9084684916666668e+07,
      "gas_rate": 1.2024083371414595e+10,
      "gas_used": 2.3491576800000000e+08,
      "input_size": 4.0000000000000000e+00
    },
    {
      "name": "external/total/main/snailtracer/benchmark",
      "family_index": 7,
      "per_family_instance_index": 0,
      "run_name": "external/total/main/snailtracer/benchmark",
      "run_type": "iteration",
      "repetitions": 20,
      "repetition_index": 18,
      "threads": 1,
      "iterations": 36,
      "real_time": 1.9090690333314342e+04,
      "cpu_time": 1.9546932416666605e+04,
      "time_unit": "us",
      "code_size": 1.7730000000000000e+04,
      "execution_time_ns": 1.9090333277777776e+07,
      "gas_rate": 1.2018037561725035e+10,
      "gas_used": 2.3491576800000000e+08,
      "input_size": 4.0000000000000000e+00
    },
    {
      "name": "external/total/main/snailtracer/benchmark",
      "family_index": 7,
      "per_family_instance_index": 0,
      "run_name": "external/total/main/snailtracer/benchmark",
      "run_type": "iteration",
      "repetitions": 20,
      "repetition_index": 19,
      "threads": 1,
      "iterations": 36,
      "real_time": 1.9240486138894790e+04,
      "cpu_time": 1.9707538944444597e+04,
      "time_unit": "us",
      "code_size": 1.7730000000000000e+04,
      "execution_time_ns": 1.9240072833333332e+07,
      "gas_rate": 1.1920096601723116e+10,
      "gas_used": 2.3491576800000000e+08,
      "input_size": 4.0000000000000000e+00
    },
    {
      "name": "external/total/main/snailtracer/benchmark_mean",
      "family_index": 7,
      "per_family_instance_index": 0,
      "run_name": "external/total/main/snailtracer/benchmark",
      "run_type": "aggregate",
      "repetitions": 20,
      "threads": 1,
      "aggregate_name": "mean",
      "aggregate_unit": "time",
      "iterations": 20,
      "real_time": 1.8954584436110308e+04,
      "cpu_time": 1.9401211372222249e+04,
      "time_unit": "us",
      "code_size": 1.7730000000000000e+04,
      "execution_time_ns": 2.0048776804166671e+07,
      "gas_rate": 1.2111283715560493e+10,
      "gas_used": 2.3491576800000000e+08,
      "input_size": 4.0000000000000000e+00
    },
    {
      "name": "external/total/main/snailtracer/benchmark_median",
      "family_index": 7,
      "per_family_instance_index": 0,
      "run_name": "external/total/main/snailtracer/benchmark",
      "run_type": "aggregate",
      "repetitions": 20,
      "threads": 1,
      "aggregate_name": "median",
      "aggregate_unit": "time",
      "iterations": 20,
      "real_time": 1.9072231194437943e+04,
      "cpu_time": 1.9519461652777580e+04,
      "time_unit": "us",
      "code_size": 1.7730000000000000e+04,
      "execution_time_ns": 1.9071803013888888e+07,
      "gas_rate": 1.2034961008990499e+10,
      "gas_used": 2.3491576800000000e+08,
      "input_size": 4.0000000000000000e+00
    },
    {
      "name": "external/total/main/snailtracer/benchmark_stddev",
      "family_index": 7,
      "per_family_instance_index": 0,
      "run_name": "external/total/main/snailtracer/benchmark",
      "run_type": "aggregate",
      "repetitions": 20,
      "threads": 1,
      "aggregate_name": "stddev",
      "aggregate_unit": "time",
      "iterations": 20,
      "real_time": 3.0448370523669257e+02,
      "cpu_time": 3.1103230845003264e+02,
      "time_unit": "us",
      "code_size": 0.0000000000000000e+00,
      "execution_time_ns": 4.9817493161201337e+06,
      "gas_rate": 1.9565526277917022e+08,
      "gas_used": 0.0000000000000000e+00,
      "input_size": 0.0000000000000000e+00
    },
    {
      "name": "external/total/main/snailtracer/benchmark_cv",
      "family_index": 7,
      "per_family_instance_index": 0,
      "run_name": "external/total/main/snailtracer/benchmark",
      "run_type": "aggregate",
      "repetitions": 20,
      "threads": 1,
      "aggregate_name": "cv",
      "aggregate_unit": "percentage",
      "iterations": 20,
      "real_time": 1.6063855489051069e-02,
      "cpu_time": 1.6031592176525337e-02,
      "time_unit": "us",
      "code_size": 0.0000000000000000e+00,
      "execution_time_ns": 2.4848145923220580e-01,
      "gas_rate": 1.6154791463418011e-02,
      "gas_used": 0.0000000000000000e+00,
      "input_size": 0.0000000000000000e+00
    },
    {
      "name": "external/total/main/structarray_alloc/nfts_rank",
      "family_index": 8,
      "per_family_instance_index": 0,
      "run_name": "external/total/main/structarray_alloc/nfts_rank",
      "run_type": "iteration",
      "repetitions": 20,
      "repetition_index": 0,
      "threads": 1,
      "iterations": 4403,
      "real_time": 1.5522188734950626e+02,
      "cpu_time": 1.5900408039972947e+02,
      "time_unit": "us",
      "code_size": 4.9600000000000000e+02,
      "execution_time_ns": 1.5518724596865772e+05,
      "gas_rate": 1.0928499417320339e+10,
      "gas_used": 1.7376760000000000e+06,
      "input_size": 3.6000000000000000e+01
    },
    {
      "name": "external/total/main/structarray_alloc/nfts_rank",
      "family_index": 8,
      "per_family_instance_index": 0,
      "run_name": "external/total/main/structarray_alloc/nfts_rank",
      "run_type": "iteration",
      "repetitions": 20,
      "repetition_index": 1,
      "threads": 1,
      "iterations": 4403,
      "real_time": 1.5300703861007810e+02,
      "cpu_time": 1.5670812718601164e+02,
      "time_unit": "us",
      "code_size": 4.9600000000000000e+02,
      "execution_time_ns": 1.5296395048830344e+05,
      "gas_rate": 1.1088614427363991e+10,
      "gas_used": 1.7376760000000000e+06,
      "input_size": 3.6000000000000000e+01
    },
    {
      "name": "external/total/main/structarray_alloc/nfts_rank",
      "family_index": 8,
      "per_family_instance_index": 0,
      "run_name": "external/total/main/structarray_alloc/nfts_rank",
      "run_type": "iteration",
      "repetitions": 20,
      "repetition_index": 2,
      "threads": 1,
      "iterations": 4403,
      "real_time": 1.5092481467181747e+02,
      "cpu_time": 1.5459451578469194e+02,
      "time_unit": "us",
      "code_size": 4.9600000000000000e+02,
      "execution_time_ns": 1.5088200227117873e+05,
      "gas_rate": 1.1240217618198757e+10,
      "gas_used": 1.7376760000000000e+06,
      "input_size": 3.6000000000000000e+01
    },
    {
      "name": "external/total/main/structarray_alloc/nfts_rank",
      "family_index": 8,
      "per_family_instance_index": 0,
      "run_name": "external/total/main/structarray_alloc/nfts_rank",
      "run_type": "iteration",
      "repetitions": 20,
      "repetition_index": 3,
      "threads": 1,
      "iterations": 4403,
      "real_time": 1.5107613422664124e+02,
      "cpu_time": 1.5476234680899506e+02,
      "time_unit": "us",
      "code_size": 4.9600000000000000e+02,
      "execution_time_ns": 1.5102680649557119e+05,
      "gas_rate": 1.1228028237027245e+10,
      "gas_used": 1.7376760000000000e+06,
      "input_size": 3.6000000000000000e+01
    },
    {
      "name": "external/total/main/structarray_alloc/nfts_rank",
      "family_index": 8,
      "per_family_instance_index": 0,
      "run_name": "external/total/main/structarray_alloc/nfts_rank",
      "run_type": "iteration",
      "repetitions": 20,
      "repetition_index": 4,
      "threads": 1,
      "iterations": 4403,
      "real_time": 1.4984891801030287e+02,
      "cpu_time": 1.5348500113559072e+02,
      "time_unit": "us",
      "code_size": 4.9600000000000000e+02,
      "execution_time_ns": 1.4981430274812627e+05,
      "gas_rate": 1.1321471069768660e+10,
      "gas_used": 1.7376760000000000e+06,
      "input_size": 3.6000000000000000e+01
    },
    {
      "name": "external/total/main/structarray_alloc/nfts_rank",
      "family_index": 8,
      "per_family_instance_index": 0,
      "run_name": "external/total/main/structarray_alloc/nfts_rank",
      "run_type": "iteration",
      "repetitions": 20,
      "repetition_index": 5,
      "threads": 1,
      "iterations": 4403,
      "real_time": 1.5070404110833098e+02,
      "cpu_time": 1.5437640767658425e+02,
      "time_unit": "us",
      "code_size": 4.9600000000000000e+02,
      "execution_time_ns": 1.5066612718600954e+05,
      "gas_rate": 1.1256098170391420e+10,
      "gas_used": 1.7376760000000000e+06,
      "input_size": 3.6000000000000000e+01
    },
    {
      "name": "external/total/main/structarray_alloc/nfts_rank",
      "family_index": 8,
      "per_family_instance_index": 0,
      "run_name": "external/total/main/structarray_alloc/nfts_rank",
      "run_type": "iteration",
      "repetitions": 20,
      "repetition_index": 6,
      "threads": 1,
      "iterations": 4403,
      "real_time": 1.5034465114688379e+02,
      "cpu_time": 1.5401312968430901e+02,
      "time_unit": "us",
      "code_size": 4.9600000000000000e+02,
      "execution_time_ns": 1.5028558868952986e+05,
      "gas_rate": 1.1282648457062269e+10,
      "gas_used": 1.7376760000000000e+06,
      "input_size": 3.6000000000000000e+01
    },
    {
      "name": "external/total/main/structarray_alloc/nfts_rank",
      "family_index": 8,
      "per_family_instance_index": 0,
      "run_name": "external/total/main/structarray_alloc/nfts_rank",
      "run_type": "iteration",
      "repetitions": 20,
      "repetition_index": 7,
      "threads": 1,
      "iterations": 4403,
      "real_time": 1.4933834294804404e+02,
      "cpu_time": 1.5296822053145615e+02,
      "time_unit": "us",
      "code_size": 4.9600000000000000e+02,
      "execution_time_ns": 1.4930060118101296e+05,
      "gas_rate": 1.1359718992368528e+10,
      "gas_used": 1.7376760000000000e+06,
      "input_size": 3.6000000000000000e+01
    },
    {
      "name": "external/total/main/structarray_alloc/nfts_rank",
      "family_index": 8,
      "per_family_instance_index": 0,
      "run_name": "external/total/main/structarray_alloc/nfts_rank",
      "run_type": "iteration",
      "repetitions": 20,
      "repetition_index": 8,
      "threads": 1,
      "iterations": 4403,
      "real_time": 1.4985675721098340e+02,
      "cpu_time": 1.5350599886441049e+02,
      "time_unit": "us",
      "code_size": 4.9600000000000000e+02,
      "execution_time_ns": 1.4982262184873951e+05,
      "gas_rate": 1.1319922432053373e+10,
      "gas_used": 1.7376760000000000e+06,
      "input_size": 3.6000000000000000e+01
    },
    {
      "name": "external/total/main/structarray_alloc/nfts_rank",
      "family_index": 8,
      "per_family_instance_index": 0,
      "run_name": "external/total/main/structarray_alloc/nfts_rank",
      "run_type": "iteration",
      "repetitions": 20,
      "repetition_index": 9,
      "threads": 1,
      "iterations": 4403,
      "real_time": 1.5400302816270249e+02,
      "cpu_time": 1.5776724006359396e+02,
      "time_unit": "us",
      "code_size": 4.9600000000000000e+02,
      "execution_time_ns": 1.5396780899386783e+05,
      "gas_rate": 1.1014175054970633e+10,
      "gas_used": 1.7376760000000000e+06,
      "input_size": 3.6000000000000000e+01
    },
    {
      "name": "external/total/main/structarray_alloc/nfts_rank",
      "family_index": 8,
      "per_family_instance_index": 0,
      "run_name": "external/total/main/structarray_alloc/nfts_rank",
      "run_type": "iteration",
      "repetitions": 20,
      "repetition_index": 10,
      "threads": 1,
      "iterations": 4403,
      "real_time": 1.5253010515574096e+02,
      "cpu_time": 1.5624773381785187e+02,
      "time_unit": "us",
      "code_size": 4.9600000000000000e+02,
      "execution_time_ns": 1.5249560754031342e+05,
      "gas_rate": 1.1121287698327335e+10,
      "gas_used": 1.7376760000000000e+06,
      "input_size": 3.6000000000000000e+01
    },
    {
      "name": "external/total/main/structarray_alloc/nfts_rank",
      "family_index": 8,
      "per_family_instance_index": 0,
      "run_name": "external/total/main/structarray_alloc/nfts_rank",
      "run_type": "iteration",
      "repetitions": 20,
      "repetition_index": 11,
      "threads": 1,
      "iterations": 4403,
      "real_time": 1.5442805859632728e+02,
      "cpu_time": 1.5821236634112844e+02,
      "time_unit": "us",
      "code_size": 4.9600000000000000e+02,
      "execution_time_ns": 1.5439372427890074e+05,
      "gas_rate": 1.0983186966898167e+10,
      "gas_used": 1.7376760000000000e+06,
      "input_size": 3.6000000000000000e+01
    },
    {
      "name": "external/total/main/structarray_alloc/nfts_rank",
      "family_index": 8,
      "per_family_instance_index": 0,
      "run_name": "external/total/main/structarray_alloc/nfts_rank",
      "run_type": "iteration",
      "repetitions": 20,
      "repetition_index": 12,
      "threads": 1,
      "iterations": 4403,
      "real_time": 1.5378640290721231e+02,
      "cpu_time": 1.5755675039745546e+02,
      "time_unit": "us",
      "code_size": 4.9600000000000000e+02,
      "execution_time_ns": 1.5375237905973199e+05,
      "gas_rate": 1.1028889562754423e+10,
      "gas_used": 1.7376760000000000e+06,
      "input_size": 3.6000000000000000e+01
    },
    {
      "name": "external/total/main/structarray_alloc/nfts_rank",
      "family_index": 8,
      "per_family_instance_index": 0,
      "run_name": "external/total/main/structarray_alloc/nfts_rank",
      "run_type": "iteration",
      "repetitions": 20,
      "repetition_index": 13,
      "threads": 1,
      "iterations": 4403,
      "real_time": 1.5384871564837394e+02,
      "cpu_time": 1.5761090869861420e+02,
      "time_unit": "us",
      "code_size": 4.9600000000000000e+02,
      "execution_time_ns": 1.5381304814898933e+05,
      "gas_rate": 1.1025099812874048e+10,
      "gas_used": 1.7376760000000000e+06,
      "input_size": 3.6000000000000000e+01
    },
    {
      "name": "external/total/main/structarray_alloc/nfts_rank",
      "family_index": 8,
      "per_family_instance_index": 0,
      "run_name": "external/total/main/structarray_alloc/nfts_rank",
      "run_type": "iteration",
      "repetitions": 20,
      "repetition_index": 14,
      "threads": 1,
      "iterations": 4403,
      "real_time": 1.5381545968665549e+02,
      "cpu_time": 1.5758455757438222e+02,
      "time_unit": "us",
      "code_size": 4.9600000000000000e+02,
      "execution_time_ns": 1.5377916238928004e+05,
      "gas_rate": 1.1026943418486874e+10,
      "gas_used": 1.7376760000000000e+06,
      "input_size": 3.6000000000000000e+01
    },
    {
      "name": "external/total/main/structarray_alloc/nfts_rank",
      "family_index": 8,
      "per_family_instance_index": 0,
      "run_name": "external/total/main/structarray_alloc/nfts_rank",
      "run_type": "iteration",
      "repetitions": 20,
      "repetition_index": 15,
      "threads": 1,
      "iterations": 4403,
      "real_time": 1.5320911219614928e+02,
      "cpu_time": 1.5696259754712514e+02,
      "time_unit": "us",
      "code_size": 4.9600000000000000e+02,
      "execution_time_ns": 1.5317517987735634e+05,
      "gas_rate": 1.1070637382120888e+10,
      "gas_used": 1.7376760000000000e+06,
      "input_size": 3.6000000000000000e+01
    },
    {
      "name": "external/total/main/structarray_alloc/nfts_rank",
      "family_index": 8,
      "per_family_instance_index": 0,
      "run_name": "external/total/main/structarray_alloc/nfts_rank",
      "run_type": "iteration",
      "repetitions": 20,
      "repetition_index": 16,
      "threads": 1,
      "iterations": 4403,
      "real_time": 1.5157546059522042e+02,
      "cpu_time": 1.5527919622984390e+02,
      "time_unit": "us",
      "code_size": 4.9600000000000000e+02,
      "execution_time_ns": 1.5153899886441062e+05,
      "gas_rate": 1.1190655555866583e+10,
      "gas_used": 1.7376760000000000e+06,
      "input_size": 3.6000000000000000e+01
    },
    {
      "name": "external/total/main/structarray_alloc/nfts_rank",
      "family_index": 8,
      "per_family_instance_index": 0,
      "run_name": "external/total/main/structarray_alloc/nfts_rank",
      "run_type": "iteration",
      "repetitions": 20,
      "repetition_index": 17,
      "threads": 1,
      "iterations": 4403,
      "real_time": 1.5114595934591046e+02,
      "cpu_time": 1.5484891369520807e+02,
      "time_unit": "us",
      "code_size": 4.9600000000000000e+02,
      "execution_time_ns": 1.5110105428117194e+05,
      "gas_rate": 1.1221751309281376e+10,
      "gas_used": 1.7376760000000000e+06,
      "input_size": 3.6000000000000000e+01
    },
    {
      "name": "external/total/main/structarray_alloc/nfts_rank",
      "family_index": 8,
      "per_family_instance_index": 0,
      "run_name": "external/total/main/structarray_alloc/nfts_rank",
      "run_type": "iteration",
      "repetitions": 20,
      "repetition_index": 18,
      "threads": 1,
      "iterations": 4403,
      "real_time": 1.5034717692480120e+02,
      "cpu_time": 1.5403313490801236e+02,
      "time_unit": "us",
      "code_size": 4.9600000000000000e+02,
      "execution_time_ns": 1.5030939813763343e+05,
      "gas_rate": 1.1281183110619215e+10,
      "gas_used": 1.7376760000000000e+06,
      "input_size": 3.6000000000000000e+01
    },
    {
      "name": "external/total/main/structarray_alloc/nfts_rank",
      "family_index": 8,
      "per_family_instance_index": 0,
      "run_name": "external/total/main/structarray_alloc/nfts_rank",
      "run_type": "iteration",
      "repetitions": 20,
      "repetition_index": 19,
      "threads": 1,
      "iterations": 4403,
      "real_time": 1.5123567999083505e+02,
      "cpu_time": 1.5493061230978631e+02,
      "time_unit": "us",
      "code_size": 4.9600000000000000e+02,
      "execution_time_ns": 1.5119978832614128e+05,
      "gas_rate": 1.1215833811625868e+10,
      "gas_used": 1.7376760000000000e+06,
      "input_size": 3.6000000000000000e+01
    },
    {
      "name": "external/total/main/structarray_alloc/nfts_rank_mean",
      "family_index": 8,
      "per_family_instance_index": 0,
      "run_name": "external/total/main/structarray_alloc/nfts_rank",
      "run_type": "aggregate",
      "repetitions": 20,
      "threads": 1,
      "aggregate_name": "mean",
      "aggregate_unit": "time",
      "iterations": 20,
      "real_time": 1.5201238722462591e+02,
      "cpu_time": 1.5572259198273906e+02,
      "time_unit": "us",
      "code_size": 4.9600000000000000e+02,
      "execution_time_ns": 1.5197376983874629e+05,
      "gas_rate": 1.1160243125268997e+10,
      "gas_used": 1.7376760000000000e+06,
      "input_size": 3.6000000000000000e+01
    },
    {
      "name": "external/total/main/structarray_alloc/nfts_rank_median",
      "family_index": 8,
      "per_family_instance_index": 0,
      "run_name": "external/total/main/structarray_alloc/nfts_rank",
      "run_type": "aggregate",
      "repetitions": 20,
      "threads": 1,
      "aggregate_name": "median",
      "aggregate_unit": "time",
      "iterations": 20,
      "real_time": 1.5140557029302778e+02,
      "cpu_time": 1.5510490426981511e+02,
      "time_unit": "us",
      "code_size": 4.9600000000000000e+02,
      "execution_time_ns": 1.5136939359527593e+05,
      "gas_rate": 1.1203244683746225e+10,
      "gas_used": 1.7376760000000000e+06,
      "input_size": 3.6000000000000000e+01
    },
    {
      "name": "external/total/main/structarray_alloc/nfts_rank_stddev",
      "family_index": 8,
      "per_family_instance_index": 0,
      "run_name": "external/total/main/structarray_alloc/nfts_rank",
      "run_type": "aggregate",
      "repetitions": 20,
      "threads": 1,
      "aggregate_name": "stddev",
      "aggregate_unit": "time",
      "iterations": 20,
      "real_time": 1.7756685859675005e+00,
      "cpu_time": 1.8239107701738955e+00,
      "time_unit": "us",
      "code_size": 0.0000000000000000e+00,
      "execution_time_ns": 1.7780205246780308e+03,
      "gas_rate": 1.3042907047802114e+08,
      "gas_used": 0.0000000000000000e+00,
      "input_size": 0.0000000000000000e+00
    },
    {
      "name": "external/total/main/structarray_alloc/nfts_rank_cv",
      "family_index": 8,
      "per_family_instance_index": 0,
      "run_name": "external/total/main/structarray_alloc/nfts_rank",
      "run_type": "aggregate",
      "repetitions": 20,
      "threads": 1,
      "aggregate_name": "cv",
      "aggregate_unit": "percentage",
      "iterations": 20,
      "real_time": 1.1681078222550562e-02,
      "cpu_time": 1.1712563648928122e-02,
      "time_unit": "us",
      "code_size": 0.0000000000000000e+00,
      "execution_time_ns": 1.1699522401560625e-02,
      "gas_rate": 1.1686938090327436e-02,
      "gas_used": 0.0000000000000000e+00,
      "input_size": 0.0000000000000000e+00
    },
    {
      "name": "external/total/main/swap_math/spent",
      "family_index": 9,
      "per_family_instance_index": 0,
      "run_name": "external/total/main/swap_math/spent",
      "run_type": "iteration",
      "repetitions": 20,
      "repetition_index": 0,
      "threads": 1,
      "iterations": 545294,
      "real_time": 1.2656969653057830e+00,
      "cpu_time": 1.2967293203299979e+00,
      "time_unit": "us",
      "code_size": 1.9210000000000000e+03,
      "execution_time_ns": 1.2466922485851669e+03,
      "gas_rate": 2.4515524945414152e+09,
      "gas_used": 3.1790000000000000e+03,
      "input_size": 1.6400000000000000e+02
    },
    {
      "name": "external/total/main/swap_math/spent",
      "family_index": 9,
      "per_family_instance_index": 0,
      "run_name": "external/total/main/swap_math/spent",
      "run_type": "iteration",
      "repetitions": 20,
      "repetition_index": 1,
      "threads": 1,
      "iterations": 545294,
      "real_time": 1.2695996911765088e+00,
      "cpu_time": 1.3004926149930480e+00,
      "time_unit": "us",
      "code_size": 1.9210000000000000e+03,
      "execution_time_ns": 1.2509091260861114e+03,
      "gas_rate": 2.4444583255222821e+09,
      "gas_used": 3.1790000000000000e+03,
      "input_size": 1.6400000000000000e+02
    },
    {
      "name": "external/total/main/swap_math/spent",
      "family_index": 9,
      "per_family_instance_index": 0,
      "run_name": "external/total/main/swap_math/spent",
      "run_type": "iteration",
      "repetitions": 20,
      "repetition_index": 2,
      "threads": 1,
      "iterations": 545294,
      "real_time": 1.2865608332383565e+00,
      "cpu_time": 1.3169899412060468e+00,
      "time_unit": "us",
      "code_size": 1.9210000000000000e+03,
      "execution_time_ns": 1.2671631248464132e+03,
      "gas_rate": 2.4138377223206420e+09,
      "gas_used": 3.1790000000000000e+03,
      "input_size": 1.6400000000000000e+02
    },
    {
      "name": "external/total/main/swap_math/spent",
      "family_index": 9,
      "per_family_instance_index": 0,
      "run_name": "external/total/main/swap_math/spent",
      "run_type": "iteration",
      "repetitions": 20,
      "repetition_index": 3,
      "threads": 1,
      "iterations": 545294,
      "real_time": 1.2973722945781752e+00,
      "cpu_time": 1.3284989033438930e+00,
      "time_unit": "us",
      "code_size": 1.9210000000000000e+03,
      "execution_time_ns": 1.2779191261961437e+03,
      "gas_rate": 2.3929263260950460e+09,
      "gas_used": 3.1790000000000000e+03,
      "input_size": 1.6400000000000000e+02
    },
    {
      "name": "external/total/main/swap_math/spent",
      "family_index": 9,
      "per_family_instance_index": 0,
      "run_name": "external/total/main/swap_math/spent",
      "run_type": "iteration",
      "repetitions": 20,
      "repetition_index": 4,
      "threads": 1,
      "iterations": 545294,
      "real_time": 1.2953824028884229e+00,
      "cpu_time": 1.3263162752570499e+00,
      "time_unit": "us",
      "code_size": 1.9210000000000000e+03,
      "execution_time_ns": 1.2754828569542301e+03,
      "gas_rate": 2.3968642014770470e+09,
      "gas_used": 3.1790000000000000e+03,
      "input_size": 1.6400000000000000e+02
    },
    {
      "name": "external/total/main/swap_math/spent",
      "family_index": 9,
      "per_family_instance_index": 0,
      "run_name": "external/total/main/swap_math/spent",
      "run_type": "iteration",
      "repetitions": 20,
      "repetition_index": 5,
      "threads": 1,
      "iterations": 545294,
      "real_time": 1.2965103797221025e+00,
      "cpu_time": 1.3275996526643905e+00,
      "time_unit": "us",
      "code_size": 1.9210000000000000e+03,
      "execution_time_ns": 1.2770049991380797e+03,
      "gas_rate": 2.3945471766431928e+09,
      "gas_used": 3.1790000000000000e+03,
      "input_size": 1.6400000000000000e+02
    },
    {
      "name": "external/total/main/swap_math/spent",
      "family_index": 9,
      "per_family_instance_index": 0,
      "run_name": "external/total/main/swap_math/spent",
      "run_type": "iteration",
      "repetitions": 20,
      "repetition_index": 6,
      "threads": 1,
      "iterations": 545294,
      "real_time": 1.2982195476212284e+00,
      "cpu_time": 1.3293545940355322e+00,
      "time_unit": "us",
      "code_size": 1.9210000000000000e+03,
      "execution_time_ns": 1.2790574570782001e+03,
      "gas_rate": 2.3913860261688981e+09,
      "gas_used": 3.1790000000000000e+03,
      "input_size": 1.6400000000000000e+02
    },
    {
      "name": "external/total/main/swap_math/spent",
      "family_index": 9,
      "per_family_instance_index": 0,
      "run_name": "external/total/main/swap_math/spent",
      "run_type": "iteration",
      "repetitions": 20,
      "repetition_index": 7,
      "threads": 1,
      "iterations": 545294,
      "real_time": 1.2915738133920420e+00,
      "cpu_time": 1.3224118750618861e+00,
      "time_unit": "us",
      "code_size": 1.9210000000000000e+03,
      "execution_time_ns": 1.2728853517552000e+03,
      "gas_rate": 2.4039409052124772e+09,
      "gas_used": 3.1790000000000000e+03,
      "input_size": 1.6400000000000000e+02
    },
    {
      "name": "external/total/main/swap_math/spent",
      "family_index": 9,
      "per_family_instance_index": 0,
      "run_name": "external/total/main/swap_math/spent",
      "run_type": "iteration",
      "repetitions": 20,
      "repetition_index": 8,
      "threads": 1,
      "iterations": 545294,
      "real_time": 1.2808824248939485e+00,
      "cpu_time": 1.3116191027225528e+00,
      "time_unit": "us",
      "code_size": 1.9210000000000000e+03,
      "execution_time_ns": 1.2611737429716813e+03,
      "gas_rate": 2.4237219429034610e+09,
      "gas_used": 3.1790000000000000e+03,
      "input_size": 1.6400000000000000e+02
    },
    {
      "name": "external/total/main/swap_math/spent",
      "family_index": 9,
      "per_family_instance_index": 0,
      "run_name": "external/total/main/swap_math/spent",
      "run_type": "iteration",
      "repetitions": 20,
      "repetition_index": 9,
      "threads": 1,
      "iterations": 545294,
      "real_time": 1.2727713692059022e+00,
      "cpu_time": 1.3032854533517644e+00,
      "time_unit": "us",
      "code_size": 1.9210000000000000e+03,
      "execution_time_ns": 2.6944519965376476e+03,
      "gas_rate": 2.4392200433330312e+09,
      "gas_used": 3.1790000000000000e+03,
      "input_size": 1.6400000000000000e+02
    },
    {
      "name": "external/total/main/swap_math/spent",
      "family_index": 9,
      "per_family_instance_index": 0,
      "run_name": "external/total/main/swap_math/spent",
      "run_type": "iteration",
      "repetitions": 20,
      "repetition_index": 10,
      "threads": 1,
      "iterations": 545294,
      "real_time": 1.2743440180881076e+00,
      "cpu_time": 1.3047819414848152e+00,
      "time_unit": "us",
      "code_size": 1.9210000000000000e+03,
      "execution_time_ns": 1.2550669180295399e+03,
      "gas_rate": 2.4364224388194418e+09,
      "gas_used": 3.1790000000000000e+03,
      "input_size": 1.6400000000000000e+02
    },
    {
      "name": "external/total/main/swap_math/spent",
      "family_index": 9,
      "per_family_instance_index": 0,
      "run_name": "external/total/main/swap_math/spent",
      "run_type": "iteration",
      "repetitions": 20,
      "repetition_index": 11,
      "threads": 1,
      "iterations": 545294,
      "real_time": 1.2710939199757809e+00,
      "cpu_time": 1.3015866468363861e+00,
      "time_unit": "us",
      "code_size": 1.9210000000000000e+03,
      "execution_time_ns": 1.2521726518171849e+03,
      "gas_rate": 2.4424036676519556e+09,
      "gas_used": 3.1790000000000000e+03,
      "input_size": 1.6400000000000000e+02
    },
    {
      "name": "external/total/main/swap_math/spent",
      "family_index": 9,
      "per_family_instance_index": 0,
      "run_name": "external/total/main/swap_math/spent",
      "run_type": "iteration",
      "repetitions": 20,
      "repetition_index": 12,
      "threads": 1,
      "iterations": 545294,
      "real_time": 1.2771778178383892e+00,
      "cpu_time": 1.3077443782619917e+00,
      "time_unit": "us",
      "code_size": 1.9210000000000000e+03,
      "execution_time_ns": 1.2573600828177093e+03,
      "gas_rate": 2.4309032046652188e+09,
      "gas_used": 3.1790000000000000e+03,
      "input_size": 1.6400000000000000e+02
    },
    {
      "name": "external/total/main/swap_math/spent",
      "family_index": 9,
      "per_family_instance_index": 0,
      "run_name": "external/total/main/swap_math/spent",
      "run_type": "iteration",
      "repetitions": 20,
      "repetition_index": 13,
      "threads": 1,
      "iterations": 545294,
      "real_time": 1.2722362340328750e+00,
      "cpu_time": 1.3025825242896838e+00,
      "time_unit": "us",
      "code_size": 1.9210000000000000e+03,
      "execution_time_ns": 1.2527239104042956e+03,
      "gas_rate": 2.4405363504577594e+09,
      "gas_used": 3.1790000000000000e+03,
      "input_size": 1.6400000000000000e+02
    },
    {
      "name": "external/total/main/swap_math/spent",
      "family_index": 9,
      "per_family_instance_index": 0,
      "run_name": "external/total/main/swap_math/spent",
      "run_type": "iteration",
      "repetitions": 20,
      "repetition_index": 14,
      "threads": 1,
      "iterations": 545294,
      "real_time": 1.2707568467642856e+00,
      "cpu_time": 1.3012240369415276e+00,
      "time_unit": "us",
      "code_size": 1.9210000000000000e+03,
      "execution_time_ns": 1.2515085036695800e+03,
      "gas_rate": 2.4430842881385021e+09,
      "gas_used": 3.1790000000000000e+03,
      "input_size": 1.6400000000000000e+02
    },
    {
      "name": "external/total/main/swap_math/spent",
      "family_index": 9,
      "per_family_instance_index": 0,
      "run_name": "external/total/main/swap_math/spent",
      "run_type": "iteration",
      "repetitions": 20,
      "repetition_index": 15,
      "threads": 1,
      "iterations": 545294,
      "real_time": 1.2916464109269017e+00,
      "cpu_time": 1.3225196829600114e+00,
      "time_unit": "us",
      "code_size": 1.9210000000000000e+03,
      "execution_time_ns": 1.2715073941763526e+03,
      "gas_rate": 2.4037449430505919e+09,
      "gas_used": 3.1790000000000000e+03,
      "input_size": 1.6400000000000000e+02
    },
    {
      "name": "external/total/main/swap_math/spent",
      "family_index": 9,
      "per_family_instance_index": 0,
      "run_name": "external/total/main/swap_math/spent",
      "run_type": "iteration",
      "repetitions": 20,
      "repetition_index": 16,
      "threads": 1,
      "iterations": 545294,
      "real_time": 1.2963664610279075e+00,
      "cpu_time": 1.3273907506776639e+00,
      "time_unit": "us",
      "code_size": 1.9210000000000000e+03,
      "execution_time_ns": 1.2760761222386457e+03,
      "gas_rate": 2.3949240254816046e+09,
      "gas_used": 3.1790000000000000e+03,
      "input_size": 1.6400000000000000e+02
    },
    {
      "name": "external/total/main/swap_math/spent",
      "family_index": 9,
      "per_family_instance_index": 0,
      "run_name": "external/total/main/swap_math/spent",
      "run_type": "iteration",
      "repetitions": 20,
      "repetition_index": 17,
      "threads": 1,
      "iterations": 545294,
      "real_time": 1.2978764739753479e+00,
      "cpu_time": 1.3289850282599578e+00,
      "time_unit": "us",
      "code_size": 1.9210000000000000e+03,
      "execution_time_ns": 1.2784507054909830e+03,
      "gas_rate": 2.3920510257081447e+09,
      "gas_used": 3.1790000000000000e+03,
      "input_size": 1.6400000000000000e+02
    },
    {
      "name": "external/total/main/swap_math/spent",
      "family_index": 9,
      "per_family_instance_index": 0,
      "run_name": "external/total/main/swap_math/spent",
      "run_type": "iteration",
      "repetitions": 20,
      "repetition_index": 18,
      "threads": 1,
      "iterations": 545294,
      "real_time": 1.2949949953596049e+00,
      "cpu_time": 1.3259337641712692e+00,
      "time_unit": "us",
      "code_size": 1.9210000000000000e+03,
      "execution_time_ns": 1.2749842011832150e+03,
      "gas_rate": 2.3975556591900563e+09,
      "gas_used": 3.1790000000000000e+03,
      "input_size": 1.6400000000000000e+02
    },
    {
      "name": "external/total/main/swap_math/spent",
      "family_index": 9,
      "per_family_instance_index": 0,
      "run_name": "external/total/main/swap_math/spent",
      "run_type": "iteration",
      "repetitions": 20,
      "repetition_index": 19,
      "threads": 1,
      "iterations": 545294,
      "real_time": 1.3096390515943810e+00,
      "cpu_time": 1.3410427109045304e+00,
      "time_unit": "us",
      "code_size": 1.9210000000000000e+03,
      "execution_time_ns": 1.2901394898898575e+03,
      "gas_rate": 2.3705434391838064e+09,
      "gas_used": 3.1790000000000000e+03,
      "input_size": 1.6400000000000000e+02
    },
    {
      "name": "external/total/main/swap_math/spent_mean",
      "family_index": 9,
      "per_family_instance_index": 0,
      "run_name": "external/total/main/swap_math/spent",
      "run_type": "aggregate",
      "repetitions": 20,
      "threads": 1,
      "aggregate_name": "mean",
      "aggregate_unit": "time",
      "iterations": 20,
      "real_time": 1.2855350975803028e+00,
      "cpu_time": 1.3163544598876999e+00,
      "time_unit": "us",
      "code_size": 1.9210000000000000e+03,
      "execution_time_ns": 1.3381365004933120e+03,
      "gas_rate": 2.4152312103282290e+09,
      "gas_used": 3.1790000000000000e+03,
      "input_size": 1.6400000000000000e+02
    },
    {
      "name": "external/total/main/swap_math/spent_median",
      "family_index": 9,
      "per_family_instance_index": 0,
      "run_name": "external/total/main/swap_math/spent",
      "run_type": "aggregate",
      "repetitions": 20,
      "threads": 1,
      "aggregate_name": "median",
      "aggregate_unit": "time",
      "iterations": 20,
      "real_time": 1.2890673233151990e+00,
      "cpu_time": 1.3197009081339663e+00,
      "time_unit": "us",
      "code_size": 1.9210000000000000e+03,
      "execution_time_ns": 1.2721963729657764e+03,
      "gas_rate": 2.4088893137665596e+09,
      "gas_used": 3.1790000000000000e+03,
      "input_size": 1.6400000000000000e+02
    },
    {
      "name": "external/total/main/swap_math/spent_stddev",
      "family_index": 9,
      "per_family_instance_index": 0,
      "run_name": "external/total/main/swap_math/spent",
      "run_type": "aggregate",
      "repetitions": 20,
      "threads": 1,
      "aggregate_name": "stddev",
      "aggregate_unit": "time",
      "iterations": 20,
      "real_time": 1.2905247092938350e-02,
      "cpu_time": 1.3128114981148072e-02,
      "time_unit": "us",
      "code_size": 0.0000000000000000e+00,
      "execution_time_ns": 3.1948311310904296e+02,
      "gas_rate": 2.4085299563884147e+07,
      "gas_used": 0.0000000000000000e+00,
      "input_size": 0.0000000000000000e+00
    },
    {
      "name": "external/total/main/swap_math/spent_cv",
      "family_index": 9,
      "per_family_instance_index": 0,
      "run_name": "external/total/main/swap_math/spent",
      "run_type": "aggregate",
      "repetitions": 20,
      "threads": 1,
      "aggregate_name": "cv",
      "aggregate_unit": "percentage",
      "iterations": 20,
      "real_time": 1.0038813500486483e-02,
      "cpu_time": 9.9730850475243955e-03,
      "time_unit": "us",
      "code_size": 0.0000000000000000e+00,
      "execution_time_ns": 2.3875225957237067e-01,
      "gas_rate": 9.9722541928443219e-03,
      "gas_used": 0.0000000000000000e+00,
      "input_size": 0.0000000000000000e+00
    },
    {
      "name": "external/total/main/swap_math/received",
      "family_index": 10,
      "per_family_instance_index": 0,
      "run_name": "external/total/main/swap_math/received",
      "run_type": "iteration",
      "repetitions": 20,
      "repetition_index": 0,
      "threads": 1,
      "iterations": 457480,
      "real_time": 1.5356995278478314e+00,
      "cpu_time": 1.5724933942466959e+00,
      "time_unit": "us",
      "code_size": 1.9210000000000000e+03,
      "execution_time_ns": 1.5158193822680773e+03,
      "gas_rate": 2.2289441805121689e+09,
      "gas_used": 3.5050000000000000e+03,
      "input_size": 1.6400000000000000e+02
    },
    {
      "name": "external/total/main/swap_math/received",
      "family_index": 10,
      "per_family_instance_index": 0,
      "run_name": "external/total/main/swap_math/received",
      "run_type": "iteration",
      "repetitions": 20,
      "repetition_index": 1,
      "threads": 1,
      "iterations": 457480,
      "real_time": 1.5184700861257578e+00,
      "cpu_time": 1.5546974228381829e+00,
      "time_unit": "us",
      "code_size": 1.9210000000000000e+03,
      "execution_time_ns": 1.4990954752120310e+03,
      "gas_rate": 2.2544579726654696e+09,
      "gas_used": 3.5050000000000000e+03,
      "input_size": 1.6400000000000000e+02
    },
    {
      "name": "external/total/main/swap_math/received",
      "family_index": 10,
      "per_family_instance_index": 0,
      "run_name": "external/total/main/swap_math/received",
      "run_type": "iteration",
      "repetitions": 20,
      "repetition_index": 2,
      "threads": 1,
      "iterations": 457480,
      "real_time": 1.4977555106225371e+00,
      "cpu_time": 1.5336491147153823e+00,
      "time_unit": "us",
      "code_size": 1.9210000000000000e+03,
      "execution_time_ns": 1.4791024132202501e+03,
      "gas_rate": 2.2853989001587658e+09,
      "gas_used": 3.5050000000000000e+03,
      "input_size": 1.6400000000000000e+02
    },
    {
      "name": "external/total/main/swap_math/received",
      "family_index": 10,
      "per_family_instance_index": 0,
      "run_name": "external/total/main/swap_math/received",
      "run_type": "iteration",
      "repetitions": 20,
      "repetition_index": 3,
      "threads": 1,
      "iterations": 457480,
      "real_time": 1.4839525749748199e+00,
      "cpu_time": 1.5194536089008839e+00,
      "time_unit": "us",
      "code_size": 1.9210000000000000e+03,
      "execution_time_ns": 1.4655489157995978e+03,
      "gas_rate": 2.3067502551363754e+09,
      "gas_used": 3.5050000000000000e+03,
      "input_size": 1.6400000000000000e+02
    },
    {
      "name": "external/total/main/swap_math/received",
      "family_index": 10,
      "per_family_instance_index": 0,
      "run_name": "external/total/main/swap_math/received",
      "run_type": "iteration",
      "repetitions": 20,
      "repetition_index": 4,
      "threads": 1,
      "iterations": 457480,
      "real_time": 1.5018690587559553e+00,
      "cpu_time": 1.5381205845064181e+00,
      "time_unit": "us",
      "code_size": 1.9210000000000000e+03,
      "execution_time_ns": 1.4815808275771619e+03,
      "gas_rate": 2.2787550178484554e+09,
      "gas_used": 3.5050000000000000e+03,
      "input_size": 1.6400000000000000e+02
    },
    {
      "name": "external/total/main/swap_math/received",
      "family_index": 10,
      "per_family_instance_index": 0,
      "run_name": "external/total/main/swap_math/received",
      "run_type": "iteration",
      "repetitions": 20,
      "repetition_index": 5,
      "threads": 1,
      "iterations": 457480,
      "real_time": 1.5072080222099324e+00,
      "cpu_time": 1.5439102365130581e+00,
      "time_unit": "us",
      "code_size": 1.9210000000000000e+03,
      "execution_time_ns": 1.4878437680335753e+03,
      "gas_rate": 2.2702097033284068e+09,
      "gas_used": 3.5050000000000000e+03,
      "input_size": 1.6400000000000000e+02
    },
    {
      "name": "external/total/main/swap_math/received",
      "family_index": 10,
      "per_family_instance_index": 0,
      "run_name": "external/total/main/swap_math/received",
      "run_type": "iteration",
      "repetitions": 20,
      "repetition_index": 6,
      "threads": 1,
      "iterations": 457480,
      "real_time": 1.5031793477312323e+00,
      "cpu_time": 1.5396481048352133e+00,
      "time_unit": "us",
      "code_size": 1.9210000000000000e+03,
      "execution_time_ns": 1.4836761432193757e+03,
      "gas_rate": 2.2764942125364003e+09,
      "gas_used": 3.5050000000000000e+03,
      "input_size": 1.6400000000000000e+02
    },
    {
      "name": "external/total/main/swap_math/received",
      "family_index": 10,
      "per_family_instance_index": 0,
      "run_name": "external/total/main/swap_math/received",
      "run_type": "iteration",
      "repetitions": 20,
      "repetition_index": 7,
      "threads": 1,
      "iterations": 457480,
      "real_time": 1.4947418335232507e+00,
      "cpu_time": 1.5311192511147551e+00,
      "time_unit": "us",
      "code_size": 1.9210000000000000e+03,
      "execution_time_ns": 1.4746078604529159e+03,
      "gas_rate": 2.2891750576894193e+09,
      "gas_used": 3.5050000000000000e+03,
      "input_size": 1.6400000000000000e+02
    },
    {
      "name": "external/total/main/swap_math/received",
      "family_index": 10,
      "per_family_instance_index": 0,
      "run_name": "external/total/main/swap_math/received",
      "run_type": "iteration",
      "repetitions": 20,
      "repetition_index": 8,
      "threads": 1,
      "iterations": 457480,
      "real_time": 1.5211862922971335e+00,
      "cpu_time": 1.5582457834222341e+00,
      "time_unit": "us",
      "code_size": 1.9210000000000000e+03,
      "execution_time_ns": 1.5019493813937222e+03,
      "gas_rate": 2.2493242319592776e+09,
      "gas_used": 3.5050000000000000e+03,
      "input_size": 1.6400000000000000e+02
    },
    {
      "name": "external/total/main/swap_math/received",
      "family_index": 10,
      "per_family_instance_index": 0,
      "run_name": "external/total/main/swap_math/received",
      "run_type": "iteration",
      "repetitions": 20,
      "repetition_index": 9,
      "threads": 1,
      "iterations": 457480,
      "real_time": 1.5470200314781237e+00,
      "cpu_time": 1.5845497267640585e+00,
      "time_unit": "us",
      "code_size": 1.9210000000000000e+03,
      "execution_time_ns": 1.5275498557313981e+03,
      "gas_rate": 2.2119848565168443e+09,
      "gas_used": 3.5050000000000000e+03,
      "input_size": 1.6400000000000000e+02
    },
    {
      "name": "external/total/main/swap_math/received",
      "family_index": 10,
      "per_family_instance_index": 0,
      "run_name": "external/total/main/swap_math/received",
      "run_type": "iteration",
      "repetitions": 20,
      "repetition_index": 10,
      "threads": 1,
      "iterations": 457480,
      "real_time": 1.5238770525490832e+00,
      "cpu_time": 1.5609817806242856e+00,
      "time_unit": "us",
      "code_size": 1.9210000000000000e+03,
      "execution_time_ns": 1.5042643197516832e+03,
      "gas_rate": 2.2453817485289550e+09,
      "gas_used": 3.5050000000000000e+03,
      "input_size": 1.6400000000000000e+02
    },
    {
      "name": "external/total/main/swap_math/received",
      "family_index": 10,
      "per_family_instance_index": 0,
      "run_name": "external/total/main/swap_math/received",
      "run_type": "iteration",
      "repetitions": 20,
      "repetition_index": 11,
      "threads": 1,
      "iterations": 457480,
      "real_time": 1.5391184663807471e+00,
      "cpu_time": 1.5765931297542533e+00,
      "time_unit": "us",
      "code_size": 1.9210000000000000e+03,
      "execution_time_ns": 1.5178329675614234e+03,
      "gas_rate": 2.2231480867523069e+09,
      "gas_used": 3.5050000000000000e+03,
      "input_size": 1.6400000000000000e+02
    },
    {
      "name": "external/total/main/swap_math/received",
      "family_index": 10,
      "per_family_instance_index": 0,
      "run_name": "external/total/main/swap_math/received",
      "run_type": "iteration",
      "repetitions": 20,
      "repetition_index": 12,
      "threads": 1,
      "iterations": 457480,
      "real_time": 1.5206161340387345e+00,
      "cpu_time": 1.5575269979015540e+00,
      "time_unit": "us",
      "code_size": 1.9210000000000000e+03,
      "execution_time_ns": 1.5020083500918072e+03,
      "gas_rate": 2.2503622760454645e+09,
      "gas_used": 3.5050000000000000e+03,
      "input_size": 1.6400000000000000e+02
    },
    {
      "name": "external/total/main/swap_math/received",
      "family_index": 10,
      "per_family_instance_index": 0,
      "run_name": "external/total/main/swap_math/received",
      "run_type": "iteration",
      "repetitions": 20,
      "repetition_index": 13,
      "threads": 1,
      "iterations": 457480,
      "real_time": 1.5260317478346237e+00,
      "cpu_time": 1.5631667613884461e+00,
      "time_unit": "us",
      "code_size": 1.9210000000000000e+03,
      "execution_time_ns": 1.5071977988108770e+03,
      "gas_rate": 2.2422431736501141e+09,
      "gas_used": 3.5050000000000000e+03,
      "input_size": 1.6400000000000000e+02
    },
    {
      "name": "external/total/main/swap_math/received",
      "family_index": 10,
      "per_family_instance_index": 0,
      "run_name": "external/total/main/swap_math/received",
      "run_type": "iteration",
      "repetitions": 20,
      "repetition_index": 14,
      "threads": 1,
      "iterations": 457480,
      "real_time": 1.5295575828456116e+00,
      "cpu_time": 1.5667908826615373e+00,
      "time_unit": "us",
      "code_size": 1.9210000000000000e+03,
      "execution_time_ns": 1.5087422466555915e+03,
      "gas_rate": 2.2370566734764185e+09,
      "gas_used": 3.5050000000000000e+03,
      "input_size": 1.6400000000000000e+02
    },
    {
      "name": "external/total/main/swap_math/received",
      "family_index": 10,
      "per_family_instance_index": 0,
      "run_name": "external/total/main/swap_math/received",
      "run_type": "iteration",
      "repetitions": 20,
      "repetition_index": 15,
      "threads": 1,
      "iterations": 457480,
      "real_time": 1.4987439582058950e+00,
      "cpu_time": 1.5350863972195463e+00,
      "time_unit": "us",
      "code_size": 1.9210000000000000e+03,
      "execution_time_ns": 1.4801099457899800e+03,
      "gas_rate": 2.2832591092908487e+09,
      "gas_used": 3.5050000000000000e+03,
      "input_size": 1.6400000000000000e+02
    },
    {
      "name": "external/total/main/swap_math/received",
      "family_index": 10,
      "per_family_instance_index": 0,
      "run_name": "external/total/main/swap_math/received",
      "run_type": "iteration",
      "repetitions": 20,
      "repetition_index": 16,
      "threads": 1,
      "iterations": 457480,
      "real_time": 1.4954204161921325e+00,
      "cpu_time": 1.5324611720731058e+00,
      "time_unit": "us",
      "code_size": 1.9210000000000000e+03,
      "execution_time_ns": 1.4761893328670105e+03,
      "gas_rate": 2.2871705096830959e+09,
      "gas_used": 3.5050000000000000e+03,
      "input_size": 1.6400000000000000e+02
    },
    {
      "name": "external/total/main/swap_math/received",
      "family_index": 10,
      "per_family_instance_index": 0,
      "run_name": "external/total/main/swap_math/received",
      "run_type": "iteration",
      "repetitions": 20,
      "repetition_index": 17,
      "threads": 1,
      "iterations": 457480,
      "real_time": 1.5181063915363548e+00,
      "cpu_time": 1.5555677013202658e+00,
      "time_unit": "us",
      "code_size": 1.9210000000000000e+03,
      "execution_time_ns": 1.4990688073795575e+03,
      "gas_rate": 2.2531966927734365e+09,
      "gas_used": 3.5050000000000000e+03,
      "input_size": 1.6400000000000000e+02
    },
    {
      "name": "external/total/main/swap_math/received",
      "family_index": 10,
      "per_family_instance_index": 0,
      "run_name": "external/total/main/swap_math/received",
      "run_type": "iteration",
      "repetitions": 20,
      "repetition_index": 18,
      "threads": 1,
      "iterations": 457480,
      "real_time": 1.4902620923321224e+00,
      "cpu_time": 1.5270389000611826e+00,
      "time_unit": "us",
      "code_size": 1.9210000000000000e+03,
      "execution_time_ns": 1.4715977988108771e+03,
      "gas_rate": 2.2952918880190725e+09,
      "gas_used": 3.5050000000000000e+03,
      "input_size": 1.6400000000000000e+02
    },
    {
      "name": "external/total/main/swap_math/received",
      "family_index": 10,
      "per_family_instance_index": 0,
      "run_name": "external/total/main/swap_math/received",
      "run_type": "iteration",
      "repetitions": 20,
      "repetition_index": 19,
      "threads": 1,
      "iterations": 457480,
      "real_time": 1.4836046887285701e+00,
      "cpu_time": 1.5203526339948816e+00,
      "time_unit": "us",
      "code_size": 1.9210000000000000e+03,
      "execution_time_ns": 1.4644798176969484e+03,
      "gas_rate": 2.3053862121383348e+09,
      "gas_used": 3.5050000000000000e+03,
      "input_size": 1.6400000000000000e+02
    },
    {
      "name": "external/total/main/swap_math/received_mean",
      "family_index": 10,
      "per_family_instance_index": 0,
      "run_name": "external/total/main/swap_math/received",
      "run_type": "aggregate",
      "repetitions": 20,
      "threads": 1,
      "aggregate_name": "mean",
      "aggregate_unit": "time",
      "iterations": 20,
      "real_time": 1.5118210408105228e+00,
      "cpu_time": 1.5485726792427974e+00,
      "time_unit": "us",
      "code_size": 1.9210000000000000e+03,
      "execution_time_ns": 1.4924132704161934e+03,
      "gas_rate": 2.2636995379354815e+09,
      "gas_used": 3.5050000000000000e+03,
      "input_size": 1.6400000000000000e+02
    },
    {
      "name": "external/total/main/swap_math/received_median",
      "family_index": 10,
      "per_family_instance_index": 0,
      "run_name": "external/total/main/swap_math/received",
      "run_type": "aggregate",
      "repetitions": 20,
      "threads": 1,
      "aggregate_name": "median",
      "aggregate_unit": "time",
      "iterations": 20,
      "real_time": 1.5126572068731436e+00,
      "cpu_time": 1.5493038296756207e+00,
      "time_unit": "us",
      "code_size": 1.9210000000000000e+03,
      "execution_time_ns": 1.4934562877065664e+03,
      "gas_rate": 2.2623338379969382e+09,
      "gas_used": 3.5050000000000000e+03,
      "input_size": 1.6400000000000000e+02
    },
    {
      "name": "external/total/main/swap_math/received_stddev",
      "family_index": 10,
      "per_family_instance_index": 0,
      "run_name": "external/total/main/swap_math/received",
      "run_type": "aggregate",
      "repetitions": 20,
      "threads": 1,
      "aggregate_name": "stddev",
      "aggregate_unit": "time",
      "iterations": 20,
      "real_time": 1.8676027501557838e-02,
      "cpu_time": 1.9054195135603639e-02,
      "time_unit": "us",
      "code_size": 0.0000000000000000e+00,
      "execution_time_ns": 1.8331475744925456e+01,
      "gas_rate": 2.7803891856295001e+07,
      "gas_used": 0.0000000000000000e+00,
      "input_size": 0.0000000000000000e+00
    },
    {
      "name": "external/total/main/swap_math/received_cv",
      "family_index": 10,
      "per_family_instance_index": 0,
      "run_name": "external/total/main/swap_math/received",
      "run_type": "aggregate",
      "repetitions": 20,
      "threads": 1,
      "aggregate_name": "cv",
      "aggregate_unit": "percentage",
      "iterations": 20,
      "real_time": 1.2353332171872129e-02,
      "cpu_time": 1.2304359615152536e-02,
      "time_unit": "us",
      "code_size": 0.0000000000000000e+00,
      "execution_time_ns": 1.2283109583857631e-02,
      "gas_rate": 1.2282501007908696e-02,
      "gas_used": 0.0000000000000000e+00,
      "input_size": 0.0000000000000000e+00
    },
    {
      "name": "external/total/main/swap_math/insufficient_liquidity",
      "family_index": 11,
      "per_family_instance_index": 0,
      "run_name": "external/total/main/swap_math/insufficient_liquidity",
      "run_type": "iteration",
      "repetitions": 20,
      "repetition_index": 0,
      "threads": 1,
      "iterations": 641867,
      "real_time": 1.0483308457985929e+00,
      "cpu_time": 1.0741454802941712e+00,
      "time_unit": "us",
      "code_size": 1.9210000000000000e+03,
      "execution_time_ns": 1.0288448977747726e+03,
      "gas_rate": 2.0779308212410226e+09,
      "gas_used": 2.2320000000000000e+03,
      "input_size": 1.6400000000000000e+02
    },
    {
      "name": "external/total/main/swap_math/insufficient_liquidity",
      "family_index": 11,
      "per_family_instance_index": 0,
      "run_name": "external/total/main/swap_math/insufficient_liquidity",
      "run_type": "iteration",
      "repetitions": 20,
      "repetition_index": 1,
      "threads": 1,
      "iterations": 641867,
      "real_time": 1.0662114503480256e+00,
      "cpu_time": 1.0925790031267968e+00,
      "time_unit": "us",
      "code_size": 1.9210000000000000e+03,
      "execution_time_ns": 1.0454860633121814e+03,
      "gas_rate": 2.0428728665042543e+09,
      "gas_used": 2.2320000000000000e+03,
      "input_size": 1.6400000000000000e+02
    },
    {
      "name": "external/total/main/swap_math/insufficient_liquidity",
      "family_index": 11,
      "per_family_instance_index": 0,
      "run_name": "external/total/main/swap_math/insufficient_liquidity",
      "run_type": "iteration",
      "repetitions": 20,
      "repetition_index": 2,
      "threads": 1,
      "iterations": 641867,
      "real_time": 1.0672612052033144e+00,
      "cpu_time": 1.0936970353671489e+00,
      "time_unit": "us",
      "code_size": 1.9210000000000000e+03,
      "execution_time_ns": 1.0474829364961900e+03,
      "gas_rate": 2.0407845388835020e+09,
      "gas_used": 2.2320000000000000e+03,
      "input_size": 1.6400000000000000e+02
    },
    {
      "name": "external/total/main/swap_math/insufficient_liquidity",
      "family_index": 11,
      "per_family_instance_index": 0,
      "run_name": "external/total/main/swap_math/insufficient_liquidity",
      "run_type": "iteration",
      "repetitions": 20,
      "repetition_index": 3,
      "threads": 1,
      "iterations": 641867,
      "real_time": 1.0651037629287952e+00,
      "cpu_time": 1.0913615016817821e+00,
      "time_unit": "us",
      "code_size": 1.9210000000000000e+03,
      "execution_time_ns": 1.0454113811739815e+03,
      "gas_rate": 2.0451518553297875e+09,
      "gas_used": 2.2320000000000000e+03,
      "input_size": 1.6400000000000000e+02
    },
    {
      "name": "external/total/main/swap_math/insufficient_liquidity",
      "family_index": 11,
      "per_family_instance_index": 0,
      "run_name": "external/total/main/swap_math/insufficient_liquidity",
      "run_type": "iteration",
      "repetitions": 20,
      "repetition_index": 4,
      "threads": 1,
      "iterations": 641867,
      "real_time": 1.0669148468442267e+00,
      "cpu_time": 1.0933107777779376e+00,
      "time_unit": "us",
      "code_size": 1.9210000000000000e+03,
      "execution_time_ns": 1.0476246340752834e+03,
      "gas_rate": 2.0415055310589299e+09,
      "gas_used": 2.2320000000000000e+03,
      "input_size": 1.6400000000000000e+02
    },
    {
      "name": "external/total/main/swap_math/insufficient_liquidity",
      "family_index": 11,
      "per_family_instance_index": 0,
      "run_name": "external/total/main/swap_math/insufficient_liquidity",
      "run_type": "iteration",
      "repetitions": 20,
      "repetition_index": 5,
      "threads": 1,
      "iterations": 641867,
      "real_time": 1.0598651278221145e+00,
      "cpu_time": 1.0860693570475048e+00,
      "time_unit": "us",
      "code_size": 1.9210000000000000e+03,
      "execution_time_ns": 1.0407335086552198e+03,
      "gas_rate": 2.0551173693618648e+09,
      "gas_used": 2.2320000000000000e+03,
      "input_size": 1.6400000000000000e+02
    },
    {
      "name": "external/total/main/swap_math/insufficient_liquidity",
      "family_index": 11,
      "per_family_instance_index": 0,
      "run_name": "external/total/main/swap_math/insufficient_liquidity",
      "run_type": "iteration",
      "repetitions": 20,
      "repetition_index": 6,
      "threads": 1,
      "iterations": 641867,
      "real_time": 1.0662095309463218e+00,
      "cpu_time": 1.0925006488883224e+00,
      "time_unit": "us",
      "code_size": 1.9210000000000000e+03,
      "execution_time_ns": 1.0471149210038841e+03,
      "gas_rate": 2.0430193815181518e+09,
      "gas_used": 2.2320000000000000e+03,
      "input_size": 1.6400000000000000e+02
    },
    {
      "name": "external/total/main/swap_math/insufficient_liquidity",
      "family_index": 11,
      "per_family_instance_index": 0,
      "run_name": "external/total/main/swap_math/insufficient_liquidity",
      "run_type": "iteration",
      "repetitions": 20,
      "repetition_index": 7,
      "threads": 1,
      "iterations": 641867,
      "real_time": 1.0668892325045134e+00,
      "cpu_time": 1.0929815989916902e+00,
      "time_unit": "us",
      "code_size": 1.9210000000000000e+03,
      "execution_time_ns": 1.0482062483349355e+03,
      "gas_rate": 2.0421203815865607e+09,
      "gas_used": 2.2320000000000000e+03,
      "input_size": 1.6400000000000000e+02
    },
    {
      "name": "external/total/main/swap_math/insufficient_liquidity",
      "family_index": 11,
      "per_family_instance_index": 0,
      "run_name": "external/total/main/swap_math/insufficient_liquidity",
      "run_type": "iteration",
      "repetitions": 20,
      "repetition_index": 8,
      "threads": 1,
      "iterations": 641867,
      "real_time": 1.0489569583726330e+00,
      "cpu_time": 1.0742444758805167e+00,
      "time_unit": "us",
      "code_size": 1.9210000000000000e+03,
      "execution_time_ns": 1.0302326291895361e+03,
      "gas_rate": 2.0777393322600200e+09,
      "gas_used": 2.2320000000000000e+03,
      "input_size": 1.6400000000000000e+02
    },
    {
      "name": "external/total/main/swap_math/insufficient_liquidity",
      "family_index": 11,
      "per_family_instance_index": 0,
      "run_name": "external/total/main/swap_math/insufficient_liquidity",
      "run_type": "iteration",
      "repetitions": 20,
      "repetition_index": 9,
      "threads": 1,
      "iterations": 641867,
      "real_time": 1.0514930819007422e+00,
      "cpu_time": 1.0767893239565203e+00,
      "time_unit": "us",
      "code_size": 1.9210000000000000e+03,
      "execution_time_ns": 1.0325878663336798e+03,
      "gas_rate": 2.0728288722243366e+09,
      "gas_used": 2.2320000000000000e+03,
      "input_size": 1.6400000000000000e+02
    },
    {
      "name": "external/total/main/swap_math/insufficient_liquidity",
      "family_index": 11,
      "per_family_instance_index": 0,
      "run_name": "external/total/main/swap_math/insufficient_liquidity",
      "run_type": "iteration",
      "repetitions": 20,
      "repetition_index": 10,
      "threads": 1,
      "iterations": 641867,
      "real_time": 1.0424957226342475e+00,
      "cpu_time": 1.0676799710843432e+00,
      "time_unit": "us",
      "code_size": 1.9210000000000000e+03,
      "execution_time_ns": 1.0236554239429664e+03,
      "gas_rate": 2.0905140683056602e+09,
      "gas_used": 2.2320000000000000e+03,
      "input_size": 1.6400000000000000e+02
    },
    {
      "name": "external/total/main/swap_math/insufficient_liquidity",
      "family_index": 11,
      "per_family_instance_index": 0,
      "run_name": "external/total/main/swap_math/insufficient_liquidity",
      "run_type": "iteration",
      "repetitions": 20,
      "repetition_index": 11,
      "threads": 1,
      "iterations": 641867,
      "real_time": 1.0450007478175727e+00,
      "cpu_time": 1.0702253177060370e+00,
      "time_unit": "us",
      "code_size": 1.9210000000000000e+03,
      "execution_time_ns": 1.0257862282996321e+03,
      "gas_rate": 2.0855421405878873e+09,
      "gas_used": 2.2320000000000000e+03,
      "input_size": 1.6400000000000000e+02
    },
    {
      "name": "external/total/main/swap_math/insufficient_liquidity",
      "family_index": 11,
      "per_family_instance_index": 0,
      "run_name": "external/total/main/swap_math/insufficient_liquidity",
      "run_type": "iteration",
      "repetitions": 20,
      "repetition_index": 12,
      "threads": 1,
      "iterations": 641867,
      "real_time": 1.0351934388277759e+00,
      "cpu_time": 1.0601069972439692e+00,
      "time_unit": "us",
      "code_size": 1.9210000000000000e+03,
      "execution_time_ns": 1.0165717633092214e+03,
      "gas_rate": 2.1054478517759805e+09,
      "gas_used": 2.2320000000000000e+03,
      "input_size": 1.6400000000000000e+02
    },
    {
      "name": "external/total/main/swap_math/insufficient_liquidity",
      "family_index": 11,
      "per_family_instance_index": 0,
      "run_name": "external/total/main/swap_math/insufficient_liquidity",
      "run_type": "iteration",
      "repetitions": 20,
      "repetition_index": 13,
      "threads": 1,
      "iterations": 641867,
      "real_time": 1.0480224267645748e+00,
      "cpu_time": 1.0733386994501961e+00,
      "time_unit": "us",
      "code_size": 1.9210000000000000e+03,
      "execution_time_ns": 1.0293011215719143e+03,
      "gas_rate": 2.0794927091917145e+09,
      "gas_used": 2.2320000000000000e+03,
      "input_size": 1.6400000000000000e+02
    },
    {
      "name": "external/total/main/swap_math/insufficient_liquidity",
      "family_index": 11,
      "per_family_instance_index": 0,
      "run_name": "external/total/main/swap_math/insufficient_liquidity",
      "run_type": "iteration",
      "repetitions": 20,
      "repetition_index": 14,
      "threads": 1,
      "iterations": 641867,
      "real_time": 1.0437134001287236e+00,
      "cpu_time": 1.0689208512043542e+00,
      "time_unit": "us",
      "code_size": 1.9210000000000000e+03,
      "execution_time_ns": 1.0247227213737426e+03,
      "gas_rate": 2.0880872493835287e+09,
      "gas_used": 2.2320000000000000e+03,
      "input_size": 1.6400000000000000e+02
    },
    {
      "name": "external/total/main/swap_math/insufficient_liquidity",
      "family_index": 11,
      "per_family_instance_index": 0,
      "run_name": "external/total/main/swap_math/insufficient_liquidity",
      "run_type": "iteration",
      "repetitions": 20,
      "repetition_index": 15,
      "threads": 1,
      "iterations": 641867,
      "real_time": 1.0579354539178401e+00,
      "cpu_time": 1.0833473336376287e+00,
      "time_unit": "us",
      "code_size": 1.9210000000000000e+03,
      "execution_time_ns": 1.0378022082456334e+03,
      "gas_rate": 2.0602810665582778e+09,
      "gas_used": 2.2320000000000000e+03,
      "input_size": 1.6400000000000000e+02
    },
    {
      "name": "external/total/main/swap_math/insufficient_liquidity",
      "family_index": 11,
      "per_family_instance_index": 0,
      "run_name": "external/total/main/swap_math/insufficient_liquidity",
      "run_type": "iteration",
      "repetitions": 20,
      "repetition_index": 16,
      "threads": 1,
      "iterations": 641867,
      "real_time": 1.0718893602570034e+00,
      "cpu_time": 1.0977647503298777e+00,
      "time_unit": "us",
      "code_size": 1.9210000000000000e+03,
      "execution_time_ns": 2.2751957757603991e+03,
      "gas_rate": 2.0332225090387402e+09,
      "gas_used": 2.2320000000000000e+03,
      "input_size": 1.6400000000000000e+02
    },
    {
      "name": "external/total/main/swap_math/insufficient_liquidity",
      "family_index": 11,
      "per_family_instance_index": 0,
      "run_name": "external/total/main/swap_math/insufficient_liquidity",
      "run_type": "iteration",
      "repetitions": 20,
      "repetition_index": 17,
      "threads": 1,
      "iterations": 641867,
      "real_time": 1.0603274011602897e+00,
      "cpu_time": 1.0858432743855058e+00,
      "time_unit": "us",
      "code_size": 1.9210000000000000e+03,
      "execution_time_ns": 1.0407518239759950e+03,
      "gas_rate": 2.0555452638992682e+09,
      "gas_used": 2.2320000000000000e+03,
      "input_size": 1.6400000000000000e+02
    },
    {
      "name": "external/total/main/swap_math/insufficient_liquidity",
      "family_index": 11,
      "per_family_instance_index": 0,
      "run_name": "external/total/main/swap_math/insufficient_liquidity",
      "run_type": "iteration",
      "repetitions": 20,
      "repetition_index": 18,
      "threads": 1,
      "iterations": 641867,
      "real_time": 1.0697078834095928e+00,
      "cpu_time": 1.0954738863347144e+00,
      "time_unit": "us",
      "code_size": 1.9210000000000000e+03,
      "execution_time_ns": 1.0504519581159336e+03,
      "gas_rate": 2.0374744006613665e+09,
      "gas_used": 2.2320000000000000e+03,
      "input_size": 1.6400000000000000e+02
    },
    {
      "name": "external/total/main/swap_math/insufficient_liquidity",
      "family_index": 11,
      "per_family_instance_index": 0,
      "run_name": "external/total/main/swap_math/insufficient_liquidity",
      "run_type": "iteration",
      "repetitions": 20,
      "repetition_index": 19,
      "threads": 1,
      "iterations": 641867,
      "real_time": 1.0716314205275315e+00,
      "cpu_time": 1.0975112975117938e+00,
      "time_unit": "us",
      "code_size": 1.9210000000000000e+03,
      "execution_time_ns": 1.0522851120247653e+03,
      "gas_rate": 2.0336920495126064e+09,
      "gas_used": 2.2320000000000000e+03,
      "input_size": 1.6400000000000000e+02
    },
    {
      "name": "external/total/main/swap_math/insufficient_liquidity_mean",
      "family_index": 11,
      "per_family_instance_index": 0,
      "run_name": "external/total/main/swap_math/insufficient_liquidity",
      "run_type": "aggregate",
      "repetitions": 20,
      "threads": 1,
      "aggregate_name": "mean",
      "aggregate_unit": "time",
      "iterations": 20,
      "real_time": 1.0576576649057217e+00,
      "cpu_time": 1.0833945790950406e+00,
      "time_unit": "us",
      "code_size": 1.9210000000000000e+03,
      "execution_time_ns": 1.0995124611484935e+03,
      "gas_rate": 2.0604185129441731e+09,
      "gas_used": 2.2320000000000000e+03,
      "input_size": 1.6400000000000000e+02
    },
    {
      "name": "external/total/main/swap_math/insufficient_liquidity_median",
      "family_index": 11,
      "per_family_instance_index": 0,
      "run_name": "external/total/main/swap_math/insufficient_liquidity",
      "run_type": "aggregate",
      "repetitions": 20,
      "threads": 1,
      "aggregate_name": "median",
      "aggregate_unit": "time",
      "iterations": 20,
      "real_time": 1.0600962644912020e+00,
      "cpu_time": 1.0859563157165053e+00,
      "time_unit": "us",
      "code_size": 1.9210000000000000e+03,
      "execution_time_ns": 1.0407426663156075e+03,
      "gas_rate": 2.0553313166305666e+09,
      "gas_used": 2.2320000000000000e+03,
      "input_size": 1.6400000000000000e+02
    },
    {
      "name": "external/total/main/swap_math/insufficient_liquidity_stddev",
      "family_index": 11,
      "per_family_instance_index": 0,
      "run_name": "external/total/main/swap_math/insufficient_liquidity",
      "run_type": "aggregate",
      "repetitions": 20,
      "threads": 1,
      "aggregate_name": "stddev",
      "aggregate_unit": "time",
      "iterations": 20,
      "real_time": 1.1245306289143634e-02,
      "cpu_time": 1.1648748537211435e-02,
      "time_unit": "us",
      "code_size": 0.0000000000000000e+00,
      "execution_time_ns": 2.7692600344262235e+02,
      "gas_rate": 2.2252814416718762e+07,
      "gas_used": 0.0000000000000000e+00,
      "input_size": 0.0000000000000000e+00
    },
    {
      "name": "external/total/main/swap_math/insufficient_liquidity_cv",
      "family_index": 11,
      "per_family_instance_index": 0,
      "run_name": "external/total/main/swap_math/insufficient_liquidity",
      "run_type": "aggregate",
      "repetitions": 20,
      "threads": 1,
      "aggregate_name": "cv",
      "aggregate_unit": "percentage",
      "iterations": 20,
      "real_time": 1.0632274186890167e-02,
      "cpu_time": 1.0752083093254568e-02,
      "time_unit": "us",
      "code_size": 0.0000000000000000e+00,
      "execution_time_ns": 2.5186254201554009e-01,
      "gas_rate": 1.0800142920925940e-02,
      "gas_used": 0.0000000000000000e+00,
      "input_size": 0.0000000000000000e+00
    },
    {
      "name": "external/total/main/weierstrudel/1",
      "family_index": 12,
      "per_family_instance_index": 0,
      "run_name": "external/total/main/weierstrudel/1",
      "run_type": "iteration",
      "repetitions": 20,
      "repetition_index": 0,
      "threads": 1,
      "iterations": 5019,
      "real_time": 1.3530785176326046e+02,
      "cpu_time": 1.3857371169555952e+02,
      "time_unit": "us",
      "code_size": 1.4658000000000000e+04,
      "execution_time_ns": 1.3527211874875473e+05,
      "gas_rate": 3.4321805642681688e+08,
      "gas_used": 4.7561000000000000e+04,
      "input_size": 9.6000000000000000e+01
    },
    {
      "name": "external/total/main/weierstrudel/1",
      "family_index": 12,
      "per_family_instance_index": 0,
      "run_name": "external/total/main/weierstrudel/1",
      "run_type": "iteration",
      "repetitions": 20,
      "repetition_index": 1,
      "threads": 1,
      "iterations": 5019,
      "real_time": 1.3913594640374174e+02,
      "cpu_time": 1.4249513867304404e+02,
      "time_unit": "us",
      "code_size": 1.4658000000000000e+04,
      "execution_time_ns": 1.3908775971309026e+05,
      "gas_rate": 3.3377279002569348e+08,
      "gas_used": 4.7561000000000000e+04,
      "input_size": 9.6000000000000000e+01
    },
    {
      "name": "external/total/main/weierstrudel/1",
      "family_index": 12,
      "per_family_instance_index": 0,
      "run_name": "external/total/main/weierstrudel/1",
      "run_type": "iteration",
      "repetitions": 20,
      "repetition_index": 2,
      "threads": 1,
      "iterations": 5019,
      "real_time": 1.3846866029082335e+02,
      "cpu_time": 1.4179688304442743e+02,
      "time_unit": "us",
      "code_size": 1.4658000000000000e+04,
      "execution_time_ns": 1.3841925562861128e+05,
      "gas_rate": 3.3541639970392239e+08,
      "gas_used": 4.7561000000000000e+04,
      "input_size": 9.6000000000000000e+01
    },
    {
      "name": "external/total/main/weierstrudel/1",
      "family_index": 12,
      "per_family_instance_index": 0,
      "run_name": "external/total/main/weierstrudel/1",
      "run_type": "iteration",
      "repetitions": 20,
      "repetition_index": 3,
      "threads": 1,
      "iterations": 5019,
      "real_time": 1.3815335784004364e+02,
      "cpu_time": 1.4149526698545813e+02,
      "time_unit": "us",
      "code_size": 1.4658000000000000e+04,
      "execution_time_ns": 1.3811313209802750e+05,
      "gas_rate": 3.3613138455640340e+08,
      "gas_used": 4.7561000000000000e+04,
      "input_size": 9.6000000000000000e+01
    },
    {
      "name": "external/total/main/weierstrudel/1",
      "family_index": 12,
      "per_family_instance_index": 0,
      "run_name": "external/total/main/weierstrudel/1",
      "run_type": "iteration",
      "repetitions": 20,
      "repetition_index": 4,
      "threads": 1,
      "iterations": 5019,
      "real_time": 1.3751467921901482e+02,
      "cpu_time": 1.4087449113369200e+02,
      "time_unit": "us",
      "code_size": 1.4658000000000000e+04,
      "execution_time_ns": 1.3747956485355648e+05,
      "gas_rate": 3.3761257710499126e+08,
      "gas_used": 4.7561000000000000e+04,
      "input_size": 9.6000000000000000e+01
    },
    {
      "name": "external/total/main/weierstrudel/1",
      "family_index": 12,
      "per_family_instance_index": 0,
      "run_name": "external/total/main/weierstrudel/1",
      "run_type": "iteration",
      "repetitions": 20,
      "repetition_index": 5,
      "threads": 1,
      "iterations": 5019,
      "real_time": 1.3874543972899562e+02,
      "cpu_time": 1.4211909185096593e+02,
      "time_unit": "us",
      "code_size": 1.4658000000000000e+04,
      "execution_time_ns": 1.3871016417613070e+05,
      "gas_rate": 3.3465595213537627e+08,
      "gas_used": 4.7561000000000000e+04,
      "input_size": 9.6000000000000000e+01
    },
    {
      "name": "external/total/main/weierstrudel/1",
      "family_index": 12,
      "per_family_instance_index": 0,
      "run_name": "external/total/main/weierstrudel/1",
      "run_type": "iteration",
      "repetitions": 20,
      "repetition_index": 6,
      "threads": 1,
      "iterations": 5019,
      "real_time": 1.3930393723840399e+02,
      "cpu_time": 1.4271275114564642e+02,
      "time_unit": "us",
      "code_size": 1.4658000000000000e+04,
      "execution_time_ns": 1.3925826678621239e+05,
      "gas_rate": 3.3326384375746018e+08,
      "gas_used": 4.7561000000000000e+04,
      "input_size": 9.6000000000000000e+01
    },
    {
      "name": "external/total/main/weierstrudel/1",
      "family_index": 12,
      "per_family_instance_index": 0,
      "run_name": "external/total/main/weierstrudel/1",
      "run_type": "iteration",
      "repetitions": 20,
      "repetition_index": 7,
      "threads": 1,
      "iterations": 5019,
      "real_time": 1.3732281071920656e+02,
      "cpu_time": 1.4067556166566786e+02,
      "time_unit": "us",
      "code_size": 1.4658000000000000e+04,
      "execution_time_ns": 1.3728139210998206e+05,
      "gas_rate": 3.3808999542532027e+08,
      "gas_used": 4.7561000000000000e+04,
      "input_size": 9.6000000000000000e+01
    },
    {
      "name": "external/total/main/weierstrudel/1",
      "family_index": 12,
      "per_family_instance_index": 0,
      "run_name": "external/total/main/weierstrudel/1",
      "run_type": "iteration",
      "repetitions": 20,
      "repetition_index": 8,
      "threads": 1,
      "iterations": 5019,
      "real_time": 1.3431861446493926e+02,
      "cpu_time": 1.3759359533771857e+02,
      "time_unit": "us",
      "code_size": 1.4658000000000000e+04,
      "execution_time_ns": 1.3428110998206813e+05,
      "gas_rate": 3.4566289138141364e+08,
      "gas_used": 4.7561000000000000e+04,
      "input_size": 9.6000000000000000e+01
    },
    {
      "name": "external/total/main/weierstrudel/1",
      "family_index": 12,
      "per_family_instance_index": 0,
      "run_name": "external/total/main/weierstrudel/1",
      "run_type": "iteration",
      "repetitions": 20,
      "repetition_index": 9,
      "threads": 1,
      "iterations": 5019,
      "real_time": 1.3607666507272145e+02,
      "cpu_time": 1.3940524208009541e+02,
      "time_unit": "us",
      "code_size": 1.4658000000000000e+04,
      "execution_time_ns": 1.3603969695158399e+05,
      "gas_rate": 3.4117081460016966e+08,
      "gas_used": 4.7561000000000000e+04,
      "input_size": 9.6000000000000000e+01
    },
    {
      "name": "external/total/main/weierstrudel/1",
      "family_index": 12,
      "per_family_instance_index": 0,
      "run_name": "external/total/main/weierstrudel/1",
      "run_type": "iteration",
      "repetitions": 20,
      "repetition_index": 10,
      "threads": 1,
      "iterations": 5019,
      "real_time": 1.3519653138073880e+02,
      "cpu_time": 1.3849048316397634e+02,
      "time_unit": "us",
      "code_size": 1.4658000000000000e+04,
      "execution_time_ns": 1.3516065690376569e+05,
      "gas_rate": 3.4342431994902164e+08,
      "gas_used": 4.7561000000000000e+04,
      "input_size": 9.6000000000000000e+01
    },
    {
      "name": "external/total/main/weierstrudel/1",
      "family_index": 12,
      "per_family_instance_index": 0,
      "run_name": "external/total/main/weierstrudel/1",
      "run_type": "iteration",
      "repetitions": 20,
      "repetition_index": 11,
      "threads": 1,
      "iterations": 5019,
      "real_time": 1.3515598386119404e+02,
      "cpu_time": 1.3845500039848835e+02,
      "time_unit": "us",
      "code_size": 1.4658000000000000e+04,
      "execution_time_ns": 1.3511149392309226e+05,
      "gas_rate": 3.4351233153814840e+08,
      "gas_used": 4.7561000000000000e+04,
      "input_size": 9.6000000000000000e+01
    },
    {
      "name": "external/total/main/weierstrudel/1",
      "family_index": 12,
      "per_family_instance_index": 0,
      "run_name": "external/total/main/weierstrudel/1",
      "run_type": "iteration",
      "repetitions": 20,
      "repetition_index": 12,
      "threads": 1,
      "iterations": 5019,
      "real_time": 1.3711100079712625e+02,
      "cpu_time": 1.4046625562860822e+02,
      "time_unit": "us",
      "code_size": 1.4658000000000000e+04,
      "execution_time_ns": 1.3707431301055988e+05,
      "gas_rate": 3.3859377675554287e+08,
      "gas_used": 4.7561000000000000e+04,
      "input_size": 9.6000000000000000e+01
    },
    {
      "name": "external/total/main/weierstrudel/1",
      "family_index": 12,
      "per_family_instance_index": 0,
      "run_name": "external/total/main/weierstrudel/1",
      "run_type": "iteration",
      "repetitions": 20,
      "repetition_index": 13,
      "threads": 1,
      "iterations": 5019,
      "real_time": 1.3644313010562755e+02,
      "cpu_time": 1.3976851882845529e+02,
      "time_unit": "us",
      "code_size": 1.4658000000000000e+04,
      "execution_time_ns": 1.3640289380354653e+05,
      "gas_rate": 3.4028406681746364e+08,
      "gas_used": 4.7561000000000000e+04,
      "input_size": 9.6000000000000000e+01
    },
    {
      "name": "external/total/main/weierstrudel/1",
      "family_index": 12,
      "per_family_instance_index": 0,
      "run_name": "external/total/main/weierstrudel/1",
      "run_type": "iteration",
      "repetitions": 20,
      "repetition_index": 14,
      "threads": 1,
      "iterations": 5019,
      "real_time": 1.3834704642358469e+02,
      "cpu_time": 1.4172523630205006e+02,
      "time_unit": "us",
      "code_size": 1.4658000000000000e+04,
      "execution_time_ns": 1.3830603486750348e+05,
      "gas_rate": 3.3558596366448271e+08,
      "gas_used": 4.7561000000000000e+04,
      "input_size": 9.6000000000000000e+01
    },
    {
      "name": "external/total/main/weierstrudel/1",
      "family_index": 12,
      "per_family_instance_index": 0,
      "run_name": "external/total/main/weierstrudel/1",
      "run_type": "iteration",
      "repetitions": 20,
      "repetition_index": 15,
      "threads": 1,
      "iterations": 5019,
      "real_time": 1.3835412930864769e+02,
      "cpu_time": 1.4175612612073812e+02,
      "time_unit": "us",
      "code_size": 1.4658000000000000e+04,
      "execution_time_ns": 1.3831821139669258e+05,
      "gas_rate": 3.3551283673970330e+08,
      "gas_used": 4.7561000000000000e+04,
      "input_size": 9.6000000000000000e+01
    },
    {
      "name": "external/total/main/weierstrudel/1",
      "family_index": 12,
      "per_family_instance_index": 0,
      "run_name": "external/total/main/weierstrudel/1",
      "run_type": "iteration",
      "repetitions": 20,
      "repetition_index": 16,
      "threads": 1,
      "iterations": 5019,
      "real_time": 1.3899980215178138e+02,
      "cpu_time": 1.4242617931858840e+02,
      "time_unit": "us",
      "code_size": 1.4658000000000000e+04,
      "execution_time_ns": 1.3895903945008965e+05,
      "gas_rate": 3.3393439483911431e+08,
      "gas_used": 4.7561000000000000e+04,
      "input_size": 9.6000000000000000e+01
    },
    {
      "name": "external/total/main/weierstrudel/1",
      "family_index": 12,
      "per_family_instance_index": 0,
      "run_name": "external/total/main/weierstrudel/1",
      "run_type": "iteration",
      "repetitions": 20,
      "repetition_index": 17,
      "threads": 1,
      "iterations": 5019,
      "real_time": 1.3849500278935747e+02,
      "cpu_time": 1.4192061167563489e+02,
      "time_unit": "us",
      "code_size": 1.4658000000000000e+04,
      "execution_time_ns": 1.3845155090655509e+05,
      "gas_rate": 3.3512397838801968e+08,
      "gas_used": 4.7561000000000000e+04,
      "input_size": 9.6000000000000000e+01
    },
    {
      "name": "external/total/main/weierstrudel/1",
      "family_index": 12,
      "per_family_instance_index": 0,
      "run_name": "external/total/main/weierstrudel/1",
      "run_type": "iteration",
      "repetitions": 20,
      "repetition_index": 18,
      "threads": 1,
      "iterations": 5019,
      "real_time": 1.3953478561452619e+02,
      "cpu_time": 1.4298383622235417e+02,
      "time_unit": "us",
      "code_size": 1.4658000000000000e+04,
      "execution_time_ns": 1.3949949412233513e+05,
      "gas_rate": 3.3263200412414372e+08,
      "gas_used": 4.7561000000000000e+04,
      "input_size": 9.6000000000000000e+01
    },
    {
      "name": "external/total/main/weierstrudel/1",
      "family_index": 12,
      "per_family_instance_index": 0,
      "run_name": "external/total/main/weierstrudel/1",
      "run_type": "iteration",
      "repetitions": 20,
      "repetition_index": 19,
      "threads": 1,
      "iterations": 5019,
      "real_time": 1.3798051823072029e+02,
      "cpu_time": 1.4137729826658540e+02,
      "time_unit": "us",
      "code_size": 1.4658000000000000e+04,
      "execution_time_ns": 1.3794399342498506e+05,
      "gas_rate": 3.3641186090794796e+08,
      "gas_used": 4.7561000000000000e+04,
      "input_size": 9.6000000000000000e+01
    },
    {
      "name": "external/total/main/weierstrudel/1_mean",
      "family_index": 12,
      "per_family_instance_index": 0,
      "run_name": "external/total/main/weierstrudel/1",
      "run_type": "aggregate",
      "repetitions": 20,
      "threads": 1,
      "aggregate_name": "mean",
      "aggregate_unit": "time",
      "iterations": 20,
      "real_time": 1.3749829467022278e+02,
      "cpu_time": 1.4085556397688777e+02,
      "time_unit": "us",
      "code_size": 1.4658000000000000e+04,
      "execution_time_ns": 1.3745850714285715e+05,
      "gas_rate": 3.3770051194205779e+08,
      "gas_used": 4.7561000000000000e+04,
      "input_size": 9.6000000000000000e+01
    },
    {
      "name": "external/total/main/weierstrudel/1_median",
      "family_index": 12,
      "per_family_instance_index": 0,
      "run_name": "external/total/main/weierstrudel/1",
      "run_type": "aggregate",
      "repetitions": 20,
      "threads": 1,
      "aggregate_name": "median",
      "aggregate_unit": "time",
      "iterations": 20,
      "real_time": 1.3806693803538195e+02,
      "cpu_time": 1.4143628262602178e+02,
      "time_unit": "us",
      "code_size": 1.4658000000000000e+04,
      "execution_time_ns": 1.3802856276150630e+05,
      "gas_rate": 3.3627162273217571e+08,
      "gas_used": 4.7561000000000000e+04,
      "input_size": 9.6000000000000000e+01
    },
    {
      "name": "external/total/main/weierstrudel/1_stddev",
      "family_index": 12,
      "per_family_instance_index": 0,
      "run_name": "external/total/main/weierstrudel/1",
      "run_type": "aggregate",
      "repetitions": 20,
      "threads": 1,
      "aggregate_name": "stddev",
      "aggregate_unit": "time",
      "iterations": 20,
      "real_time": 1.5720813985991093e+00,
      "cpu_time": 1.6168915447072121e+00,
      "time_unit": "us",
      "code_size": 0.0000000000000000e+00,
      "execution_time_ns": 1.5707819365594803e+03,
      "gas_rate": 3.9037539839590034e+06,
      "gas_used": 0.0000000000000000e+00,
      "input_size": 0.0000000000000000e+00
    },
    {
      "name": "external/total/main/weierstrudel/1_cv",
      "family_index": 12,
      "per_family_instance_index": 0,
      "run_name": "external/total/main/weierstrudel/1",
      "run_type": "aggregate",
      "repetitions": 20,
      "threads": 1,
      "aggregate_name": "cv",
      "aggregate_unit": "percentage",
      "iterations": 20,
      "real_time": 1.1433461064877965e-02,
      "cpu_time": 1.1479074727729740e-02,
      "time_unit": "us",
      "code_size": 0.0000000000000000e+00,
      "execution_time_ns": 1.1427317007939031e-02,
      "gas_rate": 1.1559810678133661e-02,
      "gas_used": 0.0000000000000000e+00,
      "input_size": 0.0000000000000000e+00
    },
    {
      "name": "external/total/main/weierstrudel/15",
      "family_index": 13,
      "per_family_instance_index": 0,
      "run_name": "external/total/main/weierstrudel/15",
      "run_type": "iteration",
      "repetitions": 20,
      "repetition_index": 0,
      "threads": 1,
      "iterations": 455,
      "real_time": 1.4934007120885594e+03,
      "cpu_time": 1.5303388813186721e+03,
      "time_unit": "us",
      "code_size": 1.4658000000000000e+04,
      "execution_time_ns": 1.4932753340659342e+06,
      "gas_rate": 3.9094151452551234e+08,
      "gas_used": 5.9827300000000000e+05,
      "input_size": 1.4400000000000000e+03
    },
    {
      "name": "external/total/main/weierstrudel/15",
      "family_index": 13,
      "per_family_instance_index": 0,
      "run_name": "external/total/main/weierstrudel/15",
      "run_type": "iteration",
      "repetitions": 20,
      "repetition_index": 1,
      "threads": 1,
      "iterations": 455,
      "real_time": 1.4769353494517459e+03,
      "cpu_time": 1.5129620549450444e+03,
      "time_unit": "us",
      "code_size": 1.4658000000000000e+04,
      "execution_time_ns": 1.4768054593406594e+06,
      "gas_rate": 3.9543159595085227e+08,
      "gas_used": 5.9827300000000000e+05,
      "input_size": 1.4400000000000000e+03
    },
    {
      "name": "external/total/main/weierstrudel/15",
      "family_index": 13,
      "per_family_instance_index": 0,
      "run_name": "external/total/main/weierstrudel/15",
      "run_type": "iteration",
      "repetitions": 20,
      "repetition_index": 2,
      "threads": 1,
      "iterations": 455,
      "real_time": 1.4807915604391242e+03,
      "cpu_time": 1.5172984989011022e+03,
      "time_unit": "us",
      "code_size": 1.4658000000000000e+04,
      "execution_time_ns": 1.4806648791208791e+06,
      "gas_rate": 3.9430145118663001e+08,
      "gas_used": 5.9827300000000000e+05,
      "input_size": 1.4400000000000000e+03
    },
    {
      "name": "external/total/main/weierstrudel/15",
      "family_index": 13,
      "per_family_instance_index": 0,
      "run_name": "external/total/main/weierstrudel/15",
      "run_type": "iteration",
      "repetitions": 20,
      "repetition_index": 3,
      "threads": 1,
      "iterations": 455,
      "real_time": 1.4699527011004277e+03,
      "cpu_time": 1.5063137318681765e+03,
      "time_unit": "us",
      "code_size": 1.4658000000000000e+04,
      "execution_time_ns": 1.4698223846153845e+06,
      "gas_rate": 3.9717688775100225e+08,
      "gas_used": 5.9827300000000000e+05,
      "input_size": 1.4400000000000000e+03
    },
    {
      "name": "external/total/main/weierstrudel/15",
      "family_index": 13,
      "per_family_instance_index": 0,
      "run_name": "external/total/main/weierstrudel/15",
      "run_type": "iteration",
      "repetitions": 20,
      "repetition_index": 4,
      "threads": 1,
      "iterations": 455,
      "real_time": 1.4781213846148164e+03,
      "cpu_time": 1.5145646571428329e+03,
      "time_unit": "us",
      "code_size": 1.4658000000000000e+04,
      "execution_time_ns": 1.4779836065934065e+06,
      "gas_rate": 3.9501317898743176e+08,
      "gas_used": 5.9827300000000000e+05,
      "input_size": 1.4400000000000000e+03
    },
    {
      "name": "external/total/main/weierstrudel/15",
      "family_index": 13,
      "per_family_instance_index": 0,
      "run_name": "external/total/main/weierstrudel/15",
      "run_type": "iteration",
      "repetitions": 20,
      "repetition_index": 5,
      "threads": 1,
      "iterations": 455,
      "real_time": 1.4729385186820855e+03,
      "cpu_time": 1.5092796153845775e+03,
      "time_unit": "us",
      "code_size": 1.4658000000000000e+04,
      "execution_time_ns": 1.4727820879120880e+06,
      "gas_rate": 3.9639639593724650e+08,
      "gas_used": 5.9827300000000000e+05,
      "input_size": 1.4400000000000000e+03
    },
    {
      "name": "external/total/main/weierstrudel/15",
      "family_index": 13,
      "per_family_instance_index": 0,
      "run_name": "external/total/main/weierstrudel/15",
      "run_type": "iteration",
      "repetitions": 20,
      "repetition_index": 6,
      "threads": 1,
      "iterations": 455,
      "real_time": 1.4716211142853015e+03,
      "cpu_time": 1.5079980879121210e+03,
      "time_unit": "us",
      "code_size": 1.4658000000000000e+04,
      "execution_time_ns": 1.4714950417582418e+06,
      "gas_rate": 3.9673326166370082e+08,
      "gas_used": 5.9827300000000000e+05,
      "input_size": 1.4400000000000000e+03
    },
    {
      "name": "external/total/main/weierstrudel/15",
      "family_index": 13,
      "per_family_instance_index": 0,
      "run_name": "external/total/main/weierstrudel/15",
      "run_type": "iteration",
      "repetitions": 20,
      "repetition_index": 7,
      "threads": 1,
      "iterations": 455,
      "real_time": 1.4681576549444619e+03,
      "cpu_time": 1.5035199934065811e+03,
      "time_unit": "us",
      "code_size": 1.4658000000000000e+04,
      "execution_time_ns": 1.4680358901098901e+06,
      "gas_rate": 3.9791489479595852e+08,
      "gas_used": 5.9827300000000000e+05,
      "input_size": 1.4400000000000000e+03
    },
    {
      "name": "external/total/main/weierstrudel/15",
      "family_index": 13,
      "per_family_instance_index": 0,
      "run_name": "external/total/main/weierstrudel/15",
      "run_type": "iteration",
      "repetitions": 20,
      "repetition_index": 8,
      "threads": 1,
      "iterations": 455,
      "real_time": 1.4970323076920397e+03,
      "cpu_time": 1.5332192571427959e+03,
      "time_unit": "us",
      "code_size": 1.4658000000000000e+04,
      "execution_time_ns": 1.4969071340659340e+06,
      "gas_rate": 3.9020707391511714e+08,
      "gas_used": 5.9827300000000000e+05,
      "input_size": 1.4400000000000000e+03
    },
    {
      "name": "external/total/main/weierstrudel/15",
      "family_index": 13,
      "per_family_instance_index": 0,
      "run_name": "external/total/main/weierstrudel/15",
      "run_type": "iteration",
      "repetitions": 20,
      "repetition_index": 9,
      "threads": 1,
      "iterations": 455,
      "real_time": 1.5020128439553466e+03,
      "cpu_time": 1.5383723428571088e+03,
      "time_unit": "us",
      "code_size": 1.4658000000000000e+04,
      "execution_time_ns": 1.5018872967032967e+06,
      "gas_rate": 3.8889999731070983e+08,
      "gas_used": 5.9827300000000000e+05,
      "input_size": 1.4400000000000000e+03
    },
    {
      "name": "external/total/main/weierstrudel/15",
      "family_index": 13,
      "per_family_instance_index": 0,
      "run_name": "external/total/main/weierstrudel/15",
      "run_type": "iteration",
      "repetitions": 20,
      "repetition_index": 10,
      "threads": 1,
      "iterations": 455,
      "real_time": 1.4975513758235047e+03,
      "cpu_time": 1.5336381428571112e+03,
      "time_unit": "us",
      "code_size": 1.4658000000000000e+04,
      "execution_time_ns": 1.4973871956043956e+06,
      "gas_rate": 3.9010049586106372e+08,
      "gas_used": 5.9827300000000000e+05,
      "input_size": 1.4400000000000000e+03
    },
    {
      "name": "external/total/main/weierstrudel/15",
      "family_index": 13,
      "per_family_instance_index": 0,
      "run_name": "external/total/main/weierstrudel/15",
      "run_type": "iteration",
      "repetitions": 20,
      "repetition_index": 11,
      "threads": 1,
      "iterations": 455,
      "real_time": 1.4967537098897621e+03,
      "cpu_time": 1.5329520725275031e+03,
      "time_unit": "us",
      "code_size": 1.4658000000000000e+04,
      "execution_time_ns": 1.4966249450549451e+06,
      "gas_rate": 3.9027508473476183e+08,
      "gas_used": 5.9827300000000000e+05,
      "input_size": 1.4400000000000000e+03
    },
    {
      "name": "external/total/main/weierstrudel/15",
      "family_index": 13,
      "per_family_instance_index": 0,
      "run_name": "external/total/main/weierstrudel/15",
      "run_type": "iteration",
      "repetitions": 20,
      "repetition_index": 12,
      "threads": 1,
      "iterations": 455,
      "real_time": 1.4994650109896370e+03,
      "cpu_time": 1.5356956329670679e+03,
      "time_unit": "us",
      "code_size": 1.4658000000000000e+04,
      "execution_time_ns": 1.4993392197802197e+06,
      "gas_rate": 3.8957784808184683e+08,
      "gas_used": 5.9827300000000000e+05,
      "input_size": 1.4400000000000000e+03
    },
    {
      "name": "external/total/main/weierstrudel/15",
      "family_index": 13,
      "per_family_instance_index": 0,
      "run_name": "external/total/main/weierstrudel/15",
      "run_type": "iteration",
      "repetitions": 20,
      "repetition_index": 13,
      "threads": 1,
      "iterations": 455,
      "real_time": 1.5061457846149005e+03,
      "cpu_time": 1.5424323890109854e+03,
      "time_unit": "us",
      "code_size": 1.4658000000000000e+04,
      "execution_time_ns": 1.5060228791208791e+06,
      "gas_rate": 3.8787632071420348e+08,
      "gas_used": 5.9827300000000000e+05,
      "input_size": 1.4400000000000000e+03
    },
    {
      "name": "external/total/main/weierstrudel/15",
      "family_index": 13,
      "per_family_instance_index": 0,
      "run_name": "external/total/main/weierstrudel/15",
      "run_type": "iteration",
      "repetitions": 20,
      "repetition_index": 14,
      "threads": 1,
      "iterations": 455,
      "real_time": 1.4853312549458569e+03,
      "cpu_time": 1.5212329076923077e+03,
      "time_unit": "us",
      "code_size": 1.4658000000000000e+04,
      "execution_time_ns": 1.4852017780219780e+06,
      "gas_rate": 3.9328165790705448e+08,
      "gas_used": 5.9827300000000000e+05,
      "input_size": 1.4400000000000000e+03
    },
    {
      "name": "external/total/main/weierstrudel/15",
      "family_index": 13,
      "per_family_instance_index": 0,
      "run_name": "external/total/main/weierstrudel/15",
      "run_type": "iteration",
      "repetitions": 20,
      "repetition_index": 15,
      "threads": 1,
      "iterations": 455,
      "real_time": 1.4714570285702523e+03,
      "cpu_time": 1.5070438395603881e+03,
      "time_unit": "us",
      "code_size": 1.4658000000000000e+04,
      "execution_time_ns": 1.4713295648351649e+06,
      "gas_rate": 3.9698447005663693e+08,
      "gas_used": 5.9827300000000000e+05,
      "input_size": 1.4400000000000000e+03
    },
    {
      "name": "external/total/main/weierstrudel/15",
      "family_index": 13,
      "per_family_instance_index": 0,
      "run_name": "external/total/main/weierstrudel/15",
      "run_type": "iteration",
      "repetitions": 20,
      "repetition_index": 16,
      "threads": 1,
      "iterations": 455,
      "real_time": 1.4724191846163683e+03,
      "cpu_time": 1.5078471406593380e+03,
      "time_unit": "us",
      "code_size": 1.4658000000000000e+04,
      "execution_time_ns": 3.2488200879120878e+06,
      "gas_rate": 3.9677297775581706e+08,
      "gas_used": 5.9827300000000000e+05,
      "input_size": 1.4400000000000000e+03
    },
    {
      "name": "external/total/main/weierstrudel/15",
      "family_index": 13,
      "per_family_instance_index": 0,
      "run_name": "external/total/main/weierstrudel/15",
      "run_type": "iteration",
      "repetitions": 20,
      "repetition_index": 17,
      "threads": 1,
      "iterations": 455,
      "real_time": 1.4686288065934275e+03,
      "cpu_time": 1.5041441912087821e+03,
      "time_unit": "us",
      "code_size": 1.4658000000000000e+04,
      "execution_time_ns": 1.4685008197802198e+06,
      "gas_rate": 3.9774976594445193e+08,
      "gas_used": 5.9827300000000000e+05,
      "input_size": 1.4400000000000000e+03
    },
    {
      "name": "external/total/main/weierstrudel/15",
      "family_index": 13,
      "per_family_instance_index": 0,
      "run_name": "external/total/main/weierstrudel/15",
      "run_type": "iteration",
      "repetitions": 20,
      "repetition_index": 18,
      "threads": 1,
      "iterations": 455,
      "real_time": 1.4667465032978946e+03,
      "cpu_time": 1.5013221230769336e+03,
      "time_unit": "us",
      "code_size": 1.4658000000000000e+04,
      "execution_time_ns": 1.4666144879120879e+06,
      "gas_rate": 3.9849742490562242e+08,
      "gas_used": 5.9827300000000000e+05,
      "input_size": 1.4400000000000000e+03
    },
    {
      "name": "external/total/main/weierstrudel/15",
      "family_index": 13,
      "per_family_instance_index": 0,
      "run_name": "external/total/main/weierstrudel/15",
      "run_type": "iteration",
      "repetitions": 20,
      "repetition_index": 19,
      "threads": 1,
      "iterations": 455,
      "real_time": 1.4880486417566246e+03,
      "cpu_time": 1.5192216087911931e+03,
      "time_unit": "us",
      "code_size": 1.4658000000000000e+04,
      "execution_time_ns": 1.4878922307692308e+06,
      "gas_rate": 3.9380232385980278e+08,
      "gas_used": 5.9827300000000000e+05,
      "input_size": 1.4400000000000000e+03
    },
    {
      "name": "external/total/main/weierstrudel/15_mean",
      "family_index": 13,
      "per_family_instance_index": 0,
      "run_name": "external/total/main/weierstrudel/15",
      "run_type": "aggregate",
      "repetitions": 20,
      "threads": 1,
      "aggregate_name": "mean",
      "aggregate_unit": "time",
      "iterations": 20,
      "real_time": 1.4831755724176071e+03,
      "cpu_time": 1.5189698584615312e+03,
      "time_unit": "us",
      "code_size": 1.4658000000000000e+04,
      "execution_time_ns": 1.5718696161538463e+06,
      "gas_rate": 3.9389673109227133e+08,
      "gas_used": 5.9827300000000000e+05,
      "input_size": 1.4400000000000000e+03
    },
    {
      "name": "external/total/main/weierstrudel/15_median",
      "family_index": 13,
      "per_family_instance_index": 0,
      "run_name": "external/total/main/weierstrudel/15",
      "run_type": "aggregate",
      "repetitions": 20,
      "threads": 1,
      "aggregate_name": "median",
      "aggregate_unit": "time",
      "iterations": 20,
      "real_time": 1.4794564725269704e+03,
      "cpu_time": 1.5159315780219677e+03,
      "time_unit": "us",
      "code_size": 1.4658000000000000e+04,
      "execution_time_ns": 1.4829333285714285e+06,
      "gas_rate": 3.9465731508703089e+08,
      "gas_used": 5.9827300000000000e+05,
      "input_size": 1.4400000000000000e+03
    },
    {
      "name": "external/total/main/weierstrudel/15_stddev",
      "family_index": 13,
      "per_family_instance_index": 0,
      "run_name": "external/total/main/weierstrudel/15",
      "run_type": "aggregate",
      "repetitions": 20,
      "threads": 1,
      "aggregate_name": "stddev",
      "aggregate_unit": "time",
      "iterations": 20,
      "real_time": 1.3193311049405576e+01,
      "cpu_time": 1.3423234159992651e+01,
      "time_unit": "us",
      "code_size": 0.0000000000000000e+00,
      "execution_time_ns": 3.9492549657744274e+05,
      "gas_rate": 3.4710215143107972e+06,
      "gas_used": 0.0000000000000000e+00,
      "input_size": 0.0000000000000000e+00
    },
    {
      "name": "external/total/main/weierstrudel/15_cv",
      "family_index": 13,
      "per_family_instance_index": 0,
      "run_name": "external/total/main/weierstrudel/15",
      "run_type": "aggregate",
      "repetitions": 20,
      "threads": 1,
      "aggregate_name": "cv",
      "aggregate_unit": "percentage",
      "iterations": 20,
      "real_time": 8.8953130666116643e-03,
      "cpu_time": 8.8370642019112849e-03,
      "time_unit": "us",
      "code_size": 0.0000000000000000e+00,
      "execution_time_ns": 2.5124570926167045e-01,
      "gas_rate": 8.8120089361637816e-03,
      "gas_used": 0.0000000000000000e+00,
      "input_size": 0.0000000000000000e+00
    },
    {
      "name": "external/total/micro/JUMPDEST_n0/empty",
      "family_index": 14,
      "per_family_instance_index": 0,
      "run_name": "external/total/micro/JUMPDEST_n0/empty",
      "run_type": "iteration",
      "repetitions": 20,
      "repetition_index": 0,
      "threads": 1,
      "iterations": 855396,
      "real_time": 8.0296113612879694e-01,
      "cpu_time": 8.1989116035146437e-01,
      "time_unit": "us",
      "code_size": 2.0870000000000000e+03,
      "execution_time_ns": 7.8730750319150434e+02,
      "gas_rate": 6.4349760738222070e+11,
      "gas_used": 5.2759800000000000e+05,
      "input_size": 0.0000000000000000e+00
    },
    {
      "name": "external/total/micro/JUMPDEST_n0/empty",
      "family_index": 14,
      "per_family_instance_index": 0,
      "run_name": "external/total/micro/JUMPDEST_n0/empty",
      "run_type": "iteration",
      "repetitions": 20,
      "repetition_index": 1,
      "threads": 1,
      "iterations": 855396,
      "real_time": 8.1063508597210754e-01,
      "cpu_time": 8.2766167950284575e-01,
      "time_unit": "us",
      "code_size": 2.0870000000000000e+03,
      "execution_time_ns": 7.9475305472553066e+02,
      "gas_rate": 6.3745611650996570e+11,
      "gas_used": 5.2759800000000000e+05,
      "input_size": 0.0000000000000000e+00
    },
    {
      "name": "external/total/micro/JUMPDEST_n0/empty",
      "family_index": 14,
      "per_family_instance_index": 0,
      "run_name": "external/total/micro/JUMPDEST_n0/empty",
      "run_type": "iteration",
      "repetitions": 20,
      "repetition_index": 2,
      "threads": 1,
      "iterations": 855396,
      "real_time": 8.1826743636882771e-01,
      "cpu_time": 8.3541205476760216e-01,
      "time_unit": "us",
      "code_size": 2.0870000000000000e+03,
      "execution_time_ns": 8.0246339940799351e+02,
      "gas_rate": 6.3154223953204639e+11,
      "gas_used": 5.2759800000000000e+05,
      "input_size": 0.0000000000000000e+00
    },
    {
      "name": "external/total/micro/JUMPDEST_n0/empty",
      "family_index": 14,
      "per_family_instance_index": 0,
      "run_name": "external/total/micro/JUMPDEST_n0/empty",
      "run_type": "iteration",
      "repetitions": 20,
      "repetition_index": 3,
      "threads": 1,
      "iterations": 855396,
      "real_time": 8.1953091199885508e-01,
      "cpu_time": 8.3679606170710163e-01,
      "time_unit": "us",
      "code_size": 2.0870000000000000e+03,
      "execution_time_ns": 8.0341755748214860e+02,
      "gas_rate": 6.3049770923117920e+11,
      "gas_used": 5.2759800000000000e+05,
      "input_size": 0.0000000000000000e+00
    },
    {
      "name": "external/total/micro/JUMPDEST_n0/empty",
      "family_index": 14,
      "per_family_instance_index": 0,
      "run_name": "external/total/micro/JUMPDEST_n0/empty",
      "run_type": "iteration",
      "repetitions": 20,
      "repetition_index": 4,
      "threads": 1,
      "iterations": 855396,
      "real_time": 8.1888389587995258e-01,
      "cpu_time": 8.3605819176147522e-01,
      "time_unit": "us",
      "code_size": 2.0870000000000000e+03,
      "execution_time_ns": 8.0242175553778600e+02,
      "gas_rate": 6.3105416010387244e+11,
      "gas_used": 5.2759800000000000e+05,
      "input_size": 0.0000000000000000e+00
    },
    {
      "name": "external/total/micro/JUMPDEST_n0/empty",
      "family_index": 14,
      "per_family_instance_index": 0,
      "run_name": "external/total/micro/JUMPDEST_n0/empty",
      "run_type": "iteration",
      "repetitions": 20,
      "repetition_index": 5,
      "threads": 1,
      "iterations": 855396,
      "real_time": 8.2170559015895761e-01,
      "cpu_time": 8.3898954636214429e-01,
      "time_unit": "us",
      "code_size": 2.0870000000000000e+03,
      "execution_time_ns": 8.0592694143998801e+02,
      "gas_rate": 6.2884931318591882e+11,
      "gas_used": 5.2759800000000000e+05,
      "input_size": 0.0000000000000000e+00
    },
    {
      "name": "external/total/micro/JUMPDEST_n0/empty",
      "family_index": 14,
      "per_family_instance_index": 0,
      "run_name": "external/total/micro/JUMPDEST_n0/empty",
      "run_type": "iteration",
      "repetitions": 20,
      "repetition_index": 6,
      "threads": 1,
      "iterations": 855396,
      "real_time": 8.2023039270743714e-01,
      "cpu_time": 8.3752442026850427e-01,
      "time_unit": "us",
      "code_size": 2.0870000000000000e+03,
      "execution_time_ns": 8.0458770557729986e+02,
      "gas_rate": 6.2994939279604041e+11,
      "gas_used": 5.2759800000000000e+05,
      "input_size": 0.0000000000000000e+00
    },
    {
      "name": "external/total/micro/JUMPDEST_n0/empty",
      "family_index": 14,
      "per_family_instance_index": 0,
      "run_name": "external/total/micro/JUMPDEST_n0/empty",
      "run_type": "iteration",
      "repetitions": 20,
      "repetition_index": 7,
      "threads": 1,
      "iterations": 855396,
      "real_time": 8.1829008085137245e-01,
      "cpu_time": 8.3542200688336088e-01,
      "time_unit": "us",
      "code_size": 2.0870000000000000e+03,
      "execution_time_ns": 8.0267823791553849e+02,
      "gas_rate": 6.3153471617089160e+11,
      "gas_used": 5.2759800000000000e+05,
      "input_size": 0.0000000000000000e+00
    },
    {
      "name": "external/total/micro/JUMPDEST_n0/empty",
      "family_index": 14,
      "per_family_instance_index": 0,
      "run_name": "external/total/micro/JUMPDEST_n0/empty",
      "run_type": "iteration",
      "repetitions": 20,
      "repetition_index": 8,
      "threads": 1,
      "iterations": 855396,
      "real_time": 8.0622340997652098e-01,
      "cpu_time": 8.2320091980789800e-01,
      "time_unit": "us",
      "code_size": 2.0870000000000000e+03,
      "execution_time_ns": 7.9061622803941100e+02,
      "gas_rate": 6.4091036259182043e+11,
      "gas_used": 5.2759800000000000e+05,
      "input_size": 0.0000000000000000e+00
    },
    {
      "name": "external/total/micro/JUMPDEST_n0/empty",
      "family_index": 14,
      "per_family_instance_index": 0,
      "run_name": "external/total/micro/JUMPDEST_n0/empty",
      "run_type": "iteration",
      "repetitions": 20,
      "repetition_index": 9,
      "threads": 1,
      "iterations": 855396,
      "real_time": 7.9799116666443726e-01,
      "cpu_time": 8.1478805488920691e-01,
      "time_unit": "us",
      "code_size": 2.0870000000000000e+03,
      "execution_time_ns": 7.8251361708495244e+02,
      "gas_rate": 6.4752790229815247e+11,
      "gas_used": 5.2759800000000000e+05,
      "input_size": 0.0000000000000000e+00
    },
    {
      "name": "external/total/micro/JUMPDEST_n0/empty",
      "family_index": 14,
      "per_family_instance_index": 0,
      "run_name": "external/total/micro/JUMPDEST_n0/empty",
      "run_type": "iteration",
      "repetitions": 20,
      "repetition_index": 10,
      "threads": 1,
      "iterations": 855396,
      "real_time": 8.0280901711026842e-01,
      "cpu_time": 8.2475387305995618e-01,
      "time_unit": "us",
      "code_size": 2.0870000000000000e+03,
      "execution_time_ns": 7.8657555798717783e+02,
      "gas_rate": 6.3970357367651404e+11,
      "gas_used": 5.2759800000000000e+05,
      "input_size": 0.0000000000000000e+00
    },
    {
      "name": "external/total/micro/JUMPDEST_n0/empty",
      "family_index": 14,
      "per_family_instance_index": 0,
      "run_name": "external/total/micro/JUMPDEST_n0/empty",
      "run_type": "iteration",
      "repetitions": 20,
      "repetition_index": 11,
      "threads": 1,
      "iterations": 855396,
      "real_time": 7.9743821575030982e-01,
      "cpu_time": 8.2070777043613863e-01,
      "time_unit": "us",
      "code_size": 2.0870000000000000e+03,
      "execution_time_ns": 7.8194988403032050e+02,
      "gas_rate": 6.4285732267360535e+11,
      "gas_used": 5.2759800000000000e+05,
      "input_size": 0.0000000000000000e+00
    },
    {
      "name": "external/total/micro/JUMPDEST_n0/empty",
      "family_index": 14,
      "per_family_instance_index": 0,
      "run_name": "external/total/micro/JUMPDEST_n0/empty",
      "run_type": "iteration",
      "repetitions": 20,
      "repetition_index": 12,
      "threads": 1,
      "iterations": 855396,
      "real_time": 7.9452280113505136e-01,
      "cpu_time": 8.1769886812657666e-01,
      "time_unit": "us",
      "code_size": 2.0870000000000000e+03,
      "execution_time_ns": 7.7908319538552905e+02,
      "gas_rate": 6.4522285717329602e+11,
      "gas_used": 5.2759800000000000e+05,
      "input_size": 0.0000000000000000e+00
    },
    {
      "name": "external/total/micro/JUMPDEST_n0/empty",
      "family_index": 14,
      "per_family_instance_index": 0,
      "run_name": "external/total/micro/JUMPDEST_n0/empty",
      "run_type": "iteration",
      "repetitions": 20,
      "repetition_index": 13,
      "threads": 1,
      "iterations": 855396,
      "real_time": 7.9377558814889626e-01,
      "cpu_time": 8.1686375550039125e-01,
      "time_unit": "us",
      "code_size": 2.0870000000000000e+03,
      "execution_time_ns": 7.7855793106350745e+02,
      "gas_rate": 6.4588249441524817e+11,
      "gas_used": 5.2759800000000000e+05,
      "input_size": 0.0000000000000000e+00
    },
    {
      "name": "external/total/micro/JUMPDEST_n0/empty",
      "family_index": 14,
      "per_family_instance_index": 0,
      "run_name": "external/total/micro/JUMPDEST_n0/empty",
      "run_type": "iteration",
      "repetitions": 20,
      "repetition_index": 14,
      "threads": 1,
      "iterations": 855396,
      "real_time": 8.0793505113337816e-01,
      "cpu_time": 8.3150500353051948e-01,
      "time_unit": "us",
      "code_size": 2.0870000000000000e+03,
      "execution_time_ns": 7.9228852835411908e+02,
      "gas_rate": 6.3450971161911365e+11,
      "gas_used": 5.2759800000000000e+05,
      "input_size": 0.0000000000000000e+00
    },
    {
      "name": "external/total/micro/JUMPDEST_n0/empty",
      "family_index": 14,
      "per_family_instance_index": 0,
      "run_name": "external/total/micro/JUMPDEST_n0/empty",
      "run_type": "iteration",
      "repetitions": 20,
      "repetition_index": 15,
      "threads": 1,
      "iterations": 855396,
      "real_time": 8.1208815566067660e-01,
      "cpu_time": 8.3578425547931035e-01,
      "time_unit": "us",
      "code_size": 2.0870000000000000e+03,
      "execution_time_ns": 7.9575147884722401e+02,
      "gas_rate": 6.3126099413948657e+11,
      "gas_used": 5.2759800000000000e+05,
      "input_size": 0.0000000000000000e+00
    },
    {
      "name": "external/total/micro/JUMPDEST_n0/empty",
      "family_index": 14,
      "per_family_instance_index": 0,
      "run_name": "external/total/micro/JUMPDEST_n0/empty",
      "run_type": "iteration",
      "repetitions": 20,
      "repetition_index": 16,
      "threads": 1,
      "iterations": 855396,
      "real_time": 8.0965016904403209e-01,
      "cpu_time": 8.3320292238917937e-01,
      "time_unit": "us",
      "code_size": 2.0870000000000000e+03,
      "execution_time_ns": 7.9363856856941118e+02,
      "gas_rate": 6.3321669406431238e+11,
      "gas_used": 5.2759800000000000e+05,
      "input_size": 0.0000000000000000e+00
    },
    {
      "name": "external/total/micro/JUMPDEST_n0/empty",
      "family_index": 14,
      "per_family_instance_index": 0,
      "run_name": "external/total/micro/JUMPDEST_n0/empty",
      "run_type": "iteration",
      "repetitions": 20,
      "repetition_index": 17,
      "threads": 1,
      "iterations": 855396,
      "real_time": 8.1337336391601867e-01,
      "cpu_time": 8.3710840242412188e-01,
      "time_unit": "us",
      "code_size": 2.0870000000000000e+03,
      "execution_time_ns": 7.9721433114019703e+02,
      "gas_rate": 6.3026245880720703e+11,
      "gas_used": 5.2759800000000000e+05,
      "input_size": 0.0000000000000000e+00
    },
    {
      "name": "external/total/micro/JUMPDEST_n0/empty",
      "family_index": 14,
      "per_family_instance_index": 0,
      "run_name": "external/total/micro/JUMPDEST_n0/empty",
      "run_type": "iteration",
      "repetitions": 20,
      "repetition_index": 18,
      "threads": 1,
      "iterations": 855396,
      "real_time": 8.1012276185529908e-01,
      "cpu_time": 8.3369518795971542e-01,
      "time_unit": "us",
      "code_size": 2.0870000000000000e+03,
      "execution_time_ns": 7.9427133047150096e+02,
      "gas_rate": 6.3284280348454382e+11,
      "gas_used": 5.2759800000000000e+05,
      "input_size": 0.0000000000000000e+00
    },
    {
      "name": "external/total/micro/JUMPDEST_n0/empty",
      "family_index": 14,
      "per_family_instance_index": 0,
      "run_name": "external/total/micro/JUMPDEST_n0/empty",
      "run_type": "iteration",
      "repetitions": 20,
      "repetition_index": 19,
      "threads": 1,
      "iterations": 855396,
      "real_time": 8.0718814326849286e-01,
      "cpu_time": 8.3068400951136456e-01,
      "time_unit": "us",
      "code_size": 2.0870000000000000e+03,
      "execution_time_ns": 7.9083381498159918e+02,
      "gas_rate": 6.3513681972805798e+11,
      "gas_used": 5.2759800000000000e+05,
      "input_size": 0.0000000000000000e+00
    },
    {
      "name": "external/total/micro/JUMPDEST_n0/empty_mean",
      "family_index": 14,
      "per_family_instance_index": 0,
      "run_name": "external/total/micro/JUMPDEST_n0/empty",
      "run_type": "aggregate",
      "repetitions": 20,
      "threads": 1,
      "aggregate_name": "mean",
      "aggregate_unit": "time",
      "iterations": 20,
      "real_time": 8.0918111868648435e-01,
      "cpu_time": 8.2938740723594384e-01,
      "time_unit": "us",
      "code_size": 2.0870000000000000e+03,
      "execution_time_ns": 7.9334253106163715e+02,
      "gas_rate": 6.3618576247917468e+11,
      "gas_used": 5.2759800000000000e+05,
      "input_size": 0.0000000000000000e+00
    },
    {
      "name": "external/total/micro/JUMPDEST_n0/empty_median",
      "family_index": 14,
      "per_family_instance_index": 0,
      "run_name": "external/total/micro/JUMPDEST_n0/empty",
      "run_type": "aggregate",
      "repetitions": 20,
      "threads": 1,
      "aggregate_name": "median",
      "aggregate_unit": "time",
      "iterations": 20,
      "real_time": 8.0988646544966547e-01,
      "cpu_time": 8.3235396295984942e-01,
      "time_unit": "us",
      "code_size": 2.0870000000000000e+03,
      "execution_time_ns": 7.9395494952045601e+02,
      "gas_rate": 6.3386320284171301e+11,
      "gas_used": 5.2759800000000000e+05,
      "input_size": 0.0000000000000000e+00
    },
    {
      "name": "external/total/micro/JUMPDEST_n0/empty_stddev",
      "family_index": 14,
      "per_family_instance_index": 0,
      "run_name": "external/total/micro/JUMPDEST_n0/empty",
      "run_type": "aggregate",
      "repetitions": 20,
      "threads": 1,
      "aggregate_name": "stddev",
      "aggregate_unit": "time",
      "iterations": 20,
      "real_time": 8.8373126201267589e-03,
      "cpu_time": 7.9642834323968258e-03,
      "time_unit": "us",
      "code_size": 0.0000000000000000e+00,
      "execution_time_ns": 8.6719780028630922e+00,
      "gas_rate": 6.1407179542510424e+09,
      "gas_used": 0.0000000000000000e+00,
      "input_size": 0.0000000000000000e+00
    },
    {
      "name": "external/total/micro/JUMPDEST_n0/empty_cv",
      "family_index": 14,
      "per_family_instance_index": 0,
      "run_name": "external/total/micro/JUMPDEST_n0/empty",
      "run_type": "aggregate",
      "repetitions": 20,
      "threads": 1,
      "aggregate_name": "cv",
      "aggregate_unit": "percentage",
      "iterations": 20,
      "real_time": 1.0921303545085262e-02,
      "cpu_time": 9.6026095439994425e-03,
      "time_unit": "us",
      "code_size": 0.0000000000000000e+00,
      "execution_time_ns": 1.0930937978653939e-02,
      "gas_rate": 9.6523976429794059e-03,
      "gas_used": 0.0000000000000000e+00,
      "input_size": 0.0000000000000000e+00
    },
    {
      "name": "external/total/micro/jump_around/empty",
      "family_index": 15,
      "per_family_instance_index": 0,
      "run_name": "external/total/micro/jump_around/empty",
      "run_type": "iteration",
      "repetitions": 20,
      "repetition_index": 0,
      "threads": 1,
      "iterations": 72465,
      "real_time": 9.2262620023460897e+00,
      "cpu_time": 9.4887632374249691e+00,
      "time_unit": "us",
      "code_size": 2.0481000000000000e+04,
      "execution_time_ns": 9.2098481197819638e+03,
      "gas_rate": 5.1801271430331297e+09,
      "gas_used": 4.9153000000000000e+04,
      "input_size": 0.0000000000000000e+00
    },
    {
      "name": "external/total/micro/jump_around/empty",
      "family_index": 15,
      "per_family_instance_index": 0,
      "run_name": "external/total/micro/jump_around/empty",
      "run_type": "iteration",
      "repetitions": 20,
      "repetition_index": 1,
      "threads": 1,
      "iterations": 72465,
      "real_time": 9.3711562133401660e+00,
      "cpu_time": 9.6193073069760953e+00,
      "time_unit": "us",
      "code_size": 2.0481000000000000e+04,
      "execution_time_ns": 9.3506518871179196e+03,
      "gas_rate": 5.1098273951964664e+09,
      "gas_used": 4.9153000000000000e+04,
      "input_size": 0.0000000000000000e+00
    },
    {
      "name": "external/total/micro/jump_around/empty",
      "family_index": 15,
      "per_family_instance_index": 0,
      "run_name": "external/total/micro/jump_around/empty",
      "run_type": "iteration",
      "repetitions": 20,
      "repetition_index": 2,
      "threads": 1,
      "iterations": 72465,
      "real_time": 9.2977933761087073e+00,
      "cpu_time": 9.5443720830747871e+00,
      "time_unit": "us",
      "code_size": 2.0481000000000000e+04,
      "execution_time_ns": 9.2823289312081688e+03,
      "gas_rate": 5.1499459128551712e+09,
      "gas_used": 4.9153000000000000e+04,
      "input_size": 0.0000000000000000e+00
    },
    {
      "name": "external/total/micro/jump_around/empty",
      "family_index": 15,
      "per_family_instance_index": 0,
      "run_name": "external/total/micro/jump_around/empty",
      "run_type": "iteration",
      "repetitions": 20,
      "repetition_index": 3,
      "threads": 1,
      "iterations": 72465,
      "real_time": 9.3200238321968119e+00,
      "cpu_time": 9.5655736838477274e+00,
      "time_unit": "us",
      "code_size": 2.0481000000000000e+04,
      "execution_time_ns": 9.3044392051335126e+03,
      "gas_rate": 5.1385313233224010e+09,
      "gas_used": 4.9153000000000000e+04,
      "input_size": 0.0000000000000000e+00
    },
    {
      "name": "external/total/micro/jump_around/empty",
      "family_index": 15,
      "per_family_instance_index": 0,
      "run_name": "external/total/micro/jump_around/empty",
      "run_type": "iteration",
      "repetitions": 20,
      "repetition_index": 4,
      "threads": 1,
      "iterations": 72465,
      "real_time": 9.2271733112554077e+00,
      "cpu_time": 9.4682438280550834e+00,
      "time_unit": "us",
      "code_size": 2.0481000000000000e+04,
      "execution_time_ns": 9.2105585869040224e+03,
      "gas_rate": 5.1913534223058500e+09,
      "gas_used": 4.9153000000000000e+04,
      "input_size": 0.0000000000000000e+00
    },
    {
      "name": "external/total/micro/jump_around/empty",
      "family_index": 15,
      "per_family_instance_index": 0,
      "run_name": "external/total/micro/jump_around/empty",
      "run_type": "iteration",
      "repetitions": 20,
      "repetition_index": 5,
      "threads": 1,
      "iterations": 72465,
      "real_time": 9.2930689574279324e+00,
      "cpu_time": 9.5392350376046782e+00,
      "time_unit": "us",
      "code_size": 2.0481000000000000e+04,
      "execution_time_ns": 9.2770908024563578e+03,
      "gas_rate": 5.1527192491047401e+09,
      "gas_used": 4.9153000000000000e+04,
      "input_size": 0.0000000000000000e+00
    },
    {
      "name": "external/total/micro/jump_around/empty",
      "family_index": 15,
      "per_family_instance_index": 0,
      "run_name": "external/total/micro/jump_around/empty",
      "run_type": "iteration",
      "repetitions": 20,
      "repetition_index": 6,
      "threads": 1,
      "iterations": 72465,
      "real_time": 9.3696157455407771e+00,
      "cpu_time": 9.6147150900437293e+00,
      "time_unit": "us",
      "code_size": 2.0481000000000000e+04,
      "execution_time_ns": 9.3538924584282067e+03,
      "gas_rate": 5.1122679704673853e+09,
      "gas_used": 4.9153000000000000e+04,
      "input_size": 0.0000000000000000e+00
    },
    {
      "name": "external/total/micro/jump_around/empty",
      "family_index": 15,
      "per_family_instance_index": 0,
      "run_name": "external/total/micro/jump_around/empty",
      "run_type": "iteration",
      "repetitions": 20,
      "repetition_index": 7,
      "threads": 1,
      "iterations": 72465,
      "real_time": 9.3890826606037887e+00,
      "cpu_time": 9.6379534119920329e+00,
      "time_unit": "us",
      "code_size": 2.0481000000000000e+04,
      "execution_time_ns": 9.3721711446905410e+03,
      "gas_rate": 5.0999416472423840e+09,
      "gas_used": 4.9153000000000000e+04,
      "input_size": 0.0000000000000000e+00
    },
    {
      "name": "external/total/micro/jump_around/empty",
      "family_index": 15,
      "per_family_instance_index": 0,
      "run_name": "external/total/micro/jump_around/empty",
      "run_type": "iteration",
      "repetitions": 20,
      "repetition_index": 8,
      "threads": 1,
      "iterations": 72465,
      "real_time": 9.4223827640908180e+00,
      "cpu_time": 9.6720758435105569e+00,
      "time_unit": "us",
      "code_size": 2.0481000000000000e+04,
      "execution_time_ns": 9.4051757814117154e+03,
      "gas_rate": 5.0819493969310656e+09,
      "gas_used": 4.9153000000000000e+04,
      "input_size": 0.0000000000000000e+00
    },
    {
      "name": "external/total/micro/jump_around/empty",
      "family_index": 15,
      "per_family_instance_index": 0,
      "run_name": "external/total/micro/jump_around/empty",
      "run_type": "iteration",
      "repetitions": 20,
      "repetition_index": 9,
      "threads": 1,
      "iterations": 72465,
      "real_time": 9.4943055682076292e+00,
      "cpu_time": 9.7439652659901821e+00,
      "time_unit": "us",
      "code_size": 2.0481000000000000e+04,
      "execution_time_ns": 9.4781897053750090e+03,
      "gas_rate": 5.0444555843770313e+09,
      "gas_used": 4.9153000000000000e+04,
      "input_size": 0.0000000000000000e+00
    },
    {
      "name": "external/total/micro/jump_around/empty",
      "family_index": 15,
      "per_family_instance_index": 0,
      "run_name": "external/total/micro/jump_around/empty",
      "run_type": "iteration",
      "repetitions": 20,
      "repetition_index": 10,
      "threads": 1,
      "iterations": 72465,
      "real_time": 9.4000978541269635e+00,
      "cpu_time": 9.6491900779687452e+00,
      "time_unit": "us",
      "code_size": 2.0481000000000000e+04,
      "execution_time_ns": 9.3786579452149308e+03,
      "gas_rate": 5.0940026678744020e+09,
      "gas_used": 4.9153000000000000e+04,
      "input_size": 0.0000000000000000e+00
    },
    {
      "name": "external/total/micro/jump_around/empty",
      "family_index": 15,
      "per_family_instance_index": 0,
      "run_name": "external/total/micro/jump_around/empty",
      "run_type": "iteration",
      "repetitions": 20,
      "repetition_index": 11,
      "threads": 1,
      "iterations": 72465,
      "real_time": 9.3825285310121185e+00,
      "cpu_time": 9.6309576761195199e+00,
      "time_unit": "us",
      "code_size": 2.0481000000000000e+04,
      "execution_time_ns": 9.3664067066859861e+03,
      "gas_rate": 5.1036461432986584e+09,
      "gas_used": 4.9153000000000000e+04,
      "input_size": 0.0000000000000000e+00
    },
    {
      "name": "external/total/micro/jump_around/empty",
      "family_index": 15,
      "per_family_instance_index": 0,
      "run_name": "external/total/micro/jump_around/empty",
      "run_type": "iteration",
      "repetitions": 20,
      "repetition_index": 12,
      "threads": 1,
      "iterations": 72465,
      "real_time": 9.5189731180587174e+00,
      "cpu_time": 9.7593638308146087e+00,
      "time_unit": "us",
      "code_size": 2.0481000000000000e+04,
      "execution_time_ns": 9.5023172290071070e+03,
      "gas_rate": 5.0364963180081816e+09,
      "gas_used": 4.9153000000000000e+04,
      "input_size": 0.0000000000000000e+00
    },
    {
      "name": "external/total/micro/jump_around/empty",
      "family_index": 15,
      "per_family_instance_index": 0,
      "run_name": "external/total/micro/jump_around/empty",
      "run_type": "iteration",
      "repetitions": 20,
      "repetition_index": 13,
      "threads": 1,
      "iterations": 72465,
      "real_time": 9.4862518181169193e+00,
      "cpu_time": 9.7128255157659655e+00,
      "time_unit": "us",
      "code_size": 2.0481000000000000e+04,
      "execution_time_ns": 9.4691710480921829e+03,
      "gas_rate": 5.0606283331471682e+09,
      "gas_used": 4.9153000000000000e+04,
      "input_size": 0.0000000000000000e+00
    },
    {
      "name": "external/total/micro/jump_around/empty",
      "family_index": 15,
      "per_family_instance_index": 0,
      "run_name": "external/total/micro/jump_around/empty",
      "run_type": "iteration",
      "repetitions": 20,
      "repetition_index": 14,
      "threads": 1,
      "iterations": 72465,
      "real_time": 9.2621626026410393e+00,
      "cpu_time": 9.4827626164356218e+00,
      "time_unit": "us",
      "code_size": 2.0481000000000000e+04,
      "execution_time_ns": 9.2429000068998830e+03,
      "gas_rate": 5.1834050885980749e+09,
      "gas_used": 4.9153000000000000e+04,
      "input_size": 0.0000000000000000e+00
    },
    {
      "name": "external/total/micro/jump_around/empty",
      "family_index": 15,
      "per_family_instance_index": 0,
      "run_name": "external/total/micro/jump_around/empty",
      "run_type": "iteration",
      "repetitions": 20,
      "repetition_index": 15,
      "threads": 1,
      "iterations": 72465,
      "real_time": 9.3552746567317406e+00,
      "cpu_time": 9.5776593665906091e+00,
      "time_unit": "us",
      "code_size": 2.0481000000000000e+04,
      "execution_time_ns": 9.3363722624715374e+03,
      "gas_rate": 5.1320472068007107e+09,
      "gas_used": 4.9153000000000000e+04,
      "input_size": 0.0000000000000000e+00
    },
    {
      "name": "external/total/micro/jump_around/empty",
      "family_index": 15,
      "per_family_instance_index": 0,
      "run_name": "external/total/micro/jump_around/empty",
      "run_type": "iteration",
      "repetitions": 20,
      "repetition_index": 16,
      "threads": 1,
      "iterations": 72465,
      "real_time": 9.4217580763025559e+00,
      "cpu_time": 9.6468087214520057e+00,
      "time_unit": "us",
      "code_size": 2.0481000000000000e+04,
      "execution_time_ns": 9.4061987856206451e+03,
      "gas_rate": 5.0952601444969511e+09,
      "gas_used": 4.9153000000000000e+04,
      "input_size": 0.0000000000000000e+00
    },
    {
      "name": "external/total/micro/jump_around/empty",
      "family_index": 15,
      "per_family_instance_index": 0,
      "run_name": "external/total/micro/jump_around/empty",
      "run_type": "iteration",
      "repetitions": 20,
      "repetition_index": 17,
      "threads": 1,
      "iterations": 72465,
      "real_time": 9.2973294003956539e+00,
      "cpu_time": 9.5189798523424400e+00,
      "time_unit": "us",
      "code_size": 2.0481000000000000e+04,
      "execution_time_ns": 9.2816576692196231e+03,
      "gas_rate": 5.1636835840034246e+09,
      "gas_used": 4.9153000000000000e+04,
      "input_size": 0.0000000000000000e+00
    },
    {
      "name": "external/total/micro/jump_around/empty",
      "family_index": 15,
      "per_family_instance_index": 0,
      "run_name": "external/total/micro/jump_around/empty",
      "run_type": "iteration",
      "repetitions": 20,
      "repetition_index": 18,
      "threads": 1,
      "iterations": 72465,
      "real_time": 9.3673641206087925e+00,
      "cpu_time": 9.5902791554543434e+00,
      "time_unit": "us",
      "code_size": 2.0481000000000000e+04,
      "execution_time_ns": 9.3510545504726415e+03,
      "gas_rate": 5.1252939777091780e+09,
      "gas_used": 4.9153000000000000e+04,
      "input_size": 0.0000000000000000e+00
    },
    {
      "name": "external/total/micro/jump_around/empty",
      "family_index": 15,
      "per_family_instance_index": 0,
      "run_name": "external/total/micro/jump_around/empty",
      "run_type": "iteration",
      "repetitions": 20,
      "repetition_index": 19,
      "threads": 1,
      "iterations": 72465,
      "real_time": 9.3619344097152730e+00,
      "cpu_time": 9.5854335886289945e+00,
      "time_unit": "us",
      "code_size": 2.0481000000000000e+04,
      "execution_time_ns": 9.3455630028289524e+03,
      "gas_rate": 5.1278848834036274e+09,
      "gas_used": 4.9153000000000000e+04,
      "input_size": 0.0000000000000000e+00
    },
    {
      "name": "external/total/micro/jump_around/empty_mean",
      "family_index": 15,
      "per_family_instance_index": 0,
      "run_name": "external/total/micro/jump_around/empty",
      "run_type": "aggregate",
      "repetitions": 20,
      "threads": 1,
      "aggregate_name": "mean",
      "aggregate_unit": "time",
      "iterations": 20,
      "real_time": 9.3632269509413941e+00,
      "cpu_time": 9.6024232595046346e+00,
      "time_unit": "us",
      "code_size": 2.0481000000000000e+04,
      "execution_time_ns": 9.3462322914510460e+03,
      "gas_rate": 5.1191733696087990e+09,
      "gas_used": 4.9153000000000000e+04,
      "input_size": 0.0000000000000000e+00
    },
    {
      "name": "external/total/micro/jump_around/empty_median",
      "family_index": 15,
      "per_family_instance_index": 0,
      "run_name": "external/total/micro/jump_around/empty",
      "run_type": "aggregate",
      "repetitions": 20,
      "threads": 1,
      "aggregate_name": "median",
      "aggregate_unit": "time",
      "iterations": 20,
      "real_time": 9.3684899330747839e+00,
      "cpu_time": 9.6024971227490337e+00,
      "time_unit": "us",
      "code_size": 2.0481000000000000e+04,
      "execution_time_ns": 9.3508532187952806e+03,
      "gas_rate": 5.1187809740882816e+09,
      "gas_used": 4.9153000000000000e+04,
      "input_size": 0.0000000000000000e+00
    },
    {
      "name": "external/total/micro/jump_around/empty_stddev",
      "family_index": 15,
      "per_family_instance_index": 0,
      "run_name": "external/total/micro/jump_around/empty",
      "run_type": "aggregate",
      "repetitions": 20,
      "threads": 1,
      "aggregate_name": "stddev",
      "aggregate_unit": "time",
      "iterations": 20,
      "real_time": 8.2392458500981675e-02,
      "cpu_time": 8.2827895423797898e-02,
      "time_unit": "us",
      "code_size": 0.0000000000000000e+00,
      "execution_time_ns": 8.2320360674889031e+01,
      "gas_rate": 4.4093840839012139e+07,
      "gas_used": 0.0000000000000000e+00,
      "input_size": 0.0000000000000000e+00
    },
    {
      "name": "external/total/micro/jump_around/empty_cv",
      "family_index": 15,
      "per_family_instance_index": 0,
      "run_name": "external/total/micro/jump_around/empty",
      "run_type": "aggregate",
      "repetitions": 20,
      "threads": 1,
      "aggregate_name": "cv",
      "aggregate_unit": "percentage",
      "iterations": 20,
      "real_time": 8.7995793472353881e-03,
      "cpu_time": 8.6257284422256112e-03,
      "time_unit": "us",
      "code_size": 0.0000000000000000e+00,
      "execution_time_ns": 8.8078658980247117e-03,
      "gas_rate": 8.6134689441826305e-03,
      "gas_used": 0.0000000000000000e+00,
      "input_size": 0.0000000000000000e+00
    },
    {
      "name": "external/total/micro/loop_with_many_jumpdests/empty",
      "family_index": 16,
      "per_family_instance_index": 0,
      "run_name": "external/total/micro/loop_with_many_jumpdests/empty",
      "run_type": "iteration",
      "repetitions": 20,
      "repetition_index": 0,
      "threads": 1,
      "iterations": 361516,
      "real_time": 1.9227151854963829e+00,
      "cpu_time": 1.9468173165226430e+00,
      "time_unit": "us",
      "code_size": 2.4576000000000000e+04,
      "execution_time_ns": 1.9061478164175305e+03,
      "gas_rate": 4.1030465119694731e+12,
      "gas_used": 7.9878820000000000e+06,
      "input_size": 0.0000000000000000e+00
    },
    {
      "name": "external/total/micro/loop_with_many_jumpdests/empty",
      "family_index": 16,
      "per_family_instance_index": 0,
      "run_name": "external/total/micro/loop_with_many_jumpdests/empty",
      "run_type": "iteration",
      "repetitions": 20,
      "repetition_index": 1,
      "threads": 1,
      "iterations": 361516,
      "real_time": 1.9347064915533043e+00,
      "cpu_time": 1.9588208903616566e+00,
      "time_unit": "us",
      "code_size": 2.4576000000000000e+04,
      "execution_time_ns": 1.9189761753283397e+03,
      "gas_rate": 4.0779032117250903e+12,
      "gas_used": 7.9878820000000000e+06,
      "input_size": 0.0000000000000000e+00
    },
    {
      "name": "external/total/micro/loop_with_many_jumpdests/empty",
      "family_index": 16,
      "per_family_instance_index": 0,
      "run_name": "external/total/micro/loop_with_many_jumpdests/empty",
      "run_type": "iteration",
      "repetitions": 20,
      "repetition_index": 2,
      "threads": 1,
      "iterations": 361516,
      "real_time": 1.9572941335939849e+00,
      "cpu_time": 1.9276546266278400e+00,
      "time_unit": "us",
      "code_size": 2.4576000000000000e+04,
      "execution_time_ns": 1.9404368879938925e+03,
      "gas_rate": 4.1438346318155933e+12,
      "gas_used": 7.9878820000000000e+06,
      "input_size": 0.0000000000000000e+00
    },
    {
      "name": "external/total/micro/loop_with_many_jumpdests/empty",
      "family_index": 16,
      "per_family_instance_index": 0,
      "run_name": "external/total/micro/loop_with_many_jumpdests/empty",
      "run_type": "iteration",
      "repetitions": 20,
      "repetition_index": 3,
      "threads": 1,
      "iterations": 361516,
      "real_time": 1.8833123015313071e+00,
      "cpu_time": 1.9069545552617173e+00,
      "time_unit": "us",
      "code_size": 2.4576000000000000e+04,
      "execution_time_ns": 1.8676269404397040e+03,
      "gas_rate": 4.1888161298650947e+12,
      "gas_used": 7.9878820000000000e+06,
      "input_size": 0.0000000000000000e+00
    },
    {
      "name": "external/total/micro/loop_with_many_jumpdests/empty",
      "family_index": 16,
      "per_family_instance_index": 0,
      "run_name": "external/total/micro/loop_with_many_jumpdests/empty",
      "run_type": "iteration",
      "repetitions": 20,
      "repetition_index": 4,
      "threads": 1,
      "iterations": 361516,
      "real_time": 1.8982650117832416e+00,
      "cpu_time": 1.9219607043671398e+00,
      "time_unit": "us",
      "code_size": 2.4576000000000000e+04,
      "execution_time_ns": 1.8820604924816605e+03,
      "gas_rate": 4.1561109869986846e+12,
      "gas_used": 7.9878820000000000e+06,
      "input_size": 0.0000000000000000e+00
    },
    {
      "name": "external/total/micro/loop_with_many_jumpdests/empty",
      "family_index": 16,
      "per_family_instance_index": 0,
      "run_name": "external/total/micro/loop_with_many_jumpdests/empty",
      "run_type": "iteration",
      "repetitions": 20,
      "repetition_index": 5,
      "threads": 1,
      "iterations": 361516,
      "real_time": 1.8915716040240735e+00,
      "cpu_time": 1.9078912966507751e+00,
      "time_unit": "us",
      "code_size": 2.4576000000000000e+04,
      "execution_time_ns": 1.8762560356941324e+03,
      "gas_rate": 4.1867594941191875e+12,
      "gas_used": 7.9878820000000000e+06,
      "input_size": 0.0000000000000000e+00
    },
    {
      "name": "external/total/micro/loop_with_many_jumpdests/empty",
      "family_index": 16,
      "per_family_instance_index": 0,
      "run_name": "external/total/micro/loop_with_many_jumpdests/empty",
      "run_type": "iteration",
      "repetitions": 20,
      "repetition_index": 6,
      "threads": 1,
      "iterations": 361516,
      "real_time": 1.9190865272891906e+00,
      "cpu_time": 1.9431834579935878e+00,
      "time_unit": "us",
      "code_size": 2.4576000000000000e+04,
      "execution_time_ns": 1.9026012541630246e+03,
      "gas_rate": 4.1107194316319458e+12,
      "gas_used": 7.9878820000000000e+06,
      "input_size": 0.0000000000000000e+00
    },
    {
      "name": "external/total/micro/loop_with_many_jumpdests/empty",
      "family_index": 16,
      "per_family_instance_index": 0,
      "run_name": "external/total/micro/loop_with_many_jumpdests/empty",
      "run_type": "iteration",
      "repetitions": 20,
      "repetition_index": 7,
      "threads": 1,
      "iterations": 361516,
      "real_time": 1.8772435908784810e+00,
      "cpu_time": 1.9007033713584296e+00,
      "time_unit": "us",
      "code_size": 2.4576000000000000e+04,
      "execution_time_ns": 1.8619946945640027e+03,
      "gas_rate": 4.2025926403713770e+12,
      "gas_used": 7.9878820000000000e+06,
      "input_size": 0.0000000000000000e+00
    },
    {
      "name": "external/total/micro/loop_with_many_jumpdests/empty",
      "family_index": 16,
      "per_family_instance_index": 0,
      "run_name": "external/total/micro/loop_with_many_jumpdests/empty",
      "run_type": "iteration",
      "repetitions": 20,
      "repetition_index": 8,
      "threads": 1,
      "iterations": 361516,
      "real_time": 1.8867724830979893e+00,
      "cpu_time": 1.9104717661181927e+00,
      "time_unit": "us",
      "code_size": 2.4576000000000000e+04,
      "execution_time_ns": 1.8705547278681995e+03,
      "gas_rate": 4.1811044484736050e+12,
      "gas_used": 7.9878820000000000e+06,
      "input_size": 0.0000000000000000e+00
    },
    {
      "name": "external/total/micro/loop_with_many_jumpdests/empty",
      "family_index": 16,
      "per_family_instance_index": 0,
      "run_name": "external/total/micro/loop_with_many_jumpdests/empty",
      "run_type": "iteration",
      "repetitions": 20,
      "repetition_index": 9,
      "threads": 1,
      "iterations": 361516,
      "real_time": 1.9109030112080463e+00,
      "cpu_time": 1.9417177054404715e+00,
      "time_unit": "us",
      "code_size": 2.4576000000000000e+04,
      "execution_time_ns": 1.8950729649586740e+03,
      "gas_rate": 4.1138225075760840e+12,
      "gas_used": 7.9878820000000000e+06,
      "input_size": 0.0000000000000000e+00
    },
    {
      "name": "external/total/micro/loop_with_many_jumpdests/empty",
      "family_index": 16,
      "per_family_instance_index": 0,
      "run_name": "external/total/micro/loop_with_many_jumpdests/empty",
      "run_type": "iteration",
      "repetitions": 20,
      "repetition_index": 10,
      "threads": 1,
      "iterations": 361516,
      "real_time": 1.8954820837822977e+00,
      "cpu_time": 1.9406618600559693e+00,
      "time_unit": "us",
      "code_size": 2.4576000000000000e+04,
      "execution_time_ns": 1.8796710685004259e+03,
      "gas_rate": 4.1160606927008022e+12,
      "gas_used": 7.9878820000000000e+06,
      "input_size": 0.0000000000000000e+00
    },
    {
      "name": "external/total/micro/loop_with_many_jumpdests/empty",
      "family_index": 16,
      "per_family_instance_index": 0,
      "run_name": "external/total/micro/loop_with_many_jumpdests/empty",
      "run_type": "iteration",
      "repetitions": 20,
      "repetition_index": 11,
      "threads": 1,
      "iterations": 361516,
      "real_time": 1.9017560965492160e+00,
      "cpu_time": 1.9473392325650791e+00,
      "time_unit": "us",
      "code_size": 2.4576000000000000e+04,
      "execution_time_ns": 1.8848066033038649e+03,
      "gas_rate": 4.1019468341312993e+12,
      "gas_used": 7.9878820000000000e+06,
      "input_size": 0.0000000000000000e+00
    },
    {
      "name": "external/total/micro/loop_with_many_jumpdests/empty",
      "family_index": 16,
      "per_family_instance_index": 0,
      "run_name": "external/total/micro/loop_with_many_jumpdests/empty",
      "run_type": "iteration",
      "repetitions": 20,
      "repetition_index": 12,
      "threads": 1,
      "iterations": 361516,
      "real_time": 1.8985778914351690e+00,
      "cpu_time": 1.9439845124420223e+00,
      "time_unit": "us",
      "code_size": 2.4576000000000000e+04,
      "execution_time_ns": 1.8818567864216245e+03,
      "gas_rate": 4.1090255343473223e+12,
      "gas_used": 7.9878820000000000e+06,
      "input_size": 0.0000000000000000e+00
    },
    {
      "name": "external/total/micro/loop_with_many_jumpdests/empty",
      "family_index": 16,
      "per_family_instance_index": 0,
      "run_name": "external/total/micro/loop_with_many_jumpdests/empty",
      "run_type": "iteration",
      "repetitions": 20,
      "repetition_index": 13,
      "threads": 1,
      "iterations": 361516,
      "real_time": 1.8922176999067992e+00,
      "cpu_time": 1.9374378146472619e+00,
      "time_unit": "us",
      "code_size": 2.4576000000000000e+04,
      "execution_time_ns": 1.8764890101682913e+03,
      "gas_rate": 4.1229101339979302e+12,
      "gas_used": 7.9878820000000000e+06,
      "input_size": 0.0000000000000000e+00
    },
    {
      "name": "external/total/micro/loop_with_many_jumpdests/empty",
      "family_index": 16,
      "per_family_instance_index": 0,
      "run_name": "external/total/micro/loop_with_many_jumpdests/empty",
      "run_type": "iteration",
      "repetitions": 20,
      "repetition_index": 14,
      "threads": 1,
      "iterations": 361516,
      "real_time": 1.8888228155871509e+00,
      "cpu_time": 1.9340817142256588e+00,
      "time_unit": "us",
      "code_size": 2.4576000000000000e+04,
      "execution_time_ns": 1.8735594634815609e+03,
      "gas_rate": 4.1300643821029453e+12,
      "gas_used": 7.9878820000000000e+06,
      "input_size": 0.0000000000000000e+00
    },
    {
      "name": "external/total/micro/loop_with_many_jumpdests/empty",
      "family_index": 16,
      "per_family_instance_index": 0,
      "run_name": "external/total/micro/loop_with_many_jumpdests/empty",
      "run_type": "iteration",
      "repetitions": 20,
      "repetition_index": 15,
      "threads": 1,
      "iterations": 361516,
      "real_time": 1.8757394693452352e+00,
      "cpu_time": 1.9205377825600702e+00,
      "time_unit": "us",
      "code_size": 2.4576000000000000e+04,
      "execution_time_ns": 1.8599006461678046e+03,
      "gas_rate": 4.1591902395964219e+12,
      "gas_used": 7.9878820000000000e+06,
      "input_size": 0.0000000000000000e+00
    },
    {
      "name": "external/total/micro/loop_with_many_jumpdests/empty",
      "family_index": 16,
      "per_family_instance_index": 0,
      "run_name": "external/total/micro/loop_with_many_jumpdests/empty",
      "run_type": "iteration",
      "repetitions": 20,
      "repetition_index": 16,
      "threads": 1,
      "iterations": 361516,
      "real_time": 1.8776738042024823e+00,
      "cpu_time": 1.9225442829639614e+00,
      "time_unit": "us",
      "code_size": 2.4576000000000000e+04,
      "execution_time_ns": 1.8623208986600869e+03,
      "gas_rate": 4.1548494205216367e+12,
      "gas_used": 7.9878820000000000e+06,
      "input_size": 0.0000000000000000e+00
    },
    {
      "name": "external/total/micro/loop_with_many_jumpdests/empty",
      "family_index": 16,
      "per_family_instance_index": 0,
      "run_name": "external/total/micro/loop_with_many_jumpdests/empty",
      "run_type": "iteration",
      "repetitions": 20,
      "repetition_index": 17,
      "threads": 1,
      "iterations": 361516,
      "real_time": 1.8612165104723049e+00,
      "cpu_time": 1.9057999341661158e+00,
      "time_unit": "us",
      "code_size": 2.4576000000000000e+04,
      "execution_time_ns": 1.8452217605859769e+03,
      "gas_rate": 4.1913539069855747e+12,
      "gas_used": 7.9878820000000000e+06,
      "input_size": 0.0000000000000000e+00
    },
    {
      "name": "external/total/micro/loop_with_many_jumpdests/empty",
      "family_index": 16,
      "per_family_instance_index": 0,
      "run_name": "external/total/micro/loop_with_many_jumpdests/empty",
      "run_type": "iteration",
      "repetitions": 20,
      "repetition_index": 18,
      "threads": 1,
      "iterations": 361516,
      "real_time": 1.8610555743035440e+00,
      "cpu_time": 1.9054174863630049e+00,
      "time_unit": "us",
      "code_size": 2.4576000000000000e+04,
      "execution_time_ns": 1.8456011794775336e+03,
      "gas_rate": 4.1921951788355806e+12,
      "gas_used": 7.9878820000000000e+06,
      "input_size": 0.0000000000000000e+00
    },
    {
      "name": "external/total/micro/loop_with_many_jumpdests/empty",
      "family_index": 16,
      "per_family_instance_index": 0,
      "run_name": "external/total/micro/loop_with_many_jumpdests/empty",
      "run_type": "iteration",
      "repetitions": 20,
      "repetition_index": 19,
      "threads": 1,
      "iterations": 361516,
      "real_time": 1.8542943050936673e+00,
      "cpu_time": 1.8986380243198757e+00,
      "time_unit": "us",
      "code_size": 2.4576000000000000e+04,
      "execution_time_ns": 1.8387334613129156e+03,
      "gas_rate": 4.2071642396719590e+12,
      "gas_used": 7.9878820000000000e+06,
      "input_size": 0.0000000000000000e+00
    },
    {
      "name": "external/total/micro/loop_with_many_jumpdests/empty_mean",
      "family_index": 16,
      "per_family_instance_index": 0,
      "run_name": "external/total/micro/loop_with_many_jumpdests/empty",
      "run_type": "aggregate",
      "repetitions": 20,
      "threads": 1,
      "aggregate_name": "mean",
      "aggregate_unit": "time",
      "iterations": 20,
      "real_time": 1.8944353295566938e+00,
      "cpu_time": 1.9261309167505740e+00,
      "time_unit": "us",
      "code_size": 2.4576000000000000e+04,
      "execution_time_ns": 1.8784944433994622e+03,
      "gas_rate": 4.1474735278718799e+12,
      "gas_used": 7.9878820000000000e+06,
      "input_size": 0.0000000000000000e+00
    },
    {
      "name": "external/total/micro/loop_with_many_jumpdests/empty_median",
      "family_index": 16,
      "per_family_instance_index": 0,
      "run_name": "external/total/micro/loop_with_many_jumpdests/empty",
      "run_type": "aggregate",
      "repetitions": 20,
      "threads": 1,
      "aggregate_name": "median",
      "aggregate_unit": "time",
      "iterations": 20,
      "real_time": 1.8918946519654365e+00,
      "cpu_time": 1.9250994547959006e+00,
      "time_unit": "us",
      "code_size": 2.4576000000000000e+04,
      "execution_time_ns": 1.8763725229312117e+03,
      "gas_rate": 4.1493420261686152e+12,
      "gas_used": 7.9878820000000000e+06,
      "input_size": 0.0000000000000000e+00
    },
    {
      "name": "external/total/micro/loop_with_many_jumpdests/empty_stddev",
      "family_index": 16,
      "per_family_instance_index": 0,
      "run_name": "external/total/micro/loop_with_many_jumpdests/empty",
      "run_type": "aggregate",
      "repetitions": 20,
      "threads": 1,
      "aggregate_name": "stddev",
      "aggregate_unit": "time",
      "iterations": 20,
      "real_time": 2.5464349089417266e-02,
      "cpu_time": 1.8432452663294855e-02,
      "time_unit": "us",
      "code_size": 0.0000000000000000e+00,
      "execution_time_ns": 2.5158066737585052e+01,
      "gas_rate": 3.9690219393477173e+10,
      "gas_used": 0.0000000000000000e+00,
      "input_size": 0.0000000000000000e+00
    },
    {
      "name": "external/total/micro/loop_with_many_jumpdests/empty_cv",
      "family_index": 16,
      "per_family_instance_index": 0,
      "run_name": "external/total/micro/loop_with_many_jumpdests/empty",
      "run_type": "aggregate",
      "repetitions": 20,
      "threads": 1,
      "aggregate_name": "cv",
      "aggregate_unit": "percentage",
      "iterations": 20,
      "real_time": 1.3441656567593701e-02,
      "cpu_time": 9.5696780021530502e-03,
      "time_unit": "us",
      "code_size": 0.0000000000000000e+00,
      "execution_time_ns": 1.3392675621684117e-02,
      "gas_rate": 9.5697342313942908e-03,
      "gas_used": 0.0000000000000000e+00,
      "input_size": 0.0000000000000000e+00
    },
    {
      "name": "external/total/micro/memory_grow_mload/nogrow",
      "family_index": 17,
      "per_family_instance_index": 0,
      "run_name": "external/total/micro/memory_grow_mload/nogrow",
      "run_type": "iteration",
      "repetitions": 20,
      "repetition_index": 0,
      "threads": 1,
      "iterations": 130310,
      "real_time": 5.2040581536369359e+00,
      "cpu_time": 5.3282766940372275e+00,
      "time_unit": "us",
      "code_size": 2.0485000000000000e+04,
      "execution_time_ns": 5.1883996239736016e+03,
      "gas_rate": 1.0764455994596903e+10,
      "gas_used": 5.7356000000000000e+04,
      "input_size": 3.2000000000000000e+01
    },
    {
      "name": "external/total/micro/memory_grow_mload/nogrow",
      "family_index": 17,
      "per_family_instance_index": 0,
      "run_name": "external/total/micro/memory_grow_mload/nogrow",
      "run_type": "iteration",
      "repetitions": 20,
      "repetition_index": 1,
      "threads": 1,
      "iterations": 130310,
      "real_time": 5.2635238431442364e+00,
      "cpu_time": 5.3890276034069720e+00,
      "time_unit": "us",
      "code_size": 2.0485000000000000e+04,
      "execution_time_ns": 5.2467385235208349e+03,
      "gas_rate": 1.0643107480789156e+10,
      "gas_used": 5.7356000000000000e+04,
      "input_size": 3.2000000000000000e+01
    },
    {
      "name": "external/total/micro/memory_grow_mload/nogrow",
      "family_index": 17,
      "per_family_instance_index": 0,
      "run_name": "external/total/micro/memory_grow_mload/nogrow",
      "run_type": "iteration",
      "repetitions": 20,
      "repetition_index": 2,
      "threads": 1,
      "iterations": 130310,
      "real_time": 5.2007900928540201e+00,
      "cpu_time": 5.3614900391373732e+00,
      "time_unit": "us",
      "code_size": 2.0485000000000000e+04,
      "execution_time_ns": 5.1854025400966921e+03,
      "gas_rate": 1.0697772369493795e+10,
      "gas_used": 5.7356000000000000e+04,
      "input_size": 3.2000000000000000e+01
    },
    {
      "name": "external/total/micro/memory_grow_mload/nogrow",
      "family_index": 17,
      "per_family_instance_index": 0,
      "run_name": "external/total/micro/memory_grow_mload/nogrow",
      "run_type": "iteration",
      "repetitions": 20,
      "repetition_index": 3,
      "threads": 1,
      "iterations": 130310,
      "real_time": 5.2377045890594580e+00,
      "cpu_time": 5.4045000920880399e+00,
      "time_unit": "us",
      "code_size": 2.0485000000000000e+04,
      "execution_time_ns": 5.2198887499040748e+03,
      "gas_rate": 1.0612637435970583e+10,
      "gas_used": 5.7356000000000000e+04,
      "input_size": 3.2000000000000000e+01
    },
    {
      "name": "external/total/micro/memory_grow_mload/nogrow",
      "family_index": 17,
      "per_family_instance_index": 0,
      "run_name": "external/total/micro/memory_grow_mload/nogrow",
      "run_type": "iteration",
      "repetitions": 20,
      "repetition_index": 4,
      "threads": 1,
      "iterations": 130310,
      "real_time": 5.2247335354107536e+00,
      "cpu_time": 5.3909671782669291e+00,
      "time_unit": "us",
      "code_size": 2.0485000000000000e+04,
      "execution_time_ns": 5.2090346251247029e+03,
      "gas_rate": 1.0639278278529350e+10,
      "gas_used": 5.7356000000000000e+04,
      "input_size": 3.2000000000000000e+01
    },
    {
      "name": "external/total/micro/memory_grow_mload/nogrow",
      "family_index": 17,
      "per_family_instance_index": 0,
      "run_name": "external/total/micro/memory_grow_mload/nogrow",
      "run_type": "iteration",
      "repetitions": 20,
      "repetition_index": 5,
      "threads": 1,
      "iterations": 130310,
      "real_time": 5.2644032230812376e+00,
      "cpu_time": 5.4324753817820755e+00,
      "time_unit": "us",
      "code_size": 2.0485000000000000e+04,
      "execution_time_ns": 5.2484515386386311e+03,
      "gas_rate": 1.0557986179255335e+10,
      "gas_used": 5.7356000000000000e+04,
      "input_size": 3.2000000000000000e+01
    },
    {
      "name": "external/total/micro/memory_grow_mload/nogrow",
      "family_index": 17,
      "per_family_instance_index": 0,
      "run_name": "external/total/micro/memory_grow_mload/nogrow",
      "run_type": "iteration",
      "repetitions": 20,
      "repetition_index": 6,
      "threads": 1,
      "iterations": 130310,
      "real_time": 5.3271103675839502e+00,
      "cpu_time": 5.4963236282709396e+00,
      "time_unit": "us",
      "code_size": 2.0485000000000000e+04,
      "execution_time_ns": 5.3101737165221393e+03,
      "gas_rate": 1.0435338942740410e+10,
      "gas_used": 5.7356000000000000e+04,
      "input_size": 3.2000000000000000e+01
    },
    {
      "name": "external/total/micro/memory_grow_mload/nogrow",
      "family_index": 17,
      "per_family_instance_index": 0,
      "run_name": "external/total/micro/memory_grow_mload/nogrow",
      "run_type": "iteration",
      "repetitions": 20,
      "repetition_index": 7,
      "threads": 1,
      "iterations": 130310,
      "real_time": 5.2219782518585838e+00,
      "cpu_time": 5.3885413475557664e+00,
      "time_unit": "us",
      "code_size": 2.0485000000000000e+04,
      "execution_time_ns": 5.2053214258307116e+03,
      "gas_rate": 1.0644067902720387e+10,
      "gas_used": 5.7356000000000000e+04,
      "input_size": 3.2000000000000000e+01
    },
    {
      "name": "external/total/micro/memory_grow_mload/nogrow",
      "family_index": 17,
      "per_family_instance_index": 0,
      "run_name": "external/total/micro/memory_grow_mload/nogrow",
      "run_type": "iteration",
      "repetitions": 20,
      "repetition_index": 8,
      "threads": 1,
      "iterations": 130310,
      "real_time": 5.1638124472369338e+00,
      "cpu_time": 5.3286746527511104e+00,
      "time_unit": "us",
      "code_size": 2.0485000000000000e+04,
      "execution_time_ns": 5.1481368045430127e+03,
      "gas_rate": 1.0763652078174448e+10,
      "gas_used": 5.7356000000000000e+04,
      "input_size": 3.2000000000000000e+01
    },
    {
      "name": "external/total/micro/memory_grow_mload/nogrow",
      "family_index": 17,
      "per_family_instance_index": 0,
      "run_name": "external/total/micro/memory_grow_mload/nogrow",
      "run_type": "iteration",
      "repetitions": 20,
      "repetition_index": 9,
      "threads": 1,
      "iterations": 130310,
      "real_time": 5.1646713989779132e+00,
      "cpu_time": 5.3288134371883906e+00,
      "time_unit": "us",
      "code_size": 2.0485000000000000e+04,
      "execution_time_ns": 5.1470368045430132e+03,
      "gas_rate": 1.0763371747963161e+10,
      "gas_used": 5.7356000000000000e+04,
      "input_size": 3.2000000000000000e+01
    },
    {
      "name": "external/total/micro/memory_grow_mload/nogrow",
      "family_index": 17,
      "per_family_instance_index": 0,
      "run_name": "external/total/micro/memory_grow_mload/nogrow",
      "run_type": "iteration",
      "repetitions": 20,
      "repetition_index": 10,
      "threads": 1,
      "iterations": 130310,
      "real_time": 5.1362524825358733e+00,
      "cpu_time": 5.3000633412630505e+00,
      "time_unit": "us",
      "code_size": 2.0485000000000000e+04,
      "execution_time_ns": 5.1203477169825801e+03,
      "gas_rate": 1.0821757459663034e+10,
      "gas_used": 5.7356000000000000e+04,
      "input_size": 3.2000000000000000e+01
    },
    {
      "name": "external/total/micro/memory_grow_mload/nogrow",
      "family_index": 17,
      "per_family_instance_index": 0,
      "run_name": "external/total/micro/memory_grow_mload/nogrow",
      "run_type": "iteration",
      "repetitions": 20,
      "repetition_index": 11,
      "threads": 1,
      "iterations": 130310,
      "real_time": 5.1470401734290849e+00,
      "cpu_time": 5.3112587522060286e+00,
      "time_unit": "us",
      "code_size": 2.0485000000000000e+04,
      "execution_time_ns": 5.1313778604865320e+03,
      "gas_rate": 1.0798946667054626e+10,
      "gas_used": 5.7356000000000000e+04,
      "input_size": 3.2000000000000000e+01
    },
    {
      "name": "external/total/micro/memory_grow_mload/nogrow",
      "family_index": 17,
      "per_family_instance_index": 0,
      "run_name": "external/total/micro/memory_grow_mload/nogrow",
      "run_type": "iteration",
      "repetitions": 20,
      "repetition_index": 12,
      "threads": 1,
      "iterations": 130310,
      "real_time": 5.1234269511173975e+00,
      "cpu_time": 5.2862934847673504e+00,
      "time_unit": "us",
      "code_size": 2.0485000000000000e+04,
      "execution_time_ns": 5.1068428363134062e+03,
      "gas_rate": 1.0849946217566889e+10,
      "gas_used": 5.7356000000000000e+04,
      "input_size": 3.2000000000000000e+01
    },
    {
      "name": "external/total/micro/memory_grow_mload/nogrow",
      "family_index": 17,
      "per_family_instance_index": 0,
      "run_name": "external/total/micro/memory_grow_mload/nogrow",
      "run_type": "iteration",
      "repetitions": 20,
      "repetition_index": 13,
      "threads": 1,
      "iterations": 130310,
      "real_time": 5.1384998848925036e+00,
      "cpu_time": 5.2950196147648398e+00,
      "time_unit": "us",
      "code_size": 2.0485000000000000e+04,
      "execution_time_ns": 5.1220505103215410e+03,
      "gas_rate": 1.0832065633914988e+10,
      "gas_used": 5.7356000000000000e+04,
      "input_size": 3.2000000000000000e+01
    },
    {
      "name": "external/total/micro/memory_grow_mload/nogrow",
      "family_index": 17,
      "per_family_instance_index": 0,
      "run_name": "external/total/micro/memory_grow_mload/nogrow",
      "run_type": "iteration",
      "repetitions": 20,
      "repetition_index": 14,
      "threads": 1,
      "iterations": 130310,
      "real_time": 5.2033224004318139e+00,
      "cpu_time": 5.3250288772926622e+00,
      "time_unit": "us",
      "code_size": 2.0485000000000000e+04,
      "execution_time_ns": 5.1873316169135142e+03,
      "gas_rate": 1.0771021401326334e+10,
      "gas_used": 5.7356000000000000e+04,
      "input_size": 3.2000000000000000e+01
    },
    {
      "name": "external/total/micro/memory_grow_mload/nogrow",
      "family_index": 17,
      "per_family_instance_index": 0,
      "run_name": "external/total/micro/memory_grow_mload/nogrow",
      "run_type": "iteration",
      "repetitions": 20,
      "repetition_index": 15,
      "threads": 1,
      "iterations": 130310,
      "real_time": 5.2532775611999574e+00,
      "cpu_time": 5.3756758422224218e+00,
      "time_unit": "us",
      "code_size": 2.0485000000000000e+04,
      "execution_time_ns": 5.2364539636252011e+03,
      "gas_rate": 1.0669542153101213e+10,
      "gas_used": 5.7356000000000000e+04,
      "input_size": 3.2000000000000000e+01
    },
    {
      "name": "external/total/micro/memory_grow_mload/nogrow",
      "family_index": 17,
      "per_family_instance_index": 0,
      "run_name": "external/total/micro/memory_grow_mload/nogrow",
      "run_type": "iteration",
      "repetitions": 20,
      "repetition_index": 16,
      "threads": 1,
      "iterations": 130310,
      "real_time": 5.2333070600845222e+00,
      "cpu_time": 5.3557367201289816e+00,
      "time_unit": "us",
      "code_size": 2.0485000000000000e+04,
      "execution_time_ns": 5.2170272887729261e+03,
      "gas_rate": 1.0709264289342943e+10,
      "gas_used": 5.7356000000000000e+04,
      "input_size": 3.2000000000000000e+01
    },
    {
      "name": "external/total/micro/memory_grow_mload/nogrow",
      "family_index": 17,
      "per_family_instance_index": 0,
      "run_name": "external/total/micro/memory_grow_mload/nogrow",
      "run_type": "iteration",
      "repetitions": 20,
      "repetition_index": 17,
      "threads": 1,
      "iterations": 130310,
      "real_time": 5.3005498119924983e+00,
      "cpu_time": 5.4243747525130512e+00,
      "time_unit": "us",
      "code_size": 2.0485000000000000e+04,
      "execution_time_ns": 5.2841897858951734e+03,
      "gas_rate": 1.0573753218917555e+10,
      "gas_used": 5.7356000000000000e+04,
      "input_size": 3.2000000000000000e+01
    },
    {
      "name": "external/total/micro/memory_grow_mload/nogrow",
      "family_index": 17,
      "per_family_instance_index": 0,
      "run_name": "external/total/micro/memory_grow_mload/nogrow",
      "run_type": "iteration",
      "repetitions": 20,
      "repetition_index": 18,
      "threads": 1,
      "iterations": 130310,
      "real_time": 5.3148408564179430e+00,
      "cpu_time": 5.4385625124704191e+00,
      "time_unit": "us",
      "code_size": 2.0485000000000000e+04,
      "execution_time_ns": 5.2991005448545775e+03,
      "gas_rate": 1.0546169115181604e+10,
      "gas_used": 5.7356000000000000e+04,
      "input_size": 3.2000000000000000e+01
    },
    {
      "name": "external/total/micro/memory_grow_mload/nogrow",
      "family_index": 17,
      "per_family_instance_index": 0,
      "run_name": "external/total/micro/memory_grow_mload/nogrow",
      "run_type": "iteration",
      "repetitions": 20,
      "repetition_index": 19,
      "threads": 1,
      "iterations": 130310,
      "real_time": 5.2991549996180982e+00,
      "cpu_time": 5.4230073823959737e+00,
      "time_unit": "us",
      "code_size": 2.0485000000000000e+04,
      "execution_time_ns": 5.2821796331824107e+03,
      "gas_rate": 1.0576419310471079e+10,
      "gas_used": 5.7356000000000000e+04,
      "input_size": 3.2000000000000000e+01
    },
    {
      "name": "external/total/micro/memory_grow_mload/nogrow_mean",
      "family_index": 17,
      "per_family_instance_index": 0,
      "run_name": "external/total/micro/memory_grow_mload/nogrow",
      "run_type": "aggregate",
      "repetitions": 20,
      "threads": 1,
      "aggregate_name": "mean",
      "aggregate_unit": "time",
      "iterations": 20,
      "real_time": 5.2211229042281868e+00,
      "cpu_time": 5.3692055667254808e+00,
      "time_unit": "us",
      "code_size": 2.0485000000000000e+04,
      "execution_time_ns": 5.2047743055022647e+03,
      "gas_rate": 1.0683527693838690e+10,
      "gas_used": 5.7356000000000000e+04,
      "input_size": 3.2000000000000000e+01
    },
    {
      "name": "external/total/micro/memory_grow_mload/nogrow_median",
      "family_index": 17,
      "per_family_instance_index": 0,
      "run_name": "external/total/micro/memory_grow_mload/nogrow",
      "run_type": "aggregate",
      "repetitions": 20,
      "threads": 1,
      "aggregate_name": "median",
      "aggregate_unit": "time",
      "iterations": 20,
      "real_time": 5.2233558936346691e+00,
      "cpu_time": 5.3685829406798984e+00,
      "time_unit": "us",
      "code_size": 2.0485000000000000e+04,
      "execution_time_ns": 5.2071780254777077e+03,
      "gas_rate": 1.0683657261297504e+10,
      "gas_used": 5.7356000000000000e+04,
      "input_size": 3.2000000000000000e+01
    },
    {
      "name": "external/total/micro/memory_grow_mload/nogrow_stddev",
      "family_index": 17,
      "per_family_instance_index": 0,
      "run_name": "external/total/micro/memory_grow_mload/nogrow",
      "run_type": "aggregate",
      "repetitions": 20,
      "threads": 1,
      "aggregate_name": "stddev",
      "aggregate_unit": "time",
      "iterations": 20,
      "real_time": 6.2454703661417942e-02,
      "cpu_time": 5.6706572987467341e-02,
      "time_unit": "us",
      "code_size": 0.0000000000000000e+00,
      "execution_time_ns": 6.2328485342378485e+01,
      "gas_rate": 1.1243026279057384e+08,
      "gas_used": 0.0000000000000000e+00,
      "input_size": 0.0000000000000000e+00
    },
    {
      "name": "external/total/micro/memory_grow_mload/nogrow_cv",
      "family_index": 17,
      "per_family_instance_index": 0,
      "run_name": "external/total/micro/memory_grow_mload/nogrow",
      "run_type": "aggregate",
      "repetitions": 20,
      "threads": 1,
      "aggregate_name": "cv",
      "aggregate_unit": "percentage",
      "iterations": 20,
      "real_time": 1.1961929417681524e-02,
      "cpu_time": 1.0561445689264419e-02,
      "time_unit": "us",
      "code_size": 0.0000000000000000e+00,
      "execution_time_ns": 1.1975252274913722e-02,
      "gas_rate": 1.0523702096584972e-02,
      "gas_used": 0.0000000000000000e+00,
      "input_size": 0.0000000000000000e+00
    },
    {
      "name": "external/total/micro/memory_grow_mload/by1",
      "family_index": 18,
      "per_family_instance_index": 0,
      "run_name": "external/total/micro/memory_grow_mload/by1",
      "run_type": "iteration",
      "repetitions": 20,
      "repetition_index": 0,
      "threads": 1,
      "iterations": 129900,
      "real_time": 5.3437394996172802e+00,
      "cpu_time": 5.4684047882986171e+00,
      "time_unit": "us",
      "code_size": 2.0485000000000000e+04,
      "execution_time_ns": 5.3258683525789065e+03,
      "gas_rate": 1.0564689747112629e+10,
      "gas_used": 5.7772000000000000e+04,
      "input_size": 3.2000000000000000e+01
    },
    {
      "name": "external/total/micro/memory_grow_mload/by1",
      "family_index": 18,
      "per_family_instance_index": 0,
      "run_name": "external/total/micro/memory_grow_mload/by1",
      "run_type": "iteration",
      "repetitions": 20,
      "repetition_index": 1,
      "threads": 1,
      "iterations": 129900,
      "real_time": 5.2970016243295426e+00,
      "cpu_time": 5.4203556351038671e+00,
      "time_unit": "us",
      "code_size": 2.0485000000000000e+04,
      "execution_time_ns": 5.2793090300230942e+03,
      "gas_rate": 1.0658341239798180e+10,
      "gas_used": 5.7772000000000000e+04,
      "input_size": 3.2000000000000000e+01
    },
    {
      "name": "external/total/micro/memory_grow_mload/by1",
      "family_index": 18,
      "per_family_instance_index": 0,
      "run_name": "external/total/micro/memory_grow_mload/by1",
      "run_type": "iteration",
      "repetitions": 20,
      "repetition_index": 2,
      "threads": 1,
      "iterations": 129900,
      "real_time": 5.2123494226307328e+00,
      "cpu_time": 5.3342972440336975e+00,
      "time_unit": "us",
      "code_size": 2.0485000000000000e+04,
      "execution_time_ns": 5.1965706235565822e+03,
      "gas_rate": 1.0830292605950445e+10,
      "gas_used": 5.7772000000000000e+04,
      "input_size": 3.2000000000000000e+01
    },
    {
      "name": "external/total/micro/memory_grow_mload/by1",
      "family_index": 18,
      "per_family_instance_index": 0,
      "run_name": "external/total/micro/memory_grow_mload/by1",
      "run_type": "iteration",
      "repetitions": 20,
      "repetition_index": 3,
      "threads": 1,
      "iterations": 129900,
      "real_time": 5.2026701616609055e+00,
      "cpu_time": 5.3239830638953674e+00,
      "time_unit": "us",
      "code_size": 2.0485000000000000e+04,
      "execution_time_ns": 5.1854796381832175e+03,
      "gas_rate": 1.0851274188263535e+10,
      "gas_used": 5.7772000000000000e+04,
      "input_size": 3.2000000000000000e+01
    },
    {
      "name": "external/total/micro/memory_grow_mload/by1",
      "family_index": 18,
      "per_family_instance_index": 0,
      "run_name": "external/total/micro/memory_grow_mload/by1",
      "run_type": "iteration",
      "repetitions": 20,
      "repetition_index": 4,
      "threads": 1,
      "iterations": 129900,
      "real_time": 5.2560950654327261e+00,
      "cpu_time": 5.3787680677447076e+00,
      "time_unit": "us",
      "code_size": 2.0485000000000000e+04,
      "execution_time_ns": 1.1131576420323325e+04,
      "gas_rate": 1.0740749419266840e+10,
      "gas_used": 5.7772000000000000e+04,
      "input_size": 3.2000000000000000e+01
    },
    {
      "name": "external/total/micro/memory_grow_mload/by1",
      "family_index": 18,
      "per_family_instance_index": 0,
      "run_name": "external/total/micro/memory_grow_mload/by1",
      "run_type": "iteration",
      "repetitions": 20,
      "repetition_index": 5,
      "threads": 1,
      "iterations": 129900,
      "real_time": 5.2449041878397535e+00,
      "cpu_time": 5.3355044572746841e+00,
      "time_unit": "us",
      "code_size": 2.0485000000000000e+04,
      "execution_time_ns": 5.2279714472671285e+03,
      "gas_rate": 1.0827842139880676e+10,
      "gas_used": 5.7772000000000000e+04,
      "input_size": 3.2000000000000000e+01
    },
    {
      "name": "external/total/micro/memory_grow_mload/by1",
      "family_index": 18,
      "per_family_instance_index": 0,
      "run_name": "external/total/micro/memory_grow_mload/by1",
      "run_type": "iteration",
      "repetitions": 20,
      "repetition_index": 6,
      "threads": 1,
      "iterations": 129900,
      "real_time": 5.2721527790596907e+00,
      "cpu_time": 5.3212938337183431e+00,
      "time_unit": "us",
      "code_size": 2.0485000000000000e+04,
      "execution_time_ns": 5.2529587451886064e+03,
      "gas_rate": 1.0856758112834909e+10,
      "gas_used": 5.7772000000000000e+04,
      "input_size": 3.2000000000000000e+01
    },
    {
      "name": "external/total/micro/memory_grow_mload/by1",
      "family_index": 18,
      "per_family_instance_index": 0,
      "run_name": "external/total/micro/memory_grow_mload/by1",
      "run_type": "iteration",
      "repetitions": 20,
      "repetition_index": 7,
      "threads": 1,
      "iterations": 129900,
      "real_time": 5.2617424788302722e+00,
      "cpu_time": 5.3113052270980194e+00,
      "time_unit": "us",
      "code_size": 2.0485000000000000e+04,
      "execution_time_ns": 5.2458540646651272e+03,
      "gas_rate": 1.0877175671480917e+10,
      "gas_used": 5.7772000000000000e+04,
      "input_size": 3.2000000000000000e+01
    },
    {
      "name": "external/total/micro/memory_grow_mload/by1",
      "family_index": 18,
      "per_family_instance_index": 0,
      "run_name": "external/total/micro/memory_grow_mload/by1",
      "run_type": "iteration",
      "repetitions": 20,
      "repetition_index": 8,
      "threads": 1,
      "iterations": 129900,
      "real_time": 5.3586312009249859e+00,
      "cpu_time": 5.4092509006927818e+00,
      "time_unit": "us",
      "code_size": 2.0485000000000000e+04,
      "execution_time_ns": 5.3420949499615090e+03,
      "gas_rate": 1.0680221912538931e+10,
      "gas_used": 5.7772000000000000e+04,
      "input_size": 3.2000000000000000e+01
    },
    {
      "name": "external/total/micro/memory_grow_mload/by1",
      "family_index": 18,
      "per_family_instance_index": 0,
      "run_name": "external/total/micro/memory_grow_mload/by1",
      "run_type": "iteration",
      "repetitions": 20,
      "repetition_index": 9,
      "threads": 1,
      "iterations": 129900,
      "real_time": 5.4043730177026417e+00,
      "cpu_time": 5.4546566358736452e+00,
      "time_unit": "us",
      "code_size": 2.0485000000000000e+04,
      "execution_time_ns": 5.3882082909930714e+03,
      "gas_rate": 1.0591317447930790e+10,
      "gas_used": 5.7772000000000000e+04,
      "input_size": 3.2000000000000000e+01
    },
    {
      "name": "external/total/micro/memory_grow_mload/by1",
      "family_index": 18,
      "per_family_instance_index": 0,
      "run_name": "external/total/micro/memory_grow_mload/by1",
      "run_type": "iteration",
      "repetitions": 20,
      "repetition_index": 10,
      "threads": 1,
      "iterations": 129900,
      "real_time": 5.4187201539675707e+00,
      "cpu_time": 5.4698958968437070e+00,
      "time_unit": "us",
      "code_size": 2.0485000000000000e+04,
      "execution_time_ns": 5.4027753810623553e+03,
      "gas_rate": 1.0561809783863741e+10,
      "gas_used": 5.7772000000000000e+04,
      "input_size": 3.2000000000000000e+01
    },
    {
      "name": "external/total/micro/memory_grow_mload/by1",
      "family_index": 18,
      "per_family_instance_index": 0,
      "run_name": "external/total/micro/memory_grow_mload/by1",
      "run_type": "iteration",
      "repetitions": 20,
      "repetition_index": 11,
      "threads": 1,
      "iterations": 129900,
      "real_time": 5.3876150346391931e+00,
      "cpu_time": 5.4384258968436319e+00,
      "time_unit": "us",
      "code_size": 2.0485000000000000e+04,
      "execution_time_ns": 5.3717207467282524e+03,
      "gas_rate": 1.0622926761497269e+10,
      "gas_used": 5.7772000000000000e+04,
      "input_size": 3.2000000000000000e+01
    },
    {
      "name": "external/total/micro/memory_grow_mload/by1",
      "family_index": 18,
      "per_family_instance_index": 0,
      "run_name": "external/total/micro/memory_grow_mload/by1",
      "run_type": "iteration",
      "repetitions": 20,
      "repetition_index": 12,
      "threads": 1,
      "iterations": 129900,
      "real_time": 5.4216140569692479e+00,
      "cpu_time": 5.4724540338722196e+00,
      "time_unit": "us",
      "code_size": 2.0485000000000000e+04,
      "execution_time_ns": 5.4048785450346422e+03,
      "gas_rate": 1.0556872591787027e+10,
      "gas_used": 5.7772000000000000e+04,
      "input_size": 3.2000000000000000e+01
    },
    {
      "name": "external/total/micro/memory_grow_mload/by1",
      "family_index": 18,
      "per_family_instance_index": 0,
      "run_name": "external/total/micro/memory_grow_mload/by1",
      "run_type": "iteration",
      "repetitions": 20,
      "repetition_index": 13,
      "threads": 1,
      "iterations": 129900,
      "real_time": 5.3621568745141284e+00,
      "cpu_time": 5.4433582602003829e+00,
      "time_unit": "us",
      "code_size": 2.0485000000000000e+04,
      "execution_time_ns": 5.3468593302540412e+03,
      "gas_rate": 1.0613301061296171e+10,
      "gas_used": 5.7772000000000000e+04,
      "input_size": 3.2000000000000000e+01
    },
    {
      "name": "external/total/micro/memory_grow_mload/by1",
      "family_index": 18,
      "per_family_instance_index": 0,
      "run_name": "external/total/micro/memory_grow_mload/by1",
      "run_type": "iteration",
      "repetitions": 20,
      "repetition_index": 14,
      "threads": 1,
      "iterations": 129900,
      "real_time": 5.3519092070816283e+00,
      "cpu_time": 5.4796178521943508e+00,
      "time_unit": "us",
      "code_size": 2.0485000000000000e+04,
      "execution_time_ns": 5.3353528021555039e+03,
      "gas_rate": 1.0543070987489538e+10,
      "gas_used": 5.7772000000000000e+04,
      "input_size": 3.2000000000000000e+01
    },
    {
      "name": "external/total/micro/memory_grow_mload/by1",
      "family_index": 18,
      "per_family_instance_index": 0,
      "run_name": "external/total/micro/memory_grow_mload/by1",
      "run_type": "iteration",
      "repetitions": 20,
      "repetition_index": 15,
      "threads": 1,
      "iterations": 129900,
      "real_time": 5.2549444726684360e+00,
      "cpu_time": 5.3796170207851626e+00,
      "time_unit": "us",
      "code_size": 2.0485000000000000e+04,
      "execution_time_ns": 5.2377126712856043e+03,
      "gas_rate": 1.0739054430229330e+10,
      "gas_used": 5.7772000000000000e+04,
      "input_size": 3.2000000000000000e+01
    },
    {
      "name": "external/total/micro/memory_grow_mload/by1",
      "family_index": 18,
      "per_family_instance_index": 0,
      "run_name": "external/total/micro/memory_grow_mload/by1",
      "run_type": "iteration",
      "repetitions": 20,
      "repetition_index": 16,
      "threads": 1,
      "iterations": 129900,
      "real_time": 5.2420321170168407e+00,
      "cpu_time": 5.3671361662816670e+00,
      "time_unit": "us",
      "code_size": 2.0485000000000000e+04,
      "execution_time_ns": 5.2263428329484223e+03,
      "gas_rate": 1.0764027259629644e+10,
      "gas_used": 5.7772000000000000e+04,
      "input_size": 3.2000000000000000e+01
    },
    {
      "name": "external/total/micro/memory_grow_mload/by1",
      "family_index": 18,
      "per_family_instance_index": 0,
      "run_name": "external/total/micro/memory_grow_mload/by1",
      "run_type": "iteration",
      "repetitions": 20,
      "repetition_index": 17,
      "threads": 1,
      "iterations": 129900,
      "real_time": 5.2281417782886956e+00,
      "cpu_time": 5.3651876828325671e+00,
      "time_unit": "us",
      "code_size": 2.0485000000000000e+04,
      "execution_time_ns": 5.2119886528098541e+03,
      "gas_rate": 1.0767936447937849e+10,
      "gas_used": 5.7772000000000000e+04,
      "input_size": 3.2000000000000000e+01
    },
    {
      "name": "external/total/micro/memory_grow_mload/by1",
      "family_index": 18,
      "per_family_instance_index": 0,
      "run_name": "external/total/micro/memory_grow_mload/by1",
      "run_type": "iteration",
      "repetitions": 20,
      "repetition_index": 18,
      "threads": 1,
      "iterations": 129900,
      "real_time": 5.2497058275547221e+00,
      "cpu_time": 5.3883334719014266e+00,
      "time_unit": "us",
      "code_size": 2.0485000000000000e+04,
      "execution_time_ns": 5.2335223402617394e+03,
      "gas_rate": 1.0721682371973448e+10,
      "gas_used": 5.7772000000000000e+04,
      "input_size": 3.2000000000000000e+01
    },
    {
      "name": "external/total/micro/memory_grow_mload/by1",
      "family_index": 18,
      "per_family_instance_index": 0,
      "run_name": "external/total/micro/memory_grow_mload/by1",
      "run_type": "iteration",
      "repetitions": 20,
      "repetition_index": 19,
      "threads": 1,
      "iterations": 129900,
      "real_time": 5.2462827251747024e+00,
      "cpu_time": 5.3851068514238234e+00,
      "time_unit": "us",
      "code_size": 2.0485000000000000e+04,
      "execution_time_ns": 5.2298280600461894e+03,
      "gas_rate": 1.0728106534176769e+10,
      "gas_used": 5.7772000000000000e+04,
      "input_size": 3.2000000000000000e+01
    },
    {
      "name": "external/total/micro/memory_grow_mload/by1_mean",
      "family_index": 18,
      "per_family_instance_index": 0,
      "run_name": "external/total/micro/memory_grow_mload/by1",
      "run_type": "aggregate",
      "repetitions": 20,
      "threads": 1,
      "aggregate_name": "mean",
      "aggregate_unit": "time",
      "iterations": 20,
      "real_time": 5.3008390842951858e+00,
      "cpu_time": 5.3973476493456340e+00,
      "time_unit": "us",
      "code_size": 2.0485000000000000e+04,
      "execution_time_ns": 5.5788436462663594e+03,
      "gas_rate": 1.0704872535746931e+10,
      "gas_used": 5.7772000000000000e+04,
      "input_size": 3.2000000000000000e+01
    },
    {
      "name": "external/total/micro/memory_grow_mload/by1_median",
      "family_index": 18,
      "per_family_instance_index": 0,
      "run_name": "external/total/micro/memory_grow_mload/by1",
      "run_type": "aggregate",
      "repetitions": 20,
      "threads": 1,
      "aggregate_name": "median",
      "aggregate_unit": "time",
      "iterations": 20,
      "real_time": 5.2669476289449815e+00,
      "cpu_time": 5.3867201616626250e+00,
      "time_unit": "us",
      "code_size": 2.0485000000000000e+04,
      "execution_time_ns": 5.2661338876058508e+03,
      "gas_rate": 1.0724894453075108e+10,
      "gas_used": 5.7772000000000000e+04,
      "input_size": 3.2000000000000000e+01
    },
    {
      "name": "external/total/micro/memory_grow_mload/by1_stddev",
      "family_index": 18,
      "per_family_instance_index": 0,
      "run_name": "external/total/micro/memory_grow_mload/by1",
      "run_type": "aggregate",
      "repetitions": 20,
      "threads": 1,
      "aggregate_name": "stddev",
      "aggregate_unit": "time",
      "iterations": 20,
      "real_time": 7.2433358235942824e-02,
      "cpu_time": 5.6049290989701336e-02,
      "time_unit": "us",
      "code_size": 0.0000000000000000e+00,
      "execution_time_ns": 1.3089479403828839e+03,
      "gas_rate": 1.1115824377925728e+08,
      "gas_used": 0.0000000000000000e+00,
      "input_size": 0.0000000000000000e+00
    },
    {
      "name": "external/total/micro/memory_grow_mload/by1_cv",
      "family_index": 18,
      "per_family_instance_index": 0,
      "run_name": "external/total/micro/memory_grow_mload/by1",
      "run_type": "aggregate",
      "repetitions": 20,
      "threads": 1,
      "aggregate_name": "cv",
      "aggregate_unit": "percentage",
      "iterations": 20,
      "real_time": 1.3664508030538295e-02,
      "cpu_time": 1.0384598997712638e-02,
      "time_unit": "us",
      "code_size": 0.0000000000000000e+00,
      "execution_time_ns": 2.3462710614929980e-01,
      "gas_rate": 1.0383892326420983e-02,
      "gas_used": 0.0000000000000000e+00,
      "input_size": 0.0000000000000000e+00
    },
    {
      "name": "external/total/micro/memory_grow_mload/by16",
      "family_index": 19,
      "per_family_instance_index": 0,
      "run_name": "external/total/micro/memory_grow_mload/by16",
      "run_type": "iteration",
      "repetitions": 20,
      "repetition_index": 0,
      "threads": 1,
      "iterations": 118995,
      "real_time": 5.7465612504771935e+00,
      "cpu_time": 5.8981936299844042e+00,
      "time_unit": "us",
      "code_size": 2.0485000000000000e+04,
      "execution_time_ns": 5.7270209672675319e+03,
      "gas_rate": 1.2156264188327366e+10,
      "gas_used": 7.1700000000000000e+04,
      "input_size": 3.2000000000000000e+01
    },
    {
      "name": "external/total/micro/memory_grow_mload/by16",
      "family_index": 19,
      "per_family_instance_index": 0,
      "run_name": "external/total/micro/memory_grow_mload/by16",
      "run_type": "iteration",
      "repetitions": 20,
      "repetition_index": 1,
      "threads": 1,
      "iterations": 118995,
      "real_time": 5.8308981553851691e+00,
      "cpu_time": 5.9854137820917721e+00,
      "time_unit": "us",
      "code_size": 2.0485000000000000e+04,
      "execution_time_ns": 5.8120149838228499e+03,
      "gas_rate": 1.1979121679861940e+10,
      "gas_used": 7.1700000000000000e+04,
      "input_size": 3.2000000000000000e+01
    },
    {
      "name": "external/total/micro/memory_grow_mload/by16",
      "family_index": 19,
      "per_family_instance_index": 0,
      "run_name": "external/total/micro/memory_grow_mload/by16",
      "run_type": "iteration",
      "repetitions": 20,
      "repetition_index": 2,
      "threads": 1,
      "iterations": 118995,
      "real_time": 5.8204844657295478e+00,
      "cpu_time": 5.9747468465064388e+00,
      "time_unit": "us",
      "code_size": 2.0485000000000000e+04,
      "execution_time_ns": 5.8007651329887813e+03,
      "gas_rate": 1.2000508446968679e+10,
      "gas_used": 7.1700000000000000e+04,
      "input_size": 3.2000000000000000e+01
    },
    {
      "name": "external/total/micro/memory_grow_mload/by16",
      "family_index": 19,
      "per_family_instance_index": 0,
      "run_name": "external/total/micro/memory_grow_mload/by16",
      "run_type": "iteration",
      "repetitions": 20,
      "repetition_index": 3,
      "threads": 1,
      "iterations": 118995,
      "real_time": 5.8389464599356717e+00,
      "cpu_time": 5.9931764023696257e+00,
      "time_unit": "us",
      "code_size": 2.0485000000000000e+04,
      "execution_time_ns": 5.8184129921425274e+03,
      "gas_rate": 1.1963605805370708e+10,
      "gas_used": 7.1700000000000000e+04,
      "input_size": 3.2000000000000000e+01
    },
    {
      "name": "external/total/micro/memory_grow_mload/by16",
      "family_index": 19,
      "per_family_instance_index": 0,
      "run_name": "external/total/micro/memory_grow_mload/by16",
      "run_type": "iteration",
      "repetitions": 20,
      "repetition_index": 4,
      "threads": 1,
      "iterations": 118995,
      "real_time": 5.8554768435597406e+00,
      "cpu_time": 6.0107814698097988e+00,
      "time_unit": "us",
      "code_size": 2.0485000000000000e+04,
      "execution_time_ns": 5.8360346317072144e+03,
      "gas_rate": 1.1928565422004742e+10,
      "gas_used": 7.1700000000000000e+04,
      "input_size": 3.2000000000000000e+01
    },
    {
      "name": "external/total/micro/memory_grow_mload/by16",
      "family_index": 19,
      "per_family_instance_index": 0,
      "run_name": "external/total/micro/memory_grow_mload/by16",
      "run_type": "iteration",
      "repetitions": 20,
      "repetition_index": 5,
      "threads": 1,
      "iterations": 118995,
      "real_time": 5.7946805832132453e+00,
      "cpu_time": 5.9432207739820937e+00,
      "time_unit": "us",
      "code_size": 2.0485000000000000e+04,
      "execution_time_ns": 5.7754354216563725e+03,
      "gas_rate": 1.2064165664833508e+10,
      "gas_used": 7.1700000000000000e+04,
      "input_size": 3.2000000000000000e+01
    },
    {
      "name": "external/total/micro/memory_grow_mload/by16",
      "family_index": 19,
      "per_family_instance_index": 0,
      "run_name": "external/total/micro/memory_grow_mload/by16",
      "run_type": "iteration",
      "repetitions": 20,
      "repetition_index": 6,
      "threads": 1,
      "iterations": 118995,
      "real_time": 5.7681977478030593e+00,
      "cpu_time": 5.9204592209753528e+00,
      "time_unit": "us",
      "code_size": 2.0485000000000000e+04,
      "execution_time_ns": 5.7479891592083704e+03,
      "gas_rate": 1.2110547057900002e+10,
      "gas_used": 7.1700000000000000e+04,
      "input_size": 3.2000000000000000e+01
    },
    {
      "name": "external/total/micro/memory_grow_mload/by16",
      "family_index": 19,
      "per_family_instance_index": 0,
      "run_name": "external/total/micro/memory_grow_mload/by16",
      "run_type": "iteration",
      "repetitions": 20,
      "repetition_index": 7,
      "threads": 1,
      "iterations": 118995,
      "real_time": 5.7916145552311775e+00,
      "cpu_time": 5.9452425480058535e+00,
      "time_unit": "us",
      "code_size": 2.0485000000000000e+04,
      "execution_time_ns": 5.7725948485230474e+03,
      "gas_rate": 1.2060063053953876e+10,
      "gas_used": 7.1700000000000000e+04,
      "input_size": 3.2000000000000000e+01
    },
    {
      "name": "external/total/micro/memory_grow_mload/by16",
      "family_index": 19,
      "per_family_instance_index": 0,
      "run_name": "external/total/micro/memory_grow_mload/by16",
      "run_type": "iteration",
      "repetitions": 20,
      "repetition_index": 8,
      "threads": 1,
      "iterations": 118995,
      "real_time": 5.6304415983881588e+00,
      "cpu_time": 5.8339725954871939e+00,
      "time_unit": "us",
      "code_size": 2.0485000000000000e+04,
      "execution_time_ns": 5.6104554813227451e+03,
      "gas_rate": 1.2290081728437113e+10,
      "gas_used": 7.1700000000000000e+04,
      "input_size": 3.2000000000000000e+01
    },
    {
      "name": "external/total/micro/memory_grow_mload/by16",
      "family_index": 19,
      "per_family_instance_index": 0,
      "run_name": "external/total/micro/memory_grow_mload/by16",
      "run_type": "iteration",
      "repetitions": 20,
      "repetition_index": 9,
      "threads": 1,
      "iterations": 118995,
      "real_time": 5.5724103617835530e+00,
      "cpu_time": 5.7827214924997339e+00,
      "time_unit": "us",
      "code_size": 2.0485000000000000e+04,
      "execution_time_ns": 5.5540220681541241e+03,
      "gas_rate": 1.2399006262535009e+10,
      "gas_used": 7.1700000000000000e+04,
      "input_size": 3.2000000000000000e+01
    },
    {
      "name": "external/total/micro/memory_grow_mload/by16",
      "family_index": 19,
      "per_family_instance_index": 0,
      "run_name": "external/total/micro/memory_grow_mload/by16",
      "run_type": "iteration",
      "repetitions": 20,
      "repetition_index": 10,
      "threads": 1,
      "iterations": 118995,
      "real_time": 5.6073643598468639e+00,
      "cpu_time": 5.8196396235133072e+00,
      "time_unit": "us",
      "code_size": 2.0485000000000000e+04,
      "execution_time_ns": 5.5890703558973064e+03,
      "gas_rate": 1.2320350509386837e+10,
      "gas_used": 7.1700000000000000e+04,
      "input_size": 3.2000000000000000e+01
    },
    {
      "name": "external/total/micro/memory_grow_mload/by16",
      "family_index": 19,
      "per_family_instance_index": 0,
      "run_name": "external/total/micro/memory_grow_mload/by16",
      "run_type": "iteration",
      "repetitions": 20,
      "repetition_index": 11,
      "threads": 1,
      "iterations": 118995,
      "real_time": 5.6444584142144283e+00,
      "cpu_time": 5.8574930879448512e+00,
      "time_unit": "us",
      "code_size": 2.0485000000000000e+04,
      "execution_time_ns": 5.6255197109122228e+03,
      "gas_rate": 1.2240731473941273e+10,
      "gas_used": 7.1700000000000000e+04,
      "input_size": 3.2000000000000000e+01
    },
    {
      "name": "external/total/micro/memory_grow_mload/by16",
      "family_index": 19,
      "per_family_instance_index": 0,
      "run_name": "external/total/micro/memory_grow_mload/by16",
      "run_type": "iteration",
      "repetitions": 20,
      "repetition_index": 12,
      "threads": 1,
      "iterations": 118995,
      "real_time": 5.6206821883295284e+00,
      "cpu_time": 5.8328598260430446e+00,
      "time_unit": "us",
      "code_size": 2.0485000000000000e+04,
      "execution_time_ns": 5.6010752804739695e+03,
      "gas_rate": 1.2292426380601122e+10,
      "gas_used": 7.1700000000000000e+04,
      "input_size": 3.2000000000000000e+01
    },
    {
      "name": "external/total/micro/memory_grow_mload/by16",
      "family_index": 19,
      "per_family_instance_index": 0,
      "run_name": "external/total/micro/memory_grow_mload/by16",
      "run_type": "iteration",
      "repetitions": 20,
      "repetition_index": 13,
      "threads": 1,
      "iterations": 118995,
      "real_time": 5.6081219210874238e+00,
      "cpu_time": 5.8203452329926808e+00,
      "time_unit": "us",
      "code_size": 2.0485000000000000e+04,
      "execution_time_ns": 5.5892774066137235e+03,
      "gas_rate": 1.2318856894186943e+10,
      "gas_used": 7.1700000000000000e+04,
      "input_size": 3.2000000000000000e+01
    },
    {
      "name": "external/total/micro/memory_grow_mload/by16",
      "family_index": 19,
      "per_family_instance_index": 0,
      "run_name": "external/total/micro/memory_grow_mload/by16",
      "run_type": "iteration",
      "repetitions": 20,
      "repetition_index": 14,
      "threads": 1,
      "iterations": 118995,
      "real_time": 5.7037834698932599e+00,
      "cpu_time": 5.9190378503299144e+00,
      "time_unit": "us",
      "code_size": 2.0485000000000000e+04,
      "execution_time_ns": 5.6849998067145680e+03,
      "gas_rate": 1.2113455229214931e+10,
      "gas_used": 7.1700000000000000e+04,
      "input_size": 3.2000000000000000e+01
    },
    {
      "name": "external/total/micro/memory_grow_mload/by16",
      "family_index": 19,
      "per_family_instance_index": 0,
      "run_name": "external/total/micro/memory_grow_mload/by16",
      "run_type": "iteration",
      "repetitions": 20,
      "repetition_index": 15,
      "threads": 1,
      "iterations": 118995,
      "real_time": 5.6854135215801360e+00,
      "cpu_time": 5.9004085633849757e+00,
      "time_unit": "us",
      "code_size": 2.0485000000000000e+04,
      "execution_time_ns": 5.6670379511744195e+03,
      "gas_rate": 1.2151700891517042e+10,
      "gas_used": 7.1700000000000000e+04,
      "input_size": 3.2000000000000000e+01
    },
    {
      "name": "external/total/micro/memory_grow_mload/by16",
      "family_index": 19,
      "per_family_instance_index": 0,
      "run_name": "external/total/micro/memory_grow_mload/by16",
      "run_type": "iteration",
      "repetitions": 20,
      "repetition_index": 16,
      "threads": 1,
      "iterations": 118995,
      "real_time": 5.7803225345593621e+00,
      "cpu_time": 5.9297182066471557e+00,
      "time_unit": "us",
      "code_size": 2.0485000000000000e+04,
      "execution_time_ns": 5.7604383293415685e+03,
      "gas_rate": 1.2091636988689445e+10,
      "gas_used": 7.1700000000000000e+04,
      "input_size": 3.2000000000000000e+01
    },
    {
      "name": "external/total/micro/memory_grow_mload/by16",
      "family_index": 19,
      "per_family_instance_index": 0,
      "run_name": "external/total/micro/memory_grow_mload/by16",
      "run_type": "iteration",
      "repetitions": 20,
      "repetition_index": 17,
      "threads": 1,
      "iterations": 118995,
      "real_time": 5.8197732761840397e+00,
      "cpu_time": 5.9595283835456865e+00,
      "time_unit": "us",
      "code_size": 2.0485000000000000e+04,
      "execution_time_ns": 5.7996588848270940e+03,
      "gas_rate": 1.2031153370787590e+10,
      "gas_used": 7.1700000000000000e+04,
      "input_size": 3.2000000000000000e+01
    },
    {
      "name": "external/total/micro/memory_grow_mload/by16",
      "family_index": 19,
      "per_family_instance_index": 0,
      "run_name": "external/total/micro/memory_grow_mload/by16",
      "run_type": "iteration",
      "repetitions": 20,
      "repetition_index": 18,
      "threads": 1,
      "iterations": 118995,
      "real_time": 5.8450947602800047e+00,
      "cpu_time": 5.9860379091558649e+00,
      "time_unit": "us",
      "code_size": 2.0485000000000000e+04,
      "execution_time_ns": 5.8233846548174297e+03,
      "gas_rate": 1.1977872691105452e+10,
      "gas_used": 7.1700000000000000e+04,
      "input_size": 3.2000000000000000e+01
    },
    {
      "name": "external/total/micro/memory_grow_mload/by16",
      "family_index": 19,
      "per_family_instance_index": 0,
      "run_name": "external/total/micro/memory_grow_mload/by16",
      "run_type": "iteration",
      "repetitions": 20,
      "repetition_index": 19,
      "threads": 1,
      "iterations": 118995,
      "real_time": 5.7927171729910247e+00,
      "cpu_time": 5.9323599563005063e+00,
      "time_unit": "us",
      "code_size": 2.0485000000000000e+04,
      "execution_time_ns": 5.7701447035589727e+03,
      "gas_rate": 1.2086252440540207e+10,
      "gas_used": 7.1700000000000000e+04,
      "input_size": 3.2000000000000000e+01
    },
    {
      "name": "external/total/micro/memory_grow_mload/by16_mean",
      "family_index": 19,
      "per_family_instance_index": 0,
      "run_name": "external/total/micro/memory_grow_mload/by16",
      "run_type": "aggregate",
      "repetitions": 20,
      "threads": 1,
      "aggregate_name": "mean",
      "aggregate_unit": "time",
      "iterations": 20,
      "real_time": 5.7378721820236303e+00,
      "cpu_time": 5.9122678700785132e+00,
      "time_unit": "us",
      "code_size": 2.0485000000000000e+04,
      "execution_time_ns": 5.7182676385562418e+03,
      "gas_rate": 1.2128818309008192e+10,
      "gas_used": 7.1700000000000000e+04,
      "input_size": 3.2000000000000000e+01
    },
    {
      "name": "external/total/micro/memory_grow_mload/by16_median",
      "family_index": 19,
      "per_family_instance_index": 0,
      "run_name": "external/total/micro/memory_grow_mload/by16",
      "run_type": "aggregate",
      "repetitions": 20,
      "threads": 1,
      "aggregate_name": "median",
      "aggregate_unit": "time",
      "iterations": 20,
      "real_time": 5.7742601411812107e+00,
      "cpu_time": 5.9250887138112542e+00,
      "time_unit": "us",
      "code_size": 2.0485000000000000e+04,
      "execution_time_ns": 5.7542137442749699e+03,
      "gas_rate": 1.2101092023294724e+10,
      "gas_used": 7.1700000000000000e+04,
      "input_size": 3.2000000000000000e+01
    },
    {
      "name": "external/total/micro/memory_grow_mload/by16_stddev",
      "family_index": 19,
      "per_family_instance_index": 0,
      "run_name": "external/total/micro/memory_grow_mload/by16",
      "run_type": "aggregate",
      "repetitions": 20,
      "threads": 1,
      "aggregate_name": "stddev",
      "aggregate_unit": "time",
      "iterations": 20,
      "real_time": 9.4259017234181328e-02,
      "cpu_time": 6.7134589559868202e-02,
      "time_unit": "us",
      "code_size": 0.0000000000000000e+00,
      "execution_time_ns": 9.3699915882806692e+01,
      "gas_rate": 1.3834340228189656e+08,
      "gas_used": 0.0000000000000000e+00,
      "input_size": 0.0000000000000000e+00
    },
    {
      "name": "external/total/micro/memory_grow_mload/by16_cv",
      "family_index": 19,
      "per_family_instance_index": 0,
      "run_name": "external/total/micro/memory_grow_mload/by16",
      "run_type": "aggregate",
      "repetitions": 20,
      "threads": 1,
      "aggregate_name": "cv",
      "aggregate_unit": "percentage",
      "iterations": 20,
      "real_time": 1.6427521255961145e-02,
      "cpu_time": 1.1355133264450125e-02,
      "time_unit": "us",
      "code_size": 0.0000000000000000e+00,
      "execution_time_ns": 1.6386066865954566e-02,
      "gas_rate": 1.1406173194889692e-02,
      "gas_used": 0.0000000000000000e+00,
      "input_size": 0.0000000000000000e+00
    },
    {
      "name": "external/total/micro/memory_grow_mload/by32",
      "family_index": 20,
      "per_family_instance_index": 0,
      "run_name": "external/total/micro/memory_grow_mload/by32",
      "run_type": "iteration",
      "repetitions": 20,
      "repetition_index": 0,
      "threads": 1,
      "iterations": 104301,
      "real_time": 6.5665748075282844e+00,
      "cpu_time": 6.7208381702958100e+00,
      "time_unit": "us",
      "code_size": 2.0485000000000000e+04,
      "execution_time_ns": 6.5471134504942429e+03,
      "gas_rate": 1.5237533980898186e+10,
      "gas_used": 1.0240900000000000e+05,
      "input_size": 3.2000000000000000e+01
    },
    {
      "name": "external/total/micro/memory_grow_mload/by32",
      "family_index": 20,
      "per_family_instance_index": 0,
      "run_name": "external/total/micro/memory_grow_mload/by32",
      "run_type": "iteration",
      "repetitions": 20,
      "repetition_index": 1,
      "threads": 1,
      "iterations": 104301,
      "real_time": 6.4493470148943635e+00,
      "cpu_time": 6.6008416218448343e+00,
      "time_unit": "us",
      "code_size": 2.0485000000000000e+04,
      "execution_time_ns": 6.4298371156556505e+03,
      "gas_rate": 1.5514536761658924e+10,
      "gas_used": 1.0240900000000000e+05,
      "input_size": 3.2000000000000000e+01
    },
    {
      "name": "external/total/micro/memory_grow_mload/by32",
      "family_index": 20,
      "per_family_instance_index": 0,
      "run_name": "external/total/micro/memory_grow_mload/by32",
      "run_type": "iteration",
      "repetitions": 20,
      "repetition_index": 2,
      "threads": 1,
      "iterations": 104301,
      "real_time": 6.4205464185393781e+00,
      "cpu_time": 6.5708172788375361e+00,
      "time_unit": "us",
      "code_size": 2.0485000000000000e+04,
      "execution_time_ns": 6.4008047765601477e+03,
      "gas_rate": 1.5585428060802429e+10,
      "gas_used": 1.0240900000000000e+05,
      "input_size": 3.2000000000000000e+01
    },
    {
      "name": "external/total/micro/memory_grow_mload/by32",
      "family_index": 20,
      "per_family_instance_index": 0,
      "run_name": "external/total/micro/memory_grow_mload/by32",
      "run_type": "iteration",
      "repetitions": 20,
      "repetition_index": 3,
      "threads": 1,
      "iterations": 104301,
      "real_time": 6.4604194686532246e+00,
      "cpu_time": 6.6116949022539995e+00,
      "time_unit": "us",
      "code_size": 2.0485000000000000e+04,
      "execution_time_ns": 6.4410745534558637e+03,
      "gas_rate": 1.5489069219616838e+10,
      "gas_used": 1.0240900000000000e+05,
      "input_size": 3.2000000000000000e+01
    },
    {
      "name": "external/total/micro/memory_grow_mload/by32",
      "family_index": 20,
      "per_family_instance_index": 0,
      "run_name": "external/total/micro/memory_grow_mload/by32",
      "run_type": "iteration",
      "repetitions": 20,
      "repetition_index": 4,
      "threads": 1,
      "iterations": 104301,
      "real_time": 6.4305754978330132e+00,
      "cpu_time": 6.5815077516035583e+00,
      "time_unit": "us",
      "code_size": 2.0485000000000000e+04,
      "execution_time_ns": 6.4095264091427698e+03,
      "gas_rate": 1.5560112342806015e+10,
      "gas_used": 1.0240900000000000e+05,
      "input_size": 3.2000000000000000e+01
    },
    {
      "name": "external/total/micro/memory_grow_mload/by32",
      "family_index": 20,
      "per_family_instance_index": 0,
      "run_name": "external/total/micro/memory_grow_mload/by32",
      "run_type": "iteration",
      "repetitions": 20,
      "repetition_index": 5,
      "threads": 1,
      "iterations": 104301,
      "real_time": 6.3893992195669105e+00,
      "cpu_time": 6.5389395978950118e+00,
      "time_unit": "us",
      "code_size": 2.0485000000000000e+04,
      "execution_time_ns": 6.3658826281627216e+03,
      "gas_rate": 1.5661407857776678e+10,
      "gas_used": 1.0240900000000000e+05,
      "input_size": 3.2000000000000000e+01
    },
    {
      "name": "external/total/micro/memory_grow_mload/by32",
      "family_index": 20,
      "per_family_instance_index": 0,
      "run_name": "external/total/micro/memory_grow_mload/by32",
      "run_type": "iteration",
      "repetitions": 20,
      "repetition_index": 6,
      "threads": 1,
      "iterations": 104301,
      "real_time": 6.4841155501878829e+00,
      "cpu_time": 6.6365524491613899e+00,
      "time_unit": "us",
      "code_size": 2.0485000000000000e+04,
      "execution_time_ns": 6.4648549103076675e+03,
      "gas_rate": 1.5431054118006804e+10,
      "gas_used": 1.0240900000000000e+05,
      "input_size": 3.2000000000000000e+01
    },
    {
      "name": "external/total/micro/memory_grow_mload/by32",
      "family_index": 20,
      "per_family_instance_index": 0,
      "run_name": "external/total/micro/memory_grow_mload/by32",
      "run_type": "iteration",
      "repetitions": 20,
      "repetition_index": 7,
      "threads": 1,
      "iterations": 104301,
      "real_time": 6.4856675966748067e+00,
      "cpu_time": 6.6381141791545133e+00,
      "time_unit": "us",
      "code_size": 2.0485000000000000e+04,
      "execution_time_ns": 6.4659156575679999e+03,
      "gas_rate": 1.5427423698373878e+10,
      "gas_used": 1.0240900000000000e+05,
      "input_size": 3.2000000000000000e+01
    },
    {
      "name": "external/total/micro/memory_grow_mload/by32",
      "family_index": 20,
      "per_family_instance_index": 0,
      "run_name": "external/total/micro/memory_grow_mload/by32",
      "run_type": "iteration",
      "repetitions": 20,
      "repetition_index": 8,
      "threads": 1,
      "iterations": 104301,
      "real_time": 6.5648360034838840e+00,
      "cpu_time": 6.7185232068720859e+00,
      "time_unit": "us",
      "code_size": 2.0485000000000000e+04,
      "execution_time_ns": 6.5456963020488774e+03,
      "gas_rate": 1.5242784291531549e+10,
      "gas_used": 1.0240900000000000e+05,
      "input_size": 3.2000000000000000e+01
    },
    {
      "name": "external/total/micro/memory_grow_mload/by32",
      "family_index": 20,
      "per_family_instance_index": 0,
      "run_name": "external/total/micro/memory_grow_mload/by32",
      "run_type": "iteration",
      "repetitions": 20,
      "repetition_index": 9,
      "threads": 1,
      "iterations": 104301,
      "real_time": 6.5558922541506881e+00,
      "cpu_time": 6.7098425230820977e+00,
      "time_unit": "us",
      "code_size": 2.0485000000000000e+04,
      "execution_time_ns": 6.5353701882052901e+03,
      "gas_rate": 1.5262504246218803e+10,
      "gas_used": 1.0240900000000000e+05,
      "input_size": 3.2000000000000000e+01
    },
    {
      "name": "external/total/micro/memory_grow_mload/by32",
      "family_index": 20,
      "per_family_instance_index": 0,
      "run_name": "external/total/micro/memory_grow_mload/by32",
      "run_type": "iteration",
      "repetitions": 20,
      "repetition_index": 10,
      "threads": 1,
      "iterations": 104301,
      "real_time": 6.6075649993817596e+00,
      "cpu_time": 6.7627470589929448e+00,
      "time_unit": "us",
      "code_size": 2.0485000000000000e+04,
      "execution_time_ns": 6.5889843050402205e+03,
      "gas_rate": 1.5143106655721933e+10,
      "gas_used": 1.0240900000000000e+05,
      "input_size": 3.2000000000000000e+01
    },
    {
      "name": "external/total/micro/memory_grow_mload/by32",
      "family_index": 20,
      "per_family_instance_index": 0,
      "run_name": "external/total/micro/memory_grow_mload/by32",
      "run_type": "iteration",
      "repetitions": 20,
      "repetition_index": 11,
      "threads": 1,
      "iterations": 104301,
      "real_time": 6.7568397426709224e+00,
      "cpu_time": 6.7916527550068153e+00,
      "time_unit": "us",
      "code_size": 2.0485000000000000e+04,
      "execution_time_ns": 1.4346194120861737e+04,
      "gas_rate": 1.5078656653125257e+10,
      "gas_used": 1.0240900000000000e+05,
      "input_size": 3.2000000000000000e+01
    },
    {
      "name": "external/total/micro/memory_grow_mload/by32",
      "family_index": 20,
      "per_family_instance_index": 0,
      "run_name": "external/total/micro/memory_grow_mload/by32",
      "run_type": "iteration",
      "repetitions": 20,
      "repetition_index": 12,
      "threads": 1,
      "iterations": 104301,
      "real_time": 6.7405741363901717e+00,
      "cpu_time": 6.7511170266827989e+00,
      "time_unit": "us",
      "code_size": 2.0485000000000000e+04,
      "execution_time_ns": 6.7182013691143902e+03,
      "gas_rate": 1.5169193423139233e+10,
      "gas_used": 1.0240900000000000e+05,
      "input_size": 3.2000000000000000e+01
    },
    {
      "name": "external/total/micro/memory_grow_mload/by32",
      "family_index": 20,
      "per_family_instance_index": 0,
      "run_name": "external/total/micro/memory_grow_mload/by32",
      "run_type": "iteration",
      "repetitions": 20,
      "repetition_index": 13,
      "threads": 1,
      "iterations": 104301,
      "real_time": 6.7503426908693687e+00,
      "cpu_time": 6.7605547310187122e+00,
      "time_unit": "us",
      "code_size": 2.0485000000000000e+04,
      "execution_time_ns": 6.7292082530368834e+03,
      "gas_rate": 1.5148017296587811e+10,
      "gas_used": 1.0240900000000000e+05,
      "input_size": 3.2000000000000000e+01
    },
    {
      "name": "external/total/micro/memory_grow_mload/by32",
      "family_index": 20,
      "per_family_instance_index": 0,
      "run_name": "external/total/micro/memory_grow_mload/by32",
      "run_type": "iteration",
      "repetitions": 20,
      "repetition_index": 14,
      "threads": 1,
      "iterations": 104301,
      "real_time": 6.5686461778878940e+00,
      "cpu_time": 6.5782916942313463e+00,
      "time_unit": "us",
      "code_size": 2.0485000000000000e+04,
      "execution_time_ns": 6.5490350715717013e+03,
      "gas_rate": 1.5567719517485792e+10,
      "gas_used": 1.0240900000000000e+05,
      "input_size": 3.2000000000000000e+01
    },
    {
      "name": "external/total/micro/memory_grow_mload/by32",
      "family_index": 20,
      "per_family_instance_index": 0,
      "run_name": "external/total/micro/memory_grow_mload/by32",
      "run_type": "iteration",
      "repetitions": 20,
      "repetition_index": 15,
      "threads": 1,
      "iterations": 104301,
      "real_time": 6.5467878735571912e+00,
      "cpu_time": 6.5571877930224298e+00,
      "time_unit": "us",
      "code_size": 2.0485000000000000e+04,
      "execution_time_ns": 6.5260910346017772e+03,
      "gas_rate": 1.5617823254806652e+10,
      "gas_used": 1.0240900000000000e+05,
      "input_size": 3.2000000000000000e+01
    },
    {
      "name": "external/total/micro/memory_grow_mload/by32",
      "family_index": 20,
      "per_family_instance_index": 0,
      "run_name": "external/total/micro/memory_grow_mload/by32",
      "run_type": "iteration",
      "repetitions": 20,
      "repetition_index": 16,
      "threads": 1,
      "iterations": 104301,
      "real_time": 6.4511822993044969e+00,
      "cpu_time": 6.5958751785695027e+00,
      "time_unit": "us",
      "code_size": 2.0485000000000000e+04,
      "execution_time_ns": 6.4307387561001333e+03,
      "gas_rate": 1.5526218618074306e+10,
      "gas_used": 1.0240900000000000e+05,
      "input_size": 3.2000000000000000e+01
    },
    {
      "name": "external/total/micro/memory_grow_mload/by32",
      "family_index": 20,
      "per_family_instance_index": 0,
      "run_name": "external/total/micro/memory_grow_mload/by32",
      "run_type": "iteration",
      "repetitions": 20,
      "repetition_index": 17,
      "threads": 1,
      "iterations": 104301,
      "real_time": 6.4860586379770249e+00,
      "cpu_time": 6.6404672630177286e+00,
      "time_unit": "us",
      "code_size": 2.0485000000000000e+04,
      "execution_time_ns": 6.4674298232998726e+03,
      "gas_rate": 1.5421956911125664e+10,
      "gas_used": 1.0240900000000000e+05,
      "input_size": 3.2000000000000000e+01
    },
    {
      "name": "external/total/micro/memory_grow_mload/by32",
      "family_index": 20,
      "per_family_instance_index": 0,
      "run_name": "external/total/micro/memory_grow_mload/by32",
      "run_type": "iteration",
      "repetitions": 20,
      "repetition_index": 18,
      "threads": 1,
      "iterations": 104301,
      "real_time": 6.3787203670124697e+00,
      "cpu_time": 6.5310035857758519e+00,
      "time_unit": "us",
      "code_size": 2.0485000000000000e+04,
      "execution_time_ns": 6.3586235127179989e+03,
      "gas_rate": 1.5680438489276115e+10,
      "gas_used": 1.0240900000000000e+05,
      "input_size": 3.2000000000000000e+01
    },
    {
      "name": "external/total/micro/memory_grow_mload/by32",
      "family_index": 20,
      "per_family_instance_index": 0,
      "run_name": "external/total/micro/memory_grow_mload/by32",
      "run_type": "iteration",
      "repetitions": 20,
      "repetition_index": 19,
      "threads": 1,
      "iterations": 104301,
      "real_time": 6.4589024170505063e+00,
      "cpu_time": 6.6112822983482262e+00,
      "time_unit": "us",
      "code_size": 2.0485000000000000e+04,
      "execution_time_ns": 6.4392210812935637e+03,
      "gas_rate": 1.5490035877848692e+10,
      "gas_used": 1.0240900000000000e+05,
      "input_size": 3.2000000000000000e+01
    },
    {
      "name": "external/total/micro/memory_grow_mload/by32_mean",
      "family_index": 20,
      "per_family_instance_index": 0,
      "run_name": "external/total/micro/memory_grow_mload/by32",
      "run_type": "aggregate",
      "repetitions": 20,
      "threads": 1,
      "aggregate_name": "mean",
      "aggregate_unit": "time",
      "iterations": 20,
      "real_time": 6.5276496586807111e+00,
      "cpu_time": 6.6453925532833598e+00,
      "time_unit": "us",
      "code_size": 2.0485000000000000e+04,
      "execution_time_ns": 6.8879901659619763e+03,
      "gas_rate": 1.5412751063744078e+10,
      "gas_used": 1.0240900000000000e+05,
      "input_size": 3.2000000000000000e+01
    },
    {
      "name": "external/total/micro/memory_grow_mload/by32_median",
      "family_index": 20,
      "per_family_instance_index": 0,
      "run_name": "external/total/micro/memory_grow_mload/by32",
      "run_type": "aggregate",
      "repetitions": 20,
      "threads": 1,
      "aggregate_name": "median",
      "aggregate_unit": "time",
      "iterations": 20,
      "real_time": 6.4858631173259154e+00,
      "cpu_time": 6.6241236757076951e+00,
      "time_unit": "us",
      "code_size": 2.0485000000000000e+04,
      "execution_time_ns": 6.4666727404339363e+03,
      "gas_rate": 1.5460061668811821e+10,
      "gas_used": 1.0240900000000000e+05,
      "input_size": 3.2000000000000000e+01
    },
    {
      "name": "external/total/micro/memory_grow_mload/by32_stddev",
      "family_index": 20,
      "per_family_instance_index": 0,
      "run_name": "external/total/micro/memory_grow_mload/by32",
      "run_type": "aggregate",
      "repetitions": 20,
      "threads": 1,
      "aggregate_name": "stddev",
      "aggregate_unit": "time",
      "iterations": 20,
      "real_time": 1.1433698578668401e-01,
      "cpu_time": 8.2088411928434885e-02,
      "time_unit": "us",
      "code_size": 0.0000000000000000e+00,
      "execution_time_ns": 1.7583648092658473e+03,
      "gas_rate": 1.8954963785626882e+08,
      "gas_used": 0.0000000000000000e+00,
      "input_size": 0.0000000000000000e+00
    },
    {
      "name": "external/total/micro/memory_grow_mload/by32_cv",
      "family_index": 20,
      "per_family_instance_index": 0,
      "run_name": "external/total/micro/memory_grow_mload/by32",
      "run_type": "aggregate",
      "repetitions": 20,
      "threads": 1,
      "aggregate_name": "cv",
      "aggregate_unit": "percentage",
      "iterations": 20,
      "real_time": 1.7515796920049839e-02,
      "cpu_time": 1.2352680638539042e-02,
      "time_unit": "us",
      "code_size": 0.0000000000000000e+00,
      "execution_time_ns": 2.5527980831840724e-01,
      "gas_rate": 1.2298235212670934e-02,
      "gas_used": 0.0000000000000000e+00,
      "input_size": 0.0000000000000000e+00
    },
    {
      "name": "external/total/micro/memory_grow_mstore/nogrow",
      "family_index": 21,
      "per_family_instance_index": 0,
      "run_name": "external/total/micro/memory_grow_mstore/nogrow",
      "run_type": "iteration",
      "repetitions": 20,
      "repetition_index": 0,
      "threads": 1,
      "iterations": 116866,
      "real_time": 5.9253638611736141e+00,
      "cpu_time": 6.0666108106718895e+00,
      "time_unit": "us",
      "code_size": 2.0485000000000000e+04,
      "execution_time_ns": 5.9080877586295419e+03,
      "gas_rate": 1.0129543812485651e+10,
      "gas_used": 6.1452000000000000e+04,
      "input_size": 3.2000000000000000e+01
    },
    {
      "name": "external/total/micro/memory_grow_mstore/nogrow",
      "family_index": 21,
      "per_family_instance_index": 0,
      "run_name": "external/total/micro/memory_grow_mstore/nogrow",
      "run_type": "iteration",
      "repetitions": 20,
      "repetition_index": 1,
      "threads": 1,
      "iterations": 116866,
      "real_time": 5.9639660636984075e+00,
      "cpu_time": 6.1062453579316802e+00,
      "time_unit": "us",
      "code_size": 2.0485000000000000e+04,
      "execution_time_ns": 5.9470962640973421e+03,
      "gas_rate": 1.0063794754034441e+10,
      "gas_used": 6.1452000000000000e+04,
      "input_size": 3.2000000000000000e+01
    },
    {
      "name": "external/total/micro/memory_grow_mstore/nogrow",
      "family_index": 21,
      "per_family_instance_index": 0,
      "run_name": "external/total/micro/memory_grow_mstore/nogrow",
      "run_type": "iteration",
      "repetitions": 20,
      "repetition_index": 2,
      "threads": 1,
      "iterations": 116866,
      "real_time": 5.8977368781299182e+00,
      "cpu_time": 6.1030967860626006e+00,
      "time_unit": "us",
      "code_size": 2.0485000000000000e+04,
      "execution_time_ns": 5.8794943268358629e+03,
      "gas_rate": 1.0068986639755653e+10,
      "gas_used": 6.1452000000000000e+04,
      "input_size": 3.2000000000000000e+01
    },
    {
      "name": "external/total/micro/memory_grow_mstore/nogrow",
      "family_index": 21,
      "per_family_instance_index": 0,
      "run_name": "external/total/micro/memory_grow_mstore/nogrow",
      "run_type": "iteration",
      "repetitions": 20,
      "repetition_index": 3,
      "threads": 1,
      "iterations": 116866,
      "real_time": 5.9106383208104800e+00,
      "cpu_time": 6.1426374309040668e+00,
      "time_unit": "us",
      "code_size": 2.0485000000000000e+04,
      "execution_time_ns": 5.8925403966936492e+03,
      "gas_rate": 1.0004171773321733e+10,
      "gas_used": 6.1452000000000000e+04,
      "input_size": 3.2000000000000000e+01
    },
    {
      "name": "external/total/micro/memory_grow_mstore/nogrow",
      "family_index": 21,
      "per_family_instance_index": 0,
      "run_name": "external/total/micro/memory_grow_mstore/nogrow",
      "run_type": "iteration",
      "repetitions": 20,
      "repetition_index": 4,
      "threads": 1,
      "iterations": 116866,
      "real_time": 5.8770409272122022e+00,
      "cpu_time": 6.1075642102920948e+00,
      "time_unit": "us",
      "code_size": 2.0485000000000000e+04,
      "execution_time_ns": 5.8609123098249274e+03,
      "gas_rate": 1.0061621603002525e+10,
      "gas_used": 6.1452000000000000e+04,
      "input_size": 3.2000000000000000e+01
    },
    {
      "name": "external/total/micro/memory_grow_mstore/nogrow",
      "family_index": 21,
      "per_family_instance_index": 0,
      "run_name": "external/total/micro/memory_grow_mstore/nogrow",
      "run_type": "iteration",
      "repetitions": 20,
      "repetition_index": 5,
      "threads": 1,
      "iterations": 116866,
      "real_time": 5.8985514093073554e+00,
      "cpu_time": 6.1294662262764694e+00,
      "time_unit": "us",
      "code_size": 2.0485000000000000e+04,
      "execution_time_ns": 5.8819851282665613e+03,
      "gas_rate": 1.0025669076462288e+10,
      "gas_used": 6.1452000000000000e+04,
      "input_size": 3.2000000000000000e+01
    },
    {
      "name": "external/total/micro/memory_grow_mstore/nogrow",
      "family_index": 21,
      "per_family_instance_index": 0,
      "run_name": "external/total/micro/memory_grow_mstore/nogrow",
      "run_type": "iteration",
      "repetitions": 20,
      "repetition_index": 6,
      "threads": 1,
      "iterations": 116866,
      "real_time": 5.8884694094088372e+00,
      "cpu_time": 6.1196316636148067e+00,
      "time_unit": "us",
      "code_size": 2.0485000000000000e+04,
      "execution_time_ns": 5.8696411702291516e+03,
      "gas_rate": 1.0041780842035337e+10,
      "gas_used": 6.1452000000000000e+04,
      "input_size": 3.2000000000000000e+01
    },
    {
      "name": "external/total/micro/memory_grow_mstore/nogrow",
      "family_index": 21,
      "per_family_instance_index": 0,
      "run_name": "external/total/micro/memory_grow_mstore/nogrow",
      "run_type": "iteration",
      "repetitions": 20,
      "repetition_index": 7,
      "threads": 1,
      "iterations": 116866,
      "real_time": 5.8284431314471998e+00,
      "cpu_time": 6.0566118888298890e+00,
      "time_unit": "us",
      "code_size": 2.0485000000000000e+04,
      "execution_time_ns": 5.8124118648708782e+03,
      "gas_rate": 1.0146266778846260e+10,
      "gas_used": 6.1452000000000000e+04,
      "input_size": 3.2000000000000000e+01
    },
    {
      "name": "external/total/micro/memory_grow_mstore/nogrow",
      "family_index": 21,
      "per_family_instance_index": 0,
      "run_name": "external/total/micro/memory_grow_mstore/nogrow",
      "run_type": "iteration",
      "repetitions": 20,
      "repetition_index": 8,
      "threads": 1,
      "iterations": 116866,
      "real_time": 5.8354517310443512e+00,
      "cpu_time": 6.0638120411412624e+00,
      "time_unit": "us",
      "code_size": 2.0485000000000000e+04,
      "execution_time_ns": 5.8189354987763763e+03,
      "gas_rate": 1.0134219131969366e+10,
      "gas_used": 6.1452000000000000e+04,
      "input_size": 3.2000000000000000e+01
    },
    {
      "name": "external/total/micro/memory_grow_mstore/nogrow",
      "family_index": 21,
      "per_family_instance_index": 0,
      "run_name": "external/total/micro/memory_grow_mstore/nogrow",
      "run_type": "iteration",
      "repetitions": 20,
      "repetition_index": 9,
      "threads": 1,
      "iterations": 116866,
      "real_time": 5.8042566529186015e+00,
      "cpu_time": 6.0321555285543624e+00,
      "time_unit": "us",
      "code_size": 2.0485000000000000e+04,
      "execution_time_ns": 5.7875594013656664e+03,
      "gas_rate": 1.0187403111392801e+10,
      "gas_used": 6.1452000000000000e+04,
      "input_size": 3.2000000000000000e+01
    },
    {
      "name": "external/total/micro/memory_grow_mstore/nogrow",
      "family_index": 21,
      "per_family_instance_index": 0,
      "run_name": "external/total/micro/memory_grow_mstore/nogrow",
      "run_type": "iteration",
      "repetitions": 20,
      "repetition_index": 10,
      "threads": 1,
      "iterations": 116866,
      "real_time": 5.8513269214359580e+00,
      "cpu_time": 6.0341996816867560e+00,
      "time_unit": "us",
      "code_size": 2.0485000000000000e+04,
      "execution_time_ns": 5.8344999486591478e+03,
      "gas_rate": 1.0183952013802460e+10,
      "gas_used": 6.1452000000000000e+04,
      "input_size": 3.2000000000000000e+01
    },
    {
      "name": "external/total/micro/memory_grow_mstore/nogrow",
      "family_index": 21,
      "per_family_instance_index": 0,
      "run_name": "external/total/micro/memory_grow_mstore/nogrow",
      "run_type": "iteration",
      "repetitions": 20,
      "repetition_index": 11,
      "threads": 1,
      "iterations": 116866,
      "real_time": 5.9100191843662495e+00,
      "cpu_time": 6.0522113360600471e+00,
      "time_unit": "us",
      "code_size": 2.0485000000000000e+04,
      "execution_time_ns": 5.8936193931511307e+03,
      "gas_rate": 1.0153644112501347e+10,
      "gas_used": 6.1452000000000000e+04,
      "input_size": 3.2000000000000000e+01
    },
    {
      "name": "external/total/micro/memory_grow_mstore/nogrow",
      "family_index": 21,
      "per_family_instance_index": 0,
      "run_name": "external/total/micro/memory_grow_mstore/nogrow",
      "run_type": "iteration",
      "repetitions": 20,
      "repetition_index": 12,
      "threads": 1,
      "iterations": 116866,
      "real_time": 5.9669230571762997e+00,
      "cpu_time": 6.1104541526192548e+00,
      "time_unit": "us",
      "code_size": 2.0485000000000000e+04,
      "execution_time_ns": 5.9508420070850379e+03,
      "gas_rate": 1.0056862954066763e+10,
      "gas_used": 6.1452000000000000e+04,
      "input_size": 3.2000000000000000e+01
    },
    {
      "name": "external/total/micro/memory_grow_mstore/nogrow",
      "family_index": 21,
      "per_family_instance_index": 0,
      "run_name": "external/total/micro/memory_grow_mstore/nogrow",
      "run_type": "iteration",
      "repetitions": 20,
      "repetition_index": 13,
      "threads": 1,
      "iterations": 116866,
      "real_time": 5.9294579432854198e+00,
      "cpu_time": 6.0717180788253602e+00,
      "time_unit": "us",
      "code_size": 2.0485000000000000e+04,
      "execution_time_ns": 5.9132111478103125e+03,
      "gas_rate": 1.0121023275818590e+10,
      "gas_used": 6.1452000000000000e+04,
      "input_size": 3.2000000000000000e+01
    },
    {
      "name": "external/total/micro/memory_grow_mstore/nogrow",
      "family_index": 21,
      "per_family_instance_index": 0,
      "run_name": "external/total/micro/memory_grow_mstore/nogrow",
      "run_type": "iteration",
      "repetitions": 20,
      "repetition_index": 14,
      "threads": 1,
      "iterations": 116866,
      "real_time": 6.0264699570461877e+00,
      "cpu_time": 6.1730076412298338e+00,
      "time_unit": "us",
      "code_size": 2.0485000000000000e+04,
      "execution_time_ns": 6.0097944654561634e+03,
      "gas_rate": 9.9549528481965485e+09,
      "gas_used": 6.1452000000000000e+04,
      "input_size": 3.2000000000000000e+01
    },
    {
      "name": "external/total/micro/memory_grow_mstore/nogrow",
      "family_index": 21,
      "per_family_instance_index": 0,
      "run_name": "external/total/micro/memory_grow_mstore/nogrow",
      "run_type": "iteration",
      "repetitions": 20,
      "repetition_index": 15,
      "threads": 1,
      "iterations": 116866,
      "real_time": 5.9911062670074324e+00,
      "cpu_time": 6.1365026183836138e+00,
      "time_unit": "us",
      "code_size": 2.0485000000000000e+04,
      "execution_time_ns": 5.9748106378245166e+03,
      "gas_rate": 1.0014173189774792e+10,
      "gas_used": 6.1452000000000000e+04,
      "input_size": 3.2000000000000000e+01
    },
    {
      "name": "external/total/micro/memory_grow_mstore/nogrow",
      "family_index": 21,
      "per_family_instance_index": 0,
      "run_name": "external/total/micro/memory_grow_mstore/nogrow",
      "run_type": "iteration",
      "repetitions": 20,
      "repetition_index": 16,
      "threads": 1,
      "iterations": 116866,
      "real_time": 6.0083218643572192e+00,
      "cpu_time": 6.1538231222085003e+00,
      "time_unit": "us",
      "code_size": 2.0485000000000000e+04,
      "execution_time_ns": 5.9917456745332265e+03,
      "gas_rate": 9.9859873739669571e+09,
      "gas_used": 6.1452000000000000e+04,
      "input_size": 3.2000000000000000e+01
    },
    {
      "name": "external/total/micro/memory_grow_mstore/nogrow",
      "family_index": 21,
      "per_family_instance_index": 0,
      "run_name": "external/total/micro/memory_grow_mstore/nogrow",
      "run_type": "iteration",
      "repetitions": 20,
      "repetition_index": 17,
      "threads": 1,
      "iterations": 116866,
      "real_time": 6.0354391354203178e+00,
      "cpu_time": 6.1822812366301880e+00,
      "time_unit": "us",
      "code_size": 2.0485000000000000e+04,
      "execution_time_ns": 6.0173585217257369e+03,
      "gas_rate": 9.9400201394745998e+09,
      "gas_used": 6.1452000000000000e+04,
      "input_size": 3.2000000000000000e+01
    },
    {
      "name": "external/total/micro/memory_grow_mstore/nogrow",
      "family_index": 21,
      "per_family_instance_index": 0,
      "run_name": "external/total/micro/memory_grow_mstore/nogrow",
      "run_type": "iteration",
      "repetitions": 20,
      "repetition_index": 18,
      "threads": 1,
      "iterations": 116866,
      "real_time": 6.0145357931337973e+00,
      "cpu_time": 6.1608933308233196e+00,
      "time_unit": "us",
      "code_size": 2.0485000000000000e+04,
      "execution_time_ns": 5.9984265055704827e+03,
      "gas_rate": 9.9745275076508713e+09,
      "gas_used": 6.1452000000000000e+04,
      "input_size": 3.2000000000000000e+01
    },
    {
      "name": "external/total/micro/memory_grow_mstore/nogrow",
      "family_index": 21,
      "per_family_instance_index": 0,
      "run_name": "external/total/micro/memory_grow_mstore/nogrow",
      "run_type": "iteration",
      "repetitions": 20,
      "repetition_index": 19,
      "threads": 1,
      "iterations": 116866,
      "real_time": 6.0550609501528063e+00,
      "cpu_time": 6.2018392346786460e+00,
      "time_unit": "us",
      "code_size": 2.0485000000000000e+04,
      "execution_time_ns": 6.0371470658703129e+03,
      "gas_rate": 9.9086734877583752e+09,
      "gas_used": 6.1452000000000000e+04,
      "input_size": 3.2000000000000000e+01
    },
    {
      "name": "external/total/micro/memory_grow_mstore/nogrow_mean",
      "family_index": 21,
      "per_family_instance_index": 0,
      "run_name": "external/total/micro/memory_grow_mstore/nogrow",
      "run_type": "aggregate",
      "repetitions": 20,
      "threads": 1,
      "aggregate_name": "mean",
      "aggregate_unit": "time",
      "iterations": 20,
      "real_time": 5.9309289729266341e+00,
      "cpu_time": 6.1102381188712318e+00,
      "time_unit": "us",
      "code_size": 2.0485000000000000e+04,
      "execution_time_ns": 5.9140059743638021e+03,
      "gas_rate": 1.0057863721315868e+10,
      "gas_used": 6.1452000000000000e+04,
      "input_size": 3.2000000000000000e+01
    },
    {
      "name": "external/total/micro/memory_grow_mstore/nogrow_median",
      "family_index": 21,
      "per_family_instance_index": 0,
      "run_name": "external/total/micro/memory_grow_mstore/nogrow",
      "run_type": "aggregate",
      "repetitions": 20,
      "threads": 1,
      "aggregate_name": "median",
      "aggregate_unit": "time",
      "iterations": 20,
      "real_time": 5.9180010909920480e+00,
      "cpu_time": 6.1090091814556740e+00,
      "time_unit": "us",
      "code_size": 2.0485000000000000e+04,
      "execution_time_ns": 5.9008535758903363e+03,
      "gas_rate": 1.0059242278534645e+10,
      "gas_used": 6.1452000000000000e+04,
      "input_size": 3.2000000000000000e+01
    },
    {
      "name": "external/total/micro/memory_grow_mstore/nogrow_stddev",
      "family_index": 21,
      "per_family_instance_index": 0,
      "run_name": "external/total/micro/memory_grow_mstore/nogrow",
      "run_type": "aggregate",
      "repetitions": 20,
      "threads": 1,
      "aggregate_name": "stddev",
      "aggregate_unit": "time",
      "iterations": 20,
      "real_time": 7.4051094872782830e-02,
      "cpu_time": 5.0221801556332824e-02,
      "time_unit": "us",
      "code_size": 0.0000000000000000e+00,
      "execution_time_ns": 7.3957872718509435e+01,
      "gas_rate": 8.2631868258602858e+07,
      "gas_used": 0.0000000000000000e+00,
      "input_size": 0.0000000000000000e+00
    },
    {
      "name": "external/total/micro/memory_grow_mstore/nogrow_cv",
      "family_index": 21,
      "per_family_instance_index": 0,
      "run_name": "external/total/micro/memory_grow_mstore/nogrow",
      "run_type": "aggregate",
      "repetitions": 20,
      "threads": 1,
      "aggregate_name": "cv",
      "aggregate_unit": "percentage",
      "iterations": 20,
      "real_time": 1.2485581130849745e-02,
      "cpu_time": 8.2192871340357014e-03,
      "time_unit": "us",
      "code_size": 0.0000000000000000e+00,
      "execution_time_ns": 1.2505545824455382e-02,
      "gas_rate": 8.2156480290619949e-03,
      "gas_used": 0.0000000000000000e+00,
      "input_size": 0.0000000000000000e+00
    },
    {
      "name": "external/total/micro/memory_grow_mstore/by1",
      "family_index": 22,
      "per_family_instance_index": 0,
      "run_name": "external/total/micro/memory_grow_mstore/by1",
      "run_type": "iteration",
      "repetitions": 20,
      "repetition_index": 0,
      "threads": 1,
      "iterations": 112165,
      "real_time": 5.9799455801687893e+00,
      "cpu_time": 6.1252847679757707e+00,
      "time_unit": "us",
      "code_size": 2.0485000000000000e+04,
      "execution_time_ns": 5.9604851691704189e+03,
      "gas_rate": 1.0100428362687468e+10,
      "gas_used": 6.1868000000000000e+04,
      "input_size": 3.2000000000000000e+01
    },
    {
      "name": "external/total/micro/memory_grow_mstore/by1",
      "family_index": 22,
      "per_family_instance_index": 0,
      "run_name": "external/total/micro/memory_grow_mstore/by1",
      "run_type": "iteration",
      "repetitions": 20,
      "repetition_index": 1,
      "threads": 1,
      "iterations": 112165,
      "real_time": 5.9853537912900006e+00,
      "cpu_time": 6.1305595417464298e+00,
      "time_unit": "us",
      "code_size": 2.0485000000000000e+04,
      "execution_time_ns": 5.9677029287210808e+03,
      "gas_rate": 1.0091737887660332e+10,
      "gas_used": 6.1868000000000000e+04,
      "input_size": 3.2000000000000000e+01
    },
    {
      "name": "external/total/micro/memory_grow_mstore/by1",
      "family_index": 22,
      "per_family_instance_index": 0,
      "run_name": "external/total/micro/memory_grow_mstore/by1",
      "run_type": "iteration",
      "repetitions": 20,
      "repetition_index": 2,
      "threads": 1,
      "iterations": 112165,
      "real_time": 5.9812015780322509e+00,
      "cpu_time": 6.1263332501229213e+00,
      "time_unit": "us",
      "code_size": 2.0485000000000000e+04,
      "execution_time_ns": 5.9601414077475147e+03,
      "gas_rate": 1.0098699739972300e+10,
      "gas_used": 6.1868000000000000e+04,
      "input_size": 3.2000000000000000e+01
    },
    {
      "name": "external/total/micro/memory_grow_mstore/by1",
      "family_index": 22,
      "per_family_instance_index": 0,
      "run_name": "external/total/micro/memory_grow_mstore/by1",
      "run_type": "iteration",
      "repetitions": 20,
      "repetition_index": 3,
      "threads": 1,
      "iterations": 112165,
      "real_time": 6.0044865688901012e+00,
      "cpu_time": 6.1506648330585270e+00,
      "time_unit": "us",
      "code_size": 2.0485000000000000e+04,
      "execution_time_ns": 5.9860594035572594e+03,
      "gas_rate": 1.0058750017961073e+10,
      "gas_used": 6.1868000000000000e+04,
      "input_size": 3.2000000000000000e+01
    },
    {
      "name": "external/total/micro/memory_grow_mstore/by1",
      "family_index": 22,
      "per_family_instance_index": 0,
      "run_name": "external/total/micro/memory_grow_mstore/by1",
      "run_type": "iteration",
      "repetitions": 20,
      "repetition_index": 4,
      "threads": 1,
      "iterations": 112165,
      "real_time": 6.0056100922762488e+00,
      "cpu_time": 6.1512698257028919e+00,
      "time_unit": "us",
      "code_size": 2.0485000000000000e+04,
      "execution_time_ns": 5.9891700084696649e+03,
      "gas_rate": 1.0057760714948069e+10,
      "gas_used": 6.1868000000000000e+04,
      "input_size": 3.2000000000000000e+01
    },
    {
      "name": "external/total/micro/memory_grow_mstore/by1",
      "family_index": 22,
      "per_family_instance_index": 0,
      "run_name": "external/total/micro/memory_grow_mstore/by1",
      "run_type": "iteration",
      "repetitions": 20,
      "repetition_index": 5,
      "threads": 1,
      "iterations": 112165,
      "real_time": 6.0003513662929011e+00,
      "cpu_time": 6.1438856149426115e+00,
      "time_unit": "us",
      "code_size": 2.0485000000000000e+04,
      "execution_time_ns": 5.9838482146837250e+03,
      "gas_rate": 1.0069848932332033e+10,
      "gas_used": 6.1868000000000000e+04,
      "input_size": 3.2000000000000000e+01
    },
    {
      "name": "external/total/micro/memory_grow_mstore/by1",
      "family_index": 22,
      "per_family_instance_index": 0,
      "run_name": "external/total/micro/memory_grow_mstore/by1",
      "run_type": "iteration",
      "repetitions": 20,
      "repetition_index": 6,
      "threads": 1,
      "iterations": 112165,
      "real_time": 6.0379130299051118e+00,
      "cpu_time": 6.1806693621002244e+00,
      "time_unit": "us",
      "code_size": 2.0485000000000000e+04,
      "execution_time_ns": 6.0211718628805775e+03,
      "gas_rate": 1.0009919051708815e+10,
      "gas_used": 6.1868000000000000e+04,
      "input_size": 3.2000000000000000e+01
    },
    {
      "name": "external/total/micro/memory_grow_mstore/by1",
      "family_index": 22,
      "per_family_instance_index": 0,
      "run_name": "external/total/micro/memory_grow_mstore/by1",
      "run_type": "iteration",
      "repetitions": 20,
      "repetition_index": 7,
      "threads": 1,
      "iterations": 112165,
      "real_time": 6.1404304194675410e+00,
      "cpu_time": 6.2847670931218440e+00,
      "time_unit": "us",
      "code_size": 2.0485000000000000e+04,
      "execution_time_ns": 6.1233038559265369e+03,
      "gas_rate": 9.8441197713928642e+09,
      "gas_used": 6.1868000000000000e+04,
      "input_size": 3.2000000000000000e+01
    },
    {
      "name": "external/total/micro/memory_grow_mstore/by1",
      "family_index": 22,
      "per_family_instance_index": 0,
      "run_name": "external/total/micro/memory_grow_mstore/by1",
      "run_type": "iteration",
      "repetitions": 20,
      "repetition_index": 8,
      "threads": 1,
      "iterations": 112165,
      "real_time": 6.1368441759933159e+00,
      "cpu_time": 6.2817124236615918e+00,
      "time_unit": "us",
      "code_size": 2.0485000000000000e+04,
      "execution_time_ns": 6.1205625105870813e+03,
      "gas_rate": 9.8489067673584023e+09,
      "gas_used": 6.1868000000000000e+04,
      "input_size": 3.2000000000000000e+01
    },
    {
      "name": "external/total/micro/memory_grow_mstore/by1",
      "family_index": 22,
      "per_family_instance_index": 0,
      "run_name": "external/total/micro/memory_grow_mstore/by1",
      "run_type": "iteration",
      "repetitions": 20,
      "repetition_index": 9,
      "threads": 1,
      "iterations": 112165,
      "real_time": 6.1017617973463754e+00,
      "cpu_time": 6.2458210047694527e+00,
      "time_unit": "us",
      "code_size": 2.0485000000000000e+04,
      "execution_time_ns": 6.0844061873133332e+03,
      "gas_rate": 9.9055032081060543e+09,
      "gas_used": 6.1868000000000000e+04,
      "input_size": 3.2000000000000000e+01
    },
    {
      "name": "external/total/micro/memory_grow_mstore/by1",
      "family_index": 22,
      "per_family_instance_index": 0,
      "run_name": "external/total/micro/memory_grow_mstore/by1",
      "run_type": "iteration",
      "repetitions": 20,
      "repetition_index": 10,
      "threads": 1,
      "iterations": 112165,
      "real_time": 6.1097177818340862e+00,
      "cpu_time": 6.2533454642716118e+00,
      "time_unit": "us",
      "code_size": 2.0485000000000000e+04,
      "execution_time_ns": 6.0927382695136630e+03,
      "gas_rate": 9.8935842187964535e+09,
      "gas_used": 6.1868000000000000e+04,
      "input_size": 3.2000000000000000e+01
    },
    {
      "name": "external/total/micro/memory_grow_mstore/by1",
      "family_index": 22,
      "per_family_instance_index": 0,
      "run_name": "external/total/micro/memory_grow_mstore/by1",
      "run_type": "iteration",
      "repetitions": 20,
      "repetition_index": 11,
      "threads": 1,
      "iterations": 112165,
      "real_time": 6.0893640797101796e+00,
      "cpu_time": 6.2332483038382955e+00,
      "time_unit": "us",
      "code_size": 2.0485000000000000e+04,
      "execution_time_ns": 6.0712162974189814e+03,
      "gas_rate": 9.9254829880438194e+09,
      "gas_used": 6.1868000000000000e+04,
      "input_size": 3.2000000000000000e+01
    },
    {
      "name": "external/total/micro/memory_grow_mstore/by1",
      "family_index": 22,
      "per_family_instance_index": 0,
      "run_name": "external/total/micro/memory_grow_mstore/by1",
      "run_type": "iteration",
      "repetitions": 20,
      "repetition_index": 12,
      "threads": 1,
      "iterations": 112165,
      "real_time": 6.1503782374164437e+00,
      "cpu_time": 6.2956637632060248e+00,
      "time_unit": "us",
      "code_size": 2.0485000000000000e+04,
      "execution_time_ns": 6.1328290019168189e+03,
      "gas_rate": 9.8270813574221325e+09,
      "gas_used": 6.1868000000000000e+04,
      "input_size": 3.2000000000000000e+01
    },
    {
      "name": "external/total/micro/memory_grow_mstore/by1",
      "family_index": 22,
      "per_family_instance_index": 0,
      "run_name": "external/total/micro/memory_grow_mstore/by1",
      "run_type": "iteration",
      "repetitions": 20,
      "repetition_index": 13,
      "threads": 1,
      "iterations": 112165,
      "real_time": 6.1324425266314639e+00,
      "cpu_time": 6.2767831498236726e+00,
      "time_unit": "us",
      "code_size": 2.0485000000000000e+04,
      "execution_time_ns": 6.1156981500468064e+03,
      "gas_rate": 9.8566412959061661e+09,
      "gas_used": 6.1868000000000000e+04,
      "input_size": 3.2000000000000000e+01
    },
    {
      "name": "external/total/micro/memory_grow_mstore/by1",
      "family_index": 22,
      "per_family_instance_index": 0,
      "run_name": "external/total/micro/memory_grow_mstore/by1",
      "run_type": "iteration",
      "repetitions": 20,
      "repetition_index": 14,
      "threads": 1,
      "iterations": 112165,
      "real_time": 6.0896034324440080e+00,
      "cpu_time": 6.2330840458253860e+00,
      "time_unit": "us",
      "code_size": 2.0485000000000000e+04,
      "execution_time_ns": 6.0721589444122501e+03,
      "gas_rate": 9.9257445503941422e+09,
      "gas_used": 6.1868000000000000e+04,
      "input_size": 3.2000000000000000e+01
    },
    {
      "name": "external/total/micro/memory_grow_mstore/by1",
      "family_index": 22,
      "per_family_instance_index": 0,
      "run_name": "external/total/micro/memory_grow_mstore/by1",
      "run_type": "iteration",
      "repetitions": 20,
      "repetition_index": 15,
      "threads": 1,
      "iterations": 112165,
      "real_time": 6.0028043953101120e+00,
      "cpu_time": 6.1445342753976666e+00,
      "time_unit": "us",
      "code_size": 2.0485000000000000e+04,
      "execution_time_ns": 5.9851513395444208e+03,
      "gas_rate": 1.0068785887925734e+10,
      "gas_used": 6.1868000000000000e+04,
      "input_size": 3.2000000000000000e+01
    },
    {
      "name": "external/total/micro/memory_grow_mstore/by1",
      "family_index": 22,
      "per_family_instance_index": 0,
      "run_name": "external/total/micro/memory_grow_mstore/by1",
      "run_type": "iteration",
      "repetitions": 20,
      "repetition_index": 16,
      "threads": 1,
      "iterations": 112165,
      "real_time": 6.0268187759120400e+00,
      "cpu_time": 6.1687640172961160e+00,
      "time_unit": "us",
      "code_size": 2.0485000000000000e+04,
      "execution_time_ns": 6.0064280568804888e+03,
      "gas_rate": 1.0029237595494518e+10,
      "gas_used": 6.1868000000000000e+04,
      "input_size": 3.2000000000000000e+01
    },
    {
      "name": "external/total/micro/memory_grow_mstore/by1",
      "family_index": 22,
      "per_family_instance_index": 0,
      "run_name": "external/total/micro/memory_grow_mstore/by1",
      "run_type": "iteration",
      "repetitions": 20,
      "repetition_index": 17,
      "threads": 1,
      "iterations": 112165,
      "real_time": 6.0916039673689619e+00,
      "cpu_time": 6.1282756207372593e+00,
      "time_unit": "us",
      "code_size": 2.0485000000000000e+04,
      "execution_time_ns": 1.3053419970579058e+04,
      "gas_rate": 1.0095498934585615e+10,
      "gas_used": 6.1868000000000000e+04,
      "input_size": 3.2000000000000000e+01
    },
    {
      "name": "external/total/micro/memory_grow_mstore/by1",
      "family_index": 22,
      "per_family_instance_index": 0,
      "run_name": "external/total/micro/memory_grow_mstore/by1",
      "run_type": "iteration",
      "repetitions": 20,
      "repetition_index": 18,
      "threads": 1,
      "iterations": 112165,
      "real_time": 6.1734848660451567e+00,
      "cpu_time": 6.1859588374267336e+00,
      "time_unit": "us",
      "code_size": 2.0485000000000000e+04,
      "execution_time_ns": 6.1548093255471849e+03,
      "gas_rate": 1.0001359793356813e+10,
      "gas_used": 6.1868000000000000e+04,
      "input_size": 3.2000000000000000e+01
    },
    {
      "name": "external/total/micro/memory_grow_mstore/by1",
      "family_index": 22,
      "per_family_instance_index": 0,
      "run_name": "external/total/micro/memory_grow_mstore/by1",
      "run_type": "iteration",
      "repetitions": 20,
      "repetition_index": 19,
      "threads": 1,
      "iterations": 112165,
      "real_time": 6.1573682788763229e+00,
      "cpu_time": 6.1692819239512335e+00,
      "time_unit": "us",
      "code_size": 2.0485000000000000e+04,
      "execution_time_ns": 6.1386750501493334e+03,
      "gas_rate": 1.0028395648415346e+10,
      "gas_used": 6.1868000000000000e+04,
      "input_size": 3.2000000000000000e+01
    },
    {
      "name": "external/total/micro/memory_grow_mstore/by1_mean",
      "family_index": 22,
      "per_family_instance_index": 0,
      "run_name": "external/total/micro/memory_grow_mstore/by1",
      "run_type": "aggregate",
      "repetitions": 20,
      "threads": 1,
      "aggregate_name": "mean",
      "aggregate_unit": "time",
      "iterations": 20,
      "real_time": 6.0698742370605707e+00,
      "cpu_time": 6.1954953559488128e+00,
      "time_unit": "us",
      "code_size": 2.0485000000000000e+04,
      "execution_time_ns": 6.4009987977533101e+03,
      "gas_rate": 9.9868743362234039e+09,
      "gas_used": 6.1868000000000000e+04,
      "input_size": 3.2000000000000000e+01
    },
    {
      "name": "external/total/micro/memory_grow_mstore/by1_median",
      "family_index": 22,
      "per_family_instance_index": 0,
      "run_name": "external/total/micro/memory_grow_mstore/by1",
      "run_type": "aggregate",
      "repetitions": 20,
      "threads": 1,
      "aggregate_name": "median",
      "aggregate_unit": "time",
      "iterations": 20,
      "real_time": 6.0894837560770938e+00,
      "cpu_time": 6.1749756430257277e+00,
      "time_unit": "us",
      "code_size": 2.0485000000000000e+04,
      "execution_time_ns": 6.0716876209156162e+03,
      "gas_rate": 1.0019157350062080e+10,
      "gas_used": 6.1868000000000000e+04,
      "input_size": 3.2000000000000000e+01
    },
    {
      "name": "external/total/micro/memory_grow_mstore/by1_stddev",
      "family_index": 22,
      "per_family_instance_index": 0,
      "run_name": "external/total/micro/memory_grow_mstore/by1",
      "run_type": "aggregate",
      "repetitions": 20,
      "threads": 1,
      "aggregate_name": "stddev",
      "aggregate_unit": "time",
      "iterations": 20,
      "real_time": 6.7200025417039219e-02,
      "cpu_time": 6.0762069276866990e-02,
      "time_unit": "us",
      "code_size": 0.0000000000000000e+00,
      "execution_time_ns": 1.5672667673816220e+03,
      "gas_rate": 9.7597009199342996e+07,
      "gas_used": 0.0000000000000000e+00,
      "input_size": 0.0000000000000000e+00
    },
    {
      "name": "external/total/micro/memory_grow_mstore/by1_cv",
      "family_index": 22,
      "per_family_instance_index": 0,
      "run_name": "external/total/micro/memory_grow_mstore/by1",
      "run_type": "aggregate",
      "repetitions": 20,
      "threads": 1,
      "aggregate_name": "cv",
      "aggregate_unit": "percentage",
      "iterations": 20,
      "real_time": 1.1071073764055753e-02,
      "cpu_time": 9.8074594178372259e-03,
      "time_unit": "us",
      "code_size": 0.0000000000000000e+00,
      "execution_time_ns": 2.4484722101990047e-01,
      "gas_rate": 9.7725280116270977e-03,
      "gas_used": 0.0000000000000000e+00,
      "input_size": 0.0000000000000000e+00
    },
    {
      "name": "external/total/micro/memory_grow_mstore/by16",
      "family_index": 23,
      "per_family_instance_index": 0,
      "run_name": "external/total/micro/memory_grow_mstore/by16",
      "run_type": "iteration",
      "repetitions": 20,
      "repetition_index": 0,
      "threads": 1,
      "iterations": 105664,
      "real_time": 6.7916953077693680e+00,
      "cpu_time": 6.8051919859177037e+00,
      "time_unit": "us",
      "code_size": 2.0485000000000000e+04,
      "execution_time_ns": 6.7725389536644461e+03,
      "gas_rate": 1.1137966446332174e+10,
      "gas_used": 7.5796000000000000e+04,
      "input_size": 3.2000000000000000e+01
    },
    {
      "name": "external/total/micro/memory_grow_mstore/by16",
      "family_index": 23,
      "per_family_instance_index": 0,
      "run_name": "external/total/micro/memory_grow_mstore/by16",
      "run_type": "iteration",
      "repetitions": 20,
      "repetition_index": 1,
      "threads": 1,
      "iterations": 105664,
      "real_time": 6.7513516240192963e+00,
      "cpu_time": 6.8654974258025003e+00,
      "time_unit": "us",
      "code_size": 2.0485000000000000e+04,
      "execution_time_ns": 6.7323569143700788e+03,
      "gas_rate": 1.1040132316580149e+10,
      "gas_used": 7.5796000000000000e+04,
      "input_size": 3.2000000000000000e+01
    },
    {
      "name": "external/total/micro/memory_grow_mstore/by16",
      "family_index": 23,
      "per_family_instance_index": 0,
      "run_name": "external/total/micro/memory_grow_mstore/by16",
      "run_type": "iteration",
      "repetitions": 20,
      "repetition_index": 2,
      "threads": 1,
      "iterations": 105664,
      "real_time": 6.6423475261241078e+00,
      "cpu_time": 6.8006349466228944e+00,
      "time_unit": "us",
      "code_size": 2.0485000000000000e+04,
      "execution_time_ns": 6.6181647864930346e+03,
      "gas_rate": 1.1145429889254576e+10,
      "gas_used": 7.5796000000000000e+04,
      "input_size": 3.2000000000000000e+01
    },
    {
      "name": "external/total/micro/memory_grow_mstore/by16",
      "family_index": 23,
      "per_family_instance_index": 0,
      "run_name": "external/total/micro/memory_grow_mstore/by16",
      "run_type": "iteration",
      "repetitions": 20,
      "repetition_index": 3,
      "threads": 1,
      "iterations": 105664,
      "real_time": 6.6459532385615310e+00,
      "cpu_time": 6.8042884615388957e+00,
      "time_unit": "us",
      "code_size": 2.0485000000000000e+04,
      "execution_time_ns": 6.6268801578588736e+03,
      "gas_rate": 1.1139445428928444e+10,
      "gas_used": 7.5796000000000000e+04,
      "input_size": 3.2000000000000000e+01
    },
    {
      "name": "external/total/micro/memory_grow_mstore/by16",
      "family_index": 23,
      "per_family_instance_index": 0,
      "run_name": "external/total/micro/memory_grow_mstore/by16",
      "run_type": "iteration",
      "repetitions": 20,
      "repetition_index": 4,
      "threads": 1,
      "iterations": 105664,
      "real_time": 6.6697182578758465e+00,
      "cpu_time": 6.8280350166567567e+00,
      "time_unit": "us",
      "code_size": 2.0485000000000000e+04,
      "execution_time_ns": 6.6498287590854025e+03,
      "gas_rate": 1.1100704641247190e+10,
      "gas_used": 7.5796000000000000e+04,
      "input_size": 3.2000000000000000e+01
    },
    {
      "name": "external/total/micro/memory_grow_mstore/by16",
      "family_index": 23,
      "per_family_instance_index": 0,
      "run_name": "external/total/micro/memory_grow_mstore/by16",
      "run_type": "iteration",
      "repetitions": 20,
      "repetition_index": 5,
      "threads": 1,
      "iterations": 105664,
      "real_time": 6.6459789237561306e+00,
      "cpu_time": 6.8044462447002214e+00,
      "time_unit": "us",
      "code_size": 2.0485000000000000e+04,
      "execution_time_ns": 6.6272101851150819e+03,
      "gas_rate": 1.1139187124747326e+10,
      "gas_used": 7.5796000000000000e+04,
      "input_size": 3.2000000000000000e+01
    },
    {
      "name": "external/total/micro/memory_grow_mstore/by16",
      "family_index": 23,
      "per_family_instance_index": 0,
      "run_name": "external/total/micro/memory_grow_mstore/by16",
      "run_type": "iteration",
      "repetitions": 20,
      "repetition_index": 6,
      "threads": 1,
      "iterations": 105664,
      "real_time": 6.5835559320062735e+00,
      "cpu_time": 6.7401374829645428e+00,
      "time_unit": "us",
      "code_size": 2.0485000000000000e+04,
      "execution_time_ns": 6.5626510164294368e+03,
      "gas_rate": 1.1245467943580036e+10,
      "gas_used": 7.5796000000000000e+04,
      "input_size": 3.2000000000000000e+01
    },
    {
      "name": "external/total/micro/memory_grow_mstore/by16",
      "family_index": 23,
      "per_family_instance_index": 0,
      "run_name": "external/total/micro/memory_grow_mstore/by16",
      "run_type": "iteration",
      "repetitions": 20,
      "repetition_index": 7,
      "threads": 1,
      "iterations": 105664,
      "real_time": 6.5367154470769275e+00,
      "cpu_time": 6.6919874791791027e+00,
      "time_unit": "us",
      "code_size": 2.0485000000000000e+04,
      "execution_time_ns": 6.5166643890066625e+03,
      "gas_rate": 1.1326381024445341e+10,
      "gas_used": 7.5796000000000000e+04,
      "input_size": 3.2000000000000000e+01
    },
    {
      "name": "external/total/micro/memory_grow_mstore/by16",
      "family_index": 23,
      "per_family_instance_index": 0,
      "run_name": "external/total/micro/memory_grow_mstore/by16",
      "run_type": "iteration",
      "repetitions": 20,
      "repetition_index": 8,
      "threads": 1,
      "iterations": 105664,
      "real_time": 6.4175637870953430e+00,
      "cpu_time": 6.6747793856000444e+00,
      "time_unit": "us",
      "code_size": 2.0485000000000000e+04,
      "execution_time_ns": 6.3986153846153848e+03,
      "gas_rate": 1.1355581304083229e+10,
      "gas_used": 7.5796000000000000e+04,
      "input_size": 3.2000000000000000e+01
    },
    {
      "name": "external/total/micro/memory_grow_mstore/by16",
      "family_index": 23,
      "per_family_instance_index": 0,
      "run_name": "external/total/micro/memory_grow_mstore/by16",
      "run_type": "iteration",
      "repetitions": 20,
      "repetition_index": 9,
      "threads": 1,
      "iterations": 105664,
      "real_time": 6.4313501192433691e+00,
      "cpu_time": 6.6931159619168712e+00,
      "time_unit": "us",
      "code_size": 2.0485000000000000e+04,
      "execution_time_ns": 6.4128009161114478e+03,
      "gas_rate": 1.1324471357028818e+10,
      "gas_used": 7.5796000000000000e+04,
      "input_size": 3.2000000000000000e+01
    },
    {
      "name": "external/total/micro/memory_grow_mstore/by16",
      "family_index": 23,
      "per_family_instance_index": 0,
      "run_name": "external/total/micro/memory_grow_mstore/by16",
      "run_type": "iteration",
      "repetitions": 20,
      "repetition_index": 10,
      "threads": 1,
      "iterations": 105664,
      "real_time": 6.3448226453585983e+00,
      "cpu_time": 6.6033144117203335e+00,
      "time_unit": "us",
      "code_size": 2.0485000000000000e+04,
      "execution_time_ns": 6.3260708756056938e+03,
      "gas_rate": 1.1478478120846163e+10,
      "gas_used": 7.5796000000000000e+04,
      "input_size": 3.2000000000000000e+01
    },
    {
      "name": "external/total/micro/memory_grow_mstore/by16",
      "family_index": 23,
      "per_family_instance_index": 0,
      "run_name": "external/total/micro/memory_grow_mstore/by16",
      "run_type": "iteration",
      "repetitions": 20,
      "repetition_index": 11,
      "threads": 1,
      "iterations": 105664,
      "real_time": 6.5015856772382818e+00,
      "cpu_time": 6.7665517300126066e+00,
      "time_unit": "us",
      "code_size": 2.0485000000000000e+04,
      "execution_time_ns": 6.4820737431859479e+03,
      "gas_rate": 1.1201569576984344e+10,
      "gas_used": 7.5796000000000000e+04,
      "input_size": 3.2000000000000000e+01
    },
    {
      "name": "external/total/micro/memory_grow_mstore/by16",
      "family_index": 23,
      "per_family_instance_index": 0,
      "run_name": "external/total/micro/memory_grow_mstore/by16",
      "run_type": "iteration",
      "repetitions": 20,
      "repetition_index": 12,
      "threads": 1,
      "iterations": 105664,
      "real_time": 6.4574221305283164e+00,
      "cpu_time": 6.7198260429283589e+00,
      "time_unit": "us",
      "code_size": 2.0485000000000000e+04,
      "execution_time_ns": 6.4376047376589950e+03,
      "gas_rate": 1.1279458652023335e+10,
      "gas_used": 7.5796000000000000e+04,
      "input_size": 3.2000000000000000e+01
    },
    {
      "name": "external/total/micro/memory_grow_mstore/by16",
      "family_index": 23,
      "per_family_instance_index": 0,
      "run_name": "external/total/micro/memory_grow_mstore/by16",
      "run_type": "iteration",
      "repetitions": 20,
      "repetition_index": 13,
      "threads": 1,
      "iterations": 105664,
      "real_time": 6.5390661814872049e+00,
      "cpu_time": 6.8054333926411061e+00,
      "time_unit": "us",
      "code_size": 2.0485000000000000e+04,
      "execution_time_ns": 6.5205329913688674e+03,
      "gas_rate": 1.1137571353201429e+10,
      "gas_used": 7.5796000000000000e+04,
      "input_size": 3.2000000000000000e+01
    },
    {
      "name": "external/total/micro/memory_grow_mstore/by16",
      "family_index": 23,
      "per_family_instance_index": 0,
      "run_name": "external/total/micro/memory_grow_mstore/by16",
      "run_type": "iteration",
      "repetitions": 20,
      "repetition_index": 14,
      "threads": 1,
      "iterations": 105664,
      "real_time": 6.5393562329679860e+00,
      "cpu_time": 6.8059292947455994e+00,
      "time_unit": "us",
      "code_size": 2.0485000000000000e+04,
      "execution_time_ns": 6.5182084910660205e+03,
      "gas_rate": 1.1136759833593481e+10,
      "gas_used": 7.5796000000000000e+04,
      "input_size": 3.2000000000000000e+01
    },
    {
      "name": "external/total/micro/memory_grow_mstore/by16",
      "family_index": 23,
      "per_family_instance_index": 0,
      "run_name": "external/total/micro/memory_grow_mstore/by16",
      "run_type": "iteration",
      "repetitions": 20,
      "repetition_index": 15,
      "threads": 1,
      "iterations": 105664,
      "real_time": 6.5812669026334669e+00,
      "cpu_time": 6.8024171714112640e+00,
      "time_unit": "us",
      "code_size": 2.0485000000000000e+04,
      "execution_time_ns": 6.5617787325863110e+03,
      "gas_rate": 1.1142509800567698e+10,
      "gas_used": 7.5796000000000000e+04,
      "input_size": 3.2000000000000000e+01
    },
    {
      "name": "external/total/micro/memory_grow_mstore/by16",
      "family_index": 23,
      "per_family_instance_index": 0,
      "run_name": "external/total/micro/memory_grow_mstore/by16",
      "run_type": "iteration",
      "repetitions": 20,
      "repetition_index": 16,
      "threads": 1,
      "iterations": 105664,
      "real_time": 6.6776210819158139e+00,
      "cpu_time": 6.8364635258934241e+00,
      "time_unit": "us",
      "code_size": 2.0485000000000000e+04,
      "execution_time_ns": 6.6586411265899451e+03,
      "gas_rate": 1.1087018853083780e+10,
      "gas_used": 7.5796000000000000e+04,
      "input_size": 3.2000000000000000e+01
    },
    {
      "name": "external/total/micro/memory_grow_mstore/by16",
      "family_index": 23,
      "per_family_instance_index": 0,
      "run_name": "external/total/micro/memory_grow_mstore/by16",
      "run_type": "iteration",
      "repetitions": 20,
      "repetition_index": 17,
      "threads": 1,
      "iterations": 105664,
      "real_time": 6.6670511527157954e+00,
      "cpu_time": 6.8258511508172601e+00,
      "time_unit": "us",
      "code_size": 2.0485000000000000e+04,
      "execution_time_ns": 6.6480063313900664e+03,
      "gas_rate": 1.1104256205605206e+10,
      "gas_used": 7.5796000000000000e+04,
      "input_size": 3.2000000000000000e+01
    },
    {
      "name": "external/total/micro/memory_grow_mstore/by16",
      "family_index": 23,
      "per_family_instance_index": 0,
      "run_name": "external/total/micro/memory_grow_mstore/by16",
      "run_type": "iteration",
      "repetitions": 20,
      "repetition_index": 18,
      "threads": 1,
      "iterations": 105664,
      "real_time": 6.6763153202588619e+00,
      "cpu_time": 6.8345093977133375e+00,
      "time_unit": "us",
      "code_size": 2.0485000000000000e+04,
      "execution_time_ns": 6.6551257949727442e+03,
      "gas_rate": 1.1090188862035879e+10,
      "gas_used": 7.5796000000000000e+04,
      "input_size": 3.2000000000000000e+01
    },
    {
      "name": "external/total/micro/memory_grow_mstore/by16",
      "family_index": 23,
      "per_family_instance_index": 0,
      "run_name": "external/total/micro/memory_grow_mstore/by16",
      "run_type": "iteration",
      "repetitions": 20,
      "repetition_index": 19,
      "threads": 1,
      "iterations": 105664,
      "real_time": 6.6015662098759247e+00,
      "cpu_time": 6.7600603800727646e+00,
      "time_unit": "us",
      "code_size": 2.0485000000000000e+04,
      "execution_time_ns": 6.5826731999545727e+03,
      "gas_rate": 1.1212325887418203e+10,
      "gas_used": 7.5796000000000000e+04,
      "input_size": 3.2000000000000000e+01
    },
    {
      "name": "external/total/micro/memory_grow_mstore/by16_mean",
      "family_index": 23,
      "per_family_instance_index": 0,
      "run_name": "external/total/micro/memory_grow_mstore/by16",
      "run_type": "aggregate",
      "repetitions": 20,
      "threads": 1,
      "aggregate_name": "mean",
      "aggregate_unit": "time",
      "iterations": 20,
      "real_time": 6.5851151849254235e+00,
      "cpu_time": 6.7734235444427799e+00,
      "time_unit": "us",
      "code_size": 2.0485000000000000e+04,
      "execution_time_ns": 6.5654213743564515e+03,
      "gas_rate": 1.1191245231079338e+10,
      "gas_used": 7.5796000000000000e+04,
      "input_size": 3.2000000000000000e+01
    },
    {
      "name": "external/total/micro/memory_grow_mstore/by16_median",
      "family_index": 23,
      "per_family_instance_index": 0,
      "run_name": "external/total/micro/memory_grow_mstore/by16",
      "run_type": "aggregate",
      "repetitions": 20,
      "threads": 1,
      "aggregate_name": "median",
      "aggregate_unit": "time",
      "iterations": 20,
      "real_time": 6.5925610709410991e+00,
      "cpu_time": 6.8033528164750807e+00,
      "time_unit": "us",
      "code_size": 2.0485000000000000e+04,
      "execution_time_ns": 6.5726621081920048e+03,
      "gas_rate": 1.1140977614748070e+10,
      "gas_used": 7.5796000000000000e+04,
      "input_size": 3.2000000000000000e+01
    },
    {
      "name": "external/total/micro/memory_grow_mstore/by16_stddev",
      "family_index": 23,
      "per_family_instance_index": 0,
      "run_name": "external/total/micro/memory_grow_mstore/by16",
      "run_type": "aggregate",
      "repetitions": 20,
      "threads": 1,
      "aggregate_name": "stddev",
      "aggregate_unit": "time",
      "iterations": 20,
      "real_time": 1.1501081485161960e-01,
      "cpu_time": 6.6671304794277172e-02,
      "time_unit": "us",
      "code_size": 0.0000000000000000e+00,
      "execution_time_ns": 1.1481184149449372e+02,
      "gas_rate": 1.1121899054022470e+08,
      "gas_used": 0.0000000000000000e+00,
      "input_size": 0.0000000000000000e+00
    },
    {
      "name": "external/total/micro/memory_grow_mstore/by16_cv",
      "family_index": 23,
      "per_family_instance_index": 0,
      "run_name": "external/total/micro/memory_grow_mstore/by16",
      "run_type": "aggregate",
      "repetitions": 20,
      "threads": 1,
      "aggregate_name": "cv",
      "aggregate_unit": "percentage",
      "iterations": 20,
      "real_time": 1.7465270025177563e-02,
      "cpu_time": 9.8430733523193446e-03,
      "time_unit": "us",
      "code_size": 0.0000000000000000e+00,
      "execution_time_ns": 1.7487353049863867e-02,
      "gas_rate": 9.9380353342054511e-03,
      "gas_used": 0.0000000000000000e+00,
      "input_size": 0.0000000000000000e+00
    },
    {
      "name": "external/total/micro/memory_grow_mstore/by32",
      "family_index": 24,
      "per_family_instance_index": 0,
      "run_name": "external/total/micro/memory_grow_mstore/by32",
      "run_type": "iteration",
      "repetitions": 20,
      "repetition_index": 0,
      "threads": 1,
      "iterations": 95420,
      "real_time": 7.2409755921189065e+00,
      "cpu_time": 7.4167353804234146e+00,
      "time_unit": "us",
      "code_size": 2.0485000000000000e+04,
      "execution_time_ns": 7.2201363236218822e+03,
      "gas_rate": 1.4360091676065666e+10,
      "gas_used": 1.0650500000000000e+05,
      "input_size": 3.2000000000000000e+01
    },
    {
      "name": "external/total/micro/memory_grow_mstore/by32",
      "family_index": 24,
      "per_family_instance_index": 0,
      "run_name": "external/total/micro/memory_grow_mstore/by32",
      "run_type": "iteration",
      "repetitions": 20,
      "repetition_index": 1,
      "threads": 1,
      "iterations": 95420,
      "real_time": 7.2360749318789352e+00,
      "cpu_time": 7.4123034793542750e+00,
      "time_unit": "us",
      "code_size": 2.0485000000000000e+04,
      "execution_time_ns": 7.2169162858939426e+03,
      "gas_rate": 1.4368677739201015e+10,
      "gas_used": 1.0650500000000000e+05,
      "input_size": 3.2000000000000000e+01
    },
    {
      "name": "external/total/micro/memory_grow_mstore/by32",
      "family_index": 24,
      "per_family_instance_index": 0,
      "run_name": "external/total/micro/memory_grow_mstore/by32",
      "run_type": "iteration",
      "repetitions": 20,
      "repetition_index": 2,
      "threads": 1,
      "iterations": 95420,
      "real_time": 7.2502978411162164e+00,
      "cpu_time": 7.4267764724376315e+00,
      "time_unit": "us",
      "code_size": 2.0485000000000000e+04,
      "execution_time_ns": 7.2298444770488368e+03,
      "gas_rate": 1.4340676657667431e+10,
      "gas_used": 1.0650500000000000e+05,
      "input_size": 3.2000000000000000e+01
    },
    {
      "name": "external/total/micro/memory_grow_mstore/by32",
      "family_index": 24,
      "per_family_instance_index": 0,
      "run_name": "external/total/micro/memory_grow_mstore/by32",
      "run_type": "iteration",
      "repetitions": 20,
      "repetition_index": 3,
      "threads": 1,
      "iterations": 95420,
      "real_time": 7.1613492559182088e+00,
      "cpu_time": 7.3350558163906436e+00,
      "time_unit": "us",
      "code_size": 2.0485000000000000e+04,
      "execution_time_ns": 7.1423107629427795e+03,
      "gas_rate": 1.4519998574790375e+10,
      "gas_used": 1.0650500000000000e+05,
      "input_size": 3.2000000000000000e+01
    },
    {
      "name": "external/total/micro/memory_grow_mstore/by32",
      "family_index": 24,
      "per_family_instance_index": 0,
      "run_name": "external/total/micro/memory_grow_mstore/by32",
      "run_type": "iteration",
      "repetitions": 20,
      "repetition_index": 4,
      "threads": 1,
      "iterations": 95420,
      "real_time": 7.2088113183863358e+00,
      "cpu_time": 7.3843457870465627e+00,
      "time_unit": "us",
      "code_size": 2.0485000000000000e+04,
      "execution_time_ns": 7.1891464996856002e+03,
      "gas_rate": 1.4423078641147661e+10,
      "gas_used": 1.0650500000000000e+05,
      "input_size": 3.2000000000000000e+01
    },
    {
      "name": "external/total/micro/memory_grow_mstore/by32",
      "family_index": 24,
      "per_family_instance_index": 0,
      "run_name": "external/total/micro/memory_grow_mstore/by32",
      "run_type": "iteration",
      "repetitions": 20,
      "repetition_index": 5,
      "threads": 1,
      "iterations": 95420,
      "real_time": 7.2143830433920177e+00,
      "cpu_time": 7.3895985223225225e+00,
      "time_unit": "us",
      "code_size": 2.0485000000000000e+04,
      "execution_time_ns": 7.1953313770697969e+03,
      "gas_rate": 1.4412826309612000e+10,
      "gas_used": 1.0650500000000000e+05,
      "input_size": 3.2000000000000000e+01
    },
    {
      "name": "external/total/micro/memory_grow_mstore/by32",
      "family_index": 24,
      "per_family_instance_index": 0,
      "run_name": "external/total/micro/memory_grow_mstore/by32",
      "run_type": "iteration",
      "repetitions": 20,
      "repetition_index": 6,
      "threads": 1,
      "iterations": 95420,
      "real_time": 7.3628799727458043e+00,
      "cpu_time": 7.5414859777828838e+00,
      "time_unit": "us",
      "code_size": 2.0485000000000000e+04,
      "execution_time_ns": 7.3417258226786835e+03,
      "gas_rate": 1.4122548303313471e+10,
      "gas_used": 1.0650500000000000e+05,
      "input_size": 3.2000000000000000e+01
    },
    {
      "name": "external/total/micro/memory_grow_mstore/by32",
      "family_index": 24,
      "per_family_instance_index": 0,
      "run_name": "external/total/micro/memory_grow_mstore/by32",
      "run_type": "iteration",
      "repetitions": 20,
      "repetition_index": 7,
      "threads": 1,
      "iterations": 95420,
      "real_time": 7.3110631209418901e+00,
      "cpu_time": 7.4892567176694218e+00,
      "time_unit": "us",
      "code_size": 2.0485000000000000e+04,
      "execution_time_ns": 7.2900916055334310e+03,
      "gas_rate": 1.4221037415999172e+10,
      "gas_used": 1.0650500000000000e+05,
      "input_size": 3.2000000000000000e+01
    },
    {
      "name": "external/total/micro/memory_grow_mstore/by32",
      "family_index": 24,
      "per_family_instance_index": 0,
      "run_name": "external/total/micro/memory_grow_mstore/by32",
      "run_type": "iteration",
      "repetitions": 20,
      "repetition_index": 8,
      "threads": 1,
      "iterations": 95420,
      "real_time": 7.4035952106464959e+00,
      "cpu_time": 7.5832768392373016e+00,
      "time_unit": "us",
      "code_size": 2.0485000000000000e+04,
      "execution_time_ns": 7.3845662439740099e+03,
      "gas_rate": 1.4044720014561920e+10,
      "gas_used": 1.0650500000000000e+05,
      "input_size": 3.2000000000000000e+01
    },
    {
      "name": "external/total/micro/memory_grow_mstore/by32",
      "family_index": 24,
      "per_family_instance_index": 0,
      "run_name": "external/total/micro/memory_grow_mstore/by32",
      "run_type": "iteration",
      "repetitions": 20,
      "repetition_index": 9,
      "threads": 1,
      "iterations": 95420,
      "real_time": 7.3990838084295207e+00,
      "cpu_time": 7.5788816600294675e+00,
      "time_unit": "us",
      "code_size": 2.0485000000000000e+04,
      "execution_time_ns": 7.3796210752462794e+03,
      "gas_rate": 1.4052864891887743e+10,
      "gas_used": 1.0650500000000000e+05,
      "input_size": 3.2000000000000000e+01
    },
    {
      "name": "external/total/micro/memory_grow_mstore/by32",
      "family_index": 24,
      "per_family_instance_index": 0,
      "run_name": "external/total/micro/memory_grow_mstore/by32",
      "run_type": "iteration",
      "repetitions": 20,
      "repetition_index": 10,
      "threads": 1,
      "iterations": 95420,
      "real_time": 7.3684040662405472e+00,
      "cpu_time": 7.5461251519600374e+00,
      "time_unit": "us",
      "code_size": 2.0485000000000000e+04,
      "execution_time_ns": 7.3476223852441835e+03,
      "gas_rate": 1.4113866104160265e+10,
      "gas_used": 1.0650500000000000e+05,
      "input_size": 3.2000000000000000e+01
    },
    {
      "name": "external/total/micro/memory_grow_mstore/by32",
      "family_index": 24,
      "per_family_instance_index": 0,
      "run_name": "external/total/micro/memory_grow_mstore/by32",
      "run_type": "iteration",
      "repetitions": 20,
      "repetition_index": 11,
      "threads": 1,
      "iterations": 95420,
      "real_time": 7.3815147558176912e+00,
      "cpu_time": 7.5562708027668606e+00,
      "time_unit": "us",
      "code_size": 2.0485000000000000e+04,
      "execution_time_ns": 7.3623293649130164e+03,
      "gas_rate": 1.4094915703788876e+10,
      "gas_used": 1.0650500000000000e+05,
      "input_size": 3.2000000000000000e+01
    },
    {
      "name": "external/total/micro/memory_grow_mstore/by32",
      "family_index": 24,
      "per_family_instance_index": 0,
      "run_name": "external/total/micro/memory_grow_mstore/by32",
      "run_type": "iteration",
      "repetitions": 20,
      "repetition_index": 12,
      "threads": 1,
      "iterations": 95420,
      "real_time": 7.2827238629155620e+00,
      "cpu_time": 7.4556883357787962e+00,
      "time_unit": "us",
      "code_size": 2.0485000000000000e+04,
      "execution_time_ns": 7.2634042967931255e+03,
      "gas_rate": 1.4285066006433977e+10,
      "gas_used": 1.0650500000000000e+05,
      "input_size": 3.2000000000000000e+01
    },
    {
      "name": "external/total/micro/memory_grow_mstore/by32",
      "family_index": 24,
      "per_family_instance_index": 0,
      "run_name": "external/total/micro/memory_grow_mstore/by32",
      "run_type": "iteration",
      "repetitions": 20,
      "repetition_index": 13,
      "threads": 1,
      "iterations": 95420,
      "real_time": 7.2913753615528654e+00,
      "cpu_time": 7.4645201844477542e+00,
      "time_unit": "us",
      "code_size": 2.0485000000000000e+04,
      "execution_time_ns": 7.2696100817438692e+03,
      "gas_rate": 1.4268164244756414e+10,
      "gas_used": 1.0650500000000000e+05,
      "input_size": 3.2000000000000000e+01
    },
    {
      "name": "external/total/micro/memory_grow_mstore/by32",
      "family_index": 24,
      "per_family_instance_index": 0,
      "run_name": "external/total/micro/memory_grow_mstore/by32",
      "run_type": "iteration",
      "repetitions": 20,
      "repetition_index": 14,
      "threads": 1,
      "iterations": 95420,
      "real_time": 7.2985113079001920e+00,
      "cpu_time": 7.4709976315238631e+00,
      "time_unit": "us",
      "code_size": 2.0485000000000000e+04,
      "execution_time_ns": 7.2788967931251309e+03,
      "gas_rate": 1.4255793570406490e+10,
      "gas_used": 1.0650500000000000e+05,
      "input_size": 3.2000000000000000e+01
    },
    {
      "name": "external/total/micro/memory_grow_mstore/by32",
      "family_index": 24,
      "per_family_instance_index": 0,
      "run_name": "external/total/micro/memory_grow_mstore/by32",
      "run_type": "iteration",
      "repetitions": 20,
      "repetition_index": 15,
      "threads": 1,
      "iterations": 95420,
      "real_time": 7.2288428736162391e+00,
      "cpu_time": 7.4006673548518664e+00,
      "time_unit": "us",
      "code_size": 2.0485000000000000e+04,
      "execution_time_ns": 7.2100772793963533e+03,
      "gas_rate": 1.4391269718422825e+10,
      "gas_used": 1.0650500000000000e+05,
      "input_size": 3.2000000000000000e+01
    },
    {
      "name": "external/total/micro/memory_grow_mstore/by32",
      "family_index": 24,
      "per_family_instance_index": 0,
      "run_name": "external/total/micro/memory_grow_mstore/by32",
      "run_type": "iteration",
      "repetitions": 20,
      "repetition_index": 16,
      "threads": 1,
      "iterations": 95420,
      "real_time": 7.2362086983904677e+00,
      "cpu_time": 7.4081951477673513e+00,
      "time_unit": "us",
      "code_size": 2.0485000000000000e+04,
      "execution_time_ns": 7.2160660448543285e+03,
      "gas_rate": 1.4376646116307829e+10,
      "gas_used": 1.0650500000000000e+05,
      "input_size": 3.2000000000000000e+01
    },
    {
      "name": "external/total/micro/memory_grow_mstore/by32",
      "family_index": 24,
      "per_family_instance_index": 0,
      "run_name": "external/total/micro/memory_grow_mstore/by32",
      "run_type": "iteration",
      "repetitions": 20,
      "repetition_index": 17,
      "threads": 1,
      "iterations": 95420,
      "real_time": 7.2086791553095795e+00,
      "cpu_time": 7.3793808006706705e+00,
      "time_unit": "us",
      "code_size": 2.0485000000000000e+04,
      "execution_time_ns": 7.1897827289876341e+03,
      "gas_rate": 1.4432782760082033e+10,
      "gas_used": 1.0650500000000000e+05,
      "input_size": 3.2000000000000000e+01
    },
    {
      "name": "external/total/micro/memory_grow_mstore/by32",
      "family_index": 24,
      "per_family_instance_index": 0,
      "run_name": "external/total/micro/memory_grow_mstore/by32",
      "run_type": "iteration",
      "repetitions": 20,
      "repetition_index": 18,
      "threads": 1,
      "iterations": 95420,
      "real_time": 7.2546749528471031e+00,
      "cpu_time": 7.4271437853695303e+00,
      "time_unit": "us",
      "code_size": 2.0485000000000000e+04,
      "execution_time_ns": 7.2349148815761891e+03,
      "gas_rate": 1.4339967432675863e+10,
      "gas_used": 1.0650500000000000e+05,
      "input_size": 3.2000000000000000e+01
    },
    {
      "name": "external/total/micro/memory_grow_mstore/by32",
      "family_index": 24,
      "per_family_instance_index": 0,
      "run_name": "external/total/micro/memory_grow_mstore/by32",
      "run_type": "iteration",
      "repetitions": 20,
      "repetition_index": 19,
      "threads": 1,
      "iterations": 95420,
      "real_time": 7.2870950744067997e+00,
      "cpu_time": 7.4603163173342724e+00,
      "time_unit": "us",
      "code_size": 2.0485000000000000e+04,
      "execution_time_ns": 7.2675769754768389e+03,
      "gas_rate": 1.4276204314893778e+10,
      "gas_used": 1.0650500000000000e+05,
      "input_size": 3.2000000000000000e+01
    },
    {
      "name": "external/total/micro/memory_grow_mstore/by32_mean",
      "family_index": 24,
      "per_family_instance_index": 0,
      "run_name": "external/total/micro/memory_grow_mstore/by32",
      "run_type": "aggregate",
      "repetitions": 20,
      "threads": 1,
      "aggregate_name": "mean",
      "aggregate_unit": "time",
      "iterations": 20,
      "real_time": 7.2813272102285698e+00,
      "cpu_time": 7.4563511082582563e+00,
      "time_unit": "us",
      "code_size": 2.0485000000000000e+04,
      "execution_time_ns": 7.2614985652902951e+03,
      "gas_rate": 1.4285059809808744e+10,
      "gas_used": 1.0650500000000000e+05,
      "input_size": 3.2000000000000000e+01
    },
    {
      "name": "external/total/micro/memory_grow_mstore/by32_median",
      "family_index": 24,
      "per_family_instance_index": 0,
      "run_name": "external/total/micro/memory_grow_mstore/by32",
      "run_type": "aggregate",
      "repetitions": 20,
      "threads": 1,
      "aggregate_name": "median",
      "aggregate_unit": "time",
      "iterations": 20,
      "real_time": 7.2686994078813330e+00,
      "cpu_time": 7.4414160605741628e+00,
      "time_unit": "us",
      "code_size": 2.0485000000000000e+04,
      "execution_time_ns": 7.2491595891846573e+03,
      "gas_rate": 1.4312516719554920e+10,
      "gas_used": 1.0650500000000000e+05,
      "input_size": 3.2000000000000000e+01
    },
    {
      "name": "external/total/micro/memory_grow_mstore/by32_stddev",
      "family_index": 24,
      "per_family_instance_index": 0,
      "run_name": "external/total/micro/memory_grow_mstore/by32",
      "run_type": "aggregate",
      "repetitions": 20,
      "threads": 1,
      "aggregate_name": "stddev",
      "aggregate_unit": "time",
      "iterations": 20,
      "real_time": 7.0320527774056035e-02,
      "cpu_time": 7.2085474348280859e-02,
      "time_unit": "us",
      "code_size": 0.0000000000000000e+00,
      "execution_time_ns": 7.0121306347360218e+01,
      "gas_rate": 1.3758427045894498e+08,
      "gas_used": 0.0000000000000000e+00,
      "input_size": 0.0000000000000000e+00
    },
    {
      "name": "external/total/micro/memory_grow_mstore/by32_cv",
      "family_index": 24,
      "per_family_instance_index": 0,
      "run_name": "external/total/micro/memory_grow_mstore/by32",
      "run_type": "aggregate",
      "repetitions": 20,
      "threads": 1,
      "aggregate_name": "cv",
      "aggregate_unit": "percentage",
      "iterations": 20,
      "real_time": 9.6576524778713493e-03,
      "cpu_time": 9.6676609378604540e-03,
      "time_unit": "us",
      "code_size": 0.0000000000000000e+00,
      "execution_time_ns": 9.6565888868363307e-03,
      "gas_rate": 9.6313401757319641e-03,
      "gas_used": 0.0000000000000000e+00,
      "input_size": 0.0000000000000000e+00
    },
    {
      "name": "external/total/micro/signextend/zero",
      "family_index": 25,
      "per_family_instance_index": 0,
      "run_name": "external/total/micro/signextend/zero",
      "run_type": "iteration",
      "repetitions": 20,
      "repetition_index": 0,
      "threads": 1,
      "iterations": 11940,
      "real_time": 5.9614110804016228e+01,
      "cpu_time": 5.9652022864323804e+01,
      "time_unit": "us",
      "code_size": 2.4041000000000000e+04,
      "execution_time_ns": 5.9576409547738695e+04,
      "gas_rate": 1.6104399379464190e+09,
      "gas_used": 9.6066000000000000e+04,
      "input_size": 3.2000000000000000e+01
    },
    {
      "name": "external/total/micro/signextend/zero",
      "family_index": 25,
      "per_family_instance_index": 0,
      "run_name": "external/total/micro/signextend/zero",
      "run_type": "iteration",
      "repetitions": 20,
      "repetition_index": 1,
      "threads": 1,
      "iterations": 11940,
      "real_time": 5.9298385678380598e+01,
      "cpu_time": 5.9338964907873255e+01,
      "time_unit": "us",
      "code_size": 2.4041000000000000e+04,
      "execution_time_ns": 5.9264598241206033e+04,
      "gas_rate": 1.6189362276397529e+09,
      "gas_used": 9.6066000000000000e+04,
      "input_size": 3.2000000000000000e+01
    },
    {
      "name": "external/total/micro/signextend/zero",
      "family_index": 25,
      "per_family_instance_index": 0,
      "run_name": "external/total/micro/signextend/zero",
      "run_type": "iteration",
      "repetitions": 20,
      "repetition_index": 2,
      "threads": 1,
      "iterations": 11940,
      "real_time": 5.8459087018457602e+01,
      "cpu_time": 5.8702387269680756e+01,
      "time_unit": "us",
      "code_size": 2.4041000000000000e+04,
      "execution_time_ns": 5.8415624036850924e+04,
      "gas_rate": 1.6364922189394026e+09,
      "gas_used": 9.6066000000000000e+04,
      "input_size": 3.2000000000000000e+01
    },
    {
      "name": "external/total/micro/signextend/zero",
      "family_index": 25,
      "per_family_instance_index": 0,
      "run_name": "external/total/micro/signextend/zero",
      "run_type": "iteration",
      "repetitions": 20,
      "repetition_index": 3,
      "threads": 1,
      "iterations": 11940,
      "real_time": 5.6137544137302108e+01,
      "cpu_time": 5.7487795142377152e+01,
      "time_unit": "us",
      "code_size": 2.4041000000000000e+04,
      "execution_time_ns": 5.6105064321608043e+04,
      "gas_rate": 1.6710677416324306e+09,
      "gas_used": 9.6066000000000000e+04,
      "input_size": 3.2000000000000000e+01
    },
    {
      "name": "external/total/micro/signextend/zero",
      "family_index": 25,
      "per_family_instance_index": 0,
      "run_name": "external/total/micro/signextend/zero",
      "run_type": "iteration",
      "repetitions": 20,
      "repetition_index": 4,
      "threads": 1,
      "iterations": 11940,
      "real_time": 5.6261511725270751e+01,
      "cpu_time": 5.7609741457290134e+01,
      "time_unit": "us",
      "code_size": 2.4041000000000000e+04,
      "execution_time_ns": 5.6227265577889448e+04,
      "gas_rate": 1.6675304830385325e+09,
      "gas_used": 9.6066000000000000e+04,
      "input_size": 3.2000000000000000e+01
    },
    {
      "name": "external/total/micro/signextend/zero",
      "family_index": 25,
      "per_family_instance_index": 0,
      "run_name": "external/total/micro/signextend/zero",
      "run_type": "iteration",
      "repetitions": 20,
      "repetition_index": 5,
      "threads": 1,
      "iterations": 11940,
      "real_time": 5.6172266917889942e+01,
      "cpu_time": 5.7518022948076336e+01,
      "time_unit": "us",
      "code_size": 2.4041000000000000e+04,
      "execution_time_ns": 5.6136140703517587e+04,
      "gas_rate": 1.6701895349692802e+09,
      "gas_used": 9.6066000000000000e+04,
      "input_size": 3.2000000000000000e+01
    },
    {
      "name": "external/total/micro/signextend/zero",
      "family_index": 25,
      "per_family_instance_index": 0,
      "run_name": "external/total/micro/signextend/zero",
      "run_type": "iteration",
      "repetitions": 20,
      "repetition_index": 6,
      "threads": 1,
      "iterations": 11940,
      "real_time": 5.5993712144079034e+01,
      "cpu_time": 5.7339981239531568e+01,
      "time_unit": "us",
      "code_size": 2.4041000000000000e+04,
      "execution_time_ns": 5.5952903517587940e+04,
      "gas_rate": 1.6753755045488188e+09,
      "gas_used": 9.6066000000000000e+04,
      "input_size": 3.2000000000000000e+01
    },
    {
      "name": "external/total/micro/signextend/zero",
      "family_index": 25,
      "per_family_instance_index": 0,
      "run_name": "external/total/micro/signextend/zero",
      "run_type": "iteration",
      "repetitions": 20,
      "repetition_index": 7,
      "threads": 1,
      "iterations": 11940,
      "real_time": 5.6367255611366332e+01,
      "cpu_time": 5.7717247989949541e+01,
      "time_unit": "us",
      "code_size": 2.4041000000000000e+04,
      "execution_time_ns": 5.6335296566164157e+04,
      "gas_rate": 1.6644244718100250e+09,
      "gas_used": 9.6066000000000000e+04,
      "input_size": 3.2000000000000000e+01
    },
    {
      "name": "external/total/micro/signextend/zero",
      "family_index": 25,
      "per_family_instance_index": 0,
      "run_name": "external/total/micro/signextend/zero",
      "run_type": "iteration",
      "repetitions": 20,
      "repetition_index": 8,
      "threads": 1,
      "iterations": 11940,
      "real_time": 5.5578715829116405e+01,
      "cpu_time": 5.6911086264655154e+01,
      "time_unit": "us",
      "code_size": 2.4041000000000000e+04,
      "execution_time_ns": 5.5544807286432158e+04,
      "gas_rate": 1.6880015178986692e+09,
      "gas_used": 9.6066000000000000e+04,
      "input_size": 3.2000000000000000e+01
    },
    {
      "name": "external/total/micro/signextend/zero",
      "family_index": 25,
      "per_family_instance_index": 0,
      "run_name": "external/total/micro/signextend/zero",
      "run_type": "iteration",
      "repetitions": 20,
      "repetition_index": 9,
      "threads": 1,
      "iterations": 11940,
      "real_time": 5.7994719262960174e+01,
      "cpu_time": 5.9389607202679230e+01,
      "time_unit": "us",
      "code_size": 2.4041000000000000e+04,
      "execution_time_ns": 5.7958570100502511e+04,
      "gas_rate": 1.6175557395447159e+09,
      "gas_used": 9.6066000000000000e+04,
      "input_size": 3.2000000000000000e+01
    },
    {
      "name": "external/total/micro/signextend/zero",
      "family_index": 25,
      "per_family_instance_index": 0,
      "run_name": "external/total/micro/signextend/zero",
      "run_type": "iteration",
      "repetitions": 20,
      "repetition_index": 10,
      "threads": 1,
      "iterations": 11940,
      "real_time": 5.7358968425468014e+01,
      "cpu_time": 5.9435895728647345e+01,
      "time_unit": "us",
      "code_size": 2.4041000000000000e+04,
      "execution_time_ns": 5.7325600586264656e+04,
      "gas_rate": 1.6162959912068324e+09,
      "gas_used": 9.6066000000000000e+04,
      "input_size": 3.2000000000000000e+01
    },
    {
      "name": "external/total/micro/signextend/zero",
      "family_index": 25,
      "per_family_instance_index": 0,
      "run_name": "external/total/micro/signextend/zero",
      "run_type": "iteration",
      "repetitions": 20,
      "repetition_index": 11,
      "threads": 1,
      "iterations": 11940,
      "real_time": 5.6670207705202984e+01,
      "cpu_time": 5.8925926381907843e+01,
      "time_unit": "us",
      "code_size": 2.4041000000000000e+04,
      "execution_time_ns": 5.6625197822445560e+04,
      "gas_rate": 1.6302840854360392e+09,
      "gas_used": 9.6066000000000000e+04,
      "input_size": 3.2000000000000000e+01
    },
    {
      "name": "external/total/micro/signextend/zero",
      "family_index": 25,
      "per_family_instance_index": 0,
      "run_name": "external/total/micro/signextend/zero",
      "run_type": "iteration",
      "repetitions": 20,
      "repetition_index": 12,
      "threads": 1,
      "iterations": 11940,
      "real_time": 5.6911592294834087e+01,
      "cpu_time": 5.9178067839196409e+01,
      "time_unit": "us",
      "code_size": 2.4041000000000000e+04,
      "execution_time_ns": 5.6879075963149080e+04,
      "gas_rate": 1.6233378937115445e+09,
      "gas_used": 9.6066000000000000e+04,
      "input_size": 3.2000000000000000e+01
    },
    {
      "name": "external/total/micro/signextend/zero",
      "family_index": 25,
      "per_family_instance_index": 0,
      "run_name": "external/total/micro/signextend/zero",
      "run_type": "iteration",
      "repetitions": 20,
      "repetition_index": 13,
      "threads": 1,
      "iterations": 11940,
      "real_time": 5.6346687604709771e+01,
      "cpu_time": 5.8580411557789034e+01,
      "time_unit": "us",
      "code_size": 2.4041000000000000e+04,
      "execution_time_ns": 5.6314518174204357e+04,
      "gas_rate": 1.6398997112751892e+09,
      "gas_used": 9.6066000000000000e+04,
      "input_size": 3.2000000000000000e+01
    },
    {
      "name": "external/total/micro/signextend/zero",
      "family_index": 25,
      "per_family_instance_index": 0,
      "run_name": "external/total/micro/signextend/zero",
      "run_type": "iteration",
      "repetitions": 20,
      "repetition_index": 14,
      "threads": 1,
      "iterations": 11940,
      "real_time": 5.6130324874342712e+01,
      "cpu_time": 5.8364399413735285e+01,
      "time_unit": "us",
      "code_size": 2.4041000000000000e+04,
      "execution_time_ns": 5.6094735762144053e+04,
      "gas_rate": 1.6459691346946707e+09,
      "gas_used": 9.6066000000000000e+04,
      "input_size": 3.2000000000000000e+01
    },
    {
      "name": "external/total/micro/signextend/zero",
      "family_index": 25,
      "per_family_instance_index": 0,
      "run_name": "external/total/micro/signextend/zero",
      "run_type": "iteration",
      "repetitions": 20,
      "repetition_index": 15,
      "threads": 1,
      "iterations": 11940,
      "real_time": 5.4880708375242172e+01,
      "cpu_time": 5.7062747654944140e+01,
      "time_unit": "us",
      "code_size": 2.4041000000000000e+04,
      "execution_time_ns": 5.4849472194304857e+04,
      "gas_rate": 1.6835151468854387e+09,
      "gas_used": 9.6066000000000000e+04,
      "input_size": 3.2000000000000000e+01
    },
    {
      "name": "external/total/micro/signextend/zero",
      "family_index": 25,
      "per_family_instance_index": 0,
      "run_name": "external/total/micro/signextend/zero",
      "run_type": "iteration",
      "repetitions": 20,
      "repetition_index": 16,
      "threads": 1,
      "iterations": 11940,
      "real_time": 5.5133140954795991e+01,
      "cpu_time": 5.7324323953102414e+01,
      "time_unit": "us",
      "code_size": 2.4041000000000000e+04,
      "execution_time_ns": 5.5102375795644890e+04,
      "gas_rate": 1.6758331084478648e+09,
      "gas_used": 9.6066000000000000e+04,
      "input_size": 3.2000000000000000e+01
    },
    {
      "name": "external/total/micro/signextend/zero",
      "family_index": 25,
      "per_family_instance_index": 0,
      "run_name": "external/total/micro/signextend/zero",
      "run_type": "iteration",
      "repetitions": 20,
      "repetition_index": 17,
      "threads": 1,
      "iterations": 11940,
      "real_time": 5.5283931323261164e+01,
      "cpu_time": 5.7425269262985559e+01,
      "time_unit": "us",
      "code_size": 2.4041000000000000e+04,
      "execution_time_ns": 5.5251774036850918e+04,
      "gas_rate": 1.6728872364543006e+09,
      "gas_used": 9.6066000000000000e+04,
      "input_size": 3.2000000000000000e+01
    },
    {
      "name": "external/total/micro/signextend/zero",
      "family_index": 25,
      "per_family_instance_index": 0,
      "run_name": "external/total/micro/signextend/zero",
      "run_type": "iteration",
      "repetitions": 20,
      "repetition_index": 18,
      "threads": 1,
      "iterations": 11940,
      "real_time": 5.6190451088811912e+01,
      "cpu_time": 5.7540559631491902e+01,
      "time_unit": "us",
      "code_size": 2.4041000000000000e+04,
      "execution_time_ns": 5.6158769346733665e+04,
      "gas_rate": 1.6695353784397879e+09,
      "gas_used": 9.6066000000000000e+04,
      "input_size": 3.2000000000000000e+01
    },
    {
      "name": "external/total/micro/signextend/zero",
      "family_index": 25,
      "per_family_instance_index": 0,
      "run_name": "external/total/micro/signextend/zero",
      "run_type": "iteration",
      "repetitions": 20,
      "repetition_index": 19,
      "threads": 1,
      "iterations": 11940,
      "real_time": 5.5430395226115557e+01,
      "cpu_time": 5.6757867587940247e+01,
      "time_unit": "us",
      "code_size": 2.4041000000000000e+04,
      "execution_time_ns": 5.5396844807370187e+04,
      "gas_rate": 1.6925583021799755e+09,
      "gas_used": 9.6066000000000000e+04,
      "input_size": 3.2000000000000000e+01
    },
    {
      "name": "external/total/micro/signextend/zero_mean",
      "family_index": 25,
      "per_family_instance_index": 0,
      "run_name": "external/total/micro/signextend/zero",
      "run_type": "aggregate",
      "repetitions": 20,
      "threads": 1,
      "aggregate_name": "mean",
      "aggregate_unit": "time",
      "iterations": 20,
      "real_time": 5.6610685850081175e+01,
      "cpu_time": 5.8113116314908858e+01,
      "time_unit": "us",
      "code_size": 2.4041000000000000e+04,
      "execution_time_ns": 5.6575752219430477e+04,
      "gas_rate": 1.6535064683349843e+09,
      "gas_used": 9.6066000000000000e+04,
      "input_size": 3.2000000000000000e+01
    },
    {
      "name": "external/total/micro/signextend/zero_median",
      "family_index": 25,
      "per_family_instance_index": 0,
      "run_name": "external/total/micro/signextend/zero",
      "run_type": "aggregate",
      "repetitions": 20,
      "threads": 1,
      "aggregate_name": "median",
      "aggregate_unit": "time",
      "iterations": 20,
      "real_time": 5.6225981407041331e+01,
      "cpu_time": 5.7663494723619849e+01,
      "time_unit": "us",
      "code_size": 2.4041000000000000e+04,
      "execution_time_ns": 5.6193017462311560e+04,
      "gas_rate": 1.6659774774242787e+09,
      "gas_used": 9.6066000000000000e+04,
      "input_size": 3.2000000000000000e+01
    },
    {
      "name": "external/total/micro/signextend/zero_stddev",
      "family_index": 25,
      "per_family_instance_index": 0,
      "run_name": "external/total/micro/signextend/zero",
      "run_type": "aggregate",
      "repetitions": 20,
      "threads": 1,
      "aggregate_name": "stddev",
      "aggregate_unit": "time",
      "iterations": 20,
      "real_time": 1.3194831288138806e+00,
      "cpu_time": 9.5241076530823165e-01,
      "time_unit": "us",
      "code_size": 0.0000000000000000e+00,
      "execution_time_ns": 1.3178899675524590e+03,
      "gas_rate": 2.6984509675919354e+07,
      "gas_used": 0.0000000000000000e+00,
      "input_size": 0.0000000000000000e+00
    },
    {
      "name": "external/total/micro/signextend/zero_cv",
      "family_index": 25,
      "per_family_instance_index": 0,
      "run_name": "external/total/micro/signextend/zero",
      "run_type": "aggregate",
      "repetitions": 20,
      "threads": 1,
      "aggregate_name": "cv",
      "aggregate_unit": "percentage",
      "iterations": 20,
      "real_time": 2.3308022310632160e-02,
      "cpu_time": 1.6388912274936659e-02,
      "time_unit": "us",
      "code_size": 0.0000000000000000e+00,
      "execution_time_ns": 2.3294254443864744e-02,
      "gas_rate": 1.6319567048982693e-02,
      "gas_used": 0.0000000000000000e+00,
      "input_size": 0.0000000000000000e+00
    },
    {
      "name": "external/total/micro/signextend/one",
      "family_index": 26,
      "per_family_instance_index": 0,
      "run_name": "external/total/micro/signextend/one",
      "run_type": "iteration",
      "repetitions": 20,
      "repetition_index": 0,
      "threads": 1,
      "iterations": 11933,
      "real_time": 5.6884433084730155e+01,
      "cpu_time": 5.8282181513449679e+01,
      "time_unit": "us",
      "code_size": 2.4041000000000000e+04,
      "execution_time_ns": 5.6835817480935220e+04,
      "gas_rate": 1.6482910815174448e+09,
      "gas_used": 9.6066000000000000e+04,
      "input_size": 3.2000000000000000e+01
    },
    {
      "name": "external/total/micro/signextend/one",
      "family_index": 26,
      "per_family_instance_index": 0,
      "run_name": "external/total/micro/signextend/one",
      "run_type": "iteration",
      "repetitions": 20,
      "repetition_index": 1,
      "threads": 1,
      "iterations": 11933,
      "real_time": 5.7641129975711593e+01,
      "cpu_time": 5.9052656917791523e+01,
      "time_unit": "us",
      "code_size": 2.4041000000000000e+04,
      "execution_time_ns": 5.7610134584764935e+04,
      "gas_rate": 1.6267853982207024e+09,
      "gas_used": 9.6066000000000000e+04,
      "input_size": 3.2000000000000000e+01
    },
    {
      "name": "external/total/micro/signextend/one",
      "family_index": 26,
      "per_family_instance_index": 0,
      "run_name": "external/total/micro/signextend/one",
      "run_type": "iteration",
      "repetitions": 20,
      "repetition_index": 2,
      "threads": 1,
      "iterations": 11933,
      "real_time": 5.7972461996141845e+01,
      "cpu_time": 5.9392075421100891e+01,
      "time_unit": "us",
      "code_size": 2.4041000000000000e+04,
      "execution_time_ns": 5.7938141372664038e+04,
      "gas_rate": 1.6174885170938065e+09,
      "gas_used": 9.6066000000000000e+04,
      "input_size": 3.2000000000000000e+01
    },
    {
      "name": "external/total/micro/signextend/one",
      "family_index": 26,
      "per_family_instance_index": 0,
      "run_name": "external/total/micro/signextend/one",
      "run_type": "iteration",
      "repetitions": 20,
      "repetition_index": 3,
      "threads": 1,
      "iterations": 11933,
      "real_time": 5.7016493589216836e+01,
      "cpu_time": 5.8416705773903843e+01,
      "time_unit": "us",
      "code_size": 2.4041000000000000e+04,
      "execution_time_ns": 5.6985808765607981e+04,
      "gas_rate": 1.6444953327531695e+09,
      "gas_used": 9.6066000000000000e+04,
      "input_size": 3.2000000000000000e+01
    },
    {
      "name": "external/total/micro/signextend/one",
      "family_index": 26,
      "per_family_instance_index": 0,
      "run_name": "external/total/micro/signextend/one",
      "run_type": "iteration",
      "repetitions": 20,
      "repetition_index": 4,
      "threads": 1,
      "iterations": 11933,
      "real_time": 5.6469297494375525e+01,
      "cpu_time": 5.7850433168522372e+01,
      "time_unit": "us",
      "code_size": 2.4041000000000000e+04,
      "execution_time_ns": 5.6440310651135507e+04,
      "gas_rate": 1.6605925787997646e+09,
      "gas_used": 9.6066000000000000e+04,
      "input_size": 3.2000000000000000e+01
    },
    {
      "name": "external/total/micro/signextend/one",
      "family_index": 26,
      "per_family_instance_index": 0,
      "run_name": "external/total/micro/signextend/one",
      "run_type": "iteration",
      "repetitions": 20,
      "repetition_index": 5,
      "threads": 1,
      "iterations": 11933,
      "real_time": 5.5032151763977701e+01,
      "cpu_time": 5.6382834827787249e+01,
      "time_unit": "us",
      "code_size": 2.4041000000000000e+04,
      "execution_time_ns": 5.5002388334869691e+04,
      "gas_rate": 1.7038164238002384e+09,
      "gas_used": 9.6066000000000000e+04,
      "input_size": 3.2000000000000000e+01
    },
    {
      "name": "external/total/micro/signextend/one",
      "family_index": 26,
      "per_family_instance_index": 0,
      "run_name": "external/total/micro/signextend/one",
      "run_type": "iteration",
      "repetitions": 20,
      "repetition_index": 6,
      "threads": 1,
      "iterations": 11933,
      "real_time": 5.4562263135845242e+01,
      "cpu_time": 5.5902321377693454e+01,
      "time_unit": "us",
      "code_size": 2.4041000000000000e+04,
      "execution_time_ns": 5.4532813626078940e+04,
      "gas_rate": 1.7184617316863863e+09,
      "gas_used": 9.6066000000000000e+04,
      "input_size": 3.2000000000000000e+01
    },
    {
      "name": "external/total/micro/signextend/one",
      "family_index": 26,
      "per_family_instance_index": 0,
      "run_name": "external/total/micro/signextend/one",
      "run_type": "iteration",
      "repetitions": 20,
      "repetition_index": 7,
      "threads": 1,
      "iterations": 11933,
      "real_time": 5.4553492667391808e+01,
      "cpu_time": 5.5887972513197440e+01,
      "time_unit": "us",
      "code_size": 2.4041000000000000e+04,
      "execution_time_ns": 5.4518628425375013e+04,
      "gas_rate": 1.7189029352838821e+09,
      "gas_used": 9.6066000000000000e+04,
      "input_size": 3.2000000000000000e+01
    },
    {
      "name": "external/total/micro/signextend/one",
      "family_index": 26,
      "per_family_instance_index": 0,
      "run_name": "external/total/micro/signextend/one",
      "run_type": "iteration",
      "repetitions": 20,
      "repetition_index": 8,
      "threads": 1,
      "iterations": 11933,
      "real_time": 5.4779839101685575e+01,
      "cpu_time": 5.6125013911001723e+01,
      "time_unit": "us",
      "code_size": 2.4041000000000000e+04,
      "execution_time_ns": 5.4749755300427387e+04,
      "gas_rate": 1.7116432283176498e+09,
      "gas_used": 9.6066000000000000e+04,
      "input_size": 3.2000000000000000e+01
    },
    {
      "name": "external/total/micro/signextend/one",
      "family_index": 26,
      "per_family_instance_index": 0,
      "run_name": "external/total/micro/signextend/one",
      "run_type": "iteration",
      "repetitions": 20,
      "repetition_index": 9,
      "threads": 1,
      "iterations": 11933,
      "real_time": 5.4652660269806304e+01,
      "cpu_time": 5.5993308137101131e+01,
      "time_unit": "us",
      "code_size": 2.4041000000000000e+04,
      "execution_time_ns": 5.4612693036118326e+04,
      "gas_rate": 1.7156693039957526e+09,
      "gas_used": 9.6066000000000000e+04,
      "input_size": 3.2000000000000000e+01
    },
    {
      "name": "external/total/micro/signextend/one",
      "family_index": 26,
      "per_family_instance_index": 0,
      "run_name": "external/total/micro/signextend/one",
      "run_type": "iteration",
      "repetitions": 20,
      "repetition_index": 10,
      "threads": 1,
      "iterations": 11933,
      "real_time": 5.5935392357330606e+01,
      "cpu_time": 5.7279234224420200e+01,
      "time_unit": "us",
      "code_size": 2.4041000000000000e+04,
      "execution_time_ns": 5.5899998407776751e+04,
      "gas_rate": 1.6771523100957172e+09,
      "gas_used": 9.6066000000000000e+04,
      "input_size": 3.2000000000000000e+01
    },
    {
      "name": "external/total/micro/signextend/one",
      "family_index": 26,
      "per_family_instance_index": 0,
      "run_name": "external/total/micro/signextend/one",
      "run_type": "iteration",
      "repetitions": 20,
      "repetition_index": 11,
      "threads": 1,
      "iterations": 11933,
      "real_time": 5.5230508338235666e+01,
      "cpu_time": 5.6537098550237801e+01,
      "time_unit": "us",
      "code_size": 2.4041000000000000e+04,
      "execution_time_ns": 5.5200528115310481e+04,
      "gas_rate": 1.6991674929097672e+09,
      "gas_used": 9.6066000000000000e+04,
      "input_size": 3.2000000000000000e+01
    },
    {
      "name": "external/total/micro/signextend/one",
      "family_index": 26,
      "per_family_instance_index": 0,
      "run_name": "external/total/micro/signextend/one",
      "run_type": "iteration",
      "repetitions": 20,
      "repetition_index": 12,
      "threads": 1,
      "iterations": 11933,
      "real_time": 5.5106160814504463e+01,
      "cpu_time": 5.6409410123186738e+01,
      "time_unit": "us",
      "code_size": 2.4041000000000000e+04,
      "execution_time_ns": 5.5073566747674515e+04,
      "gas_rate": 1.7030137310461376e+09,
      "gas_used": 9.6066000000000000e+04,
      "input_size": 3.2000000000000000e+01
    },
    {
      "name": "external/total/micro/signextend/one",
      "family_index": 26,
      "per_family_instance_index": 0,
      "run_name": "external/total/micro/signextend/one",
      "run_type": "iteration",
      "repetitions": 20,
      "repetition_index": 13,
      "threads": 1,
      "iterations": 11933,
      "real_time": 5.5290347607492578e+01,
      "cpu_time": 5.6591330344425465e+01,
      "time_unit": "us",
      "code_size": 2.4041000000000000e+04,
      "execution_time_ns": 5.5259627587362775e+04,
      "gas_rate": 1.6975391710236228e+09,
      "gas_used": 9.6066000000000000e+04,
      "input_size": 3.2000000000000000e+01
    },
    {
      "name": "external/total/micro/signextend/one",
      "family_index": 26,
      "per_family_instance_index": 0,
      "run_name": "external/total/micro/signextend/one",
      "run_type": "iteration",
      "repetitions": 20,
      "repetition_index": 14,
      "threads": 1,
      "iterations": 11933,
      "real_time": 5.6632748680083054e+01,
      "cpu_time": 5.7971947372830719e+01,
      "time_unit": "us",
      "code_size": 2.4041000000000000e+04,
      "execution_time_ns": 5.6595816307718094e+04,
      "gas_rate": 1.6571118334558923e+09,
      "gas_used": 9.6066000000000000e+04,
      "input_size": 3.2000000000000000e+01
    },
    {
      "name": "external/total/micro/signextend/one",
      "family_index": 26,
      "per_family_instance_index": 0,
      "run_name": "external/total/micro/signextend/one",
      "run_type": "iteration",
      "repetitions": 20,
      "repetition_index": 15,
      "threads": 1,
      "iterations": 11933,
      "real_time": 5.6959198944143651e+01,
      "cpu_time": 5.8306422944776351e+01,
      "time_unit": "us",
      "code_size": 2.4041000000000000e+04,
      "execution_time_ns": 5.6929541355903799e+04,
      "gas_rate": 1.6476057893482301e+09,
      "gas_used": 9.6066000000000000e+04,
      "input_size": 3.2000000000000000e+01
    },
    {
      "name": "external/total/micro/signextend/one",
      "family_index": 26,
      "per_family_instance_index": 0,
      "run_name": "external/total/micro/signextend/one",
      "run_type": "iteration",
      "repetitions": 20,
      "repetition_index": 16,
      "threads": 1,
      "iterations": 11933,
      "real_time": 5.6814450012611502e+01,
      "cpu_time": 5.8153393111543835e+01,
      "time_unit": "us",
      "code_size": 2.4041000000000000e+04,
      "execution_time_ns": 5.6742216793765190e+04,
      "gas_rate": 1.6519414407296257e+09,
      "gas_used": 9.6066000000000000e+04,
      "input_size": 3.2000000000000000e+01
    },
    {
      "name": "external/total/micro/signextend/one",
      "family_index": 26,
      "per_family_instance_index": 0,
      "run_name": "external/total/micro/signextend/one",
      "run_type": "iteration",
      "repetitions": 20,
      "repetition_index": 17,
      "threads": 1,
      "iterations": 11933,
      "real_time": 5.6305210760126876e+01,
      "cpu_time": 5.7636079862563719e+01,
      "time_unit": "us",
      "code_size": 2.4041000000000000e+04,
      "execution_time_ns": 5.6275406771138856e+04,
      "gas_rate": 1.6667684587340858e+09,
      "gas_used": 9.6066000000000000e+04,
      "input_size": 3.2000000000000000e+01
    },
    {
      "name": "external/total/micro/signextend/one",
      "family_index": 26,
      "per_family_instance_index": 0,
      "run_name": "external/total/micro/signextend/one",
      "run_type": "iteration",
      "repetitions": 20,
      "repetition_index": 18,
      "threads": 1,
      "iterations": 11933,
      "real_time": 5.6544853096398825e+01,
      "cpu_time": 5.7882214447330945e+01,
      "time_unit": "us",
      "code_size": 2.4041000000000000e+04,
      "execution_time_ns": 5.6515098550238836e+04,
      "gas_rate": 1.6596808003504050e+09,
      "gas_used": 9.6066000000000000e+04,
      "input_size": 3.2000000000000000e+01
    },
    {
      "name": "external/total/micro/signextend/one",
      "family_index": 26,
      "per_family_instance_index": 0,
      "run_name": "external/total/micro/signextend/one",
      "run_type": "iteration",
      "repetitions": 20,
      "repetition_index": 19,
      "threads": 1,
      "iterations": 11933,
      "real_time": 5.5477545797344639e+01,
      "cpu_time": 5.6785788485708139e+01,
      "time_unit": "us",
      "code_size": 2.4041000000000000e+04,
      "execution_time_ns": 5.5448151931618202e+04,
      "gas_rate": 1.6917260913648829e+09,
      "gas_used": 9.6066000000000000e+04,
      "input_size": 3.2000000000000000e+01
    },
    {
      "name": "external/total/micro/signextend/one_mean",
      "family_index": 26,
      "per_family_instance_index": 0,
      "run_name": "external/total/micro/signextend/one",
      "run_type": "aggregate",
      "repetitions": 20,
      "threads": 1,
      "aggregate_name": "mean",
      "aggregate_unit": "time",
      "iterations": 20,
      "real_time": 5.5993031974357720e+01,
      "cpu_time": 5.7341921151428664e+01,
      "time_unit": "us",
      "code_size": 2.4041000000000000e+04,
      "execution_time_ns": 5.5958322207324221e+04,
      "gas_rate": 1.6758926825263584e+09,
      "gas_used": 9.6066000000000000e+04,
      "input_size": 3.2000000000000000e+01
    },
    {
      "name": "external/total/micro/signextend/one_median",
      "family_index": 26,
      "per_family_instance_index": 0,
      "run_name": "external/total/micro/signextend/one",
      "run_type": "aggregate",
      "repetitions": 20,
      "threads": 1,
      "aggregate_name": "median",
      "aggregate_unit": "time",
      "iterations": 20,
      "real_time": 5.6120301558728741e+01,
      "cpu_time": 5.7457657043491963e+01,
      "time_unit": "us",
      "code_size": 2.4041000000000000e+04,
      "execution_time_ns": 5.6087702589457804e+04,
      "gas_rate": 1.6719603844149015e+09,
      "gas_used": 9.6066000000000000e+04,
      "input_size": 3.2000000000000000e+01
    },
    {
      "name": "external/total/micro/signextend/one_stddev",
      "family_index": 26,
      "per_family_instance_index": 0,
      "run_name": "external/total/micro/signextend/one",
      "run_type": "aggregate",
      "repetitions": 20,
      "threads": 1,
      "aggregate_name": "stddev",
      "aggregate_unit": "time",
      "iterations": 20,
      "real_time": 1.0653531122396969e+00,
      "cpu_time": 1.0904251245177194e+00,
      "time_unit": "us",
      "code_size": 0.0000000000000000e+00,
      "execution_time_ns": 1.0632560236228414e+03,
      "gas_rate": 3.1769779176219787e+07,
      "gas_used": 0.0000000000000000e+00,
      "input_size": 0.0000000000000000e+00
    },
    {
      "name": "external/total/micro/signextend/one_cv",
      "family_index": 26,
      "per_family_instance_index": 0,
      "run_name": "external/total/micro/signextend/one",
      "run_type": "aggregate",
      "repetitions": 20,
      "threads": 1,
      "aggregate_name": "cv",
      "aggregate_unit": "percentage",
      "iterations": 20,
      "real_time": 1.9026530171246669e-02,
      "cpu_time": 1.9016194480790460e-02,
      "time_unit": "us",
      "code_size": 0.0000000000000000e+00,
      "execution_time_ns": 1.9000856024301512e-02,
      "gas_rate": 1.8956929347246621e-02,
      "gas_used": 0.0000000000000000e+00,
      "input_size": 0.0000000000000000e+00
    }
  ]
}
