External VM: /home/abmcar/DTVM/.worktrees/perf-value-range-cfg-join/build/lib/libdtvmapi.so,mode=multipass
{
  "context": {
    "date": "2026-05-11T21:10:41+08:00",
    "host_name": "DESKTOP-67J5975",
    "executable": "/home/abmcar/evmone/build/bin/evmone-bench",
    "num_cpus": 20,
    "mhz_per_cpu": 3878,
    "cpu_scaling_enabled": false,
    "aslr_enabled": false,
    "caches": [
      {
        "type": "Data",
        "level": 1,
        "size": 49152,
        "num_sharing": 1
      },
      {
        "type": "Instruction",
        "level": 1,
        "size": 65536,
        "num_sharing": 1
      },
      {
        "type": "Unified",
        "level": 2,
        "size": 3145728,
        "num_sharing": 1
      },
      {
        "type": "Unified",
        "level": 3,
        "size": 31457280,
        "num_sharing": 20
      }
    ],
    "load_avg": [0.862793,0.805664,0.938965],
    "library_version": "v1.9.4",
    "library_build_type": "release",
    "json_schema_version": 1
  },
  "benchmarks": [
    {
      "name": "external/total/main/blake2b_huff/empty",
      "family_index": 0,
      "per_family_instance_index": 0,
      "run_name": "external/total/main/blake2b_huff/empty",
      "run_type": "iteration",
      "repetitions": 20,
      "repetition_index": 0,
      "threads": 1,
      "iterations": 77817,
      "real_time": 8.6879844249964684e+00,
      "cpu_time": 8.9567508513563912e+00,
      "time_unit": "us",
      "code_size": 1.4363000000000000e+04,
      "execution_time_ns": 8.6663108960766931e+03,
      "gas_rate": 1.5612804500286276e+09,
      "gas_used": 1.3984000000000000e+04,
      "input_size": 6.4000000000000000e+01
    },
    {
      "name": "external/total/main/blake2b_huff/empty",
      "family_index": 0,
      "per_family_instance_index": 0,
      "run_name": "external/total/main/blake2b_huff/empty",
      "run_type": "iteration",
      "repetitions": 20,
      "repetition_index": 1,
      "threads": 1,
      "iterations": 77817,
      "real_time": 8.6008482850743260e+00,
      "cpu_time": 8.8668015986224127e+00,
      "time_unit": "us",
      "code_size": 1.4363000000000000e+04,
      "execution_time_ns": 8.5789190536772167e+03,
      "gas_rate": 1.5771188567219796e+09,
      "gas_used": 1.3984000000000000e+04,
      "input_size": 6.4000000000000000e+01
    },
    {
      "name": "external/total/main/blake2b_huff/empty",
      "family_index": 0,
      "per_family_instance_index": 0,
      "run_name": "external/total/main/blake2b_huff/empty",
      "run_type": "iteration",
      "repetitions": 20,
      "repetition_index": 2,
      "threads": 1,
      "iterations": 77817,
      "real_time": 8.7496585964538198e+00,
      "cpu_time": 9.0110937455825937e+00,
      "time_unit": "us",
      "code_size": 1.4363000000000000e+04,
      "execution_time_ns": 8.7284911266175768e+03,
      "gas_rate": 1.5518648895263371e+09,
      "gas_used": 1.3984000000000000e+04,
      "input_size": 6.4000000000000000e+01
    },
    {
      "name": "external/total/main/blake2b_huff/empty",
      "family_index": 0,
      "per_family_instance_index": 0,
      "run_name": "external/total/main/blake2b_huff/empty",
      "run_type": "iteration",
      "repetitions": 20,
      "repetition_index": 3,
      "threads": 1,
      "iterations": 77817,
      "real_time": 8.6504905997440069e+00,
      "cpu_time": 8.9179998072400704e+00,
      "time_unit": "us",
      "code_size": 1.4363000000000000e+04,
      "execution_time_ns": 8.6294650911754507e+03,
      "gas_rate": 1.5680646223660042e+09,
      "gas_used": 1.3984000000000000e+04,
      "input_size": 6.4000000000000000e+01
    },
    {
      "name": "external/total/main/blake2b_huff/empty",
      "family_index": 0,
      "per_family_instance_index": 0,
      "run_name": "external/total/main/blake2b_huff/empty",
      "run_type": "iteration",
      "repetitions": 20,
      "repetition_index": 4,
      "threads": 1,
      "iterations": 77817,
      "real_time": 8.7359652775102372e+00,
      "cpu_time": 9.0060962257604462e+00,
      "time_unit": "us",
      "code_size": 1.4363000000000000e+04,
      "execution_time_ns": 8.7149698523458883e+03,
      "gas_rate": 1.5527260257336676e+09,
      "gas_used": 1.3984000000000000e+04,
      "input_size": 6.4000000000000000e+01
    },
    {
      "name": "external/total/main/blake2b_huff/empty",
      "family_index": 0,
      "per_family_instance_index": 0,
      "run_name": "external/total/main/blake2b_huff/empty",
      "run_type": "iteration",
      "repetitions": 20,
      "repetition_index": 5,
      "threads": 1,
      "iterations": 77817,
      "real_time": 8.7708558027133581e+00,
      "cpu_time": 9.0418969890897820e+00,
      "time_unit": "us",
      "code_size": 1.4363000000000000e+04,
      "execution_time_ns": 8.7471411645270309e+03,
      "gas_rate": 1.5465781148439872e+09,
      "gas_used": 1.3984000000000000e+04,
      "input_size": 6.4000000000000000e+01
    },
    {
      "name": "external/total/main/blake2b_huff/empty",
      "family_index": 0,
      "per_family_instance_index": 0,
      "run_name": "external/total/main/blake2b_huff/empty",
      "run_type": "iteration",
      "repetitions": 20,
      "repetition_index": 6,
      "threads": 1,
      "iterations": 77817,
      "real_time": 8.7486583008898222e+00,
      "cpu_time": 9.0075456519783579e+00,
      "time_unit": "us",
      "code_size": 1.4363000000000000e+04,
      "execution_time_ns": 8.7270947479342558e+03,
      "gas_rate": 1.5524761727883828e+09,
      "gas_used": 1.3984000000000000e+04,
      "input_size": 6.4000000000000000e+01
    },
    {
      "name": "external/total/main/blake2b_huff/empty",
      "family_index": 0,
      "per_family_instance_index": 0,
      "run_name": "external/total/main/blake2b_huff/empty",
      "run_type": "iteration",
      "repetitions": 20,
      "repetition_index": 7,
      "threads": 1,
      "iterations": 77817,
      "real_time": 8.8518871583320546e+00,
      "cpu_time": 9.0529758536052505e+00,
      "time_unit": "us",
      "code_size": 1.4363000000000000e+04,
      "execution_time_ns": 8.8300431782258383e+03,
      "gas_rate": 1.5446854411338148e+09,
      "gas_used": 1.3984000000000000e+04,
      "input_size": 6.4000000000000000e+01
    },
    {
      "name": "external/total/main/blake2b_huff/empty",
      "family_index": 0,
      "per_family_instance_index": 0,
      "run_name": "external/total/main/blake2b_huff/empty",
      "run_type": "iteration",
      "repetitions": 20,
      "repetition_index": 8,
      "threads": 1,
      "iterations": 77817,
      "real_time": 8.7548250896325381e+00,
      "cpu_time": 8.9532818150275535e+00,
      "time_unit": "us",
      "code_size": 1.4363000000000000e+04,
      "execution_time_ns": 8.7331521646940892e+03,
      "gas_rate": 1.5618853833606224e+09,
      "gas_used": 1.3984000000000000e+04,
      "input_size": 6.4000000000000000e+01
    },
    {
      "name": "external/total/main/blake2b_huff/empty",
      "family_index": 0,
      "per_family_instance_index": 0,
      "run_name": "external/total/main/blake2b_huff/empty",
      "run_type": "iteration",
      "repetitions": 20,
      "repetition_index": 9,
      "threads": 1,
      "iterations": 77817,
      "real_time": 8.6968754642300556e+00,
      "cpu_time": 8.8924525874808857e+00,
      "time_unit": "us",
      "code_size": 1.4363000000000000e+04,
      "execution_time_ns": 8.6745290232211464e+03,
      "gas_rate": 1.5725695315696344e+09,
      "gas_used": 1.3984000000000000e+04,
      "input_size": 6.4000000000000000e+01
    },
    {
      "name": "external/total/main/blake2b_huff/empty",
      "family_index": 0,
      "per_family_instance_index": 0,
      "run_name": "external/total/main/blake2b_huff/empty",
      "run_type": "iteration",
      "repetitions": 20,
      "repetition_index": 10,
      "threads": 1,
      "iterations": 77817,
      "real_time": 8.7379323412579879e+00,
      "cpu_time": 8.9344315894984536e+00,
      "time_unit": "us",
      "code_size": 1.4363000000000000e+04,
      "execution_time_ns": 8.7136168832003295e+03,
      "gas_rate": 1.5651807123843017e+09,
      "gas_used": 1.3984000000000000e+04,
      "input_size": 6.4000000000000000e+01
    },
    {
      "name": "external/total/main/blake2b_huff/empty",
      "family_index": 0,
      "per_family_instance_index": 0,
      "run_name": "external/total/main/blake2b_huff/empty",
      "run_type": "iteration",
      "repetitions": 20,
      "repetition_index": 11,
      "threads": 1,
      "iterations": 77817,
      "real_time": 8.6875297557071232e+00,
      "cpu_time": 8.8828934551576104e+00,
      "time_unit": "us",
      "code_size": 1.4363000000000000e+04,
      "execution_time_ns": 8.6618522559337925e+03,
      "gas_rate": 1.5742618180206327e+09,
      "gas_used": 1.3984000000000000e+04,
      "input_size": 6.4000000000000000e+01
    },
    {
      "name": "external/total/main/blake2b_huff/empty",
      "family_index": 0,
      "per_family_instance_index": 0,
      "run_name": "external/total/main/blake2b_huff/empty",
      "run_type": "iteration",
      "repetitions": 20,
      "repetition_index": 12,
      "threads": 1,
      "iterations": 77817,
      "real_time": 8.7528045157195375e+00,
      "cpu_time": 8.9496370844416973e+00,
      "time_unit": "us",
      "code_size": 1.4363000000000000e+04,
      "execution_time_ns": 8.7306578768135496e+03,
      "gas_rate": 1.5625214595919404e+09,
      "gas_used": 1.3984000000000000e+04,
      "input_size": 6.4000000000000000e+01
    },
    {
      "name": "external/total/main/blake2b_huff/empty",
      "family_index": 0,
      "per_family_instance_index": 0,
      "run_name": "external/total/main/blake2b_huff/empty",
      "run_type": "iteration",
      "repetitions": 20,
      "repetition_index": 13,
      "threads": 1,
      "iterations": 77817,
      "real_time": 8.6979643908165265e+00,
      "cpu_time": 8.8929667810375577e+00,
      "time_unit": "us",
      "code_size": 1.4363000000000000e+04,
      "execution_time_ns": 8.6744688692702111e+03,
      "gas_rate": 1.5724786052072110e+09,
      "gas_used": 1.3984000000000000e+04,
      "input_size": 6.4000000000000000e+01
    },
    {
      "name": "external/total/main/blake2b_huff/empty",
      "family_index": 0,
      "per_family_instance_index": 0,
      "run_name": "external/total/main/blake2b_huff/empty",
      "run_type": "iteration",
      "repetitions": 20,
      "repetition_index": 14,
      "threads": 1,
      "iterations": 77817,
      "real_time": 8.6810402996746205e+00,
      "cpu_time": 8.8761908580387221e+00,
      "time_unit": "us",
      "code_size": 1.4363000000000000e+04,
      "execution_time_ns": 8.6571159643779629e+03,
      "gas_rate": 1.5754505760019109e+09,
      "gas_used": 1.3984000000000000e+04,
      "input_size": 6.4000000000000000e+01
    },
    {
      "name": "external/total/main/blake2b_huff/empty",
      "family_index": 0,
      "per_family_instance_index": 0,
      "run_name": "external/total/main/blake2b_huff/empty",
      "run_type": "iteration",
      "repetitions": 20,
      "repetition_index": 15,
      "threads": 1,
      "iterations": 77817,
      "real_time": 8.6533964043790697e+00,
      "cpu_time": 8.8479973784648625e+00,
      "time_unit": "us",
      "code_size": 1.4363000000000000e+04,
      "execution_time_ns": 8.6304359844249975e+03,
      "gas_rate": 1.5804706310193596e+09,
      "gas_used": 1.3984000000000000e+04,
      "input_size": 6.4000000000000000e+01
    },
    {
      "name": "external/total/main/blake2b_huff/empty",
      "family_index": 0,
      "per_family_instance_index": 0,
      "run_name": "external/total/main/blake2b_huff/empty",
      "run_type": "iteration",
      "repetitions": 20,
      "repetition_index": 16,
      "threads": 1,
      "iterations": 77817,
      "real_time": 8.7993013865871390e+00,
      "cpu_time": 8.9971818497243579e+00,
      "time_unit": "us",
      "code_size": 1.4363000000000000e+04,
      "execution_time_ns": 8.7776451032550722e+03,
      "gas_rate": 1.5542644612021954e+09,
      "gas_used": 1.3984000000000000e+04,
      "input_size": 6.4000000000000000e+01
    },
    {
      "name": "external/total/main/blake2b_huff/empty",
      "family_index": 0,
      "per_family_instance_index": 0,
      "run_name": "external/total/main/blake2b_huff/empty",
      "run_type": "iteration",
      "repetitions": 20,
      "repetition_index": 17,
      "threads": 1,
      "iterations": 77817,
      "real_time": 8.9390677743882492e+00,
      "cpu_time": 9.1400971895601000e+00,
      "time_unit": "us",
      "code_size": 1.4363000000000000e+04,
      "execution_time_ns": 8.9165137566341546e+03,
      "gas_rate": 1.5299618494180398e+09,
      "gas_used": 1.3984000000000000e+04,
      "input_size": 6.4000000000000000e+01
    },
    {
      "name": "external/total/main/blake2b_huff/empty",
      "family_index": 0,
      "per_family_instance_index": 0,
      "run_name": "external/total/main/blake2b_huff/empty",
      "run_type": "iteration",
      "repetitions": 20,
      "repetition_index": 18,
      "threads": 1,
      "iterations": 77817,
      "real_time": 8.8708220568699030e+00,
      "cpu_time": 9.0703011038719090e+00,
      "time_unit": "us",
      "code_size": 1.4363000000000000e+04,
      "execution_time_ns": 8.8488630247889287e+03,
      "gas_rate": 1.5417349258703816e+09,
      "gas_used": 1.3984000000000000e+04,
      "input_size": 6.4000000000000000e+01
    },
    {
      "name": "external/total/main/blake2b_huff/empty",
      "family_index": 0,
      "per_family_instance_index": 0,
      "run_name": "external/total/main/blake2b_huff/empty",
      "run_type": "iteration",
      "repetitions": 20,
      "repetition_index": 19,
      "threads": 1,
      "iterations": 77817,
      "real_time": 8.8400084171752802e+00,
      "cpu_time": 9.0388023311101762e+00,
      "time_unit": "us",
      "code_size": 1.4363000000000000e+04,
      "execution_time_ns": 8.8177755503296194e+03,
      "gas_rate": 1.5471076241892366e+09,
      "gas_used": 1.3984000000000000e+04,
      "input_size": 6.4000000000000000e+01
    },
    {
      "name": "external/total/main/blake2b_huff/empty_mean",
      "family_index": 0,
      "per_family_instance_index": 0,
      "run_name": "external/total/main/blake2b_huff/empty",
      "run_type": "aggregate",
      "repetitions": 20,
      "threads": 1,
      "aggregate_name": "mean",
      "aggregate_unit": "time",
      "iterations": 20,
      "real_time": 8.7453958171076067e+00,
      "cpu_time": 8.9668697373324591e+00,
      "time_unit": "us",
      "code_size": 1.4363000000000000e+04,
      "execution_time_ns": 8.7229530783761911e+03,
      "gas_rate": 1.5596341075489135e+09,
      "gas_used": 1.3984000000000000e+04,
      "input_size": 6.4000000000000000e+01
    },
    {
      "name": "external/total/main/blake2b_huff/empty_median",
      "family_index": 0,
      "per_family_instance_index": 0,
      "run_name": "external/total/main/blake2b_huff/empty",
      "run_type": "aggregate",
      "repetitions": 20,
      "threads": 1,
      "aggregate_name": "median",
      "aggregate_unit": "time",
      "iterations": 20,
      "real_time": 8.7432953210739051e+00,
      "cpu_time": 8.9550163331919723e+00,
      "time_unit": "us",
      "code_size": 1.4363000000000000e+04,
      "execution_time_ns": 8.7210323001400720e+03,
      "gas_rate": 1.5615829166946249e+09,
      "gas_used": 1.3984000000000000e+04,
      "input_size": 6.4000000000000000e+01
    },
    {
      "name": "external/total/main/blake2b_huff/empty_stddev",
      "family_index": 0,
      "per_family_instance_index": 0,
      "run_name": "external/total/main/blake2b_huff/empty",
      "run_type": "aggregate",
      "repetitions": 20,
      "threads": 1,
      "aggregate_name": "stddev",
      "aggregate_unit": "time",
      "iterations": 20,
      "real_time": 8.3084871363719101e-02,
      "cpu_time": 7.9284390762581189e-02,
      "time_unit": "us",
      "code_size": 0.0000000000000000e+00,
      "execution_time_ns": 8.3266858546112786e+01,
      "gas_rate": 1.3753616559525678e+07,
      "gas_used": 0.0000000000000000e+00,
      "input_size": 0.0000000000000000e+00
    },
    {
      "name": "external/total/main/blake2b_huff/empty_cv",
      "family_index": 0,
      "per_family_instance_index": 0,
      "run_name": "external/total/main/blake2b_huff/empty",
      "run_type": "aggregate",
      "repetitions": 20,
      "threads": 1,
      "aggregate_name": "cv",
      "aggregate_unit": "percentage",
      "iterations": 20,
      "real_time": 9.5004129145521091e-03,
      "cpu_time": 8.8419251182483873e-03,
      "time_unit": "us",
      "code_size": 0.0000000000000000e+00,
      "execution_time_ns": 9.5457189552615607e-03,
      "gas_rate": 8.8184892167692836e-03,
      "gas_used": 0.0000000000000000e+00,
      "input_size": 0.0000000000000000e+00
    },
    {
      "name": "external/total/main/blake2b_huff/8415nulls",
      "family_index": 1,
      "per_family_instance_index": 0,
      "run_name": "external/total/main/blake2b_huff/8415nulls",
      "run_type": "iteration",
      "repetitions": 20,
      "repetition_index": 0,
      "threads": 1,
      "iterations": 1294,
      "real_time": 5.5043923570284528e+02,
      "cpu_time": 5.5543737557959844e+02,
      "time_unit": "us",
      "code_size": 1.4363000000000000e+04,
      "execution_time_ns": 5.5037704250386404e+05,
      "gas_rate": 1.5841983969512334e+09,
      "gas_used": 8.7992300000000000e+05,
      "input_size": 8.4790000000000000e+03
    },
    {
      "name": "external/total/main/blake2b_huff/8415nulls",
      "family_index": 1,
      "per_family_instance_index": 0,
      "run_name": "external/total/main/blake2b_huff/8415nulls",
      "run_type": "iteration",
      "repetitions": 20,
      "repetition_index": 1,
      "threads": 1,
      "iterations": 1294,
      "real_time": 5.5377115455932199e+02,
      "cpu_time": 5.5358362055641305e+02,
      "time_unit": "us",
      "code_size": 1.4363000000000000e+04,
      "execution_time_ns": 1.1879101352395671e+06,
      "gas_rate": 1.5895033149925563e+09,
      "gas_used": 8.7992300000000000e+05,
      "input_size": 8.4790000000000000e+03
    },
    {
      "name": "external/total/main/blake2b_huff/8415nulls",
      "family_index": 1,
      "per_family_instance_index": 0,
      "run_name": "external/total/main/blake2b_huff/8415nulls",
      "run_type": "iteration",
      "repetitions": 20,
      "repetition_index": 2,
      "threads": 1,
      "iterations": 1294,
      "real_time": 5.4468047990701143e+02,
      "cpu_time": 5.4451790803709582e+02,
      "time_unit": "us",
      "code_size": 1.4363000000000000e+04,
      "execution_time_ns": 5.4461967774343118e+05,
      "gas_rate": 1.6159670545492039e+09,
      "gas_used": 8.7992300000000000e+05,
      "input_size": 8.4790000000000000e+03
    },
    {
      "name": "external/total/main/blake2b_huff/8415nulls",
      "family_index": 1,
      "per_family_instance_index": 0,
      "run_name": "external/total/main/blake2b_huff/8415nulls",
      "run_type": "iteration",
      "repetitions": 20,
      "repetition_index": 3,
      "threads": 1,
      "iterations": 1294,
      "real_time": 5.4550487867110746e+02,
      "cpu_time": 5.4532988021638459e+02,
      "time_unit": "us",
      "code_size": 1.4363000000000000e+04,
      "execution_time_ns": 5.4544162673879438e+05,
      "gas_rate": 1.6135609507603915e+09,
      "gas_used": 8.7992300000000000e+05,
      "input_size": 8.4790000000000000e+03
    },
    {
      "name": "external/total/main/blake2b_huff/8415nulls",
      "family_index": 1,
      "per_family_instance_index": 0,
      "run_name": "external/total/main/blake2b_huff/8415nulls",
      "run_type": "iteration",
      "repetitions": 20,
      "repetition_index": 4,
      "threads": 1,
      "iterations": 1294,
      "real_time": 5.3523341421942018e+02,
      "cpu_time": 5.3563828284389626e+02,
      "time_unit": "us",
      "code_size": 1.4363000000000000e+04,
      "execution_time_ns": 5.3517214451313752e+05,
      "gas_rate": 1.6427559944523985e+09,
      "gas_used": 8.7992300000000000e+05,
      "input_size": 8.4790000000000000e+03
    },
    {
      "name": "external/total/main/blake2b_huff/8415nulls",
      "family_index": 1,
      "per_family_instance_index": 0,
      "run_name": "external/total/main/blake2b_huff/8415nulls",
      "run_type": "iteration",
      "repetitions": 20,
      "repetition_index": 5,
      "threads": 1,
      "iterations": 1294,
      "real_time": 5.3207578284405292e+02,
      "cpu_time": 5.4404399922720427e+02,
      "time_unit": "us",
      "code_size": 1.4363000000000000e+04,
      "execution_time_ns": 5.3201220865533233e+05,
      "gas_rate": 1.6173746999321752e+09,
      "gas_used": 8.7992300000000000e+05,
      "input_size": 8.4790000000000000e+03
    },
    {
      "name": "external/total/main/blake2b_huff/8415nulls",
      "family_index": 1,
      "per_family_instance_index": 0,
      "run_name": "external/total/main/blake2b_huff/8415nulls",
      "run_type": "iteration",
      "repetitions": 20,
      "repetition_index": 6,
      "threads": 1,
      "iterations": 1294,
      "real_time": 5.3360905100438902e+02,
      "cpu_time": 5.4560921097372625e+02,
      "time_unit": "us",
      "code_size": 1.4363000000000000e+04,
      "execution_time_ns": 5.3352433307573420e+05,
      "gas_rate": 1.6127348701273530e+09,
      "gas_used": 8.7992300000000000e+05,
      "input_size": 8.4790000000000000e+03
    },
    {
      "name": "external/total/main/blake2b_huff/8415nulls",
      "family_index": 1,
      "per_family_instance_index": 0,
      "run_name": "external/total/main/blake2b_huff/8415nulls",
      "run_type": "iteration",
      "repetitions": 20,
      "repetition_index": 7,
      "threads": 1,
      "iterations": 1294,
      "real_time": 5.3220541731080539e+02,
      "cpu_time": 5.4417707805254781e+02,
      "time_unit": "us",
      "code_size": 1.4363000000000000e+04,
      "execution_time_ns": 5.3214803554868628e+05,
      "gas_rate": 1.6169791699955270e+09,
      "gas_used": 8.7992300000000000e+05,
      "input_size": 8.4790000000000000e+03
    },
    {
      "name": "external/total/main/blake2b_huff/8415nulls",
      "family_index": 1,
      "per_family_instance_index": 0,
      "run_name": "external/total/main/blake2b_huff/8415nulls",
      "run_type": "iteration",
      "repetitions": 20,
      "repetition_index": 8,
      "threads": 1,
      "iterations": 1294,
      "real_time": 5.3556124806851403e+02,
      "cpu_time": 5.4152096290571706e+02,
      "time_unit": "us",
      "code_size": 1.4363000000000000e+04,
      "execution_time_ns": 5.3550041576506954e+05,
      "gas_rate": 1.6249103179283595e+09,
      "gas_used": 8.7992300000000000e+05,
      "input_size": 8.4790000000000000e+03
    },
    {
      "name": "external/total/main/blake2b_huff/8415nulls",
      "family_index": 1,
      "per_family_instance_index": 0,
      "run_name": "external/total/main/blake2b_huff/8415nulls",
      "run_type": "iteration",
      "repetitions": 20,
      "repetition_index": 9,
      "threads": 1,
      "iterations": 1294,
      "real_time": 5.3678706646068542e+02,
      "cpu_time": 5.4885644435857932e+02,
      "time_unit": "us",
      "code_size": 1.4363000000000000e+04,
      "execution_time_ns": 5.3671996522411134e+05,
      "gas_rate": 1.6031933469020691e+09,
      "gas_used": 8.7992300000000000e+05,
      "input_size": 8.4790000000000000e+03
    },
    {
      "name": "external/total/main/blake2b_huff/8415nulls",
      "family_index": 1,
      "per_family_instance_index": 0,
      "run_name": "external/total/main/blake2b_huff/8415nulls",
      "run_type": "iteration",
      "repetitions": 20,
      "repetition_index": 10,
      "threads": 1,
      "iterations": 1294,
      "real_time": 5.3738951004606361e+02,
      "cpu_time": 5.4947771947449894e+02,
      "time_unit": "us",
      "code_size": 1.4363000000000000e+04,
      "execution_time_ns": 5.3733337248840800e+05,
      "gas_rate": 1.6013806726167665e+09,
      "gas_used": 8.7992300000000000e+05,
      "input_size": 8.4790000000000000e+03
    },
    {
      "name": "external/total/main/blake2b_huff/8415nulls",
      "family_index": 1,
      "per_family_instance_index": 0,
      "run_name": "external/total/main/blake2b_huff/8415nulls",
      "run_type": "iteration",
      "repetitions": 20,
      "repetition_index": 11,
      "threads": 1,
      "iterations": 1294,
      "real_time": 5.3611808500763198e+02,
      "cpu_time": 5.4923023879443667e+02,
      "time_unit": "us",
      "code_size": 1.4363000000000000e+04,
      "execution_time_ns": 5.3606133925811434e+05,
      "gas_rate": 1.6021022475591216e+09,
      "gas_used": 8.7992300000000000e+05,
      "input_size": 8.4790000000000000e+03
    },
    {
      "name": "external/total/main/blake2b_huff/8415nulls",
      "family_index": 1,
      "per_family_instance_index": 0,
      "run_name": "external/total/main/blake2b_huff/8415nulls",
      "run_type": "iteration",
      "repetitions": 20,
      "repetition_index": 12,
      "threads": 1,
      "iterations": 1294,
      "real_time": 5.3174973183862539e+02,
      "cpu_time": 5.5280464296754246e+02,
      "time_unit": "us",
      "code_size": 1.4363000000000000e+04,
      "execution_time_ns": 5.3169441421947454e+05,
      "gas_rate": 1.5917431432493668e+09,
      "gas_used": 8.7992300000000000e+05,
      "input_size": 8.4790000000000000e+03
    },
    {
      "name": "external/total/main/blake2b_huff/8415nulls",
      "family_index": 1,
      "per_family_instance_index": 0,
      "run_name": "external/total/main/blake2b_huff/8415nulls",
      "run_type": "iteration",
      "repetitions": 20,
      "repetition_index": 13,
      "threads": 1,
      "iterations": 1294,
      "real_time": 5.3083611978334909e+02,
      "cpu_time": 5.5185436862442077e+02,
      "time_unit": "us",
      "code_size": 1.4363000000000000e+04,
      "execution_time_ns": 5.3078049381761975e+05,
      "gas_rate": 1.5944840704864566e+09,
      "gas_used": 8.7992300000000000e+05,
      "input_size": 8.4790000000000000e+03
    },
    {
      "name": "external/total/main/blake2b_huff/8415nulls",
      "family_index": 1,
      "per_family_instance_index": 0,
      "run_name": "external/total/main/blake2b_huff/8415nulls",
      "run_type": "iteration",
      "repetitions": 20,
      "repetition_index": 14,
      "threads": 1,
      "iterations": 1294,
      "real_time": 5.2620067697033699e+02,
      "cpu_time": 5.4703535625965833e+02,
      "time_unit": "us",
      "code_size": 1.4363000000000000e+04,
      "execution_time_ns": 5.2614336862442037e+05,
      "gas_rate": 1.6085303992349842e+09,
      "gas_used": 8.7992300000000000e+05,
      "input_size": 8.4790000000000000e+03
    },
    {
      "name": "external/total/main/blake2b_huff/8415nulls",
      "family_index": 1,
      "per_family_instance_index": 0,
      "run_name": "external/total/main/blake2b_huff/8415nulls",
      "run_type": "iteration",
      "repetitions": 20,
      "repetition_index": 15,
      "threads": 1,
      "iterations": 1294,
      "real_time": 5.2764702704777278e+02,
      "cpu_time": 5.4852344744976858e+02,
      "time_unit": "us",
      "code_size": 1.4363000000000000e+04,
      "execution_time_ns": 5.2759120865533233e+05,
      "gas_rate": 1.6041666114566226e+09,
      "gas_used": 8.7992300000000000e+05,
      "input_size": 8.4790000000000000e+03
    },
    {
      "name": "external/total/main/blake2b_huff/8415nulls",
      "family_index": 1,
      "per_family_instance_index": 0,
      "run_name": "external/total/main/blake2b_huff/8415nulls",
      "run_type": "iteration",
      "repetitions": 20,
      "repetition_index": 16,
      "threads": 1,
      "iterations": 1294,
      "real_time": 5.0944031916478536e+02,
      "cpu_time": 5.2960541576506830e+02,
      "time_unit": "us",
      "code_size": 1.4363000000000000e+04,
      "execution_time_ns": 5.0938594667697063e+05,
      "gas_rate": 1.6614690367712021e+09,
      "gas_used": 8.7992300000000000e+05,
      "input_size": 8.4790000000000000e+03
    },
    {
      "name": "external/total/main/blake2b_huff/8415nulls",
      "family_index": 1,
      "per_family_instance_index": 0,
      "run_name": "external/total/main/blake2b_huff/8415nulls",
      "run_type": "iteration",
      "repetitions": 20,
      "repetition_index": 17,
      "threads": 1,
      "iterations": 1294,
      "real_time": 5.1617049613609004e+02,
      "cpu_time": 5.3659551313755799e+02,
      "time_unit": "us",
      "code_size": 1.4363000000000000e+04,
      "execution_time_ns": 5.1611452163833077e+05,
      "gas_rate": 1.6398254895106232e+09,
      "gas_used": 8.7992300000000000e+05,
      "input_size": 8.4790000000000000e+03
    },
    {
      "name": "external/total/main/blake2b_huff/8415nulls",
      "family_index": 1,
      "per_family_instance_index": 0,
      "run_name": "external/total/main/blake2b_huff/8415nulls",
      "run_type": "iteration",
      "repetitions": 20,
      "repetition_index": 18,
      "threads": 1,
      "iterations": 1294,
      "real_time": 5.1518879289037056e+02,
      "cpu_time": 5.3558803323029133e+02,
      "time_unit": "us",
      "code_size": 1.4363000000000000e+04,
      "execution_time_ns": 5.1512737248840806e+05,
      "gas_rate": 1.6429101201027992e+09,
      "gas_used": 8.7992300000000000e+05,
      "input_size": 8.4790000000000000e+03
    },
    {
      "name": "external/total/main/blake2b_huff/8415nulls",
      "family_index": 1,
      "per_family_instance_index": 0,
      "run_name": "external/total/main/blake2b_huff/8415nulls",
      "run_type": "iteration",
      "repetitions": 20,
      "repetition_index": 19,
      "threads": 1,
      "iterations": 1294,
      "real_time": 5.1854995054097617e+02,
      "cpu_time": 5.3567357496136037e+02,
      "time_unit": "us",
      "code_size": 1.4363000000000000e+04,
      "execution_time_ns": 5.1849227743431221e+05,
      "gas_rate": 1.6426477637308714e+09,
      "gas_used": 8.7992300000000000e+05,
      "input_size": 8.4790000000000000e+03
    },
    {
      "name": "external/total/main/blake2b_huff/8415nulls_mean",
      "family_index": 1,
      "per_family_instance_index": 0,
      "run_name": "external/total/main/blake2b_huff/8415nulls",
      "run_type": "aggregate",
      "repetitions": 20,
      "threads": 1,
      "aggregate_name": "mean",
      "aggregate_unit": "time",
      "iterations": 20,
      "real_time": 5.3245792190870782e+02,
      "cpu_time": 5.4475515367078833e+02,
      "time_unit": "us",
      "code_size": 1.4363000000000000e+04,
      "execution_time_ns": 5.6410749501545599e+05,
      "gas_rate": 1.6155218835655043e+09,
      "gas_used": 8.7992300000000000e+05,
      "input_size": 8.4790000000000000e+03
    },
    {
      "name": "external/total/main/blake2b_huff/8415nulls_median",
      "family_index": 1,
      "per_family_instance_index": 0,
      "run_name": "external/total/main/blake2b_huff/8415nulls",
      "run_type": "aggregate",
      "repetitions": 20,
      "threads": 1,
      "aggregate_name": "median",
      "aggregate_unit": "time",
      "iterations": 20,
      "real_time": 5.3290723415759726e+02,
      "cpu_time": 5.4546954559505537e+02,
      "time_unit": "us",
      "code_size": 1.4363000000000000e+04,
      "execution_time_ns": 5.3283618431221019e+05,
      "gas_rate": 1.6131479104438722e+09,
      "gas_used": 8.7992300000000000e+05,
      "input_size": 8.4790000000000000e+03
    },
    {
      "name": "external/total/main/blake2b_huff/8415nulls_stddev",
      "family_index": 1,
      "per_family_instance_index": 0,
      "run_name": "external/total/main/blake2b_huff/8415nulls",
      "run_type": "aggregate",
      "repetitions": 20,
      "threads": 1,
      "aggregate_name": "stddev",
      "aggregate_unit": "time",
      "iterations": 20,
      "real_time": 1.1527307670139921e+01,
      "cpu_time": 7.0484507145292543e+00,
      "time_unit": "us",
      "code_size": 0.0000000000000000e+00,
      "execution_time_ns": 1.4719411005430666e+05,
      "gas_rate": 2.1040015956486244e+07,
      "gas_used": 0.0000000000000000e+00,
      "input_size": 0.0000000000000000e+00
    },
    {
      "name": "external/total/main/blake2b_huff/8415nulls_cv",
      "family_index": 1,
      "per_family_instance_index": 0,
      "run_name": "external/total/main/blake2b_huff/8415nulls",
      "run_type": "aggregate",
      "repetitions": 20,
      "threads": 1,
      "aggregate_name": "cv",
      "aggregate_unit": "percentage",
      "iterations": 20,
      "real_time": 2.1649236861417807e-02,
      "cpu_time": 1.2938749944876780e-02,
      "time_unit": "us",
      "code_size": 0.0000000000000000e+00,
      "execution_time_ns": 2.6093273242234388e-01,
      "gas_rate": 1.3023665089605787e-02,
      "gas_used": 0.0000000000000000e+00,
      "input_size": 0.0000000000000000e+00
    },
    {
      "name": "external/total/main/blake2b_shifts/8415nulls",
      "family_index": 2,
      "per_family_instance_index": 0,
      "run_name": "external/total/main/blake2b_shifts/8415nulls",
      "run_type": "iteration",
      "repetitions": 20,
      "repetition_index": 0,
      "threads": 1,
      "iterations": 293,
      "real_time": 2.3469689419778556e+03,
      "cpu_time": 2.3997314948805520e+03,
      "time_unit": "us",
      "code_size": 5.7120000000000000e+03,
      "execution_time_ns": 2.3468471604095562e+06,
      "gas_rate": 5.0185218745064030e+09,
      "gas_used": 1.2043105000000000e+07,
      "input_size": 8.5470000000000000e+03
    },
    {
      "name": "external/total/main/blake2b_shifts/8415nulls",
      "family_index": 2,
      "per_family_instance_index": 0,
      "run_name": "external/total/main/blake2b_shifts/8415nulls",
      "run_type": "iteration",
      "repetitions": 20,
      "repetition_index": 1,
      "threads": 1,
      "iterations": 293,
      "real_time": 2.3760585255974079e+03,
      "cpu_time": 2.4294811706484720e+03,
      "time_unit": "us",
      "code_size": 5.7120000000000000e+03,
      "execution_time_ns": 2.3758228498293515e+06,
      "gas_rate": 4.9570686719030952e+09,
      "gas_used": 1.2043105000000000e+07,
      "input_size": 8.5470000000000000e+03
    },
    {
      "name": "external/total/main/blake2b_shifts/8415nulls",
      "family_index": 2,
      "per_family_instance_index": 0,
      "run_name": "external/total/main/blake2b_shifts/8415nulls",
      "run_type": "iteration",
      "repetitions": 20,
      "repetition_index": 2,
      "threads": 1,
      "iterations": 293,
      "real_time": 2.3809330750861150e+03,
      "cpu_time": 2.4368121262798572e+03,
      "time_unit": "us",
      "code_size": 5.7120000000000000e+03,
      "execution_time_ns": 2.3808220853242320e+06,
      "gas_rate": 4.9421557247359591e+09,
      "gas_used": 1.2043105000000000e+07,
      "input_size": 8.5470000000000000e+03
    },
    {
      "name": "external/total/main/blake2b_shifts/8415nulls",
      "family_index": 2,
      "per_family_instance_index": 0,
      "run_name": "external/total/main/blake2b_shifts/8415nulls",
      "run_type": "iteration",
      "repetitions": 20,
      "repetition_index": 3,
      "threads": 1,
      "iterations": 293,
      "real_time": 2.3928045870314781e+03,
      "cpu_time": 2.4492805426621303e+03,
      "time_unit": "us",
      "code_size": 5.7120000000000000e+03,
      "execution_time_ns": 2.3926761843003412e+06,
      "gas_rate": 4.9169969671625748e+09,
      "gas_used": 1.2043105000000000e+07,
      "input_size": 8.5470000000000000e+03
    },
    {
      "name": "external/total/main/blake2b_shifts/8415nulls",
      "family_index": 2,
      "per_family_instance_index": 0,
      "run_name": "external/total/main/blake2b_shifts/8415nulls",
      "run_type": "iteration",
      "repetitions": 20,
      "repetition_index": 4,
      "threads": 1,
      "iterations": 293,
      "real_time": 2.3697103310594239e+03,
      "cpu_time": 2.4256901945392719e+03,
      "time_unit": "us",
      "code_size": 5.7120000000000000e+03,
      "execution_time_ns": 2.3695672116040955e+06,
      "gas_rate": 4.9648157984525433e+09,
      "gas_used": 1.2043105000000000e+07,
      "input_size": 8.5470000000000000e+03
    },
    {
      "name": "external/total/main/blake2b_shifts/8415nulls",
      "family_index": 2,
      "per_family_instance_index": 0,
      "run_name": "external/total/main/blake2b_shifts/8415nulls",
      "run_type": "iteration",
      "repetitions": 20,
      "repetition_index": 5,
      "threads": 1,
      "iterations": 293,
      "real_time": 2.3754371535836817e+03,
      "cpu_time": 2.4315548430034241e+03,
      "time_unit": "us",
      "code_size": 5.7120000000000000e+03,
      "execution_time_ns": 2.3753171194539247e+06,
      "gas_rate": 4.9528411973322039e+09,
      "gas_used": 1.2043105000000000e+07,
      "input_size": 8.5470000000000000e+03
    },
    {
      "name": "external/total/main/blake2b_shifts/8415nulls",
      "family_index": 2,
      "per_family_instance_index": 0,
      "run_name": "external/total/main/blake2b_shifts/8415nulls",
      "run_type": "iteration",
      "repetitions": 20,
      "repetition_index": 6,
      "threads": 1,
      "iterations": 293,
      "real_time": 2.3986965290079484e+03,
      "cpu_time": 2.4553305733788425e+03,
      "time_unit": "us",
      "code_size": 5.7120000000000000e+03,
      "execution_time_ns": 2.3985251604095562e+06,
      "gas_rate": 4.9048812940194769e+09,
      "gas_used": 1.2043105000000000e+07,
      "input_size": 8.5470000000000000e+03
    },
    {
      "name": "external/total/main/blake2b_shifts/8415nulls",
      "family_index": 2,
      "per_family_instance_index": 0,
      "run_name": "external/total/main/blake2b_shifts/8415nulls",
      "run_type": "iteration",
      "repetitions": 20,
      "repetition_index": 7,
      "threads": 1,
      "iterations": 293,
      "real_time": 2.3481451604100512e+03,
      "cpu_time": 2.4035961808873872e+03,
      "time_unit": "us",
      "code_size": 5.7120000000000000e+03,
      "execution_time_ns": 2.3479610580204776e+06,
      "gas_rate": 5.0104527107185659e+09,
      "gas_used": 1.2043105000000000e+07,
      "input_size": 8.5470000000000000e+03
    },
    {
      "name": "external/total/main/blake2b_shifts/8415nulls",
      "family_index": 2,
      "per_family_instance_index": 0,
      "run_name": "external/total/main/blake2b_shifts/8415nulls",
      "run_type": "iteration",
      "repetitions": 20,
      "repetition_index": 8,
      "threads": 1,
      "iterations": 293,
      "real_time": 2.3453575563119903e+03,
      "cpu_time": 2.4007200955631456e+03,
      "time_unit": "us",
      "code_size": 5.7120000000000000e+03,
      "execution_time_ns": 2.3452317679180889e+06,
      "gas_rate": 5.0164552803374624e+09,
      "gas_used": 1.2043105000000000e+07,
      "input_size": 8.5470000000000000e+03
    },
    {
      "name": "external/total/main/blake2b_shifts/8415nulls",
      "family_index": 2,
      "per_family_instance_index": 0,
      "run_name": "external/total/main/blake2b_shifts/8415nulls",
      "run_type": "iteration",
      "repetitions": 20,
      "repetition_index": 9,
      "threads": 1,
      "iterations": 293,
      "real_time": 2.3388855870321295e+03,
      "cpu_time": 2.3940544368600622e+03,
      "time_unit": "us",
      "code_size": 5.7120000000000000e+03,
      "execution_time_ns": 2.3387647474402729e+06,
      "gas_rate": 5.0304223724316034e+09,
      "gas_used": 1.2043105000000000e+07,
      "input_size": 8.5470000000000000e+03
    },
    {
      "name": "external/total/main/blake2b_shifts/8415nulls",
      "family_index": 2,
      "per_family_instance_index": 0,
      "run_name": "external/total/main/blake2b_shifts/8415nulls",
      "run_type": "iteration",
      "repetitions": 20,
      "repetition_index": 10,
      "threads": 1,
      "iterations": 293,
      "real_time": 2.3356426143331155e+03,
      "cpu_time": 2.3908183583617774e+03,
      "time_unit": "us",
      "code_size": 5.7120000000000000e+03,
      "execution_time_ns": 2.3355340921501708e+06,
      "gas_rate": 5.0372312718278217e+09,
      "gas_used": 1.2043105000000000e+07,
      "input_size": 8.5470000000000000e+03
    },
    {
      "name": "external/total/main/blake2b_shifts/8415nulls",
      "family_index": 2,
      "per_family_instance_index": 0,
      "run_name": "external/total/main/blake2b_shifts/8415nulls",
      "run_type": "iteration",
      "repetitions": 20,
      "repetition_index": 11,
      "threads": 1,
      "iterations": 293,
      "real_time": 2.3572929590433541e+03,
      "cpu_time": 2.4129509795221879e+03,
      "time_unit": "us",
      "code_size": 5.7120000000000000e+03,
      "execution_time_ns": 2.3571709215017064e+06,
      "gas_rate": 4.9910276264231329e+09,
      "gas_used": 1.2043105000000000e+07,
      "input_size": 8.5470000000000000e+03
    },
    {
      "name": "external/total/main/blake2b_shifts/8415nulls",
      "family_index": 2,
      "per_family_instance_index": 0,
      "run_name": "external/total/main/blake2b_shifts/8415nulls",
      "run_type": "iteration",
      "repetitions": 20,
      "repetition_index": 12,
      "threads": 1,
      "iterations": 293,
      "real_time": 2.3402541706493184e+03,
      "cpu_time": 2.3955416621160530e+03,
      "time_unit": "us",
      "code_size": 5.7120000000000000e+03,
      "execution_time_ns": 2.3401457303754268e+06,
      "gas_rate": 5.0272993329458389e+09,
      "gas_used": 1.2043105000000000e+07,
      "input_size": 8.5470000000000000e+03
    },
    {
      "name": "external/total/main/blake2b_shifts/8415nulls",
      "family_index": 2,
      "per_family_instance_index": 0,
      "run_name": "external/total/main/blake2b_shifts/8415nulls",
      "run_type": "iteration",
      "repetitions": 20,
      "repetition_index": 13,
      "threads": 1,
      "iterations": 293,
      "real_time": 2.3469633242308478e+03,
      "cpu_time": 2.4019949829351535e+03,
      "time_unit": "us",
      "code_size": 5.7120000000000000e+03,
      "execution_time_ns": 2.3468425733788395e+06,
      "gas_rate": 5.0137927371037836e+09,
      "gas_used": 1.2043105000000000e+07,
      "input_size": 8.5470000000000000e+03
    },
    {
      "name": "external/total/main/blake2b_shifts/8415nulls",
      "family_index": 2,
      "per_family_instance_index": 0,
      "run_name": "external/total/main/blake2b_shifts/8415nulls",
      "run_type": "iteration",
      "repetitions": 20,
      "repetition_index": 14,
      "threads": 1,
      "iterations": 293,
      "real_time": 2.3941751194536946e+03,
      "cpu_time": 2.4495479829351552e+03,
      "time_unit": "us",
      "code_size": 5.7120000000000000e+03,
      "execution_time_ns": 2.3940542286689421e+06,
      "gas_rate": 4.9164601321952581e+09,
      "gas_used": 1.2043105000000000e+07,
      "input_size": 8.5470000000000000e+03
    },
    {
      "name": "external/total/main/blake2b_shifts/8415nulls",
      "family_index": 2,
      "per_family_instance_index": 0,
      "run_name": "external/total/main/blake2b_shifts/8415nulls",
      "run_type": "iteration",
      "repetitions": 20,
      "repetition_index": 15,
      "threads": 1,
      "iterations": 293,
      "real_time": 2.3851393481220657e+03,
      "cpu_time": 2.4402754573378652e+03,
      "time_unit": "us",
      "code_size": 5.7120000000000000e+03,
      "execution_time_ns": 2.3850323105802047e+06,
      "gas_rate": 4.9351416307477074e+09,
      "gas_used": 1.2043105000000000e+07,
      "input_size": 8.5470000000000000e+03
    },
    {
      "name": "external/total/main/blake2b_shifts/8415nulls",
      "family_index": 2,
      "per_family_instance_index": 0,
      "run_name": "external/total/main/blake2b_shifts/8415nulls",
      "run_type": "iteration",
      "repetitions": 20,
      "repetition_index": 16,
      "threads": 1,
      "iterations": 293,
      "real_time": 2.3906604675756375e+03,
      "cpu_time": 2.4459293276450662e+03,
      "time_unit": "us",
      "code_size": 5.7120000000000000e+03,
      "execution_time_ns": 2.3905475187713308e+06,
      "gas_rate": 4.9237338396833677e+09,
      "gas_used": 1.2043105000000000e+07,
      "input_size": 8.5470000000000000e+03
    },
    {
      "name": "external/total/main/blake2b_shifts/8415nulls",
      "family_index": 2,
      "per_family_instance_index": 0,
      "run_name": "external/total/main/blake2b_shifts/8415nulls",
      "run_type": "iteration",
      "repetitions": 20,
      "repetition_index": 17,
      "threads": 1,
      "iterations": 293,
      "real_time": 2.3993272423238013e+03,
      "cpu_time": 2.4547375290102323e+03,
      "time_unit": "us",
      "code_size": 5.7120000000000000e+03,
      "execution_time_ns": 2.3992086621160409e+06,
      "gas_rate": 4.9060662729411507e+09,
      "gas_used": 1.2043105000000000e+07,
      "input_size": 8.5470000000000000e+03
    },
    {
      "name": "external/total/main/blake2b_shifts/8415nulls",
      "family_index": 2,
      "per_family_instance_index": 0,
      "run_name": "external/total/main/blake2b_shifts/8415nulls",
      "run_type": "iteration",
      "repetitions": 20,
      "repetition_index": 18,
      "threads": 1,
      "iterations": 293,
      "real_time": 2.3741229078485098e+03,
      "cpu_time": 2.4290316075085193e+03,
      "time_unit": "us",
      "code_size": 5.7120000000000000e+03,
      "execution_time_ns": 2.3739636279863482e+06,
      "gas_rate": 4.9579861220302219e+09,
      "gas_used": 1.2043105000000000e+07,
      "input_size": 8.5470000000000000e+03
    },
    {
      "name": "external/total/main/blake2b_shifts/8415nulls",
      "family_index": 2,
      "per_family_instance_index": 0,
      "run_name": "external/total/main/blake2b_shifts/8415nulls",
      "run_type": "iteration",
      "repetitions": 20,
      "repetition_index": 19,
      "threads": 1,
      "iterations": 293,
      "real_time": 2.3806325255963648e+03,
      "cpu_time": 2.4356499999999805e+03,
      "time_unit": "us",
      "code_size": 5.7120000000000000e+03,
      "execution_time_ns": 2.3805304232081911e+06,
      "gas_rate": 4.9445137848213406e+09,
      "gas_used": 1.2043105000000000e+07,
      "input_size": 8.5470000000000000e+03
    },
    {
      "name": "external/total/main/blake2b_shifts/8415nulls_mean",
      "family_index": 2,
      "per_family_instance_index": 0,
      "run_name": "external/total/main/blake2b_shifts/8415nulls",
      "run_type": "aggregate",
      "repetitions": 20,
      "threads": 1,
      "aggregate_name": "mean",
      "aggregate_unit": "time",
      "iterations": 20,
      "real_time": 2.3688604063137400e+03,
      "cpu_time": 2.4241364773037571e+03,
      "time_unit": "us",
      "code_size": 5.7120000000000000e+03,
      "execution_time_ns": 2.3687282716723545e+06,
      "gas_rate": 4.9683932321159754e+09,
      "gas_used": 1.2043105000000000e+07,
      "input_size": 8.5470000000000000e+03
    },
    {
      "name": "external/total/main/blake2b_shifts/8415nulls_median",
      "family_index": 2,
      "per_family_instance_index": 0,
      "run_name": "external/total/main/blake2b_shifts/8415nulls",
      "run_type": "aggregate",
      "repetitions": 20,
      "threads": 1,
      "aggregate_name": "median",
      "aggregate_unit": "time",
      "iterations": 20,
      "real_time": 2.3747800307160960e+03,
      "cpu_time": 2.4292563890784959e+03,
      "time_unit": "us",
      "code_size": 5.7120000000000000e+03,
      "execution_time_ns": 2.3746403737201365e+06,
      "gas_rate": 4.9575273969666586e+09,
      "gas_used": 1.2043105000000000e+07,
      "input_size": 8.5470000000000000e+03
    },
    {
      "name": "external/total/main/blake2b_shifts/8415nulls_stddev",
      "family_index": 2,
      "per_family_instance_index": 0,
      "run_name": "external/total/main/blake2b_shifts/8415nulls",
      "run_type": "aggregate",
      "repetitions": 20,
      "threads": 1,
      "aggregate_name": "stddev",
      "aggregate_unit": "time",
      "iterations": 20,
      "real_time": 2.1854663723365650e+01,
      "cpu_time": 2.2171522546551479e+01,
      "time_unit": "us",
      "code_size": 0.0000000000000000e+00,
      "execution_time_ns": 2.1851720979422676e+04,
      "gas_rate": 4.5496392063389860e+07,
      "gas_used": 0.0000000000000000e+00,
      "input_size": 0.0000000000000000e+00
    },
    {
      "name": "external/total/main/blake2b_shifts/8415nulls_cv",
      "family_index": 2,
      "per_family_instance_index": 0,
      "run_name": "external/total/main/blake2b_shifts/8415nulls",
      "run_type": "aggregate",
      "repetitions": 20,
      "threads": 1,
      "aggregate_name": "cv",
      "aggregate_unit": "percentage",
      "iterations": 20,
      "real_time": 9.2258132497450105e-03,
      "cpu_time": 9.1461527657930100e-03,
      "time_unit": "us",
      "code_size": 0.0000000000000000e+00,
      "execution_time_ns": 9.2250855620493195e-03,
      "gas_rate": 9.1571640846176590e-03,
      "gas_used": 0.0000000000000000e+00,
      "input_size": 0.0000000000000000e+00
    },
    {
      "name": "external/total/main/sha1_divs/empty",
      "family_index": 3,
      "per_family_instance_index": 0,
      "run_name": "external/total/main/sha1_divs/empty",
      "run_type": "iteration",
      "repetitions": 20,
      "repetition_index": 0,
      "threads": 1,
      "iterations": 169860,
      "real_time": 3.9842827151771512e+00,
      "cpu_time": 4.0764323442835435e+00,
      "time_unit": "us",
      "code_size": 1.8420000000000000e+03,
      "execution_time_ns": 3.9647416401742612e+03,
      "gas_rate": 8.9426235789538174e+09,
      "gas_used": 3.6454000000000000e+04,
      "input_size": 6.8000000000000000e+01
    },
    {
      "name": "external/total/main/sha1_divs/empty",
      "family_index": 3,
      "per_family_instance_index": 0,
      "run_name": "external/total/main/sha1_divs/empty",
      "run_type": "iteration",
      "repetitions": 20,
      "repetition_index": 1,
      "threads": 1,
      "iterations": 169860,
      "real_time": 4.0107380195469871e+00,
      "cpu_time": 4.1031303367478902e+00,
      "time_unit": "us",
      "code_size": 1.8420000000000000e+03,
      "execution_time_ns": 3.9905854939361830e+03,
      "gas_rate": 8.8844362738165321e+09,
      "gas_used": 3.6454000000000000e+04,
      "input_size": 6.8000000000000000e+01
    },
    {
      "name": "external/total/main/sha1_divs/empty",
      "family_index": 3,
      "per_family_instance_index": 0,
      "run_name": "external/total/main/sha1_divs/empty",
      "run_type": "iteration",
      "repetitions": 20,
      "repetition_index": 2,
      "threads": 1,
      "iterations": 169860,
      "real_time": 3.9904240138929792e+00,
      "cpu_time": 4.0826865183091918e+00,
      "time_unit": "us",
      "code_size": 1.8420000000000000e+03,
      "execution_time_ns": 3.9703023666548925e+03,
      "gas_rate": 8.9289245785878029e+09,
      "gas_used": 3.6454000000000000e+04,
      "input_size": 6.8000000000000000e+01
    },
    {
      "name": "external/total/main/sha1_divs/empty",
      "family_index": 3,
      "per_family_instance_index": 0,
      "run_name": "external/total/main/sha1_divs/empty",
      "run_type": "iteration",
      "repetitions": 20,
      "repetition_index": 3,
      "threads": 1,
      "iterations": 169860,
      "real_time": 3.9905843459328905e+00,
      "cpu_time": 4.0828136170964235e+00,
      "time_unit": "us",
      "code_size": 1.8420000000000000e+03,
      "execution_time_ns": 3.9711747910043564e+03,
      "gas_rate": 8.9286466194175682e+09,
      "gas_used": 3.6454000000000000e+04,
      "input_size": 6.8000000000000000e+01
    },
    {
      "name": "external/total/main/sha1_divs/empty",
      "family_index": 3,
      "per_family_instance_index": 0,
      "run_name": "external/total/main/sha1_divs/empty",
      "run_type": "iteration",
      "repetitions": 20,
      "repetition_index": 4,
      "threads": 1,
      "iterations": 169860,
      "real_time": 4.0063377251815453e+00,
      "cpu_time": 4.0791004121040739e+00,
      "time_unit": "us",
      "code_size": 1.8420000000000000e+03,
      "execution_time_ns": 3.9868323854939363e+03,
      "gas_rate": 8.9367743661883450e+09,
      "gas_used": 3.6454000000000000e+04,
      "input_size": 6.8000000000000000e+01
    },
    {
      "name": "external/total/main/sha1_divs/empty",
      "family_index": 3,
      "per_family_instance_index": 0,
      "run_name": "external/total/main/sha1_divs/empty",
      "run_type": "iteration",
      "repetitions": 20,
      "repetition_index": 5,
      "threads": 1,
      "iterations": 169860,
      "real_time": 4.0195769516074966e+00,
      "cpu_time": 4.0694815318497337e+00,
      "time_unit": "us",
      "code_size": 1.8420000000000000e+03,
      "execution_time_ns": 4.0001215000588718e+03,
      "gas_rate": 8.9578978832299232e+09,
      "gas_used": 3.6454000000000000e+04,
      "input_size": 6.8000000000000000e+01
    },
    {
      "name": "external/total/main/sha1_divs/empty",
      "family_index": 3,
      "per_family_instance_index": 0,
      "run_name": "external/total/main/sha1_divs/empty",
      "run_type": "iteration",
      "repetitions": 20,
      "repetition_index": 6,
      "threads": 1,
      "iterations": 169860,
      "real_time": 4.0590435947289389e+00,
      "cpu_time": 4.1094996703167466e+00,
      "time_unit": "us",
      "code_size": 1.8420000000000000e+03,
      "execution_time_ns": 8.1653058047804070e+03,
      "gas_rate": 8.8706662427327194e+09,
      "gas_used": 3.6454000000000000e+04,
      "input_size": 6.8000000000000000e+01
    },
    {
      "name": "external/total/main/sha1_divs/empty",
      "family_index": 3,
      "per_family_instance_index": 0,
      "run_name": "external/total/main/sha1_divs/empty",
      "run_type": "iteration",
      "repetitions": 20,
      "repetition_index": 7,
      "threads": 1,
      "iterations": 169860,
      "real_time": 4.1128448310385153e+00,
      "cpu_time": 4.1639725538678807e+00,
      "time_unit": "us",
      "code_size": 1.8420000000000000e+03,
      "execution_time_ns": 4.0928604674437775e+03,
      "gas_rate": 8.7546206245135250e+09,
      "gas_used": 3.6454000000000000e+04,
      "input_size": 6.8000000000000000e+01
    },
    {
      "name": "external/total/main/sha1_divs/empty",
      "family_index": 3,
      "per_family_instance_index": 0,
      "run_name": "external/total/main/sha1_divs/empty",
      "run_type": "iteration",
      "repetitions": 20,
      "repetition_index": 8,
      "threads": 1,
      "iterations": 169860,
      "real_time": 4.0859854468360650e+00,
      "cpu_time": 4.1365878605911091e+00,
      "time_unit": "us",
      "code_size": 1.8420000000000000e+03,
      "execution_time_ns": 4.0655759684446016e+03,
      "gas_rate": 8.8125772323836994e+09,
      "gas_used": 3.6454000000000000e+04,
      "input_size": 6.8000000000000000e+01
    },
    {
      "name": "external/total/main/sha1_divs/empty",
      "family_index": 3,
      "per_family_instance_index": 0,
      "run_name": "external/total/main/sha1_divs/empty",
      "run_type": "iteration",
      "repetitions": 20,
      "repetition_index": 9,
      "threads": 1,
      "iterations": 169860,
      "real_time": 4.0959869186425442e+00,
      "cpu_time": 4.1468541916872610e+00,
      "time_unit": "us",
      "code_size": 1.8420000000000000e+03,
      "execution_time_ns": 4.0763679853997410e+03,
      "gas_rate": 8.7907600110646019e+09,
      "gas_used": 3.6454000000000000e+04,
      "input_size": 6.8000000000000000e+01
    },
    {
      "name": "external/total/main/sha1_divs/empty",
      "family_index": 3,
      "per_family_instance_index": 0,
      "run_name": "external/total/main/sha1_divs/empty",
      "run_type": "iteration",
      "repetitions": 20,
      "repetition_index": 10,
      "threads": 1,
      "iterations": 169860,
      "real_time": 4.0989454374154723e+00,
      "cpu_time": 4.1498159248793103e+00,
      "time_unit": "us",
      "code_size": 1.8420000000000000e+03,
      "execution_time_ns": 4.0787183327446132e+03,
      "gas_rate": 8.7844860253795948e+09,
      "gas_used": 3.6454000000000000e+04,
      "input_size": 6.8000000000000000e+01
    },
    {
      "name": "external/total/main/sha1_divs/empty",
      "family_index": 3,
      "per_family_instance_index": 0,
      "run_name": "external/total/main/sha1_divs/empty",
      "run_type": "iteration",
      "repetitions": 20,
      "repetition_index": 11,
      "threads": 1,
      "iterations": 169860,
      "real_time": 4.1220322559765492e+00,
      "cpu_time": 4.1830721064405969e+00,
      "time_unit": "us",
      "code_size": 1.8420000000000000e+03,
      "execution_time_ns": 4.1003390439185214e+03,
      "gas_rate": 8.7146477690098782e+09,
      "gas_used": 3.6454000000000000e+04,
      "input_size": 6.8000000000000000e+01
    },
    {
      "name": "external/total/main/sha1_divs/empty",
      "family_index": 3,
      "per_family_instance_index": 0,
      "run_name": "external/total/main/sha1_divs/empty",
      "run_type": "iteration",
      "repetitions": 20,
      "repetition_index": 12,
      "threads": 1,
      "iterations": 169860,
      "real_time": 4.0627654126916415e+00,
      "cpu_time": 4.1544433180266207e+00,
      "time_unit": "us",
      "code_size": 1.8420000000000000e+03,
      "execution_time_ns": 4.0431366713764278e+03,
      "gas_rate": 8.7747014965451031e+09,
      "gas_used": 3.6454000000000000e+04,
      "input_size": 6.8000000000000000e+01
    },
    {
      "name": "external/total/main/sha1_divs/empty",
      "family_index": 3,
      "per_family_instance_index": 0,
      "run_name": "external/total/main/sha1_divs/empty",
      "run_type": "iteration",
      "repetitions": 20,
      "repetition_index": 13,
      "threads": 1,
      "iterations": 169860,
      "real_time": 3.9940413281515879e+00,
      "cpu_time": 4.0842762039326601e+00,
      "time_unit": "us",
      "code_size": 1.8420000000000000e+03,
      "execution_time_ns": 3.9742096079123985e+03,
      "gas_rate": 8.9254492546070309e+09,
      "gas_used": 3.6454000000000000e+04,
      "input_size": 6.8000000000000000e+01
    },
    {
      "name": "external/total/main/sha1_divs/empty",
      "family_index": 3,
      "per_family_instance_index": 0,
      "run_name": "external/total/main/sha1_divs/empty",
      "run_type": "iteration",
      "repetitions": 20,
      "repetition_index": 14,
      "threads": 1,
      "iterations": 169860,
      "real_time": 3.9862430177831389e+00,
      "cpu_time": 4.0762996291063383e+00,
      "time_unit": "us",
      "code_size": 1.8420000000000000e+03,
      "execution_time_ns": 3.9670424820440362e+03,
      "gas_rate": 8.9429147307289429e+09,
      "gas_used": 3.6454000000000000e+04,
      "input_size": 6.8000000000000000e+01
    },
    {
      "name": "external/total/main/sha1_divs/empty",
      "family_index": 3,
      "per_family_instance_index": 0,
      "run_name": "external/total/main/sha1_divs/empty",
      "run_type": "iteration",
      "repetitions": 20,
      "repetition_index": 15,
      "threads": 1,
      "iterations": 169860,
      "real_time": 3.9765998587037115e+00,
      "cpu_time": 4.0663875191334071e+00,
      "time_unit": "us",
      "code_size": 1.8420000000000000e+03,
      "execution_time_ns": 3.9575603202637467e+03,
      "gas_rate": 8.9647137240301094e+09,
      "gas_used": 3.6454000000000000e+04,
      "input_size": 6.8000000000000000e+01
    },
    {
      "name": "external/total/main/sha1_divs/empty",
      "family_index": 3,
      "per_family_instance_index": 0,
      "run_name": "external/total/main/sha1_divs/empty",
      "run_type": "iteration",
      "repetitions": 20,
      "repetition_index": 16,
      "threads": 1,
      "iterations": 169860,
      "real_time": 4.0240479041537007e+00,
      "cpu_time": 4.1354541563640597e+00,
      "time_unit": "us",
      "code_size": 1.8420000000000000e+03,
      "execution_time_ns": 4.0048052690450959e+03,
      "gas_rate": 8.8149931353732586e+09,
      "gas_used": 3.6454000000000000e+04,
      "input_size": 6.8000000000000000e+01
    },
    {
      "name": "external/total/main/sha1_divs/empty",
      "family_index": 3,
      "per_family_instance_index": 0,
      "run_name": "external/total/main/sha1_divs/empty",
      "run_type": "iteration",
      "repetitions": 20,
      "repetition_index": 17,
      "threads": 1,
      "iterations": 169860,
      "real_time": 3.9957967149404201e+00,
      "cpu_time": 4.1106341752031437e+00,
      "time_unit": "us",
      "code_size": 1.8420000000000000e+03,
      "execution_time_ns": 3.9763368774284704e+03,
      "gas_rate": 8.8682180039040985e+09,
      "gas_used": 3.6454000000000000e+04,
      "input_size": 6.8000000000000000e+01
    },
    {
      "name": "external/total/main/sha1_divs/empty",
      "family_index": 3,
      "per_family_instance_index": 0,
      "run_name": "external/total/main/sha1_divs/empty",
      "run_type": "iteration",
      "repetitions": 20,
      "repetition_index": 18,
      "threads": 1,
      "iterations": 169860,
      "real_time": 3.9254967561483061e+00,
      "cpu_time": 4.0383609325326946e+00,
      "time_unit": "us",
      "code_size": 1.8420000000000000e+03,
      "execution_time_ns": 3.9062493053102553e+03,
      "gas_rate": 9.0269296402730274e+09,
      "gas_used": 3.6454000000000000e+04,
      "input_size": 6.8000000000000000e+01
    },
    {
      "name": "external/total/main/sha1_divs/empty",
      "family_index": 3,
      "per_family_instance_index": 0,
      "run_name": "external/total/main/sha1_divs/empty",
      "run_type": "iteration",
      "repetitions": 20,
      "repetition_index": 19,
      "threads": 1,
      "iterations": 169860,
      "real_time": 3.9302850406215533e+00,
      "cpu_time": 4.0431614741552195e+00,
      "time_unit": "us",
      "code_size": 1.8420000000000000e+03,
      "execution_time_ns": 3.9113190450959614e+03,
      "gas_rate": 9.0162117523680458e+09,
      "gas_used": 3.6454000000000000e+04,
      "input_size": 6.8000000000000000e+01
    },
    {
      "name": "external/total/main/sha1_divs/empty_mean",
      "family_index": 3,
      "per_family_instance_index": 0,
      "run_name": "external/total/main/sha1_divs/empty",
      "run_type": "aggregate",
      "repetitions": 20,
      "threads": 1,
      "aggregate_name": "mean",
      "aggregate_unit": "time",
      "iterations": 20,
      "real_time": 4.0236029144585590e+00,
      "cpu_time": 4.1046232238313953e+00,
      "time_unit": "us",
      "code_size": 1.8420000000000000e+03,
      "execution_time_ns": 4.2101792679265282e+03,
      "gas_rate": 8.8820596471553822e+09,
      "gas_used": 3.6454000000000000e+04,
      "input_size": 6.8000000000000000e+01
    },
    {
      "name": "external/total/main/sha1_divs/empty_median",
      "family_index": 3,
      "per_family_instance_index": 0,
      "run_name": "external/total/main/sha1_divs/empty",
      "run_type": "aggregate",
      "repetitions": 20,
      "threads": 1,
      "aggregate_name": "median",
      "aggregate_unit": "time",
      "iterations": 20,
      "real_time": 4.0085378723642666e+00,
      "cpu_time": 4.0937032703402760e+00,
      "time_unit": "us",
      "code_size": 1.8420000000000000e+03,
      "execution_time_ns": 3.9887089397150594e+03,
      "gas_rate": 8.9049427642117805e+09,
      "gas_used": 3.6454000000000000e+04,
      "input_size": 6.8000000000000000e+01
    },
    {
      "name": "external/total/main/sha1_divs/empty_stddev",
      "family_index": 3,
      "per_family_instance_index": 0,
      "run_name": "external/total/main/sha1_divs/empty",
      "run_type": "aggregate",
      "repetitions": 20,
      "threads": 1,
      "aggregate_name": "stddev",
      "aggregate_unit": "time",
      "iterations": 20,
      "real_time": 5.7606663258662684e-02,
      "cpu_time": 4.1360584842243316e-02,
      "time_unit": "us",
      "code_size": 0.0000000000000000e+00,
      "execution_time_ns": 9.3265759510252030e+02,
      "gas_rate": 8.9290718344929144e+07,
      "gas_used": 0.0000000000000000e+00,
      "input_size": 0.0000000000000000e+00
    },
    {
      "name": "external/total/main/sha1_divs/empty_cv",
      "family_index": 3,
      "per_family_instance_index": 0,
      "run_name": "external/total/main/sha1_divs/empty",
      "run_type": "aggregate",
      "repetitions": 20,
      "threads": 1,
      "aggregate_name": "cv",
      "aggregate_unit": "percentage",
      "iterations": 20,
      "real_time": 1.4317183997371316e-02,
      "cpu_time": 1.0076585008364284e-02,
      "time_unit": "us",
      "code_size": 0.0000000000000000e+00,
      "execution_time_ns": 2.2152443773774150e-01,
      "gas_rate": 1.0052929375848752e-02,
      "gas_used": 0.0000000000000000e+00,
      "input_size": 0.0000000000000000e+00
    },
    {
      "name": "external/total/main/sha1_divs/5311",
      "family_index": 4,
      "per_family_instance_index": 0,
      "run_name": "external/total/main/sha1_divs/5311",
      "run_type": "iteration",
      "repetitions": 20,
      "repetition_index": 0,
      "threads": 1,
      "iterations": 2458,
      "real_time": 2.7579902278270725e+02,
      "cpu_time": 2.8372894711147342e+02,
      "time_unit": "us",
      "code_size": 1.8420000000000000e+03,
      "execution_time_ns": 2.7575155573637102e+05,
      "gas_rate": 1.0574479729843098e+10,
      "gas_used": 3.0002860000000000e+06,
      "input_size": 5.3790000000000000e+03
    },
    {
      "name": "external/total/main/sha1_divs/5311",
      "family_index": 4,
      "per_family_instance_index": 0,
      "run_name": "external/total/main/sha1_divs/5311",
      "run_type": "iteration",
      "repetitions": 20,
      "repetition_index": 1,
      "threads": 1,
      "iterations": 2458,
      "real_time": 2.7536570423111669e+02,
      "cpu_time": 2.8327723474369566e+02,
      "time_unit": "us",
      "code_size": 1.8420000000000000e+03,
      "execution_time_ns": 2.7532108868999186e+05,
      "gas_rate": 1.0591341738825596e+10,
      "gas_used": 3.0002860000000000e+06,
      "input_size": 5.3790000000000000e+03
    },
    {
      "name": "external/total/main/sha1_divs/5311",
      "family_index": 4,
      "per_family_instance_index": 0,
      "run_name": "external/total/main/sha1_divs/5311",
      "run_type": "iteration",
      "repetitions": 20,
      "repetition_index": 2,
      "threads": 1,
      "iterations": 2458,
      "real_time": 2.7397979088670911e+02,
      "cpu_time": 2.8185380756712880e+02,
      "time_unit": "us",
      "code_size": 1.8420000000000000e+03,
      "execution_time_ns": 2.7393371521562245e+05,
      "gas_rate": 1.0644830473987568e+10,
      "gas_used": 3.0002860000000000e+06,
      "input_size": 5.3790000000000000e+03
    },
    {
      "name": "external/total/main/sha1_divs/5311",
      "family_index": 4,
      "per_family_instance_index": 0,
      "run_name": "external/total/main/sha1_divs/5311",
      "run_type": "iteration",
      "repetitions": 20,
      "repetition_index": 3,
      "threads": 1,
      "iterations": 2458,
      "real_time": 2.7558425711928277e+02,
      "cpu_time": 2.8350749023596438e+02,
      "time_unit": "us",
      "code_size": 1.8420000000000000e+03,
      "execution_time_ns": 2.7553685760781122e+05,
      "gas_rate": 1.0582739798172001e+10,
      "gas_used": 3.0002860000000000e+06,
      "input_size": 5.3790000000000000e+03
    },
    {
      "name": "external/total/main/sha1_divs/5311",
      "family_index": 4,
      "per_family_instance_index": 0,
      "run_name": "external/total/main/sha1_divs/5311",
      "run_type": "iteration",
      "repetitions": 20,
      "repetition_index": 4,
      "threads": 1,
      "iterations": 2458,
      "real_time": 2.7610276403603564e+02,
      "cpu_time": 2.8402252400325227e+02,
      "time_unit": "us",
      "code_size": 1.8420000000000000e+03,
      "execution_time_ns": 2.7604796094385680e+05,
      "gas_rate": 1.0563549530197275e+10,
      "gas_used": 3.0002860000000000e+06,
      "input_size": 5.3790000000000000e+03
    },
    {
      "name": "external/total/main/sha1_divs/5311",
      "family_index": 4,
      "per_family_instance_index": 0,
      "run_name": "external/total/main/sha1_divs/5311",
      "run_type": "iteration",
      "repetitions": 20,
      "repetition_index": 5,
      "threads": 1,
      "iterations": 2458,
      "real_time": 2.7415658665599216e+02,
      "cpu_time": 2.8203907729861896e+02,
      "time_unit": "us",
      "code_size": 1.8420000000000000e+03,
      "execution_time_ns": 2.7411171155410906e+05,
      "gas_rate": 1.0637837950460106e+10,
      "gas_used": 3.0002860000000000e+06,
      "input_size": 5.3790000000000000e+03
    },
    {
      "name": "external/total/main/sha1_divs/5311",
      "family_index": 4,
      "per_family_instance_index": 0,
      "run_name": "external/total/main/sha1_divs/5311",
      "run_type": "iteration",
      "repetitions": 20,
      "repetition_index": 6,
      "threads": 1,
      "iterations": 2458,
      "real_time": 2.6954717819376924e+02,
      "cpu_time": 2.7729243816110687e+02,
      "time_unit": "us",
      "code_size": 1.8420000000000000e+03,
      "execution_time_ns": 2.6950241375101707e+05,
      "gas_rate": 1.0819934434190500e+10,
      "gas_used": 3.0002860000000000e+06,
      "input_size": 5.3790000000000000e+03
    },
    {
      "name": "external/total/main/sha1_divs/5311",
      "family_index": 4,
      "per_family_instance_index": 0,
      "run_name": "external/total/main/sha1_divs/5311",
      "run_type": "iteration",
      "repetitions": 20,
      "repetition_index": 7,
      "threads": 1,
      "iterations": 2458,
      "real_time": 2.7158143612694647e+02,
      "cpu_time": 2.8020809845402880e+02,
      "time_unit": "us",
      "code_size": 1.8420000000000000e+03,
      "execution_time_ns": 2.7152224450772989e+05,
      "gas_rate": 1.0707349346979099e+10,
      "gas_used": 3.0002860000000000e+06,
      "input_size": 5.3790000000000000e+03
    },
    {
      "name": "external/total/main/sha1_divs/5311",
      "family_index": 4,
      "per_family_instance_index": 0,
      "run_name": "external/total/main/sha1_divs/5311",
      "run_type": "iteration",
      "repetitions": 20,
      "repetition_index": 8,
      "threads": 1,
      "iterations": 2458,
      "real_time": 2.7023447681062993e+02,
      "cpu_time": 2.8003710455655175e+02,
      "time_unit": "us",
      "code_size": 1.8420000000000000e+03,
      "execution_time_ns": 2.7018940520748578e+05,
      "gas_rate": 1.0713887378428137e+10,
      "gas_used": 3.0002860000000000e+06,
      "input_size": 5.3790000000000000e+03
    },
    {
      "name": "external/total/main/sha1_divs/5311",
      "family_index": 4,
      "per_family_instance_index": 0,
      "run_name": "external/total/main/sha1_divs/5311",
      "run_type": "iteration",
      "repetitions": 20,
      "repetition_index": 9,
      "threads": 1,
      "iterations": 2458,
      "real_time": 2.6867232262006235e+02,
      "cpu_time": 2.7841326078112274e+02,
      "time_unit": "us",
      "code_size": 1.8420000000000000e+03,
      "execution_time_ns": 2.6862296297803090e+05,
      "gas_rate": 1.0776376066220150e+10,
      "gas_used": 3.0002860000000000e+06,
      "input_size": 5.3790000000000000e+03
    },
    {
      "name": "external/total/main/sha1_divs/5311",
      "family_index": 4,
      "per_family_instance_index": 0,
      "run_name": "external/total/main/sha1_divs/5311",
      "run_type": "iteration",
      "repetitions": 20,
      "repetition_index": 10,
      "threads": 1,
      "iterations": 2458,
      "real_time": 2.6804758584224879e+02,
      "cpu_time": 2.7776563832383852e+02,
      "time_unit": "us",
      "code_size": 1.8420000000000000e+03,
      "execution_time_ns": 2.6800312855980470e+05,
      "gas_rate": 1.0801501647594213e+10,
      "gas_used": 3.0002860000000000e+06,
      "input_size": 5.3790000000000000e+03
    },
    {
      "name": "external/total/main/sha1_divs/5311",
      "family_index": 4,
      "per_family_instance_index": 0,
      "run_name": "external/total/main/sha1_divs/5311",
      "run_type": "iteration",
      "repetitions": 20,
      "repetition_index": 11,
      "threads": 1,
      "iterations": 2458,
      "real_time": 2.6771692066703810e+02,
      "cpu_time": 2.7742449918632752e+02,
      "time_unit": "us",
      "code_size": 1.8420000000000000e+03,
      "execution_time_ns": 2.6767180390561430e+05,
      "gas_rate": 1.0814783873809603e+10,
      "gas_used": 3.0002860000000000e+06,
      "input_size": 5.3790000000000000e+03
    },
    {
      "name": "external/total/main/sha1_divs/5311",
      "family_index": 4,
      "per_family_instance_index": 0,
      "run_name": "external/total/main/sha1_divs/5311",
      "run_type": "iteration",
      "repetitions": 20,
      "repetition_index": 12,
      "threads": 1,
      "iterations": 2458,
      "real_time": 2.6755185760770661e+02,
      "cpu_time": 2.7725734377542886e+02,
      "time_unit": "us",
      "code_size": 1.8420000000000000e+03,
      "execution_time_ns": 2.6750482221318147e+05,
      "gas_rate": 1.0821303988363071e+10,
      "gas_used": 3.0002860000000000e+06,
      "input_size": 5.3790000000000000e+03
    },
    {
      "name": "external/total/main/sha1_divs/5311",
      "family_index": 4,
      "per_family_instance_index": 0,
      "run_name": "external/total/main/sha1_divs/5311",
      "run_type": "iteration",
      "repetitions": 20,
      "repetition_index": 13,
      "threads": 1,
      "iterations": 2458,
      "real_time": 2.7407101871443717e+02,
      "cpu_time": 2.8400698494711116e+02,
      "time_unit": "us",
      "code_size": 1.8420000000000000e+03,
      "execution_time_ns": 2.7402560659072414e+05,
      "gas_rate": 1.0564127500451174e+10,
      "gas_used": 3.0002860000000000e+06,
      "input_size": 5.3790000000000000e+03
    },
    {
      "name": "external/total/main/sha1_divs/5311",
      "family_index": 4,
      "per_family_instance_index": 0,
      "run_name": "external/total/main/sha1_divs/5311",
      "run_type": "iteration",
      "repetitions": 20,
      "repetition_index": 14,
      "threads": 1,
      "iterations": 2458,
      "real_time": 2.7385745117966724e+02,
      "cpu_time": 2.8378698209926580e+02,
      "time_unit": "us",
      "code_size": 1.8420000000000000e+03,
      "execution_time_ns": 2.7381214727420668e+05,
      "gas_rate": 1.0572317228245975e+10,
      "gas_used": 3.0002860000000000e+06,
      "input_size": 5.3790000000000000e+03
    },
    {
      "name": "external/total/main/sha1_divs/5311",
      "family_index": 4,
      "per_family_instance_index": 0,
      "run_name": "external/total/main/sha1_divs/5311",
      "run_type": "iteration",
      "repetitions": 20,
      "repetition_index": 15,
      "threads": 1,
      "iterations": 2458,
      "real_time": 2.7264589178184502e+02,
      "cpu_time": 2.8253259804719170e+02,
      "time_unit": "us",
      "code_size": 1.8420000000000000e+03,
      "execution_time_ns": 2.7260152115541091e+05,
      "gas_rate": 1.0619256045983265e+10,
      "gas_used": 3.0002860000000000e+06,
      "input_size": 5.3790000000000000e+03
    },
    {
      "name": "external/total/main/sha1_divs/5311",
      "family_index": 4,
      "per_family_instance_index": 0,
      "run_name": "external/total/main/sha1_divs/5311",
      "run_type": "iteration",
      "repetitions": 20,
      "repetition_index": 16,
      "threads": 1,
      "iterations": 2458,
      "real_time": 2.7503632302672594e+02,
      "cpu_time": 2.8500055207485866e+02,
      "time_unit": "us",
      "code_size": 1.8420000000000000e+03,
      "execution_time_ns": 2.7499309479251422e+05,
      "gas_rate": 1.0527298905764717e+10,
      "gas_used": 3.0002860000000000e+06,
      "input_size": 5.3790000000000000e+03
    },
    {
      "name": "external/total/main/sha1_divs/5311",
      "family_index": 4,
      "per_family_instance_index": 0,
      "run_name": "external/total/main/sha1_divs/5311",
      "run_type": "iteration",
      "repetitions": 20,
      "repetition_index": 17,
      "threads": 1,
      "iterations": 2458,
      "real_time": 2.7601478274991945e+02,
      "cpu_time": 2.8602092758340024e+02,
      "time_unit": "us",
      "code_size": 1.8420000000000000e+03,
      "execution_time_ns": 2.7596877339300246e+05,
      "gas_rate": 1.0489742919686018e+10,
      "gas_used": 3.0002860000000000e+06,
      "input_size": 5.3790000000000000e+03
    },
    {
      "name": "external/total/main/sha1_divs/5311",
      "family_index": 4,
      "per_family_instance_index": 0,
      "run_name": "external/total/main/sha1_divs/5311",
      "run_type": "iteration",
      "repetitions": 20,
      "repetition_index": 18,
      "threads": 1,
      "iterations": 2458,
      "real_time": 2.7591160821827486e+02,
      "cpu_time": 2.8331051179820855e+02,
      "time_unit": "us",
      "code_size": 1.8420000000000000e+03,
      "execution_time_ns": 2.7579242310821806e+05,
      "gas_rate": 1.0590097702188301e+10,
      "gas_used": 3.0002860000000000e+06,
      "input_size": 5.3790000000000000e+03
    },
    {
      "name": "external/total/main/sha1_divs/5311",
      "family_index": 4,
      "per_family_instance_index": 0,
      "run_name": "external/total/main/sha1_divs/5311",
      "run_type": "iteration",
      "repetitions": 20,
      "repetition_index": 19,
      "threads": 1,
      "iterations": 2458,
      "real_time": 2.7476386533778202e+02,
      "cpu_time": 2.8097121480878985e+02,
      "time_unit": "us",
      "code_size": 1.8420000000000000e+03,
      "execution_time_ns": 2.7470637876322214e+05,
      "gas_rate": 1.0678268241968466e+10,
      "gas_used": 3.0002860000000000e+06,
      "input_size": 5.3790000000000000e+03
    },
    {
      "name": "external/total/main/sha1_divs/5311_mean",
      "family_index": 4,
      "per_family_instance_index": 0,
      "run_name": "external/total/main/sha1_divs/5311",
      "run_type": "aggregate",
      "repetitions": 20,
      "threads": 1,
      "aggregate_name": "mean",
      "aggregate_unit": "time",
      "iterations": 20,
      "real_time": 2.7283204222944488e+02,
      "cpu_time": 2.8162286177786825e+02,
      "time_unit": "us",
      "code_size": 1.8420000000000000e+03,
      "execution_time_ns": 2.7278098079739627e+05,
      "gas_rate": 1.0654551225067917e+10,
      "gas_used": 3.0002860000000000e+06,
      "input_size": 5.3790000000000000e+03
    },
    {
      "name": "external/total/main/sha1_divs/5311_median",
      "family_index": 4,
      "per_family_instance_index": 0,
      "run_name": "external/total/main/sha1_divs/5311",
      "run_type": "aggregate",
      "repetitions": 20,
      "threads": 1,
      "aggregate_name": "median",
      "aggregate_unit": "time",
      "iterations": 20,
      "real_time": 2.7402540480057314e+02,
      "cpu_time": 2.8228583767290536e+02,
      "time_unit": "us",
      "code_size": 1.8420000000000000e+03,
      "execution_time_ns": 2.7397966090317327e+05,
      "gas_rate": 1.0628546998221685e+10,
      "gas_used": 3.0002860000000000e+06,
      "input_size": 5.3790000000000000e+03
    },
    {
      "name": "external/total/main/sha1_divs/5311_stddev",
      "family_index": 4,
      "per_family_instance_index": 0,
      "run_name": "external/total/main/sha1_divs/5311",
      "run_type": "aggregate",
      "repetitions": 20,
      "threads": 1,
      "aggregate_name": "stddev",
      "aggregate_unit": "time",
      "iterations": 20,
      "real_time": 3.0841940680175730e+00,
      "cpu_time": 2.7820991515113853e+00,
      "time_unit": "us",
      "code_size": 0.0000000000000000e+00,
      "execution_time_ns": 3.0798867153733599e+03,
      "gas_rate": 1.0564387651118243e+08,
      "gas_used": 0.0000000000000000e+00,
      "input_size": 0.0000000000000000e+00
    },
    {
      "name": "external/total/main/sha1_divs/5311_cv",
      "family_index": 4,
      "per_family_instance_index": 0,
      "run_name": "external/total/main/sha1_divs/5311",
      "run_type": "aggregate",
      "repetitions": 20,
      "threads": 1,
      "aggregate_name": "cv",
      "aggregate_unit": "percentage",
      "iterations": 20,
      "real_time": 1.1304368954669349e-02,
      "cpu_time": 9.8788114499943642e-03,
      "time_unit": "us",
      "code_size": 0.0000000000000000e+00,
      "execution_time_ns": 1.1290694484528218e-02,
      "gas_rate": 9.9153755310335944e-03,
      "gas_used": 0.0000000000000000e+00,
      "input_size": 0.0000000000000000e+00
    },
    {
      "name": "external/total/main/sha1_shifts/empty",
      "family_index": 5,
      "per_family_instance_index": 0,
      "run_name": "external/total/main/sha1_shifts/empty",
      "run_type": "iteration",
      "repetitions": 20,
      "repetition_index": 0,
      "threads": 1,
      "iterations": 181792,
      "real_time": 3.7708276601844362e+00,
      "cpu_time": 3.8562971802939492e+00,
      "time_unit": "us",
      "code_size": 1.2660000000000000e+03,
      "execution_time_ns": 3.7515298527988029e+03,
      "gas_rate": 9.1367439677753925e+09,
      "gas_used": 3.5234000000000000e+04,
      "input_size": 6.8000000000000000e+01
    },
    {
      "name": "external/total/main/sha1_shifts/empty",
      "family_index": 5,
      "per_family_instance_index": 0,
      "run_name": "external/total/main/sha1_shifts/empty",
      "run_type": "iteration",
      "repetitions": 20,
      "repetition_index": 1,
      "threads": 1,
      "iterations": 181792,
      "real_time": 3.7818847639103179e+00,
      "cpu_time": 3.8674933000352567e+00,
      "time_unit": "us",
      "code_size": 1.2660000000000000e+03,
      "execution_time_ns": 3.7625915826879072e+03,
      "gas_rate": 9.1102937397923355e+09,
      "gas_used": 3.5234000000000000e+04,
      "input_size": 6.8000000000000000e+01
    },
    {
      "name": "external/total/main/sha1_shifts/empty",
      "family_index": 5,
      "per_family_instance_index": 0,
      "run_name": "external/total/main/sha1_shifts/empty",
      "run_type": "iteration",
      "repetitions": 20,
      "repetition_index": 2,
      "threads": 1,
      "iterations": 181792,
      "real_time": 3.7843242276874598e+00,
      "cpu_time": 3.8700966049111183e+00,
      "time_unit": "us",
      "code_size": 1.2660000000000000e+03,
      "execution_time_ns": 3.7655682868333038e+03,
      "gas_rate": 9.1041655020415688e+09,
      "gas_used": 3.5234000000000000e+04,
      "input_size": 6.8000000000000000e+01
    },
    {
      "name": "external/total/main/sha1_shifts/empty",
      "family_index": 5,
      "per_family_instance_index": 0,
      "run_name": "external/total/main/sha1_shifts/empty",
      "run_type": "iteration",
      "repetitions": 20,
      "repetition_index": 3,
      "threads": 1,
      "iterations": 181792,
      "real_time": 3.7738308561458260e+00,
      "cpu_time": 3.8591508922285480e+00,
      "time_unit": "us",
      "code_size": 1.2660000000000000e+03,
      "execution_time_ns": 3.7543457522883295e+03,
      "gas_rate": 9.1299876537487202e+09,
      "gas_used": 3.5234000000000000e+04,
      "input_size": 6.8000000000000000e+01
    },
    {
      "name": "external/total/main/sha1_shifts/empty",
      "family_index": 5,
      "per_family_instance_index": 0,
      "run_name": "external/total/main/sha1_shifts/empty",
      "run_type": "iteration",
      "repetitions": 20,
      "repetition_index": 4,
      "threads": 1,
      "iterations": 181792,
      "real_time": 3.7847850510504992e+00,
      "cpu_time": 3.8702524533532907e+00,
      "time_unit": "us",
      "code_size": 1.2660000000000000e+03,
      "execution_time_ns": 3.7651814711318430e+03,
      "gas_rate": 9.1037988928790207e+09,
      "gas_used": 3.5234000000000000e+04,
      "input_size": 6.8000000000000000e+01
    },
    {
      "name": "external/total/main/sha1_shifts/empty",
      "family_index": 5,
      "per_family_instance_index": 0,
      "run_name": "external/total/main/sha1_shifts/empty",
      "run_type": "iteration",
      "repetitions": 20,
      "repetition_index": 5,
      "threads": 1,
      "iterations": 181792,
      "real_time": 3.7693554886938925e+00,
      "cpu_time": 3.8547373701813528e+00,
      "time_unit": "us",
      "code_size": 1.2660000000000000e+03,
      "execution_time_ns": 3.7490382030012320e+03,
      "gas_rate": 9.1404411290262184e+09,
      "gas_used": 3.5234000000000000e+04,
      "input_size": 6.8000000000000000e+01
    },
    {
      "name": "external/total/main/sha1_shifts/empty",
      "family_index": 5,
      "per_family_instance_index": 0,
      "run_name": "external/total/main/sha1_shifts/empty",
      "run_type": "iteration",
      "repetitions": 20,
      "repetition_index": 6,
      "threads": 1,
      "iterations": 181792,
      "real_time": 3.8039814678315675e+00,
      "cpu_time": 3.8901509692395324e+00,
      "time_unit": "us",
      "code_size": 1.2660000000000000e+03,
      "execution_time_ns": 3.7849122183594436e+03,
      "gas_rate": 9.0572320402484856e+09,
      "gas_used": 3.5234000000000000e+04,
      "input_size": 6.8000000000000000e+01
    },
    {
      "name": "external/total/main/sha1_shifts/empty",
      "family_index": 5,
      "per_family_instance_index": 0,
      "run_name": "external/total/main/sha1_shifts/empty",
      "run_type": "iteration",
      "repetitions": 20,
      "repetition_index": 7,
      "threads": 1,
      "iterations": 181792,
      "real_time": 3.8399264984138544e+00,
      "cpu_time": 3.9269600587484401e+00,
      "time_unit": "us",
      "code_size": 1.2660000000000000e+03,
      "execution_time_ns": 3.8196826042950183e+03,
      "gas_rate": 8.9723346998414383e+09,
      "gas_used": 3.5234000000000000e+04,
      "input_size": 6.8000000000000000e+01
    },
    {
      "name": "external/total/main/sha1_shifts/empty",
      "family_index": 5,
      "per_family_instance_index": 0,
      "run_name": "external/total/main/sha1_shifts/empty",
      "run_type": "iteration",
      "repetitions": 20,
      "repetition_index": 8,
      "threads": 1,
      "iterations": 181792,
      "real_time": 3.8348119389190045e+00,
      "cpu_time": 3.9217297845890000e+00,
      "time_unit": "us",
      "code_size": 1.2660000000000000e+03,
      "execution_time_ns": 3.8114502838408730e+03,
      "gas_rate": 8.9843007895284023e+09,
      "gas_used": 3.5234000000000000e+04,
      "input_size": 6.8000000000000000e+01
    },
    {
      "name": "external/total/main/sha1_shifts/empty",
      "family_index": 5,
      "per_family_instance_index": 0,
      "run_name": "external/total/main/sha1_shifts/empty",
      "run_type": "iteration",
      "repetitions": 20,
      "repetition_index": 9,
      "threads": 1,
      "iterations": 181792,
      "real_time": 3.8619485235856592e+00,
      "cpu_time": 3.9493625132018595e+00,
      "time_unit": "us",
      "code_size": 1.2660000000000000e+03,
      "execution_time_ns": 3.8420116506776976e+03,
      "gas_rate": 8.9214398228120117e+09,
      "gas_used": 3.5234000000000000e+04,
      "input_size": 6.8000000000000000e+01
    },
    {
      "name": "external/total/main/sha1_shifts/empty",
      "family_index": 5,
      "per_family_instance_index": 0,
      "run_name": "external/total/main/sha1_shifts/empty",
      "run_type": "iteration",
      "repetitions": 20,
      "repetition_index": 10,
      "threads": 1,
      "iterations": 181792,
      "real_time": 3.9105790188798655e+00,
      "cpu_time": 3.9406682637299579e+00,
      "time_unit": "us",
      "code_size": 1.2660000000000000e+03,
      "execution_time_ns": 3.8905003355483191e+03,
      "gas_rate": 8.9411230892726784e+09,
      "gas_used": 3.5234000000000000e+04,
      "input_size": 6.8000000000000000e+01
    },
    {
      "name": "external/total/main/sha1_shifts/empty",
      "family_index": 5,
      "per_family_instance_index": 0,
      "run_name": "external/total/main/sha1_shifts/empty",
      "run_type": "iteration",
      "repetitions": 20,
      "repetition_index": 11,
      "threads": 1,
      "iterations": 181792,
      "real_time": 3.9875698435584828e+00,
      "cpu_time": 3.9566631424925074e+00,
      "time_unit": "us",
      "code_size": 1.2660000000000000e+03,
      "execution_time_ns": 3.9673817879774688e+03,
      "gas_rate": 8.9049784454999828e+09,
      "gas_used": 3.5234000000000000e+04,
      "input_size": 6.8000000000000000e+01
    },
    {
      "name": "external/total/main/sha1_shifts/empty",
      "family_index": 5,
      "per_family_instance_index": 0,
      "run_name": "external/total/main/sha1_shifts/empty",
      "run_type": "iteration",
      "repetitions": 20,
      "repetition_index": 12,
      "threads": 1,
      "iterations": 181792,
      "real_time": 3.9373889060025000e+00,
      "cpu_time": 3.9048810453705429e+00,
      "time_unit": "us",
      "code_size": 1.2660000000000000e+03,
      "execution_time_ns": 8.2930851797658870e+03,
      "gas_rate": 9.0230661550553226e+09,
      "gas_used": 3.5234000000000000e+04,
      "input_size": 6.8000000000000000e+01
    },
    {
      "name": "external/total/main/sha1_shifts/empty",
      "family_index": 5,
      "per_family_instance_index": 0,
      "run_name": "external/total/main/sha1_shifts/empty",
      "run_type": "iteration",
      "repetitions": 20,
      "repetition_index": 13,
      "threads": 1,
      "iterations": 181792,
      "real_time": 3.8740616803815642e+00,
      "cpu_time": 3.8439872381623013e+00,
      "time_unit": "us",
      "code_size": 1.2660000000000000e+03,
      "execution_time_ns": 3.8546792268086606e+03,
      "gas_rate": 9.1660033754025555e+09,
      "gas_used": 3.5234000000000000e+04,
      "input_size": 6.8000000000000000e+01
    },
    {
      "name": "external/total/main/sha1_shifts/empty",
      "family_index": 5,
      "per_family_instance_index": 0,
      "run_name": "external/total/main/sha1_shifts/empty",
      "run_type": "iteration",
      "repetitions": 20,
      "repetition_index": 14,
      "threads": 1,
      "iterations": 181792,
      "real_time": 3.9256102138669866e+00,
      "cpu_time": 3.8951344063545545e+00,
      "time_unit": "us",
      "code_size": 1.2660000000000000e+03,
      "execution_time_ns": 3.9058186828903363e+03,
      "gas_rate": 9.0456442125640030e+09,
      "gas_used": 3.5234000000000000e+04,
      "input_size": 6.8000000000000000e+01
    },
    {
      "name": "external/total/main/sha1_shifts/empty",
      "family_index": 5,
      "per_family_instance_index": 0,
      "run_name": "external/total/main/sha1_shifts/empty",
      "run_type": "iteration",
      "repetitions": 20,
      "repetition_index": 15,
      "threads": 1,
      "iterations": 181792,
      "real_time": 3.9343835262272218e+00,
      "cpu_time": 3.9037171602710754e+00,
      "time_unit": "us",
      "code_size": 1.2660000000000000e+03,
      "execution_time_ns": 3.9139679853898961e+03,
      "gas_rate": 9.0257563633409691e+09,
      "gas_used": 3.5234000000000000e+04,
      "input_size": 6.8000000000000000e+01
    },
    {
      "name": "external/total/main/sha1_shifts/empty",
      "family_index": 5,
      "per_family_instance_index": 0,
      "run_name": "external/total/main/sha1_shifts/empty",
      "run_type": "iteration",
      "repetitions": 20,
      "repetition_index": 16,
      "threads": 1,
      "iterations": 181792,
      "real_time": 3.8662758042157486e+00,
      "cpu_time": 3.9001411063193392e+00,
      "time_unit": "us",
      "code_size": 1.2660000000000000e+03,
      "execution_time_ns": 3.8461174969195563e+03,
      "gas_rate": 9.0340321130717278e+09,
      "gas_used": 3.5234000000000000e+04,
      "input_size": 6.8000000000000000e+01
    },
    {
      "name": "external/total/main/sha1_shifts/empty",
      "family_index": 5,
      "per_family_instance_index": 0,
      "run_name": "external/total/main/sha1_shifts/empty",
      "run_type": "iteration",
      "repetitions": 20,
      "repetition_index": 17,
      "threads": 1,
      "iterations": 181792,
      "real_time": 3.7596735609888685e+00,
      "cpu_time": 3.8445544413396062e+00,
      "time_unit": "us",
      "code_size": 1.2660000000000000e+03,
      "execution_time_ns": 3.7401777801003345e+03,
      "gas_rate": 9.1646510766337261e+09,
      "gas_used": 3.5234000000000000e+04,
      "input_size": 6.8000000000000000e+01
    },
    {
      "name": "external/total/main/sha1_shifts/empty",
      "family_index": 5,
      "per_family_instance_index": 0,
      "run_name": "external/total/main/sha1_shifts/empty",
      "run_type": "iteration",
      "repetitions": 20,
      "repetition_index": 18,
      "threads": 1,
      "iterations": 181792,
      "real_time": 3.7641484498744471e+00,
      "cpu_time": 3.8491240978701091e+00,
      "time_unit": "us",
      "code_size": 1.2660000000000000e+03,
      "execution_time_ns": 3.7451182120225312e+03,
      "gas_rate": 9.1537708590628529e+09,
      "gas_used": 3.5234000000000000e+04,
      "input_size": 6.8000000000000000e+01
    },
    {
      "name": "external/total/main/sha1_shifts/empty",
      "family_index": 5,
      "per_family_instance_index": 0,
      "run_name": "external/total/main/sha1_shifts/empty",
      "run_type": "iteration",
      "repetitions": 20,
      "repetition_index": 19,
      "threads": 1,
      "iterations": 181792,
      "real_time": 3.8751332621911008e+00,
      "cpu_time": 3.9625583414011341e+00,
      "time_unit": "us",
      "code_size": 1.2660000000000000e+03,
      "execution_time_ns": 3.8549362513201900e+03,
      "gas_rate": 8.8917302823966732e+09,
      "gas_used": 3.5234000000000000e+04,
      "input_size": 6.8000000000000000e+01
    },
    {
      "name": "external/total/main/sha1_shifts/empty_mean",
      "family_index": 5,
      "per_family_instance_index": 0,
      "run_name": "external/total/main/sha1_shifts/empty",
      "run_type": "aggregate",
      "repetitions": 20,
      "threads": 1,
      "aggregate_name": "mean",
      "aggregate_unit": "time",
      "iterations": 20,
      "real_time": 3.8420250371304654e+00,
      "cpu_time": 3.8933830185046738e+00,
      "time_unit": "us",
      "code_size": 1.2660000000000000e+03,
      "execution_time_ns": 4.0409047422328813e+03,
      "gas_rate": 9.0505747104997044e+09,
      "gas_used": 3.5234000000000000e+04,
      "input_size": 6.8000000000000000e+01
    },
    {
      "name": "external/total/main/sha1_shifts/empty_median",
      "family_index": 5,
      "per_family_instance_index": 0,
      "run_name": "external/total/main/sha1_shifts/empty",
      "run_type": "aggregate",
      "repetitions": 20,
      "threads": 1,
      "aggregate_name": "median",
      "aggregate_unit": "time",
      "iterations": 20,
      "real_time": 3.8373692186664292e+00,
      "cpu_time": 3.8926426877970437e+00,
      "time_unit": "us",
      "code_size": 1.2660000000000000e+03,
      "execution_time_ns": 3.8155664440679457e+03,
      "gas_rate": 9.0514381264062443e+09,
      "gas_used": 3.5234000000000000e+04,
      "input_size": 6.8000000000000000e+01
    },
    {
      "name": "external/total/main/sha1_shifts/empty_stddev",
      "family_index": 5,
      "per_family_instance_index": 0,
      "run_name": "external/total/main/sha1_shifts/empty",
      "run_type": "aggregate",
      "repetitions": 20,
      "threads": 1,
      "aggregate_name": "stddev",
      "aggregate_unit": "time",
      "iterations": 20,
      "real_time": 7.0028049712984861e-02,
      "cpu_time": 3.9040872991910135e-02,
      "time_unit": "us",
      "code_size": 0.0000000000000000e+00,
      "execution_time_ns": 1.0030367132231597e+03,
      "gas_rate": 9.0431512103800997e+07,
      "gas_used": 0.0000000000000000e+00,
      "input_size": 0.0000000000000000e+00
    },
    {
      "name": "external/total/main/sha1_shifts/empty_cv",
      "family_index": 5,
      "per_family_instance_index": 0,
      "run_name": "external/total/main/sha1_shifts/empty",
      "run_type": "aggregate",
      "repetitions": 20,
      "threads": 1,
      "aggregate_name": "cv",
      "aggregate_unit": "percentage",
      "iterations": 20,
      "real_time": 1.8226859282855550e-02,
      "cpu_time": 1.0027493520764496e-02,
      "time_unit": "us",
      "code_size": 0.0000000000000000e+00,
      "execution_time_ns": 2.4822082607889245e-01,
      "gas_rate": 9.9917977583114225e-03,
      "gas_used": 0.0000000000000000e+00,
      "input_size": 0.0000000000000000e+00
    },
    {
      "name": "external/total/main/sha1_shifts/5311",
      "family_index": 6,
      "per_family_instance_index": 0,
      "run_name": "external/total/main/sha1_shifts/5311",
      "run_type": "iteration",
      "repetitions": 20,
      "repetition_index": 0,
      "threads": 1,
      "iterations": 2624,
      "real_time": 2.5961662614323393e+02,
      "cpu_time": 2.6545780487804780e+02,
      "time_unit": "us",
      "code_size": 1.2660000000000000e+03,
      "execution_time_ns": 2.5957275724085365e+05,
      "gas_rate": 1.0918771069215946e+10,
      "gas_used": 2.8984730000000000e+06,
      "input_size": 5.3790000000000000e+03
    },
    {
      "name": "external/total/main/sha1_shifts/5311",
      "family_index": 6,
      "per_family_instance_index": 0,
      "run_name": "external/total/main/sha1_shifts/5311",
      "run_type": "iteration",
      "repetitions": 20,
      "repetition_index": 1,
      "threads": 1,
      "iterations": 2624,
      "real_time": 2.5752229306424010e+02,
      "cpu_time": 2.6506764939023901e+02,
      "time_unit": "us",
      "code_size": 1.2660000000000000e+03,
      "execution_time_ns": 2.5747120464939025e+05,
      "gas_rate": 1.0934842507818817e+10,
      "gas_used": 2.8984730000000000e+06,
      "input_size": 5.3790000000000000e+03
    },
    {
      "name": "external/total/main/sha1_shifts/5311",
      "family_index": 6,
      "per_family_instance_index": 0,
      "run_name": "external/total/main/sha1_shifts/5311",
      "run_type": "iteration",
      "repetitions": 20,
      "repetition_index": 2,
      "threads": 1,
      "iterations": 2624,
      "real_time": 2.5661119931411542e+02,
      "cpu_time": 2.6590700990853759e+02,
      "time_unit": "us",
      "code_size": 1.2660000000000000e+03,
      "execution_time_ns": 2.5656540129573172e+05,
      "gas_rate": 1.0900325647665213e+10,
      "gas_used": 2.8984730000000000e+06,
      "input_size": 5.3790000000000000e+03
    },
    {
      "name": "external/total/main/sha1_shifts/5311",
      "family_index": 6,
      "per_family_instance_index": 0,
      "run_name": "external/total/main/sha1_shifts/5311",
      "run_type": "iteration",
      "repetitions": 20,
      "repetition_index": 3,
      "threads": 1,
      "iterations": 2624,
      "real_time": 2.5534874733207232e+02,
      "cpu_time": 2.6458464214939050e+02,
      "time_unit": "us",
      "code_size": 1.2660000000000000e+03,
      "execution_time_ns": 2.5529630830792684e+05,
      "gas_rate": 1.0954804392476627e+10,
      "gas_used": 2.8984730000000000e+06,
      "input_size": 5.3790000000000000e+03
    },
    {
      "name": "external/total/main/sha1_shifts/5311",
      "family_index": 6,
      "per_family_instance_index": 0,
      "run_name": "external/total/main/sha1_shifts/5311",
      "run_type": "iteration",
      "repetitions": 20,
      "repetition_index": 4,
      "threads": 1,
      "iterations": 2624,
      "real_time": 2.5605946189023695e+02,
      "cpu_time": 2.6533819931402581e+02,
      "time_unit": "us",
      "code_size": 1.2660000000000000e+03,
      "execution_time_ns": 2.5600909641768291e+05,
      "gas_rate": 1.0923692885130644e+10,
      "gas_used": 2.8984730000000000e+06,
      "input_size": 5.3790000000000000e+03
    },
    {
      "name": "external/total/main/sha1_shifts/5311",
      "family_index": 6,
      "per_family_instance_index": 0,
      "run_name": "external/total/main/sha1_shifts/5311",
      "run_type": "iteration",
      "repetitions": 20,
      "repetition_index": 5,
      "threads": 1,
      "iterations": 2624,
      "real_time": 2.5375240586880611e+02,
      "cpu_time": 2.6295189176829246e+02,
      "time_unit": "us",
      "code_size": 1.2660000000000000e+03,
      "execution_time_ns": 2.5369495503048779e+05,
      "gas_rate": 1.1022826192686502e+10,
      "gas_used": 2.8984730000000000e+06,
      "input_size": 5.3790000000000000e+03
    },
    {
      "name": "external/total/main/sha1_shifts/5311",
      "family_index": 6,
      "per_family_instance_index": 0,
      "run_name": "external/total/main/sha1_shifts/5311",
      "run_type": "iteration",
      "repetitions": 20,
      "repetition_index": 6,
      "threads": 1,
      "iterations": 2624,
      "real_time": 2.5384264405485692e+02,
      "cpu_time": 2.6302325457317193e+02,
      "time_unit": "us",
      "code_size": 1.2660000000000000e+03,
      "execution_time_ns": 2.5379909298780488e+05,
      "gas_rate": 1.1019835507334038e+10,
      "gas_used": 2.8984730000000000e+06,
      "input_size": 5.3790000000000000e+03
    },
    {
      "name": "external/total/main/sha1_shifts/5311",
      "family_index": 6,
      "per_family_instance_index": 0,
      "run_name": "external/total/main/sha1_shifts/5311",
      "run_type": "iteration",
      "repetitions": 20,
      "repetition_index": 7,
      "threads": 1,
      "iterations": 2624,
      "real_time": 2.4905548666150182e+02,
      "cpu_time": 2.5807883041158539e+02,
      "time_unit": "us",
      "code_size": 1.2660000000000000e+03,
      "execution_time_ns": 2.4900111242378049e+05,
      "gas_rate": 1.1230959917857273e+10,
      "gas_used": 2.8984730000000000e+06,
      "input_size": 5.3790000000000000e+03
    },
    {
      "name": "external/total/main/sha1_shifts/5311",
      "family_index": 6,
      "per_family_instance_index": 0,
      "run_name": "external/total/main/sha1_shifts/5311",
      "run_type": "iteration",
      "repetitions": 20,
      "repetition_index": 8,
      "threads": 1,
      "iterations": 2624,
      "real_time": 2.5123919550304802e+02,
      "cpu_time": 2.6034377705792912e+02,
      "time_unit": "us",
      "code_size": 1.2660000000000000e+03,
      "execution_time_ns": 2.5119402362804877e+05,
      "gas_rate": 1.1133252473920513e+10,
      "gas_used": 2.8984730000000000e+06,
      "input_size": 5.3790000000000000e+03
    },
    {
      "name": "external/total/main/sha1_shifts/5311",
      "family_index": 6,
      "per_family_instance_index": 0,
      "run_name": "external/total/main/sha1_shifts/5311",
      "run_type": "iteration",
      "repetitions": 20,
      "repetition_index": 9,
      "threads": 1,
      "iterations": 2624,
      "real_time": 2.5097293940542309e+02,
      "cpu_time": 2.6005678658536630e+02,
      "time_unit": "us",
      "code_size": 1.2660000000000000e+03,
      "execution_time_ns": 2.5092905602134147e+05,
      "gas_rate": 1.1145538780425352e+10,
      "gas_used": 2.8984730000000000e+06,
      "input_size": 5.3790000000000000e+03
    },
    {
      "name": "external/total/main/sha1_shifts/5311",
      "family_index": 6,
      "per_family_instance_index": 0,
      "run_name": "external/total/main/sha1_shifts/5311",
      "run_type": "iteration",
      "repetitions": 20,
      "repetition_index": 10,
      "threads": 1,
      "iterations": 2624,
      "real_time": 2.5012744893303542e+02,
      "cpu_time": 2.5919131745426756e+02,
      "time_unit": "us",
      "code_size": 1.2660000000000000e+03,
      "execution_time_ns": 2.5008313757621951e+05,
      "gas_rate": 1.1182754995299620e+10,
      "gas_used": 2.8984730000000000e+06,
      "input_size": 5.3790000000000000e+03
    },
    {
      "name": "external/total/main/sha1_shifts/5311",
      "family_index": 6,
      "per_family_instance_index": 0,
      "run_name": "external/total/main/sha1_shifts/5311",
      "run_type": "iteration",
      "repetitions": 20,
      "repetition_index": 11,
      "threads": 1,
      "iterations": 2624,
      "real_time": 2.4998198361285586e+02,
      "cpu_time": 2.5901744512195245e+02,
      "time_unit": "us",
      "code_size": 1.2660000000000000e+03,
      "execution_time_ns": 2.4993952972560975e+05,
      "gas_rate": 1.1190261716292198e+10,
      "gas_used": 2.8984730000000000e+06,
      "input_size": 5.3790000000000000e+03
    },
    {
      "name": "external/total/main/sha1_shifts/5311",
      "family_index": 6,
      "per_family_instance_index": 0,
      "run_name": "external/total/main/sha1_shifts/5311",
      "run_type": "iteration",
      "repetitions": 20,
      "repetition_index": 12,
      "threads": 1,
      "iterations": 2624,
      "real_time": 2.5523135746968876e+02,
      "cpu_time": 2.6446591653963515e+02,
      "time_unit": "us",
      "code_size": 1.2660000000000000e+03,
      "execution_time_ns": 2.5518845617378049e+05,
      "gas_rate": 1.0959722288318426e+10,
      "gas_used": 2.8984730000000000e+06,
      "input_size": 5.3790000000000000e+03
    },
    {
      "name": "external/total/main/sha1_shifts/5311",
      "family_index": 6,
      "per_family_instance_index": 0,
      "run_name": "external/total/main/sha1_shifts/5311",
      "run_type": "iteration",
      "repetitions": 20,
      "repetition_index": 13,
      "threads": 1,
      "iterations": 2624,
      "real_time": 2.5640117606701830e+02,
      "cpu_time": 2.6533047713414919e+02,
      "time_unit": "us",
      "code_size": 1.2660000000000000e+03,
      "execution_time_ns": 2.5635177934451221e+05,
      "gas_rate": 1.0924010808357130e+10,
      "gas_used": 2.8984730000000000e+06,
      "input_size": 5.3790000000000000e+03
    },
    {
      "name": "external/total/main/sha1_shifts/5311",
      "family_index": 6,
      "per_family_instance_index": 0,
      "run_name": "external/total/main/sha1_shifts/5311",
      "run_type": "iteration",
      "repetitions": 20,
      "repetition_index": 14,
      "threads": 1,
      "iterations": 2624,
      "real_time": 2.5531705182922133e+02,
      "cpu_time": 2.6377911128048811e+02,
      "time_unit": "us",
      "code_size": 1.2660000000000000e+03,
      "execution_time_ns": 2.5526867987804877e+05,
      "gas_rate": 1.0988258266280701e+10,
      "gas_used": 2.8984730000000000e+06,
      "input_size": 5.3790000000000000e+03
    },
    {
      "name": "external/total/main/sha1_shifts/5311",
      "family_index": 6,
      "per_family_instance_index": 0,
      "run_name": "external/total/main/sha1_shifts/5311",
      "run_type": "iteration",
      "repetitions": 20,
      "repetition_index": 15,
      "threads": 1,
      "iterations": 2624,
      "real_time": 2.5450158307922086e+02,
      "cpu_time": 2.6292757660060823e+02,
      "time_unit": "us",
      "code_size": 1.2660000000000000e+03,
      "execution_time_ns": 2.5445914367378049e+05,
      "gas_rate": 1.1023845567948292e+10,
      "gas_used": 2.8984730000000000e+06,
      "input_size": 5.3790000000000000e+03
    },
    {
      "name": "external/total/main/sha1_shifts/5311",
      "family_index": 6,
      "per_family_instance_index": 0,
      "run_name": "external/total/main/sha1_shifts/5311",
      "run_type": "iteration",
      "repetitions": 20,
      "repetition_index": 16,
      "threads": 1,
      "iterations": 2624,
      "real_time": 2.5471146570124549e+02,
      "cpu_time": 2.6315379306402338e+02,
      "time_unit": "us",
      "code_size": 1.2660000000000000e+03,
      "execution_time_ns": 2.5465791006097561e+05,
      "gas_rate": 1.1014369073885334e+10,
      "gas_used": 2.8984730000000000e+06,
      "input_size": 5.3790000000000000e+03
    },
    {
      "name": "external/total/main/sha1_shifts/5311",
      "family_index": 6,
      "per_family_instance_index": 0,
      "run_name": "external/total/main/sha1_shifts/5311",
      "run_type": "iteration",
      "repetitions": 20,
      "repetition_index": 17,
      "threads": 1,
      "iterations": 2624,
      "real_time": 2.5586822980190436e+02,
      "cpu_time": 2.6434895960366174e+02,
      "time_unit": "us",
      "code_size": 1.2660000000000000e+03,
      "execution_time_ns": 2.5582368826219512e+05,
      "gas_rate": 1.0964571240778399e+10,
      "gas_used": 2.8984730000000000e+06,
      "input_size": 5.3790000000000000e+03
    },
    {
      "name": "external/total/main/sha1_shifts/5311",
      "family_index": 6,
      "per_family_instance_index": 0,
      "run_name": "external/total/main/sha1_shifts/5311",
      "run_type": "iteration",
      "repetitions": 20,
      "repetition_index": 18,
      "threads": 1,
      "iterations": 2624,
      "real_time": 2.5553976905504297e+02,
      "cpu_time": 2.6399739862804614e+02,
      "time_unit": "us",
      "code_size": 1.2660000000000000e+03,
      "execution_time_ns": 2.5549576105182926e+05,
      "gas_rate": 1.0979172579210699e+10,
      "gas_used": 2.8984730000000000e+06,
      "input_size": 5.3790000000000000e+03
    },
    {
      "name": "external/total/main/sha1_shifts/5311",
      "family_index": 6,
      "per_family_instance_index": 0,
      "run_name": "external/total/main/sha1_shifts/5311",
      "run_type": "iteration",
      "repetitions": 20,
      "repetition_index": 19,
      "threads": 1,
      "iterations": 2624,
      "real_time": 2.5254993788094663e+02,
      "cpu_time": 2.6091542492378022e+02,
      "time_unit": "us",
      "code_size": 1.2660000000000000e+03,
      "execution_time_ns": 2.5249167492378049e+05,
      "gas_rate": 1.1108860278562353e+10,
      "gas_used": 2.8984730000000000e+06,
      "input_size": 5.3790000000000000e+03
    },
    {
      "name": "external/total/main/sha1_shifts/5311_mean",
      "family_index": 6,
      "per_family_instance_index": 0,
      "run_name": "external/total/main/sha1_shifts/5311",
      "run_type": "aggregate",
      "repetitions": 20,
      "threads": 1,
      "aggregate_name": "mean",
      "aggregate_unit": "time",
      "iterations": 20,
      "real_time": 2.5421255013338578e+02,
      "cpu_time": 2.6289686331935991e+02,
      "time_unit": "us",
      "code_size": 1.2660000000000000e+03,
      "execution_time_ns": 2.5416463843368902e+05,
      "gas_rate": 1.1026033809473206e+10,
      "gas_used": 2.8984730000000000e+06,
      "input_size": 5.3790000000000000e+03
    },
    {
      "name": "external/total/main/sha1_shifts/5311_median",
      "family_index": 6,
      "per_family_instance_index": 0,
      "run_name": "external/total/main/sha1_shifts/5311",
      "run_type": "aggregate",
      "repetitions": 20,
      "threads": 1,
      "aggregate_name": "median",
      "aggregate_unit": "time",
      "iterations": 20,
      "real_time": 2.5497141158546711e+02,
      "cpu_time": 2.6346645217225574e+02,
      "time_unit": "us",
      "code_size": 1.2660000000000000e+03,
      "execution_time_ns": 2.5492318311737804e+05,
      "gas_rate": 1.1001313670083017e+10,
      "gas_used": 2.8984730000000000e+06,
      "input_size": 5.3790000000000000e+03
    },
    {
      "name": "external/total/main/sha1_shifts/5311_stddev",
      "family_index": 6,
      "per_family_instance_index": 0,
      "run_name": "external/total/main/sha1_shifts/5311",
      "run_type": "aggregate",
      "repetitions": 20,
      "threads": 1,
      "aggregate_name": "stddev",
      "aggregate_unit": "time",
      "iterations": 20,
      "real_time": 2.7732462965692211e+00,
      "cpu_time": 2.4302230968855536e+00,
      "time_unit": "us",
      "code_size": 0.0000000000000000e+00,
      "execution_time_ns": 2.7734772543742033e+03,
      "gas_rate": 1.0252897451456705e+08,
      "gas_used": 0.0000000000000000e+00,
      "input_size": 0.0000000000000000e+00
    },
    {
      "name": "external/total/main/sha1_shifts/5311_cv",
      "family_index": 6,
      "per_family_instance_index": 0,
      "run_name": "external/total/main/sha1_shifts/5311",
      "run_type": "aggregate",
      "repetitions": 20,
      "threads": 1,
      "aggregate_name": "cv",
      "aggregate_unit": "percentage",
      "iterations": 20,
      "real_time": 1.0909163592096826e-02,
      "cpu_time": 9.2440170879231273e-03,
      "time_unit": "us",
      "code_size": 0.0000000000000000e+00,
      "execution_time_ns": 1.0912128734610725e-02,
      "gas_rate": 9.2988082828548493e-03,
      "gas_used": 0.0000000000000000e+00,
      "input_size": 0.0000000000000000e+00
    },
    {
      "name": "external/total/main/snailtracer/benchmark",
      "family_index": 7,
      "per_family_instance_index": 0,
      "run_name": "external/total/main/snailtracer/benchmark",
      "run_type": "iteration",
      "repetitions": 20,
      "repetition_index": 0,
      "threads": 1,
      "iterations": 37,
      "real_time": 1.8954853000011371e+04,
      "cpu_time": 1.9581982675675830e+04,
      "time_unit": "us",
      "code_size": 1.7730000000000000e+04,
      "execution_time_ns": 1.8954469270270269e+07,
      "gas_rate": 1.1996526188934153e+10,
      "gas_used": 2.3491576800000000e+08,
      "input_size": 4.0000000000000000e+00
    },
    {
      "name": "external/total/main/snailtracer/benchmark",
      "family_index": 7,
      "per_family_instance_index": 0,
      "run_name": "external/total/main/snailtracer/benchmark",
      "run_type": "iteration",
      "repetitions": 20,
      "repetition_index": 1,
      "threads": 1,
      "iterations": 37,
      "real_time": 1.8751029945953043e+04,
      "cpu_time": 1.9281502756756694e+04,
      "time_unit": "us",
      "code_size": 1.7730000000000000e+04,
      "execution_time_ns": 1.8750647891891893e+07,
      "gas_rate": 1.2183478174058811e+10,
      "gas_used": 2.3491576800000000e+08,
      "input_size": 4.0000000000000000e+00
    },
    {
      "name": "external/total/main/snailtracer/benchmark",
      "family_index": 7,
      "per_family_instance_index": 0,
      "run_name": "external/total/main/snailtracer/benchmark",
      "run_type": "iteration",
      "repetitions": 20,
      "repetition_index": 2,
      "threads": 1,
      "iterations": 37,
      "real_time": 1.9340484270262979e+04,
      "cpu_time": 1.9723463216216238e+04,
      "time_unit": "us",
      "code_size": 1.7730000000000000e+04,
      "execution_time_ns": 1.9340088864864863e+07,
      "gas_rate": 1.1910472589157515e+10,
      "gas_used": 2.3491576800000000e+08,
      "input_size": 4.0000000000000000e+00
    },
    {
      "name": "external/total/main/snailtracer/benchmark",
      "family_index": 7,
      "per_family_instance_index": 0,
      "run_name": "external/total/main/snailtracer/benchmark",
      "run_type": "iteration",
      "repetitions": 20,
      "repetition_index": 3,
      "threads": 1,
      "iterations": 37,
      "real_time": 1.9346585189187201e+04,
      "cpu_time": 1.9729022891891800e+04,
      "time_unit": "us",
      "code_size": 1.7730000000000000e+04,
      "execution_time_ns": 1.9346213459459461e+07,
      "gas_rate": 1.1907116195630007e+10,
      "gas_used": 2.3491576800000000e+08,
      "input_size": 4.0000000000000000e+00
    },
    {
      "name": "external/total/main/snailtracer/benchmark",
      "family_index": 7,
      "per_family_instance_index": 0,
      "run_name": "external/total/main/snailtracer/benchmark",
      "run_type": "iteration",
      "repetitions": 20,
      "repetition_index": 4,
      "threads": 1,
      "iterations": 37,
      "real_time": 1.9212241216214228e+04,
      "cpu_time": 1.9592884837837846e+04,
      "time_unit": "us",
      "code_size": 1.7730000000000000e+04,
      "execution_time_ns": 1.9211846351351351e+07,
      "gas_rate": 1.1989850904769770e+10,
      "gas_used": 2.3491576800000000e+08,
      "input_size": 4.0000000000000000e+00
    },
    {
      "name": "external/total/main/snailtracer/benchmark",
      "family_index": 7,
      "per_family_instance_index": 0,
      "run_name": "external/total/main/snailtracer/benchmark",
      "run_type": "iteration",
      "repetitions": 20,
      "repetition_index": 5,
      "threads": 1,
      "iterations": 37,
      "real_time": 1.9428326810820847e+04,
      "cpu_time": 1.9812705162161830e+04,
      "time_unit": "us",
      "code_size": 1.7730000000000000e+04,
      "execution_time_ns": 1.9427939675675675e+07,
      "gas_rate": 1.1856824501110558e+10,
      "gas_used": 2.3491576800000000e+08,
      "input_size": 4.0000000000000000e+00
    },
    {
      "name": "external/total/main/snailtracer/benchmark",
      "family_index": 7,
      "per_family_instance_index": 0,
      "run_name": "external/total/main/snailtracer/benchmark",
      "run_type": "iteration",
      "repetitions": 20,
      "repetition_index": 6,
      "threads": 1,
      "iterations": 37,
      "real_time": 1.9459773864852919e+04,
      "cpu_time": 1.9845569243243503e+04,
      "time_unit": "us",
      "code_size": 1.7730000000000000e+04,
      "execution_time_ns": 1.9459373027027026e+07,
      "gas_rate": 1.1837189708225574e+10,
      "gas_used": 2.3491576800000000e+08,
      "input_size": 4.0000000000000000e+00
    },
    {
      "name": "external/total/main/snailtracer/benchmark",
      "family_index": 7,
      "per_family_instance_index": 0,
      "run_name": "external/total/main/snailtracer/benchmark",
      "run_type": "iteration",
      "repetitions": 20,
      "repetition_index": 7,
      "threads": 1,
      "iterations": 37,
      "real_time": 1.9479363513513621e+04,
      "cpu_time": 1.9865646810810584e+04,
      "time_unit": "us",
      "code_size": 1.7730000000000000e+04,
      "execution_time_ns": 1.9478972918918919e+07,
      "gas_rate": 1.1825226242931210e+10,
      "gas_used": 2.3491576800000000e+08,
      "input_size": 4.0000000000000000e+00
    },
    {
      "name": "external/total/main/snailtracer/benchmark",
      "family_index": 7,
      "per_family_instance_index": 0,
      "run_name": "external/total/main/snailtracer/benchmark",
      "run_type": "iteration",
      "repetitions": 20,
      "repetition_index": 8,
      "threads": 1,
      "iterations": 37,
      "real_time": 1.9028085675681476e+04,
      "cpu_time": 1.9403854216216056e+04,
      "time_unit": "us",
      "code_size": 1.7730000000000000e+04,
      "execution_time_ns": 1.9027695810810812e+07,
      "gas_rate": 1.2106654965675728e+10,
      "gas_used": 2.3491576800000000e+08,
      "input_size": 4.0000000000000000e+00
    },
    {
      "name": "external/total/main/snailtracer/benchmark",
      "family_index": 7,
      "per_family_instance_index": 0,
      "run_name": "external/total/main/snailtracer/benchmark",
      "run_type": "iteration",
      "repetitions": 20,
      "repetition_index": 9,
      "threads": 1,
      "iterations": 37,
      "real_time": 1.8847538675677119e+04,
      "cpu_time": 1.9221323972972968e+04,
      "time_unit": "us",
      "code_size": 1.7730000000000000e+04,
      "execution_time_ns": 1.8847150540540539e+07,
      "gas_rate": 1.2221622627573114e+10,
      "gas_used": 2.3491576800000000e+08,
      "input_size": 4.0000000000000000e+00
    },
    {
      "name": "external/total/main/snailtracer/benchmark",
      "family_index": 7,
      "per_family_instance_index": 0,
      "run_name": "external/total/main/snailtracer/benchmark",
      "run_type": "iteration",
      "repetitions": 20,
      "repetition_index": 10,
      "threads": 1,
      "iterations": 37,
      "real_time": 1.8791294702709452e+04,
      "cpu_time": 1.9163293216216269e+04,
      "time_unit": "us",
      "code_size": 1.7730000000000000e+04,
      "execution_time_ns": 1.8790897837837838e+07,
      "gas_rate": 1.2258632446390306e+10,
      "gas_used": 2.3491576800000000e+08,
      "input_size": 4.0000000000000000e+00
    },
    {
      "name": "external/total/main/snailtracer/benchmark",
      "family_index": 7,
      "per_family_instance_index": 0,
      "run_name": "external/total/main/snailtracer/benchmark",
      "run_type": "iteration",
      "repetitions": 20,
      "repetition_index": 11,
      "threads": 1,
      "iterations": 37,
      "real_time": 1.9023984891892058e+04,
      "cpu_time": 1.9393714810810729e+04,
      "time_unit": "us",
      "code_size": 1.7730000000000000e+04,
      "execution_time_ns": 1.9023630918918919e+07,
      "gas_rate": 1.2112984556679663e+10,
      "gas_used": 2.3491576800000000e+08,
      "input_size": 4.0000000000000000e+00
    },
    {
      "name": "external/total/main/snailtracer/benchmark",
      "family_index": 7,
      "per_family_instance_index": 0,
      "run_name": "external/total/main/snailtracer/benchmark",
      "run_type": "iteration",
      "repetitions": 20,
      "repetition_index": 12,
      "threads": 1,
      "iterations": 37,
      "real_time": 1.9233025621631259e+04,
      "cpu_time": 1.9430702486486451e+04,
      "time_unit": "us",
      "code_size": 1.7730000000000000e+04,
      "execution_time_ns": 1.9232642945945945e+07,
      "gas_rate": 1.2089926659284594e+10,
      "gas_used": 2.3491576800000000e+08,
      "input_size": 4.0000000000000000e+00
    },
    {
      "name": "external/total/main/snailtracer/benchmark",
      "family_index": 7,
      "per_family_instance_index": 0,
      "run_name": "external/total/main/snailtracer/benchmark",
      "run_type": "iteration",
      "repetitions": 20,
      "repetition_index": 13,
      "threads": 1,
      "iterations": 37,
      "real_time": 1.9577492864865799e+04,
      "cpu_time": 1.9470673594594780e+04,
      "time_unit": "us",
      "code_size": 1.7730000000000000e+04,
      "execution_time_ns": 1.9576506351351351e+07,
      "gas_rate": 1.2065107396449526e+10,
      "gas_used": 2.3491576800000000e+08,
      "input_size": 4.0000000000000000e+00
    },
    {
      "name": "external/total/main/snailtracer/benchmark",
      "family_index": 7,
      "per_family_instance_index": 0,
      "run_name": "external/total/main/snailtracer/benchmark",
      "run_type": "iteration",
      "repetitions": 20,
      "repetition_index": 14,
      "threads": 1,
      "iterations": 37,
      "real_time": 1.9798609945954358e+04,
      "cpu_time": 1.9688659135134974e+04,
      "time_unit": "us",
      "code_size": 1.7730000000000000e+04,
      "execution_time_ns": 1.9798208486486487e+07,
      "gas_rate": 1.1931526996715895e+10,
      "gas_used": 2.3491576800000000e+08,
      "input_size": 4.0000000000000000e+00
    },
    {
      "name": "external/total/main/snailtracer/benchmark",
      "family_index": 7,
      "per_family_instance_index": 0,
      "run_name": "external/total/main/snailtracer/benchmark",
      "run_type": "iteration",
      "repetitions": 20,
      "repetition_index": 15,
      "threads": 1,
      "iterations": 37,
      "real_time": 1.9902125756743771e+04,
      "cpu_time": 1.9794328270270275e+04,
      "time_unit": "us",
      "code_size": 1.7730000000000000e+04,
      "execution_time_ns": 4.0872501081081077e+07,
      "gas_rate": 1.1867832279654945e+10,
      "gas_used": 2.3491576800000000e+08,
      "input_size": 4.0000000000000000e+00
    },
    {
      "name": "external/total/main/snailtracer/benchmark",
      "family_index": 7,
      "per_family_instance_index": 0,
      "run_name": "external/total/main/snailtracer/benchmark",
      "run_type": "iteration",
      "repetitions": 20,
      "repetition_index": 16,
      "threads": 1,
      "iterations": 37,
      "real_time": 1.9914176054044219e+04,
      "cpu_time": 1.9805028486486535e+04,
      "time_unit": "us",
      "code_size": 1.7730000000000000e+04,
      "execution_time_ns": 1.9913781972972974e+07,
      "gas_rate": 1.1861420353941370e+10,
      "gas_used": 2.3491576800000000e+08,
      "input_size": 4.0000000000000000e+00
    },
    {
      "name": "external/total/main/snailtracer/benchmark",
      "family_index": 7,
      "per_family_instance_index": 0,
      "run_name": "external/total/main/snailtracer/benchmark",
      "run_type": "iteration",
      "repetitions": 20,
      "repetition_index": 17,
      "threads": 1,
      "iterations": 37,
      "real_time": 1.9846392432432243e+04,
      "cpu_time": 1.9738305405405677e+04,
      "time_unit": "us",
      "code_size": 1.7730000000000000e+04,
      "execution_time_ns": 1.9845961243243244e+07,
      "gas_rate": 1.1901516527131262e+10,
      "gas_used": 2.3491576800000000e+08,
      "input_size": 4.0000000000000000e+00
    },
    {
      "name": "external/total/main/snailtracer/benchmark",
      "family_index": 7,
      "per_family_instance_index": 0,
      "run_name": "external/total/main/snailtracer/benchmark",
      "run_type": "iteration",
      "repetitions": 20,
      "repetition_index": 18,
      "threads": 1,
      "iterations": 37,
      "real_time": 1.9347658567582854e+04,
      "cpu_time": 1.9742624621621595e+04,
      "time_unit": "us",
      "code_size": 1.7730000000000000e+04,
      "execution_time_ns": 1.9347244540540539e+07,
      "gas_rate": 1.1898912758677816e+10,
      "gas_used": 2.3491576800000000e+08,
      "input_size": 4.0000000000000000e+00
    },
    {
      "name": "external/total/main/snailtracer/benchmark",
      "family_index": 7,
      "per_family_instance_index": 0,
      "run_name": "external/total/main/snailtracer/benchmark",
      "run_type": "iteration",
      "repetitions": 20,
      "repetition_index": 19,
      "threads": 1,
      "iterations": 37,
      "real_time": 1.9272152054056914e+04,
      "cpu_time": 1.9705466729729589e+04,
      "time_unit": "us",
      "code_size": 1.7730000000000000e+04,
      "execution_time_ns": 1.9271739270270269e+07,
      "gas_rate": 1.1921350111722202e+10,
      "gas_used": 2.3491576800000000e+08,
      "input_size": 4.0000000000000000e+00
    },
    {
      "name": "external/total/main/snailtracer/benchmark_mean",
      "family_index": 7,
      "per_family_instance_index": 0,
      "run_name": "external/total/main/snailtracer/benchmark",
      "run_type": "aggregate",
      "repetitions": 20,
      "threads": 1,
      "aggregate_name": "mean",
      "aggregate_unit": "time",
      "iterations": 20,
      "real_time": 1.9327759752704387e+04,
      "cpu_time": 1.9599537627027014e+04,
      "time_unit": "us",
      "code_size": 1.7730000000000000e+04,
      "execution_time_ns": 2.0375875622972973e+07,
      "gas_rate": 1.1987208609235703e+10,
      "gas_used": 2.3491576800000000e+08,
      "input_size": 4.0000000000000000e+00
    },
    {
      "name": "external/total/main/snailtracer/benchmark_median",
      "family_index": 7,
      "per_family_instance_index": 0,
      "run_name": "external/total/main/snailtracer/benchmark",
      "run_type": "aggregate",
      "repetitions": 20,
      "threads": 1,
      "aggregate_name": "median",
      "aggregate_unit": "time",
      "iterations": 20,
      "real_time": 1.9343534729725092e+04,
      "cpu_time": 1.9697062932432287e+04,
      "time_unit": "us",
      "code_size": 1.7730000000000000e+04,
      "execution_time_ns": 1.9343151162162162e+07,
      "gas_rate": 1.1926438554219048e+10,
      "gas_used": 2.3491576800000000e+08,
      "input_size": 4.0000000000000000e+00
    },
    {
      "name": "external/total/main/snailtracer/benchmark_stddev",
      "family_index": 7,
      "per_family_instance_index": 0,
      "run_name": "external/total/main/snailtracer/benchmark",
      "run_type": "aggregate",
      "repetitions": 20,
      "threads": 1,
      "aggregate_name": "stddev",
      "aggregate_unit": "time",
      "iterations": 20,
      "real_time": 3.6098133624764364e+02,
      "cpu_time": 2.1867947812717540e+02,
      "time_unit": "us",
      "code_size": 0.0000000000000000e+00,
      "execution_time_ns": 4.8359996120684557e+06,
      "gas_rate": 1.3468096106631425e+08,
      "gas_used": 0.0000000000000000e+00,
      "input_size": 0.0000000000000000e+00
    },
    {
      "name": "external/total/main/snailtracer/benchmark_cv",
      "family_index": 7,
      "per_family_instance_index": 0,
      "run_name": "external/total/main/snailtracer/benchmark",
      "run_type": "aggregate",
      "repetitions": 20,
      "threads": 1,
      "aggregate_name": "cv",
      "aggregate_unit": "percentage",
      "iterations": 20,
      "real_time": 1.8676832745560912e-02,
      "cpu_time": 1.1157379438667205e-02,
      "time_unit": "us",
      "code_size": 0.0000000000000000e+00,
      "execution_time_ns": 2.3733947446244039e-01,
      "gas_rate": 1.1235389777278717e-02,
      "gas_used": 0.0000000000000000e+00,
      "input_size": 0.0000000000000000e+00
    },
    {
      "name": "external/total/main/structarray_alloc/nfts_rank",
      "family_index": 8,
      "per_family_instance_index": 0,
      "run_name": "external/total/main/structarray_alloc/nfts_rank",
      "run_type": "iteration",
      "repetitions": 20,
      "repetition_index": 0,
      "threads": 1,
      "iterations": 4369,
      "real_time": 1.5273101350417693e+02,
      "cpu_time": 1.5618149233233945e+02,
      "time_unit": "us",
      "code_size": 4.9600000000000000e+02,
      "execution_time_ns": 1.5269668574044402e+05,
      "gas_rate": 1.1126004586397404e+10,
      "gas_used": 1.7376760000000000e+06,
      "input_size": 3.6000000000000000e+01
    },
    {
      "name": "external/total/main/structarray_alloc/nfts_rank",
      "family_index": 8,
      "per_family_instance_index": 0,
      "run_name": "external/total/main/structarray_alloc/nfts_rank",
      "run_type": "iteration",
      "repetitions": 20,
      "repetition_index": 1,
      "threads": 1,
      "iterations": 4369,
      "real_time": 1.5025198077361853e+02,
      "cpu_time": 1.5363361295491191e+02,
      "time_unit": "us",
      "code_size": 4.9600000000000000e+02,
      "execution_time_ns": 1.5021675074387732e+05,
      "gas_rate": 1.1310519661540276e+10,
      "gas_used": 1.7376760000000000e+06,
      "input_size": 3.6000000000000000e+01
    },
    {
      "name": "external/total/main/structarray_alloc/nfts_rank",
      "family_index": 8,
      "per_family_instance_index": 0,
      "run_name": "external/total/main/structarray_alloc/nfts_rank",
      "run_type": "iteration",
      "repetitions": 20,
      "repetition_index": 2,
      "threads": 1,
      "iterations": 4369,
      "real_time": 1.5005059075311587e+02,
      "cpu_time": 1.5343882307164253e+02,
      "time_unit": "us",
      "code_size": 4.9600000000000000e+02,
      "execution_time_ns": 1.5001266147859921e+05,
      "gas_rate": 1.1324878314457983e+10,
      "gas_used": 1.7376760000000000e+06,
      "input_size": 3.6000000000000000e+01
    },
    {
      "name": "external/total/main/structarray_alloc/nfts_rank",
      "family_index": 8,
      "per_family_instance_index": 0,
      "run_name": "external/total/main/structarray_alloc/nfts_rank",
      "run_type": "iteration",
      "repetitions": 20,
      "repetition_index": 3,
      "threads": 1,
      "iterations": 4369,
      "real_time": 1.5008159761973755e+02,
      "cpu_time": 1.5435149256122676e+02,
      "time_unit": "us",
      "code_size": 4.9600000000000000e+02,
      "execution_time_ns": 1.5004797688258183e+05,
      "gas_rate": 1.1257915107693008e+10,
      "gas_used": 1.7376760000000000e+06,
      "input_size": 3.6000000000000000e+01
    },
    {
      "name": "external/total/main/structarray_alloc/nfts_rank",
      "family_index": 8,
      "per_family_instance_index": 0,
      "run_name": "external/total/main/structarray_alloc/nfts_rank",
      "run_type": "iteration",
      "repetitions": 20,
      "repetition_index": 4,
      "threads": 1,
      "iterations": 4369,
      "real_time": 1.4853923643861685e+02,
      "cpu_time": 1.5374504829480313e+02,
      "time_unit": "us",
      "code_size": 4.9600000000000000e+02,
      "execution_time_ns": 1.4850558251316092e+05,
      "gas_rate": 1.1302321728554407e+10,
      "gas_used": 1.7376760000000000e+06,
      "input_size": 3.6000000000000000e+01
    },
    {
      "name": "external/total/main/structarray_alloc/nfts_rank",
      "family_index": 8,
      "per_family_instance_index": 0,
      "run_name": "external/total/main/structarray_alloc/nfts_rank",
      "run_type": "iteration",
      "repetitions": 20,
      "repetition_index": 5,
      "threads": 1,
      "iterations": 4369,
      "real_time": 1.5093790913253918e+02,
      "cpu_time": 1.5624112680247228e+02,
      "time_unit": "us",
      "code_size": 4.9600000000000000e+02,
      "execution_time_ns": 1.5090052918287937e+05,
      "gas_rate": 1.1121757987555067e+10,
      "gas_used": 1.7376760000000000e+06,
      "input_size": 3.6000000000000000e+01
    },
    {
      "name": "external/total/main/structarray_alloc/nfts_rank",
      "family_index": 8,
      "per_family_instance_index": 0,
      "run_name": "external/total/main/structarray_alloc/nfts_rank",
      "run_type": "iteration",
      "repetitions": 20,
      "repetition_index": 6,
      "threads": 1,
      "iterations": 4369,
      "real_time": 1.4916519478153259e+02,
      "cpu_time": 1.5440862371251927e+02,
      "time_unit": "us",
      "code_size": 4.9600000000000000e+02,
      "execution_time_ns": 1.4912902197299153e+05,
      "gas_rate": 1.1253749681981726e+10,
      "gas_used": 1.7376760000000000e+06,
      "input_size": 3.6000000000000000e+01
    },
    {
      "name": "external/total/main/structarray_alloc/nfts_rank",
      "family_index": 8,
      "per_family_instance_index": 0,
      "run_name": "external/total/main/structarray_alloc/nfts_rank",
      "run_type": "iteration",
      "repetitions": 20,
      "repetition_index": 7,
      "threads": 1,
      "iterations": 4369,
      "real_time": 1.4875757335763333e+02,
      "cpu_time": 1.5397144243533862e+02,
      "time_unit": "us",
      "code_size": 4.9600000000000000e+02,
      "execution_time_ns": 1.4872303753719386e+05,
      "gas_rate": 1.1285703196095922e+10,
      "gas_used": 1.7376760000000000e+06,
      "input_size": 3.6000000000000000e+01
    },
    {
      "name": "external/total/main/structarray_alloc/nfts_rank",
      "family_index": 8,
      "per_family_instance_index": 0,
      "run_name": "external/total/main/structarray_alloc/nfts_rank",
      "run_type": "iteration",
      "repetitions": 20,
      "repetition_index": 8,
      "threads": 1,
      "iterations": 4369,
      "real_time": 1.5281077363236221e+02,
      "cpu_time": 1.5818256488898976e+02,
      "time_unit": "us",
      "code_size": 4.9600000000000000e+02,
      "execution_time_ns": 1.5277341702906843e+05,
      "gas_rate": 1.0985256189387724e+10,
      "gas_used": 1.7376760000000000e+06,
      "input_size": 3.6000000000000000e+01
    },
    {
      "name": "external/total/main/structarray_alloc/nfts_rank",
      "family_index": 8,
      "per_family_instance_index": 0,
      "run_name": "external/total/main/structarray_alloc/nfts_rank",
      "run_type": "iteration",
      "repetitions": 20,
      "repetition_index": 9,
      "threads": 1,
      "iterations": 4369,
      "real_time": 1.5174506500346169e+02,
      "cpu_time": 1.5707641702907097e+02,
      "time_unit": "us",
      "code_size": 4.9600000000000000e+02,
      "execution_time_ns": 1.5171073884184024e+05,
      "gas_rate": 1.1062615463646584e+10,
      "gas_used": 1.7376760000000000e+06,
      "input_size": 3.6000000000000000e+01
    },
    {
      "name": "external/total/main/structarray_alloc/nfts_rank",
      "family_index": 8,
      "per_family_instance_index": 0,
      "run_name": "external/total/main/structarray_alloc/nfts_rank",
      "run_type": "iteration",
      "repetitions": 20,
      "repetition_index": 10,
      "threads": 1,
      "iterations": 4369,
      "real_time": 1.5080717303724438e+02,
      "cpu_time": 1.5609659624628080e+02,
      "time_unit": "us",
      "code_size": 4.9600000000000000e+02,
      "execution_time_ns": 1.5077330327306018e+05,
      "gas_rate": 1.1132055674413223e+10,
      "gas_used": 1.7376760000000000e+06,
      "input_size": 3.6000000000000000e+01
    },
    {
      "name": "external/total/main/structarray_alloc/nfts_rank",
      "family_index": 8,
      "per_family_instance_index": 0,
      "run_name": "external/total/main/structarray_alloc/nfts_rank",
      "run_type": "iteration",
      "repetitions": 20,
      "repetition_index": 11,
      "threads": 1,
      "iterations": 4369,
      "real_time": 1.5225128084229473e+02,
      "cpu_time": 1.5760126825360359e+02,
      "time_unit": "us",
      "code_size": 4.9600000000000000e+02,
      "execution_time_ns": 1.5221571023117419e+05,
      "gas_rate": 1.1025774216510899e+10,
      "gas_used": 1.7376760000000000e+06,
      "input_size": 3.6000000000000000e+01
    },
    {
      "name": "external/total/main/structarray_alloc/nfts_rank",
      "family_index": 8,
      "per_family_instance_index": 0,
      "run_name": "external/total/main/structarray_alloc/nfts_rank",
      "run_type": "iteration",
      "repetitions": 20,
      "repetition_index": 12,
      "threads": 1,
      "iterations": 4369,
      "real_time": 1.5269711718933317e+02,
      "cpu_time": 1.5806493682765026e+02,
      "time_unit": "us",
      "code_size": 4.9600000000000000e+02,
      "execution_time_ns": 1.5266014282444495e+05,
      "gas_rate": 1.0993431148457136e+10,
      "gas_used": 1.7376760000000000e+06,
      "input_size": 3.6000000000000000e+01
    },
    {
      "name": "external/total/main/structarray_alloc/nfts_rank",
      "family_index": 8,
      "per_family_instance_index": 0,
      "run_name": "external/total/main/structarray_alloc/nfts_rank",
      "run_type": "iteration",
      "repetitions": 20,
      "repetition_index": 13,
      "threads": 1,
      "iterations": 4369,
      "real_time": 1.5234205516136203e+02,
      "cpu_time": 1.5767990432592998e+02,
      "time_unit": "us",
      "code_size": 4.9600000000000000e+02,
      "execution_time_ns": 1.5230303662165254e+05,
      "gas_rate": 1.1020275585709145e+10,
      "gas_used": 1.7376760000000000e+06,
      "input_size": 3.6000000000000000e+01
    },
    {
      "name": "external/total/main/structarray_alloc/nfts_rank",
      "family_index": 8,
      "per_family_instance_index": 0,
      "run_name": "external/total/main/structarray_alloc/nfts_rank",
      "run_type": "iteration",
      "repetitions": 20,
      "repetition_index": 14,
      "threads": 1,
      "iterations": 4369,
      "real_time": 1.5066091348133224e+02,
      "cpu_time": 1.5595753215838482e+02,
      "time_unit": "us",
      "code_size": 4.9600000000000000e+02,
      "execution_time_ns": 1.5062493202105744e+05,
      "gas_rate": 1.1141981896938963e+10,
      "gas_used": 1.7376760000000000e+06,
      "input_size": 3.6000000000000000e+01
    },
    {
      "name": "external/total/main/structarray_alloc/nfts_rank",
      "family_index": 8,
      "per_family_instance_index": 0,
      "run_name": "external/total/main/structarray_alloc/nfts_rank",
      "run_type": "iteration",
      "repetitions": 20,
      "repetition_index": 15,
      "threads": 1,
      "iterations": 4369,
      "real_time": 1.4847207301439235e+02,
      "cpu_time": 1.5361574387731639e+02,
      "time_unit": "us",
      "code_size": 4.9600000000000000e+02,
      "execution_time_ns": 1.4843743465323871e+05,
      "gas_rate": 1.1311835337579571e+10,
      "gas_used": 1.7376760000000000e+06,
      "input_size": 3.6000000000000000e+01
    },
    {
      "name": "external/total/main/structarray_alloc/nfts_rank",
      "family_index": 8,
      "per_family_instance_index": 0,
      "run_name": "external/total/main/structarray_alloc/nfts_rank",
      "run_type": "iteration",
      "repetitions": 20,
      "repetition_index": 16,
      "threads": 1,
      "iterations": 4369,
      "real_time": 1.4907809269855923e+02,
      "cpu_time": 1.5407030235751930e+02,
      "time_unit": "us",
      "code_size": 4.9600000000000000e+02,
      "execution_time_ns": 1.4904395010299841e+05,
      "gas_rate": 1.1278461672436602e+10,
      "gas_used": 1.7376760000000000e+06,
      "input_size": 3.6000000000000000e+01
    },
    {
      "name": "external/total/main/structarray_alloc/nfts_rank",
      "family_index": 8,
      "per_family_instance_index": 0,
      "run_name": "external/total/main/structarray_alloc/nfts_rank",
      "run_type": "iteration",
      "repetitions": 20,
      "repetition_index": 17,
      "threads": 1,
      "iterations": 4369,
      "real_time": 1.5069007896549599e+02,
      "cpu_time": 1.5574808422979902e+02,
      "time_unit": "us",
      "code_size": 4.9600000000000000e+02,
      "execution_time_ns": 1.5063547722590982e+05,
      "gas_rate": 1.1156965484314659e+10,
      "gas_used": 1.7376760000000000e+06,
      "input_size": 3.6000000000000000e+01
    },
    {
      "name": "external/total/main/structarray_alloc/nfts_rank",
      "family_index": 8,
      "per_family_instance_index": 0,
      "run_name": "external/total/main/structarray_alloc/nfts_rank",
      "run_type": "iteration",
      "repetitions": 20,
      "repetition_index": 18,
      "threads": 1,
      "iterations": 4369,
      "real_time": 1.4990739894718874e+02,
      "cpu_time": 1.5493912085145325e+02,
      "time_unit": "us",
      "code_size": 4.9600000000000000e+02,
      "execution_time_ns": 1.4986511512932021e+05,
      "gas_rate": 1.1215217889779974e+10,
      "gas_used": 1.7376760000000000e+06,
      "input_size": 3.6000000000000000e+01
    },
    {
      "name": "external/total/main/structarray_alloc/nfts_rank",
      "family_index": 8,
      "per_family_instance_index": 0,
      "run_name": "external/total/main/structarray_alloc/nfts_rank",
      "run_type": "iteration",
      "repetitions": 20,
      "repetition_index": 19,
      "threads": 1,
      "iterations": 4369,
      "real_time": 1.4909303456177472e+02,
      "cpu_time": 1.5407855962463188e+02,
      "time_unit": "us",
      "code_size": 4.9600000000000000e+02,
      "execution_time_ns": 1.4905878095674067e+05,
      "gas_rate": 1.1277857245247801e+10,
      "gas_used": 1.7376760000000000e+06,
      "input_size": 3.6000000000000000e+01
    },
    {
      "name": "external/total/main/structarray_alloc/nfts_rank_mean",
      "family_index": 8,
      "per_family_instance_index": 0,
      "run_name": "external/total/main/structarray_alloc/nfts_rank",
      "run_type": "aggregate",
      "repetitions": 20,
      "threads": 1,
      "aggregate_name": "mean",
      "aggregate_unit": "time",
      "iterations": 20,
      "real_time": 1.5055350764478862e+02,
      "cpu_time": 1.5545413464179421e+02,
      "time_unit": "us",
      "code_size": 4.9600000000000000e+02,
      "execution_time_ns": 1.5051671424811168e+05,
      "gas_rate": 1.1179228903434904e+10,
      "gas_used": 1.7376760000000000e+06,
      "input_size": 3.6000000000000000e+01
    },
    {
      "name": "external/total/main/structarray_alloc/nfts_rank_median",
      "family_index": 8,
      "per_family_instance_index": 0,
      "run_name": "external/total/main/structarray_alloc/nfts_rank",
      "run_type": "aggregate",
      "repetitions": 20,
      "threads": 1,
      "aggregate_name": "median",
      "aggregate_unit": "time",
      "iterations": 20,
      "real_time": 1.5045644712747540e+02,
      "cpu_time": 1.5534360254062614e+02,
      "time_unit": "us",
      "code_size": 4.9600000000000000e+02,
      "execution_time_ns": 1.5042084138246736e+05,
      "gas_rate": 1.1186091687047318e+10,
      "gas_used": 1.7376760000000000e+06,
      "input_size": 3.6000000000000000e+01
    },
    {
      "name": "external/total/main/structarray_alloc/nfts_rank_stddev",
      "family_index": 8,
      "per_family_instance_index": 0,
      "run_name": "external/total/main/structarray_alloc/nfts_rank",
      "run_type": "aggregate",
      "repetitions": 20,
      "threads": 1,
      "aggregate_name": "stddev",
      "aggregate_unit": "time",
      "iterations": 20,
      "real_time": 1.4691846681917626e+00,
      "cpu_time": 1.6321409026249412e+00,
      "time_unit": "us",
      "code_size": 0.0000000000000000e+00,
      "execution_time_ns": 1.4685372976448828e+03,
      "gas_rate": 1.1696655451613206e+08,
      "gas_used": 0.0000000000000000e+00,
      "input_size": 0.0000000000000000e+00
    },
    {
      "name": "external/total/main/structarray_alloc/nfts_rank_cv",
      "family_index": 8,
      "per_family_instance_index": 0,
      "run_name": "external/total/main/structarray_alloc/nfts_rank",
      "run_type": "aggregate",
      "repetitions": 20,
      "threads": 1,
      "aggregate_name": "cv",
      "aggregate_unit": "percentage",
      "iterations": 20,
      "real_time": 9.7585548897214155e-03,
      "cpu_time": 1.0499179750900856e-02,
      "time_unit": "us",
      "code_size": 0.0000000000000000e+00,
      "execution_time_ns": 9.7566393538470863e-03,
      "gas_rate": 1.0462846366818124e-02,
      "gas_used": 0.0000000000000000e+00,
      "input_size": 0.0000000000000000e+00
    },
    {
      "name": "external/total/main/swap_math/spent",
      "family_index": 9,
      "per_family_instance_index": 0,
      "run_name": "external/total/main/swap_math/spent",
      "run_type": "iteration",
      "repetitions": 20,
      "repetition_index": 0,
      "threads": 1,
      "iterations": 535469,
      "real_time": 1.2456745488536585e+00,
      "cpu_time": 1.2874498505048901e+00,
      "time_unit": "us",
      "code_size": 1.9210000000000000e+03,
      "execution_time_ns": 1.2269777951664803e+03,
      "gas_rate": 2.4692223924320736e+09,
      "gas_used": 3.1790000000000000e+03,
      "input_size": 1.6400000000000000e+02
    },
    {
      "name": "external/total/main/swap_math/spent",
      "family_index": 9,
      "per_family_instance_index": 0,
      "run_name": "external/total/main/swap_math/spent",
      "run_type": "iteration",
      "repetitions": 20,
      "repetition_index": 1,
      "threads": 1,
      "iterations": 535469,
      "real_time": 1.2700408912563190e+00,
      "cpu_time": 1.3125844259891872e+00,
      "time_unit": "us",
      "code_size": 1.9210000000000000e+03,
      "execution_time_ns": 1.2512820125908315e+03,
      "gas_rate": 2.4219394478981791e+09,
      "gas_used": 3.1790000000000000e+03,
      "input_size": 1.6400000000000000e+02
    },
    {
      "name": "external/total/main/swap_math/spent",
      "family_index": 9,
      "per_family_instance_index": 0,
      "run_name": "external/total/main/swap_math/spent",
      "run_type": "iteration",
      "repetitions": 20,
      "repetition_index": 2,
      "threads": 1,
      "iterations": 535469,
      "real_time": 1.2738470163539122e+00,
      "cpu_time": 1.3165475984603936e+00,
      "time_unit": "us",
      "code_size": 1.9210000000000000e+03,
      "execution_time_ns": 1.2544798914596363e+03,
      "gas_rate": 2.4146487401728649e+09,
      "gas_used": 3.1790000000000000e+03,
      "input_size": 1.6400000000000000e+02
    },
    {
      "name": "external/total/main/swap_math/spent",
      "family_index": 9,
      "per_family_instance_index": 0,
      "run_name": "external/total/main/swap_math/spent",
      "run_type": "iteration",
      "repetitions": 20,
      "repetition_index": 3,
      "threads": 1,
      "iterations": 535469,
      "real_time": 1.2772072911773507e+00,
      "cpu_time": 1.3200599119650307e+00,
      "time_unit": "us",
      "code_size": 1.9210000000000000e+03,
      "execution_time_ns": 1.2571584162668614e+03,
      "gas_rate": 2.4082240292167997e+09,
      "gas_used": 3.1790000000000000e+03,
      "input_size": 1.6400000000000000e+02
    },
    {
      "name": "external/total/main/swap_math/spent",
      "family_index": 9,
      "per_family_instance_index": 0,
      "run_name": "external/total/main/swap_math/spent",
      "run_type": "iteration",
      "repetitions": 20,
      "repetition_index": 4,
      "threads": 1,
      "iterations": 535469,
      "real_time": 1.2714817010877106e+00,
      "cpu_time": 1.3140579716099301e+00,
      "time_unit": "us",
      "code_size": 1.9210000000000000e+03,
      "execution_time_ns": 1.2527979061346223e+03,
      "gas_rate": 2.4192235568612089e+09,
      "gas_used": 3.1790000000000000e+03,
      "input_size": 1.6400000000000000e+02
    },
    {
      "name": "external/total/main/swap_math/spent",
      "family_index": 9,
      "per_family_instance_index": 0,
      "run_name": "external/total/main/swap_math/spent",
      "run_type": "iteration",
      "repetitions": 20,
      "repetition_index": 5,
      "threads": 1,
      "iterations": 535469,
      "real_time": 1.2644471295251236e+00,
      "cpu_time": 1.3068697833114618e+00,
      "time_unit": "us",
      "code_size": 1.9210000000000000e+03,
      "execution_time_ns": 1.2452958210465965e+03,
      "gas_rate": 2.4325300351996584e+09,
      "gas_used": 3.1790000000000000e+03,
      "input_size": 1.6400000000000000e+02
    },
    {
      "name": "external/total/main/swap_math/spent",
      "family_index": 9,
      "per_family_instance_index": 0,
      "run_name": "external/total/main/swap_math/spent",
      "run_type": "iteration",
      "repetitions": 20,
      "repetition_index": 6,
      "threads": 1,
      "iterations": 535469,
      "real_time": 1.2685632669683367e+00,
      "cpu_time": 1.3111352832750507e+00,
      "time_unit": "us",
      "code_size": 1.9210000000000000e+03,
      "execution_time_ns": 1.2486308189643098e+03,
      "gas_rate": 2.4246163157620611e+09,
      "gas_used": 3.1790000000000000e+03,
      "input_size": 1.6400000000000000e+02
    },
    {
      "name": "external/total/main/swap_math/spent",
      "family_index": 9,
      "per_family_instance_index": 0,
      "run_name": "external/total/main/swap_math/spent",
      "run_type": "iteration",
      "repetitions": 20,
      "repetition_index": 7,
      "threads": 1,
      "iterations": 535469,
      "real_time": 1.2788261953541229e+00,
      "cpu_time": 1.3076540957553189e+00,
      "time_unit": "us",
      "code_size": 1.9210000000000000e+03,
      "execution_time_ns": 1.2597576255581555e+03,
      "gas_rate": 2.4310710380666580e+09,
      "gas_used": 3.1790000000000000e+03,
      "input_size": 1.6400000000000000e+02
    },
    {
      "name": "external/total/main/swap_math/spent",
      "family_index": 9,
      "per_family_instance_index": 0,
      "run_name": "external/total/main/swap_math/spent",
      "run_type": "iteration",
      "repetitions": 20,
      "repetition_index": 8,
      "threads": 1,
      "iterations": 535469,
      "real_time": 1.2710604647513906e+00,
      "cpu_time": 1.2959333369438757e+00,
      "time_unit": "us",
      "code_size": 1.9210000000000000e+03,
      "execution_time_ns": 1.2517598609816814e+03,
      "gas_rate": 2.4530582780568414e+09,
      "gas_used": 3.1790000000000000e+03,
      "input_size": 1.6400000000000000e+02
    },
    {
      "name": "external/total/main/swap_math/spent",
      "family_index": 9,
      "per_family_instance_index": 0,
      "run_name": "external/total/main/swap_math/spent",
      "run_type": "iteration",
      "repetitions": 20,
      "repetition_index": 9,
      "threads": 1,
      "iterations": 535469,
      "real_time": 1.2690325210220499e+00,
      "cpu_time": 1.2938882101484988e+00,
      "time_unit": "us",
      "code_size": 1.9210000000000000e+03,
      "execution_time_ns": 1.2502499210972064e+03,
      "gas_rate": 2.4569355954137244e+09,
      "gas_used": 3.1790000000000000e+03,
      "input_size": 1.6400000000000000e+02
    },
    {
      "name": "external/total/main/swap_math/spent",
      "family_index": 9,
      "per_family_instance_index": 0,
      "run_name": "external/total/main/swap_math/spent",
      "run_type": "iteration",
      "repetitions": 20,
      "repetition_index": 10,
      "threads": 1,
      "iterations": 535469,
      "real_time": 1.2547094509672791e+00,
      "cpu_time": 1.2791596413610844e+00,
      "time_unit": "us",
      "code_size": 1.9210000000000000e+03,
      "execution_time_ns": 1.2357440131921735e+03,
      "gas_rate": 2.4852253754796381e+09,
      "gas_used": 3.1790000000000000e+03,
      "input_size": 1.6400000000000000e+02
    },
    {
      "name": "external/total/main/swap_math/spent",
      "family_index": 9,
      "per_family_instance_index": 0,
      "run_name": "external/total/main/swap_math/spent",
      "run_type": "iteration",
      "repetitions": 20,
      "repetition_index": 11,
      "threads": 1,
      "iterations": 535469,
      "real_time": 1.2601734554192723e+00,
      "cpu_time": 1.2848553492358938e+00,
      "time_unit": "us",
      "code_size": 1.9210000000000000e+03,
      "execution_time_ns": 1.2413377020891967e+03,
      "gas_rate": 2.4742084794919195e+09,
      "gas_used": 3.1790000000000000e+03,
      "input_size": 1.6400000000000000e+02
    },
    {
      "name": "external/total/main/swap_math/spent",
      "family_index": 9,
      "per_family_instance_index": 0,
      "run_name": "external/total/main/swap_math/spent",
      "run_type": "iteration",
      "repetitions": 20,
      "repetition_index": 12,
      "threads": 1,
      "iterations": 535469,
      "real_time": 1.2643645477139711e+00,
      "cpu_time": 1.2891195251266103e+00,
      "time_unit": "us",
      "code_size": 1.9210000000000000e+03,
      "execution_time_ns": 1.2451805650747290e+03,
      "gas_rate": 2.4660242421568904e+09,
      "gas_used": 3.1790000000000000e+03,
      "input_size": 1.6400000000000000e+02
    },
    {
      "name": "external/total/main/swap_math/spent",
      "family_index": 9,
      "per_family_instance_index": 0,
      "run_name": "external/total/main/swap_math/spent",
      "run_type": "iteration",
      "repetitions": 20,
      "repetition_index": 13,
      "threads": 1,
      "iterations": 535469,
      "real_time": 1.2649806991619164e+00,
      "cpu_time": 1.2896434041933336e+00,
      "time_unit": "us",
      "code_size": 1.9210000000000000e+03,
      "execution_time_ns": 1.2466944510326462e+03,
      "gas_rate": 2.4650224935539069e+09,
      "gas_used": 3.1790000000000000e+03,
      "input_size": 1.6400000000000000e+02
    },
    {
      "name": "external/total/main/swap_math/spent",
      "family_index": 9,
      "per_family_instance_index": 0,
      "run_name": "external/total/main/swap_math/spent",
      "run_type": "iteration",
      "repetitions": 20,
      "repetition_index": 14,
      "threads": 1,
      "iterations": 535469,
      "real_time": 1.2815443359000820e+00,
      "cpu_time": 1.3066115946955021e+00,
      "time_unit": "us",
      "code_size": 1.9210000000000000e+03,
      "execution_time_ns": 1.2621091902612477e+03,
      "gas_rate": 2.4330107071649299e+09,
      "gas_used": 3.1790000000000000e+03,
      "input_size": 1.6400000000000000e+02
    },
    {
      "name": "external/total/main/swap_math/spent",
      "family_index": 9,
      "per_family_instance_index": 0,
      "run_name": "external/total/main/swap_math/spent",
      "run_type": "iteration",
      "repetitions": 20,
      "repetition_index": 15,
      "threads": 1,
      "iterations": 535469,
      "real_time": 1.2953128827248954e+00,
      "cpu_time": 1.3206829751115239e+00,
      "time_unit": "us",
      "code_size": 1.9210000000000000e+03,
      "execution_time_ns": 1.2761413247078729e+03,
      "gas_rate": 2.4070878930892196e+09,
      "gas_used": 3.1790000000000000e+03,
      "input_size": 1.6400000000000000e+02
    },
    {
      "name": "external/total/main/swap_math/spent",
      "family_index": 9,
      "per_family_instance_index": 0,
      "run_name": "external/total/main/swap_math/spent",
      "run_type": "iteration",
      "repetitions": 20,
      "repetition_index": 16,
      "threads": 1,
      "iterations": 535469,
      "real_time": 1.3056462633681540e+00,
      "cpu_time": 1.3310524026600923e+00,
      "time_unit": "us",
      "code_size": 1.9210000000000000e+03,
      "execution_time_ns": 1.2852241212843321e+03,
      "gas_rate": 2.3883357211532817e+09,
      "gas_used": 3.1790000000000000e+03,
      "input_size": 1.6400000000000000e+02
    },
    {
      "name": "external/total/main/swap_math/spent",
      "family_index": 9,
      "per_family_instance_index": 0,
      "run_name": "external/total/main/swap_math/spent",
      "run_type": "iteration",
      "repetitions": 20,
      "repetition_index": 17,
      "threads": 1,
      "iterations": 535469,
      "real_time": 1.2823882054794997e+00,
      "cpu_time": 1.3075066100932353e+00,
      "time_unit": "us",
      "code_size": 1.9210000000000000e+03,
      "execution_time_ns": 1.2638348849326478e+03,
      "gas_rate": 2.4313452608651156e+09,
      "gas_used": 3.1790000000000000e+03,
      "input_size": 1.6400000000000000e+02
    },
    {
      "name": "external/total/main/swap_math/spent",
      "family_index": 9,
      "per_family_instance_index": 0,
      "run_name": "external/total/main/swap_math/spent",
      "run_type": "iteration",
      "repetitions": 20,
      "repetition_index": 18,
      "threads": 1,
      "iterations": 535469,
      "real_time": 1.2942879606463678e+00,
      "cpu_time": 1.3172692069942871e+00,
      "time_unit": "us",
      "code_size": 1.9210000000000000e+03,
      "execution_time_ns": 1.2747369913104214e+03,
      "gas_rate": 2.4133259800809927e+09,
      "gas_used": 3.1790000000000000e+03,
      "input_size": 1.6400000000000000e+02
    },
    {
      "name": "external/total/main/swap_math/spent",
      "family_index": 9,
      "per_family_instance_index": 0,
      "run_name": "external/total/main/swap_math/spent",
      "run_type": "iteration",
      "repetitions": 20,
      "repetition_index": 19,
      "threads": 1,
      "iterations": 535469,
      "real_time": 1.3184791014973551e+00,
      "cpu_time": 1.3108209438828871e+00,
      "time_unit": "us",
      "code_size": 1.9210000000000000e+03,
      "execution_time_ns": 1.2983636737140712e+03,
      "gas_rate": 2.4251977471333580e+09,
      "gas_used": 3.1790000000000000e+03,
      "input_size": 1.6400000000000000e+02
    },
    {
      "name": "external/total/main/swap_math/spent_mean",
      "family_index": 9,
      "per_family_instance_index": 0,
      "run_name": "external/total/main/swap_math/spent",
      "run_type": "aggregate",
      "repetitions": 20,
      "threads": 1,
      "aggregate_name": "mean",
      "aggregate_unit": "time",
      "iterations": 20,
      "real_time": 1.2756033964614386e+00,
      "cpu_time": 1.3051451060659045e+00,
      "time_unit": "us",
      "code_size": 1.9210000000000000e+03,
      "execution_time_ns": 1.2563878493432860e+03,
      "gas_rate": 2.4360126664624658e+09,
      "gas_used": 3.1790000000000000e+03,
      "input_size": 1.6400000000000000e+02
    },
    {
      "name": "external/total/main/swap_math/spent_median",
      "family_index": 9,
      "per_family_instance_index": 0,
      "run_name": "external/total/main/swap_math/spent",
      "run_type": "aggregate",
      "repetitions": 20,
      "threads": 1,
      "aggregate_name": "median",
      "aggregate_unit": "time",
      "iterations": 20,
      "real_time": 1.2712710829195504e+00,
      "cpu_time": 1.3075803529242771e+00,
      "time_unit": "us",
      "code_size": 1.9210000000000000e+03,
      "execution_time_ns": 1.2522788835581518e+03,
      "gas_rate": 2.4312081494658871e+09,
      "gas_used": 3.1790000000000000e+03,
      "input_size": 1.6400000000000000e+02
    },
    {
      "name": "external/total/main/swap_math/spent_stddev",
      "family_index": 9,
      "per_family_instance_index": 0,
      "run_name": "external/total/main/swap_math/spent",
      "run_type": "aggregate",
      "repetitions": 20,
      "threads": 1,
      "aggregate_name": "stddev",
      "aggregate_unit": "time",
      "iterations": 20,
      "real_time": 1.7276617085592052e-02,
      "cpu_time": 1.4031335989728836e-02,
      "time_unit": "us",
      "code_size": 0.0000000000000000e+00,
      "execution_time_ns": 1.6924940262008128e+01,
      "gas_rate": 2.6259276282496277e+07,
      "gas_used": 0.0000000000000000e+00,
      "input_size": 0.0000000000000000e+00
    },
    {
      "name": "external/total/main/swap_math/spent_cv",
      "family_index": 9,
      "per_family_instance_index": 0,
      "run_name": "external/total/main/swap_math/spent",
      "run_type": "aggregate",
      "repetitions": 20,
      "threads": 1,
      "aggregate_name": "cv",
      "aggregate_unit": "percentage",
      "iterations": 20,
      "real_time": 1.3543878241088022e-02,
      "cpu_time": 1.0750786195738384e-02,
      "time_unit": "us",
      "code_size": 0.0000000000000000e+00,
      "execution_time_ns": 1.3471111067219247e-02,
      "gas_rate": 1.0779614015976990e-02,
      "gas_used": 0.0000000000000000e+00,
      "input_size": 0.0000000000000000e+00
    },
    {
      "name": "external/total/main/swap_math/received",
      "family_index": 10,
      "per_family_instance_index": 0,
      "run_name": "external/total/main/swap_math/received",
      "run_type": "iteration",
      "repetitions": 20,
      "repetition_index": 0,
      "threads": 1,
      "iterations": 449856,
      "real_time": 1.5540351290190773e+00,
      "cpu_time": 1.5450815594323477e+00,
      "time_unit": "us",
      "code_size": 1.9210000000000000e+03,
      "execution_time_ns": 1.5343164612676057e+03,
      "gas_rate": 2.2684886623640199e+09,
      "gas_used": 3.5050000000000000e+03,
      "input_size": 1.6400000000000000e+02
    },
    {
      "name": "external/total/main/swap_math/received",
      "family_index": 10,
      "per_family_instance_index": 0,
      "run_name": "external/total/main/swap_math/received",
      "run_type": "iteration",
      "repetitions": 20,
      "repetition_index": 1,
      "threads": 1,
      "iterations": 449856,
      "real_time": 1.5270541773370265e+00,
      "cpu_time": 1.5180758131491228e+00,
      "time_unit": "us",
      "code_size": 1.9210000000000000e+03,
      "execution_time_ns": 1.5077616815158628e+03,
      "gas_rate": 2.3088438466911397e+09,
      "gas_used": 3.5050000000000000e+03,
      "input_size": 1.6400000000000000e+02
    },
    {
      "name": "external/total/main/swap_math/received",
      "family_index": 10,
      "per_family_instance_index": 0,
      "run_name": "external/total/main/swap_math/received",
      "run_type": "iteration",
      "repetitions": 20,
      "repetition_index": 2,
      "threads": 1,
      "iterations": 449856,
      "real_time": 1.5233269335080102e+00,
      "cpu_time": 1.5145749017463586e+00,
      "time_unit": "us",
      "code_size": 1.9210000000000000e+03,
      "execution_time_ns": 3.2091212454652155e+03,
      "gas_rate": 2.3141806958233700e+09,
      "gas_used": 3.5050000000000000e+03,
      "input_size": 1.6400000000000000e+02
    },
    {
      "name": "external/total/main/swap_math/received",
      "family_index": 10,
      "per_family_instance_index": 0,
      "run_name": "external/total/main/swap_math/received",
      "run_type": "iteration",
      "repetitions": 20,
      "repetition_index": 3,
      "threads": 1,
      "iterations": 449856,
      "real_time": 1.5316296881667635e+00,
      "cpu_time": 1.5228061735311138e+00,
      "time_unit": "us",
      "code_size": 1.9210000000000000e+03,
      "execution_time_ns": 1.5125317479371176e+03,
      "gas_rate": 2.3016717826094275e+09,
      "gas_used": 3.5050000000000000e+03,
      "input_size": 1.6400000000000000e+02
    },
    {
      "name": "external/total/main/swap_math/received",
      "family_index": 10,
      "per_family_instance_index": 0,
      "run_name": "external/total/main/swap_math/received",
      "run_type": "iteration",
      "repetitions": 20,
      "repetition_index": 4,
      "threads": 1,
      "iterations": 449856,
      "real_time": 1.5256338117102968e+00,
      "cpu_time": 1.5392788647922933e+00,
      "time_unit": "us",
      "code_size": 1.9210000000000000e+03,
      "execution_time_ns": 1.5063797304026177e+03,
      "gas_rate": 2.2770402947570887e+09,
      "gas_used": 3.5050000000000000e+03,
      "input_size": 1.6400000000000000e+02
    },
    {
      "name": "external/total/main/swap_math/received",
      "family_index": 10,
      "per_family_instance_index": 0,
      "run_name": "external/total/main/swap_math/received",
      "run_type": "iteration",
      "repetitions": 20,
      "repetition_index": 5,
      "threads": 1,
      "iterations": 449856,
      "real_time": 1.4865036700637884e+00,
      "cpu_time": 1.5200681662576223e+00,
      "time_unit": "us",
      "code_size": 1.9210000000000000e+03,
      "execution_time_ns": 1.4674105469305734e+03,
      "gas_rate": 2.3058176454212842e+09,
      "gas_used": 3.5050000000000000e+03,
      "input_size": 1.6400000000000000e+02
    },
    {
      "name": "external/total/main/swap_math/received",
      "family_index": 10,
      "per_family_instance_index": 0,
      "run_name": "external/total/main/swap_math/received",
      "run_type": "iteration",
      "repetitions": 20,
      "repetition_index": 6,
      "threads": 1,
      "iterations": 449856,
      "real_time": 1.4736752271849707e+00,
      "cpu_time": 1.5069545943590912e+00,
      "time_unit": "us",
      "code_size": 1.9210000000000000e+03,
      "execution_time_ns": 1.4551659219839237e+03,
      "gas_rate": 2.3258829516961517e+09,
      "gas_used": 3.5050000000000000e+03,
      "input_size": 1.6400000000000000e+02
    },
    {
      "name": "external/total/main/swap_math/received",
      "family_index": 10,
      "per_family_instance_index": 0,
      "run_name": "external/total/main/swap_math/received",
      "run_type": "iteration",
      "repetitions": 20,
      "repetition_index": 7,
      "threads": 1,
      "iterations": 449856,
      "real_time": 1.4971221746508372e+00,
      "cpu_time": 1.5307784268743594e+00,
      "time_unit": "us",
      "code_size": 1.9210000000000000e+03,
      "execution_time_ns": 1.4784692390453833e+03,
      "gas_rate": 2.2896847371678286e+09,
      "gas_used": 3.5050000000000000e+03,
      "input_size": 1.6400000000000000e+02
    },
    {
      "name": "external/total/main/swap_math/received",
      "family_index": 10,
      "per_family_instance_index": 0,
      "run_name": "external/total/main/swap_math/received",
      "run_type": "iteration",
      "repetitions": 20,
      "repetition_index": 8,
      "threads": 1,
      "iterations": 449856,
      "real_time": 1.5086937264367826e+00,
      "cpu_time": 1.5427621683382777e+00,
      "time_unit": "us",
      "code_size": 1.9210000000000000e+03,
      "execution_time_ns": 1.4899826099907525e+03,
      "gas_rate": 2.2718991118217950e+09,
      "gas_used": 3.5050000000000000e+03,
      "input_size": 1.6400000000000000e+02
    },
    {
      "name": "external/total/main/swap_math/received",
      "family_index": 10,
      "per_family_instance_index": 0,
      "run_name": "external/total/main/swap_math/received",
      "run_type": "iteration",
      "repetitions": 20,
      "repetition_index": 9,
      "threads": 1,
      "iterations": 449856,
      "real_time": 1.5187937251033790e+00,
      "cpu_time": 1.5530894597382516e+00,
      "time_unit": "us",
      "code_size": 1.9210000000000000e+03,
      "execution_time_ns": 1.4999658290653008e+03,
      "gas_rate": 2.2567920849779716e+09,
      "gas_used": 3.5050000000000000e+03,
      "input_size": 1.6400000000000000e+02
    },
    {
      "name": "external/total/main/swap_math/received",
      "family_index": 10,
      "per_family_instance_index": 0,
      "run_name": "external/total/main/swap_math/received",
      "run_type": "iteration",
      "repetitions": 20,
      "repetition_index": 10,
      "threads": 1,
      "iterations": 449856,
      "real_time": 1.5053187575575913e+00,
      "cpu_time": 1.5507201993527029e+00,
      "time_unit": "us",
      "code_size": 1.9210000000000000e+03,
      "execution_time_ns": 1.4857805831199316e+03,
      "gas_rate": 2.2602401138922720e+09,
      "gas_used": 3.5050000000000000e+03,
      "input_size": 1.6400000000000000e+02
    },
    {
      "name": "external/total/main/swap_math/received",
      "family_index": 10,
      "per_family_instance_index": 0,
      "run_name": "external/total/main/swap_math/received",
      "run_type": "iteration",
      "repetitions": 20,
      "repetition_index": 11,
      "threads": 1,
      "iterations": 449856,
      "real_time": 1.4997490308001094e+00,
      "cpu_time": 1.5530215113280708e+00,
      "time_unit": "us",
      "code_size": 1.9210000000000000e+03,
      "execution_time_ns": 1.4812708066581306e+03,
      "gas_rate": 2.2568908250360866e+09,
      "gas_used": 3.5050000000000000e+03,
      "input_size": 1.6400000000000000e+02
    },
    {
      "name": "external/total/main/swap_math/received",
      "family_index": 10,
      "per_family_instance_index": 0,
      "run_name": "external/total/main/swap_math/received",
      "run_type": "iteration",
      "repetitions": 20,
      "repetition_index": 12,
      "threads": 1,
      "iterations": 449856,
      "real_time": 1.4970152760001747e+00,
      "cpu_time": 1.5501690496514626e+00,
      "time_unit": "us",
      "code_size": 1.9210000000000000e+03,
      "execution_time_ns": 1.4786362146998151e+03,
      "gas_rate": 2.2610437234494252e+09,
      "gas_used": 3.5050000000000000e+03,
      "input_size": 1.6400000000000000e+02
    },
    {
      "name": "external/total/main/swap_math/received",
      "family_index": 10,
      "per_family_instance_index": 0,
      "run_name": "external/total/main/swap_math/received",
      "run_type": "iteration",
      "repetitions": 20,
      "repetition_index": 13,
      "threads": 1,
      "iterations": 449856,
      "real_time": 1.4994894988621443e+00,
      "cpu_time": 1.5526184956964233e+00,
      "time_unit": "us",
      "code_size": 1.9210000000000000e+03,
      "execution_time_ns": 1.4806169841015792e+03,
      "gas_rate": 2.2574766497470074e+09,
      "gas_used": 3.5050000000000000e+03,
      "input_size": 1.6400000000000000e+02
    },
    {
      "name": "external/total/main/swap_math/received",
      "family_index": 10,
      "per_family_instance_index": 0,
      "run_name": "external/total/main/swap_math/received",
      "run_type": "iteration",
      "repetitions": 20,
      "repetition_index": 14,
      "threads": 1,
      "iterations": 449856,
      "real_time": 1.4855488667477545e+00,
      "cpu_time": 1.5382964259674181e+00,
      "time_unit": "us",
      "code_size": 1.9210000000000000e+03,
      "execution_time_ns": 1.4667458297766395e+03,
      "gas_rate": 2.2784945351450996e+09,
      "gas_used": 3.5050000000000000e+03,
      "input_size": 1.6400000000000000e+02
    },
    {
      "name": "external/total/main/swap_math/received",
      "family_index": 10,
      "per_family_instance_index": 0,
      "run_name": "external/total/main/swap_math/received",
      "run_type": "iteration",
      "repetitions": 20,
      "repetition_index": 15,
      "threads": 1,
      "iterations": 449856,
      "real_time": 1.4760272642790744e+00,
      "cpu_time": 1.5284576820138520e+00,
      "time_unit": "us",
      "code_size": 1.9210000000000000e+03,
      "execution_time_ns": 1.4570227961836677e+03,
      "gas_rate": 2.2931612966751637e+09,
      "gas_used": 3.5050000000000000e+03,
      "input_size": 1.6400000000000000e+02
    },
    {
      "name": "external/total/main/swap_math/received",
      "family_index": 10,
      "per_family_instance_index": 0,
      "run_name": "external/total/main/swap_math/received",
      "run_type": "iteration",
      "repetitions": 20,
      "repetition_index": 16,
      "threads": 1,
      "iterations": 449856,
      "real_time": 1.4717864672257683e+00,
      "cpu_time": 1.5239100823374674e+00,
      "time_unit": "us",
      "code_size": 1.9210000000000000e+03,
      "execution_time_ns": 1.4525908868615734e+03,
      "gas_rate": 2.3000044691769571e+09,
      "gas_used": 3.5050000000000000e+03,
      "input_size": 1.6400000000000000e+02
    },
    {
      "name": "external/total/main/swap_math/received",
      "family_index": 10,
      "per_family_instance_index": 0,
      "run_name": "external/total/main/swap_math/received",
      "run_type": "iteration",
      "repetitions": 20,
      "repetition_index": 17,
      "threads": 1,
      "iterations": 449856,
      "real_time": 1.4820826842370149e+00,
      "cpu_time": 1.5347297713046217e+00,
      "time_unit": "us",
      "code_size": 1.9210000000000000e+03,
      "execution_time_ns": 1.4638471666488831e+03,
      "gas_rate": 2.2837896713377223e+09,
      "gas_used": 3.5050000000000000e+03,
      "input_size": 1.6400000000000000e+02
    },
    {
      "name": "external/total/main/swap_math/received",
      "family_index": 10,
      "per_family_instance_index": 0,
      "run_name": "external/total/main/swap_math/received",
      "run_type": "iteration",
      "repetitions": 20,
      "repetition_index": 18,
      "threads": 1,
      "iterations": 449856,
      "real_time": 1.4693880330597417e+00,
      "cpu_time": 1.5215830376831538e+00,
      "time_unit": "us",
      "code_size": 1.9210000000000000e+03,
      "execution_time_ns": 1.4501519686299616e+03,
      "gas_rate": 2.3035219986001596e+09,
      "gas_used": 3.5050000000000000e+03,
      "input_size": 1.6400000000000000e+02
    },
    {
      "name": "external/total/main/swap_math/received",
      "family_index": 10,
      "per_family_instance_index": 0,
      "run_name": "external/total/main/swap_math/received",
      "run_type": "iteration",
      "repetitions": 20,
      "repetition_index": 19,
      "threads": 1,
      "iterations": 449856,
      "real_time": 1.4598078362853211e+00,
      "cpu_time": 1.5114720621710358e+00,
      "time_unit": "us",
      "code_size": 1.9210000000000000e+03,
      "execution_time_ns": 1.4414455736946934e+03,
      "gas_rate": 2.3189313833333559e+09,
      "gas_used": 3.5050000000000000e+03,
      "input_size": 1.6400000000000000e+02
    },
    {
      "name": "external/total/main/swap_math/received_mean",
      "family_index": 10,
      "per_family_instance_index": 0,
      "run_name": "external/total/main/swap_math/received",
      "run_type": "aggregate",
      "repetitions": 20,
      "threads": 1,
      "aggregate_name": "mean",
      "aggregate_unit": "time",
      "iterations": 20,
      "real_time": 1.4996340989117816e+00,
      "cpu_time": 1.5329224222862525e+00,
      "time_unit": "us",
      "code_size": 1.9210000000000000e+03,
      "execution_time_ns": 1.5659606911989617e+03,
      "gas_rate": 2.2866928239861665e+09,
      "gas_used": 3.5050000000000000e+03,
      "input_size": 1.6400000000000000e+02
    },
    {
      "name": "external/total/main/swap_math/received_median",
      "family_index": 10,
      "per_family_instance_index": 0,
      "run_name": "external/total/main/swap_math/received",
      "run_type": "aggregate",
      "repetitions": 20,
      "threads": 1,
      "aggregate_name": "median",
      "aggregate_unit": "time",
      "iterations": 20,
      "real_time": 1.4983058367564905e+00,
      "cpu_time": 1.5327540990894906e+00,
      "time_unit": "us",
      "code_size": 1.9210000000000000e+03,
      "execution_time_ns": 1.4796265994006972e+03,
      "gas_rate": 2.2867372042527752e+09,
      "gas_used": 3.5050000000000000e+03,
      "input_size": 1.6400000000000000e+02
    },
    {
      "name": "external/total/main/swap_math/received_stddev",
      "family_index": 10,
      "per_family_instance_index": 0,
      "run_name": "external/total/main/swap_math/received",
      "run_type": "aggregate",
      "repetitions": 20,
      "threads": 1,
      "aggregate_name": "stddev",
      "aggregate_unit": "time",
      "iterations": 20,
      "real_time": 2.4765763298831674e-02,
      "cpu_time": 1.5084752479840386e-02,
      "time_unit": "us",
      "code_size": 0.0000000000000000e+00,
      "execution_time_ns": 3.8749919798247095e+02,
      "gas_rate": 2.2519302593364652e+07,
      "gas_used": 0.0000000000000000e+00,
      "input_size": 0.0000000000000000e+00
    },
    {
      "name": "external/total/main/swap_math/received_cv",
      "family_index": 10,
      "per_family_instance_index": 0,
      "run_name": "external/total/main/swap_math/received",
      "run_type": "aggregate",
      "repetitions": 20,
      "threads": 1,
      "aggregate_name": "cv",
      "aggregate_unit": "percentage",
      "iterations": 20,
      "real_time": 1.6514537324006637e-02,
      "cpu_time": 9.8405191681797399e-03,
      "time_unit": "us",
      "code_size": 0.0000000000000000e+00,
      "execution_time_ns": 2.4745142081809612e-01,
      "gas_rate": 9.8479788615022500e-03,
      "gas_used": 0.0000000000000000e+00,
      "input_size": 0.0000000000000000e+00
    },
    {
      "name": "external/total/main/swap_math/insufficient_liquidity",
      "family_index": 11,
      "per_family_instance_index": 0,
      "run_name": "external/total/main/swap_math/insufficient_liquidity",
      "run_type": "iteration",
      "repetitions": 20,
      "repetition_index": 0,
      "threads": 1,
      "iterations": 653999,
      "real_time": 1.0208613698175137e+00,
      "cpu_time": 1.0571231179252336e+00,
      "time_unit": "us",
      "code_size": 1.9210000000000000e+03,
      "execution_time_ns": 1.0023786672456686e+03,
      "gas_rate": 2.1113907757316313e+09,
      "gas_used": 2.2320000000000000e+03,
      "input_size": 1.6400000000000000e+02
    },
    {
      "name": "external/total/main/swap_math/insufficient_liquidity",
      "family_index": 11,
      "per_family_instance_index": 0,
      "run_name": "external/total/main/swap_math/insufficient_liquidity",
      "run_type": "iteration",
      "repetitions": 20,
      "repetition_index": 1,
      "threads": 1,
      "iterations": 653999,
      "real_time": 1.0394219104311699e+00,
      "cpu_time": 1.0762394804884754e+00,
      "time_unit": "us",
      "code_size": 1.9210000000000000e+03,
      "execution_time_ns": 1.0200751621944376e+03,
      "gas_rate": 2.0738878664690473e+09,
      "gas_used": 2.2320000000000000e+03,
      "input_size": 1.6400000000000000e+02
    },
    {
      "name": "external/total/main/swap_math/insufficient_liquidity",
      "family_index": 11,
      "per_family_instance_index": 0,
      "run_name": "external/total/main/swap_math/insufficient_liquidity",
      "run_type": "iteration",
      "repetitions": 20,
      "repetition_index": 2,
      "threads": 1,
      "iterations": 653999,
      "real_time": 1.0466841998223946e+00,
      "cpu_time": 1.0816926157379547e+00,
      "time_unit": "us",
      "code_size": 1.9210000000000000e+03,
      "execution_time_ns": 1.0276195468188789e+03,
      "gas_rate": 2.0634327788928094e+09,
      "gas_used": 2.2320000000000000e+03,
      "input_size": 1.6400000000000000e+02
    },
    {
      "name": "external/total/main/swap_math/insufficient_liquidity",
      "family_index": 11,
      "per_family_instance_index": 0,
      "run_name": "external/total/main/swap_math/insufficient_liquidity",
      "run_type": "iteration",
      "repetitions": 20,
      "repetition_index": 3,
      "threads": 1,
      "iterations": 653999,
      "real_time": 1.0439391451669262e+00,
      "cpu_time": 1.0783130845765685e+00,
      "time_unit": "us",
      "code_size": 1.9210000000000000e+03,
      "execution_time_ns": 1.0252192709774786e+03,
      "gas_rate": 2.0698997646647871e+09,
      "gas_used": 2.2320000000000000e+03,
      "input_size": 1.6400000000000000e+02
    },
    {
      "name": "external/total/main/swap_math/insufficient_liquidity",
      "family_index": 11,
      "per_family_instance_index": 0,
      "run_name": "external/total/main/swap_math/insufficient_liquidity",
      "run_type": "iteration",
      "repetitions": 20,
      "repetition_index": 4,
      "threads": 1,
      "iterations": 653999,
      "real_time": 1.0347461112332104e+00,
      "cpu_time": 1.0687254980512584e+00,
      "time_unit": "us",
      "code_size": 1.9210000000000000e+03,
      "execution_time_ns": 1.0157441097004736e+03,
      "gas_rate": 2.0884689324526141e+09,
      "gas_used": 2.2320000000000000e+03,
      "input_size": 1.6400000000000000e+02
    },
    {
      "name": "external/total/main/swap_math/insufficient_liquidity",
      "family_index": 11,
      "per_family_instance_index": 0,
      "run_name": "external/total/main/swap_math/insufficient_liquidity",
      "run_type": "iteration",
      "repetitions": 20,
      "repetition_index": 5,
      "threads": 1,
      "iterations": 653999,
      "real_time": 1.0520977509146461e+00,
      "cpu_time": 1.0867461693366320e+00,
      "time_unit": "us",
      "code_size": 1.9210000000000000e+03,
      "execution_time_ns": 1.0327664614166076e+03,
      "gas_rate": 2.0538374672739358e+09,
      "gas_used": 2.2320000000000000e+03,
      "input_size": 1.6400000000000000e+02
    },
    {
      "name": "external/total/main/swap_math/insufficient_liquidity",
      "family_index": 11,
      "per_family_instance_index": 0,
      "run_name": "external/total/main/swap_math/insufficient_liquidity",
      "run_type": "iteration",
      "repetitions": 20,
      "repetition_index": 6,
      "threads": 1,
      "iterations": 653999,
      "real_time": 1.0462583260826375e+00,
      "cpu_time": 1.0806886998298109e+00,
      "time_unit": "us",
      "code_size": 1.9210000000000000e+03,
      "execution_time_ns": 1.0269861834651124e+03,
      "gas_rate": 2.0653496241345911e+09,
      "gas_used": 2.2320000000000000e+03,
      "input_size": 1.6400000000000000e+02
    },
    {
      "name": "external/total/main/swap_math/insufficient_liquidity",
      "family_index": 11,
      "per_family_instance_index": 0,
      "run_name": "external/total/main/swap_math/insufficient_liquidity",
      "run_type": "iteration",
      "repetitions": 20,
      "repetition_index": 7,
      "threads": 1,
      "iterations": 653999,
      "real_time": 1.0390420321742035e+00,
      "cpu_time": 1.0730872187877871e+00,
      "time_unit": "us",
      "code_size": 1.9210000000000000e+03,
      "execution_time_ns": 1.0199710290076896e+03,
      "gas_rate": 2.0799800434874053e+09,
      "gas_used": 2.2320000000000000e+03,
      "input_size": 1.6400000000000000e+02
    },
    {
      "name": "external/total/main/swap_math/insufficient_liquidity",
      "family_index": 11,
      "per_family_instance_index": 0,
      "run_name": "external/total/main/swap_math/insufficient_liquidity",
      "run_type": "iteration",
      "repetitions": 20,
      "repetition_index": 8,
      "threads": 1,
      "iterations": 653999,
      "real_time": 1.0196419780467330e+00,
      "cpu_time": 1.0532219391772613e+00,
      "time_unit": "us",
      "code_size": 1.9210000000000000e+03,
      "execution_time_ns": 1.0014396703970496e+03,
      "gas_rate": 2.1192114567453442e+09,
      "gas_used": 2.2320000000000000e+03,
      "input_size": 1.6400000000000000e+02
    },
    {
      "name": "external/total/main/swap_math/insufficient_liquidity",
      "family_index": 11,
      "per_family_instance_index": 0,
      "run_name": "external/total/main/swap_math/insufficient_liquidity",
      "run_type": "iteration",
      "repetitions": 20,
      "repetition_index": 9,
      "threads": 1,
      "iterations": 653999,
      "real_time": 1.0219614189003212e+00,
      "cpu_time": 1.0556183572146376e+00,
      "time_unit": "us",
      "code_size": 1.9210000000000000e+03,
      "execution_time_ns": 1.0029006542823460e+03,
      "gas_rate": 2.1144005167638159e+09,
      "gas_used": 2.2320000000000000e+03,
      "input_size": 1.6400000000000000e+02
    },
    {
      "name": "external/total/main/swap_math/insufficient_liquidity",
      "family_index": 11,
      "per_family_instance_index": 0,
      "run_name": "external/total/main/swap_math/insufficient_liquidity",
      "run_type": "iteration",
      "repetitions": 20,
      "repetition_index": 10,
      "threads": 1,
      "iterations": 653999,
      "real_time": 1.0231186744932721e+00,
      "cpu_time": 1.0567389124448303e+00,
      "time_unit": "us",
      "code_size": 1.9210000000000000e+03,
      "execution_time_ns": 1.0049735458311098e+03,
      "gas_rate": 2.1121584278903208e+09,
      "gas_used": 2.2320000000000000e+03,
      "input_size": 1.6400000000000000e+02
    },
    {
      "name": "external/total/main/swap_math/insufficient_liquidity",
      "family_index": 11,
      "per_family_instance_index": 0,
      "run_name": "external/total/main/swap_math/insufficient_liquidity",
      "run_type": "iteration",
      "repetitions": 20,
      "repetition_index": 11,
      "threads": 1,
      "iterations": 653999,
      "real_time": 1.0303642467344247e+00,
      "cpu_time": 1.0642978139110253e+00,
      "time_unit": "us",
      "code_size": 1.9210000000000000e+03,
      "execution_time_ns": 1.0115331537204186e+03,
      "gas_rate": 2.0971573659424937e+09,
      "gas_used": 2.2320000000000000e+03,
      "input_size": 1.6400000000000000e+02
    },
    {
      "name": "external/total/main/swap_math/insufficient_liquidity",
      "family_index": 11,
      "per_family_instance_index": 0,
      "run_name": "external/total/main/swap_math/insufficient_liquidity",
      "run_type": "iteration",
      "repetitions": 20,
      "repetition_index": 12,
      "threads": 1,
      "iterations": 653999,
      "real_time": 1.0223044194256685e+00,
      "cpu_time": 1.0559628699738006e+00,
      "time_unit": "us",
      "code_size": 1.9210000000000000e+03,
      "execution_time_ns": 1.0038640884771995e+03,
      "gas_rate": 2.1137106838381333e+09,
      "gas_used": 2.2320000000000000e+03,
      "input_size": 1.6400000000000000e+02
    },
    {
      "name": "external/total/main/swap_math/insufficient_liquidity",
      "family_index": 11,
      "per_family_instance_index": 0,
      "run_name": "external/total/main/swap_math/insufficient_liquidity",
      "run_type": "iteration",
      "repetitions": 20,
      "repetition_index": 13,
      "threads": 1,
      "iterations": 653999,
      "real_time": 1.0220705092824676e+00,
      "cpu_time": 1.0556275835283879e+00,
      "time_unit": "us",
      "code_size": 1.9210000000000000e+03,
      "execution_time_ns": 1.0026839169478852e+03,
      "gas_rate": 2.1143820366455755e+09,
      "gas_used": 2.2320000000000000e+03,
      "input_size": 1.6400000000000000e+02
    },
    {
      "name": "external/total/main/swap_math/insufficient_liquidity",
      "family_index": 11,
      "per_family_instance_index": 0,
      "run_name": "external/total/main/swap_math/insufficient_liquidity",
      "run_type": "iteration",
      "repetitions": 20,
      "repetition_index": 14,
      "threads": 1,
      "iterations": 653999,
      "real_time": 1.0506195896327160e+00,
      "cpu_time": 1.0714895038065761e+00,
      "time_unit": "us",
      "code_size": 1.9210000000000000e+03,
      "execution_time_ns": 1.0318133055249320e+03,
      "gas_rate": 2.0830815346959455e+09,
      "gas_used": 2.2320000000000000e+03,
      "input_size": 1.6400000000000000e+02
    },
    {
      "name": "external/total/main/swap_math/insufficient_liquidity",
      "family_index": 11,
      "per_family_instance_index": 0,
      "run_name": "external/total/main/swap_math/insufficient_liquidity",
      "run_type": "iteration",
      "repetitions": 20,
      "repetition_index": 15,
      "threads": 1,
      "iterations": 653999,
      "real_time": 1.0643404837002792e+00,
      "cpu_time": 1.0847646938298143e+00,
      "time_unit": "us",
      "code_size": 1.9210000000000000e+03,
      "execution_time_ns": 1.0454067666770134e+03,
      "gas_rate": 2.0575890906993070e+09,
      "gas_used": 2.2320000000000000e+03,
      "input_size": 1.6400000000000000e+02
    },
    {
      "name": "external/total/main/swap_math/insufficient_liquidity",
      "family_index": 11,
      "per_family_instance_index": 0,
      "run_name": "external/total/main/swap_math/insufficient_liquidity",
      "run_type": "iteration",
      "repetitions": 20,
      "repetition_index": 16,
      "threads": 1,
      "iterations": 653999,
      "real_time": 1.0691019359360003e+00,
      "cpu_time": 1.0895245726675424e+00,
      "time_unit": "us",
      "code_size": 1.9210000000000000e+03,
      "execution_time_ns": 1.0496702135630176e+03,
      "gas_rate": 2.0485999636844101e+09,
      "gas_used": 2.2320000000000000e+03,
      "input_size": 1.6400000000000000e+02
    },
    {
      "name": "external/total/main/swap_math/insufficient_liquidity",
      "family_index": 11,
      "per_family_instance_index": 0,
      "run_name": "external/total/main/swap_math/insufficient_liquidity",
      "run_type": "iteration",
      "repetitions": 20,
      "repetition_index": 17,
      "threads": 1,
      "iterations": 653999,
      "real_time": 1.0620754771807595e+00,
      "cpu_time": 1.0824546383098141e+00,
      "time_unit": "us",
      "code_size": 1.9210000000000000e+03,
      "execution_time_ns": 1.0431657326693160e+03,
      "gas_rate": 2.0619801708135593e+09,
      "gas_used": 2.2320000000000000e+03,
      "input_size": 1.6400000000000000e+02
    },
    {
      "name": "external/total/main/swap_math/insufficient_liquidity",
      "family_index": 11,
      "per_family_instance_index": 0,
      "run_name": "external/total/main/swap_math/insufficient_liquidity",
      "run_type": "iteration",
      "repetitions": 20,
      "repetition_index": 18,
      "threads": 1,
      "iterations": 653999,
      "real_time": 1.0615169044594164e+00,
      "cpu_time": 1.0818370807906557e+00,
      "time_unit": "us",
      "code_size": 1.9210000000000000e+03,
      "execution_time_ns": 1.0421616195131796e+03,
      "gas_rate": 2.0631572347000279e+09,
      "gas_used": 2.2320000000000000e+03,
      "input_size": 1.6400000000000000e+02
    },
    {
      "name": "external/total/main/swap_math/insufficient_liquidity",
      "family_index": 11,
      "per_family_instance_index": 0,
      "run_name": "external/total/main/swap_math/insufficient_liquidity",
      "run_type": "iteration",
      "repetitions": 20,
      "repetition_index": 19,
      "threads": 1,
      "iterations": 653999,
      "real_time": 1.0561304635015285e+00,
      "cpu_time": 1.0763212344361344e+00,
      "time_unit": "us",
      "code_size": 1.9210000000000000e+03,
      "execution_time_ns": 1.0370828625120223e+03,
      "gas_rate": 2.0737303405235755e+09,
      "gas_used": 2.2320000000000000e+03,
      "input_size": 1.6400000000000000e+02
    },
    {
      "name": "external/total/main/swap_math/insufficient_liquidity_mean",
      "family_index": 11,
      "per_family_instance_index": 0,
      "run_name": "external/total/main/swap_math/insufficient_liquidity",
      "run_type": "aggregate",
      "repetitions": 20,
      "threads": 1,
      "aggregate_name": "mean",
      "aggregate_unit": "time",
      "iterations": 20,
      "real_time": 1.0413148473468143e+00,
      "cpu_time": 1.0715237542412102e+00,
      "time_unit": "us",
      "code_size": 1.9210000000000000e+03,
      "execution_time_ns": 1.0223727980470918e+03,
      "gas_rate": 2.0832703038024666e+09,
      "gas_used": 2.2320000000000000e+03,
      "input_size": 1.6400000000000000e+02
    },
    {
      "name": "external/total/main/swap_math/insufficient_liquidity_median",
      "family_index": 11,
      "per_family_instance_index": 0,
      "run_name": "external/total/main/swap_math/insufficient_liquidity",
      "run_type": "aggregate",
      "repetitions": 20,
      "threads": 1,
      "aggregate_name": "median",
      "aggregate_unit": "time",
      "iterations": 20,
      "real_time": 1.0416805277990480e+00,
      "cpu_time": 1.0746633496381313e+00,
      "time_unit": "us",
      "code_size": 1.9210000000000000e+03,
      "execution_time_ns": 1.0226472165859581e+03,
      "gas_rate": 2.0769339549782262e+09,
      "gas_used": 2.2320000000000000e+03,
      "input_size": 1.6400000000000000e+02
    },
    {
      "name": "external/total/main/swap_math/insufficient_liquidity_stddev",
      "family_index": 11,
      "per_family_instance_index": 0,
      "run_name": "external/total/main/swap_math/insufficient_liquidity",
      "run_type": "aggregate",
      "repetitions": 20,
      "threads": 1,
      "aggregate_name": "stddev",
      "aggregate_unit": "time",
      "iterations": 20,
      "real_time": 1.6417582586887712e-02,
      "cpu_time": 1.2154490261529406e-02,
      "time_unit": "us",
      "code_size": 0.0000000000000000e+00,
      "execution_time_ns": 1.6210257578411976e+01,
      "gas_rate": 2.3697191146060996e+07,
      "gas_used": 0.0000000000000000e+00,
      "input_size": 0.0000000000000000e+00
    },
    {
      "name": "external/total/main/swap_math/insufficient_liquidity_cv",
      "family_index": 11,
      "per_family_instance_index": 0,
      "run_name": "external/total/main/swap_math/insufficient_liquidity",
      "run_type": "aggregate",
      "repetitions": 20,
      "threads": 1,
      "aggregate_name": "cv",
      "aggregate_unit": "percentage",
      "iterations": 20,
      "real_time": 1.5766204264462735e-02,
      "cpu_time": 1.1343183213083781e-02,
      "time_unit": "us",
      "code_size": 0.0000000000000000e+00,
      "execution_time_ns": 1.5855525117037896e-02,
      "gas_rate": 1.1374995891223502e-02,
      "gas_used": 0.0000000000000000e+00,
      "input_size": 0.0000000000000000e+00
    },
    {
      "name": "external/total/main/weierstrudel/1",
      "family_index": 12,
      "per_family_instance_index": 0,
      "run_name": "external/total/main/weierstrudel/1",
      "run_type": "iteration",
      "repetitions": 20,
      "repetition_index": 0,
      "threads": 1,
      "iterations": 5070,
      "real_time": 1.4005304674553338e+02,
      "cpu_time": 1.3909130907298245e+02,
      "time_unit": "us",
      "code_size": 1.4658000000000000e+04,
      "execution_time_ns": 1.4001916252465482e+05,
      "gas_rate": 3.4194084675013250e+08,
      "gas_used": 4.7561000000000000e+04,
      "input_size": 9.6000000000000000e+01
    },
    {
      "name": "external/total/main/weierstrudel/1",
      "family_index": 12,
      "per_family_instance_index": 0,
      "run_name": "external/total/main/weierstrudel/1",
      "run_type": "iteration",
      "repetitions": 20,
      "repetition_index": 1,
      "threads": 1,
      "iterations": 5070,
      "real_time": 1.4191878224851396e+02,
      "cpu_time": 1.4095256351084896e+02,
      "time_unit": "us",
      "code_size": 1.4658000000000000e+04,
      "execution_time_ns": 1.4188519329388559e+05,
      "gas_rate": 3.3742557648722214e+08,
      "gas_used": 4.7561000000000000e+04,
      "input_size": 9.6000000000000000e+01
    },
    {
      "name": "external/total/main/weierstrudel/1",
      "family_index": 12,
      "per_family_instance_index": 0,
      "run_name": "external/total/main/weierstrudel/1",
      "run_type": "iteration",
      "repetitions": 20,
      "repetition_index": 2,
      "threads": 1,
      "iterations": 5070,
      "real_time": 1.4282563234724549e+02,
      "cpu_time": 1.4185443254437811e+02,
      "time_unit": "us",
      "code_size": 1.4658000000000000e+04,
      "execution_time_ns": 1.4278716607495068e+05,
      "gas_rate": 3.3528032326463181e+08,
      "gas_used": 4.7561000000000000e+04,
      "input_size": 9.6000000000000000e+01
    },
    {
      "name": "external/total/main/weierstrudel/1",
      "family_index": 12,
      "per_family_instance_index": 0,
      "run_name": "external/total/main/weierstrudel/1",
      "run_type": "iteration",
      "repetitions": 20,
      "repetition_index": 3,
      "threads": 1,
      "iterations": 5070,
      "real_time": 1.4204277692318925e+02,
      "cpu_time": 1.4106357928994055e+02,
      "time_unit": "us",
      "code_size": 1.4658000000000000e+04,
      "execution_time_ns": 2.9330482958579884e+05,
      "gas_rate": 3.3716002556722057e+08,
      "gas_used": 4.7561000000000000e+04,
      "input_size": 9.6000000000000000e+01
    },
    {
      "name": "external/total/main/weierstrudel/1",
      "family_index": 12,
      "per_family_instance_index": 0,
      "run_name": "external/total/main/weierstrudel/1",
      "run_type": "iteration",
      "repetitions": 20,
      "repetition_index": 4,
      "threads": 1,
      "iterations": 5070,
      "real_time": 1.4066957238648229e+02,
      "cpu_time": 1.4116685305719912e+02,
      "time_unit": "us",
      "code_size": 1.4658000000000000e+04,
      "execution_time_ns": 1.4063674733727810e+05,
      "gas_rate": 3.3691336861301893e+08,
      "gas_used": 4.7561000000000000e+04,
      "input_size": 9.6000000000000000e+01
    },
    {
      "name": "external/total/main/weierstrudel/1",
      "family_index": 12,
      "per_family_instance_index": 0,
      "run_name": "external/total/main/weierstrudel/1",
      "run_type": "iteration",
      "repetitions": 20,
      "repetition_index": 5,
      "threads": 1,
      "iterations": 5070,
      "real_time": 1.3764656173577694e+02,
      "cpu_time": 1.4075418757396139e+02,
      "time_unit": "us",
      "code_size": 1.4658000000000000e+04,
      "execution_time_ns": 1.3761465739644971e+05,
      "gas_rate": 3.3790113686676896e+08,
      "gas_used": 4.7561000000000000e+04,
      "input_size": 9.6000000000000000e+01
    },
    {
      "name": "external/total/main/weierstrudel/1",
      "family_index": 12,
      "per_family_instance_index": 0,
      "run_name": "external/total/main/weierstrudel/1",
      "run_type": "iteration",
      "repetitions": 20,
      "repetition_index": 6,
      "threads": 1,
      "iterations": 5070,
      "real_time": 1.3938816784997815e+02,
      "cpu_time": 1.4252387258382475e+02,
      "time_unit": "us",
      "code_size": 1.4658000000000000e+04,
      "execution_time_ns": 1.3935540059171597e+05,
      "gas_rate": 3.3370549885968906e+08,
      "gas_used": 4.7561000000000000e+04,
      "input_size": 9.6000000000000000e+01
    },
    {
      "name": "external/total/main/weierstrudel/1",
      "family_index": 12,
      "per_family_instance_index": 0,
      "run_name": "external/total/main/weierstrudel/1",
      "run_type": "iteration",
      "repetitions": 20,
      "repetition_index": 7,
      "threads": 1,
      "iterations": 5070,
      "real_time": 1.3824511203159358e+02,
      "cpu_time": 1.4136624201183790e+02,
      "time_unit": "us",
      "code_size": 1.4658000000000000e+04,
      "execution_time_ns": 1.3820559842209073e+05,
      "gas_rate": 3.3643817168187356e+08,
      "gas_used": 4.7561000000000000e+04,
      "input_size": 9.6000000000000000e+01
    },
    {
      "name": "external/total/main/weierstrudel/1",
      "family_index": 12,
      "per_family_instance_index": 0,
      "run_name": "external/total/main/weierstrudel/1",
      "run_type": "iteration",
      "repetitions": 20,
      "repetition_index": 8,
      "threads": 1,
      "iterations": 5070,
      "real_time": 1.3635550710063563e+02,
      "cpu_time": 1.3943236390532587e+02,
      "time_unit": "us",
      "code_size": 1.4658000000000000e+04,
      "execution_time_ns": 1.3631861873767257e+05,
      "gas_rate": 3.4110445141913944e+08,
      "gas_used": 4.7561000000000000e+04,
      "input_size": 9.6000000000000000e+01
    },
    {
      "name": "external/total/main/weierstrudel/1",
      "family_index": 12,
      "per_family_instance_index": 0,
      "run_name": "external/total/main/weierstrudel/1",
      "run_type": "iteration",
      "repetitions": 20,
      "repetition_index": 9,
      "threads": 1,
      "iterations": 5070,
      "real_time": 1.3804811518750549e+02,
      "cpu_time": 1.4114593648915124e+02,
      "time_unit": "us",
      "code_size": 1.4658000000000000e+04,
      "execution_time_ns": 1.3801120315581854e+05,
      "gas_rate": 3.3696329616726613e+08,
      "gas_used": 4.7561000000000000e+04,
      "input_size": 9.6000000000000000e+01
    },
    {
      "name": "external/total/main/weierstrudel/1",
      "family_index": 12,
      "per_family_instance_index": 0,
      "run_name": "external/total/main/weierstrudel/1",
      "run_type": "iteration",
      "repetitions": 20,
      "repetition_index": 10,
      "threads": 1,
      "iterations": 5070,
      "real_time": 1.3485726449701951e+02,
      "cpu_time": 1.3914886528599322e+02,
      "time_unit": "us",
      "code_size": 1.4658000000000000e+04,
      "execution_time_ns": 1.3481726390532544e+05,
      "gas_rate": 3.4179940959092754e+08,
      "gas_used": 4.7561000000000000e+04,
      "input_size": 9.6000000000000000e+01
    },
    {
      "name": "external/total/main/weierstrudel/1",
      "family_index": 12,
      "per_family_instance_index": 0,
      "run_name": "external/total/main/weierstrudel/1",
      "run_type": "iteration",
      "repetitions": 20,
      "repetition_index": 11,
      "threads": 1,
      "iterations": 5070,
      "real_time": 1.3325654398428784e+02,
      "cpu_time": 1.3806078382643392e+02,
      "time_unit": "us",
      "code_size": 1.4658000000000000e+04,
      "execution_time_ns": 1.3322156469428007e+05,
      "gas_rate": 3.4449319120042330e+08,
      "gas_used": 4.7561000000000000e+04,
      "input_size": 9.6000000000000000e+01
    },
    {
      "name": "external/total/main/weierstrudel/1",
      "family_index": 12,
      "per_family_instance_index": 0,
      "run_name": "external/total/main/weierstrudel/1",
      "run_type": "iteration",
      "repetitions": 20,
      "repetition_index": 12,
      "threads": 1,
      "iterations": 5070,
      "real_time": 1.3408033254432681e+02,
      "cpu_time": 1.3890217652859658e+02,
      "time_unit": "us",
      "code_size": 1.4658000000000000e+04,
      "execution_time_ns": 1.3404791499013806e+05,
      "gas_rate": 3.4240644163130403e+08,
      "gas_used": 4.7561000000000000e+04,
      "input_size": 9.6000000000000000e+01
    },
    {
      "name": "external/total/main/weierstrudel/1",
      "family_index": 12,
      "per_family_instance_index": 0,
      "run_name": "external/total/main/weierstrudel/1",
      "run_type": "iteration",
      "repetitions": 20,
      "repetition_index": 13,
      "threads": 1,
      "iterations": 5070,
      "real_time": 1.3396681341222597e+02,
      "cpu_time": 1.3879946745561648e+02,
      "time_unit": "us",
      "code_size": 1.4658000000000000e+04,
      "execution_time_ns": 1.3393439092702168e+05,
      "gas_rate": 3.4265981614957166e+08,
      "gas_used": 4.7561000000000000e+04,
      "input_size": 9.6000000000000000e+01
    },
    {
      "name": "external/total/main/weierstrudel/1",
      "family_index": 12,
      "per_family_instance_index": 0,
      "run_name": "external/total/main/weierstrudel/1",
      "run_type": "iteration",
      "repetitions": 20,
      "repetition_index": 14,
      "threads": 1,
      "iterations": 5070,
      "real_time": 1.3591414161726490e+02,
      "cpu_time": 1.4081072623274056e+02,
      "time_unit": "us",
      "code_size": 1.4658000000000000e+04,
      "execution_time_ns": 1.3588111163708087e+05,
      "gas_rate": 3.3776546199604338e+08,
      "gas_used": 4.7561000000000000e+04,
      "input_size": 9.6000000000000000e+01
    },
    {
      "name": "external/total/main/weierstrudel/1",
      "family_index": 12,
      "per_family_instance_index": 0,
      "run_name": "external/total/main/weierstrudel/1",
      "run_type": "iteration",
      "repetitions": 20,
      "repetition_index": 15,
      "threads": 1,
      "iterations": 5070,
      "real_time": 1.3785669644968493e+02,
      "cpu_time": 1.4281945996055205e+02,
      "time_unit": "us",
      "code_size": 1.4658000000000000e+04,
      "execution_time_ns": 1.3782180453648916e+05,
      "gas_rate": 3.3301484274717712e+08,
      "gas_used": 4.7561000000000000e+04,
      "input_size": 9.6000000000000000e+01
    },
    {
      "name": "external/total/main/weierstrudel/1",
      "family_index": 12,
      "per_family_instance_index": 0,
      "run_name": "external/total/main/weierstrudel/1",
      "run_type": "iteration",
      "repetitions": 20,
      "repetition_index": 16,
      "threads": 1,
      "iterations": 5070,
      "real_time": 1.3666016725841280e+02,
      "cpu_time": 1.4158843984220664e+02,
      "time_unit": "us",
      "code_size": 1.4658000000000000e+04,
      "execution_time_ns": 1.3661747731755424e+05,
      "gas_rate": 3.3591019191259116e+08,
      "gas_used": 4.7561000000000000e+04,
      "input_size": 9.6000000000000000e+01
    },
    {
      "name": "external/total/main/weierstrudel/1",
      "family_index": 12,
      "per_family_instance_index": 0,
      "run_name": "external/total/main/weierstrudel/1",
      "run_type": "iteration",
      "repetitions": 20,
      "repetition_index": 17,
      "threads": 1,
      "iterations": 5070,
      "real_time": 1.3705777712030550e+02,
      "cpu_time": 1.4198970019724297e+02,
      "time_unit": "us",
      "code_size": 1.4658000000000000e+04,
      "execution_time_ns": 1.3702532130177514e+05,
      "gas_rate": 3.3496091571382511e+08,
      "gas_used": 4.7561000000000000e+04,
      "input_size": 9.6000000000000000e+01
    },
    {
      "name": "external/total/main/weierstrudel/1",
      "family_index": 12,
      "per_family_instance_index": 0,
      "run_name": "external/total/main/weierstrudel/1",
      "run_type": "iteration",
      "repetitions": 20,
      "repetition_index": 18,
      "threads": 1,
      "iterations": 5070,
      "real_time": 1.3700938717951720e+02,
      "cpu_time": 1.4194804694279648e+02,
      "time_unit": "us",
      "code_size": 1.4658000000000000e+04,
      "execution_time_ns": 1.3697256706114399e+05,
      "gas_rate": 3.3505920669106889e+08,
      "gas_used": 4.7561000000000000e+04,
      "input_size": 9.6000000000000000e+01
    },
    {
      "name": "external/total/main/weierstrudel/1",
      "family_index": 12,
      "per_family_instance_index": 0,
      "run_name": "external/total/main/weierstrudel/1",
      "run_type": "iteration",
      "repetitions": 20,
      "repetition_index": 19,
      "threads": 1,
      "iterations": 5070,
      "real_time": 1.3609110078890865e+02,
      "cpu_time": 1.4100042958580028e+02,
      "time_unit": "us",
      "code_size": 1.4658000000000000e+04,
      "execution_time_ns": 1.3605921893491125e+05,
      "gas_rate": 3.3731102904944432e+08,
      "gas_used": 4.7561000000000000e+04,
      "input_size": 9.6000000000000000e+01
    },
    {
      "name": "external/total/main/weierstrudel/1_mean",
      "family_index": 12,
      "per_family_instance_index": 0,
      "run_name": "external/total/main/weierstrudel/1",
      "run_type": "aggregate",
      "repetitions": 20,
      "threads": 1,
      "aggregate_name": "mean",
      "aggregate_unit": "time",
      "iterations": 20,
      "real_time": 1.3769717497042043e+02,
      "cpu_time": 1.4072097179487147e+02,
      "time_unit": "us",
      "code_size": 1.4658000000000000e+04,
      "execution_time_ns": 1.4522686062130181e+05,
      "gas_rate": 3.3801066011796701e+08,
      "gas_used": 4.7561000000000000e+04,
      "input_size": 9.6000000000000000e+01
    },
    {
      "name": "external/total/main/weierstrudel/1_median",
      "family_index": 12,
      "per_family_instance_index": 0,
      "run_name": "external/total/main/weierstrudel/1",
      "run_type": "aggregate",
      "repetitions": 20,
      "threads": 1,
      "aggregate_name": "median",
      "aggregate_unit": "time",
      "iterations": 20,
      "real_time": 1.3735216942804124e+02,
      "cpu_time": 1.4103200443787040e+02,
      "time_unit": "us",
      "code_size": 1.4658000000000000e+04,
      "execution_time_ns": 1.3731998934911244e+05,
      "gas_rate": 3.3723552730833244e+08,
      "gas_used": 4.7561000000000000e+04,
      "input_size": 9.6000000000000000e+01
    },
    {
      "name": "external/total/main/weierstrudel/1_stddev",
      "family_index": 12,
      "per_family_instance_index": 0,
      "run_name": "external/total/main/weierstrudel/1",
      "run_type": "aggregate",
      "repetitions": 20,
      "threads": 1,
      "aggregate_name": "stddev",
      "aggregate_unit": "time",
      "iterations": 20,
      "real_time": 2.7625398352761232e+00,
      "cpu_time": 1.3519069804847859e+00,
      "time_unit": "us",
      "code_size": 0.0000000000000000e+00,
      "execution_time_ns": 3.4948271885017835e+04,
      "gas_rate": 3.2614644926680923e+06,
      "gas_used": 0.0000000000000000e+00,
      "input_size": 0.0000000000000000e+00
    },
    {
      "name": "external/total/main/weierstrudel/1_cv",
      "family_index": 12,
      "per_family_instance_index": 0,
      "run_name": "external/total/main/weierstrudel/1",
      "run_type": "aggregate",
      "repetitions": 20,
      "threads": 1,
      "aggregate_name": "cv",
      "aggregate_unit": "percentage",
      "iterations": 20,
      "real_time": 2.0062429282732639e-02,
      "cpu_time": 9.6070042953900047e-03,
      "time_unit": "us",
      "code_size": 0.0000000000000000e+00,
      "execution_time_ns": 2.4064606048429335e-01,
      "gas_rate": 9.6489989147970322e-03,
      "gas_used": 0.0000000000000000e+00,
      "input_size": 0.0000000000000000e+00
    },
    {
      "name": "external/total/main/weierstrudel/15",
      "family_index": 13,
      "per_family_instance_index": 0,
      "run_name": "external/total/main/weierstrudel/15",
      "run_type": "iteration",
      "repetitions": 20,
      "repetition_index": 0,
      "threads": 1,
      "iterations": 446,
      "real_time": 1.4872104372194788e+03,
      "cpu_time": 1.5407002959641497e+03,
      "time_unit": "us",
      "code_size": 1.4658000000000000e+04,
      "execution_time_ns": 1.4871066031390135e+06,
      "gas_rate": 3.8831238078370637e+08,
      "gas_used": 5.9827300000000000e+05,
      "input_size": 1.4400000000000000e+03
    },
    {
      "name": "external/total/main/weierstrudel/15",
      "family_index": 13,
      "per_family_instance_index": 0,
      "run_name": "external/total/main/weierstrudel/15",
      "run_type": "iteration",
      "repetitions": 20,
      "repetition_index": 1,
      "threads": 1,
      "iterations": 446,
      "real_time": 1.4330507578471845e+03,
      "cpu_time": 1.4834733071748767e+03,
      "time_unit": "us",
      "code_size": 1.4658000000000000e+04,
      "execution_time_ns": 1.4329519304932735e+06,
      "gas_rate": 4.0329205595168394e+08,
      "gas_used": 5.9827300000000000e+05,
      "input_size": 1.4400000000000000e+03
    },
    {
      "name": "external/total/main/weierstrudel/15",
      "family_index": 13,
      "per_family_instance_index": 0,
      "run_name": "external/total/main/weierstrudel/15",
      "run_type": "iteration",
      "repetitions": 20,
      "repetition_index": 2,
      "threads": 1,
      "iterations": 446,
      "real_time": 1.4585960739902632e+03,
      "cpu_time": 1.5051999865470982e+03,
      "time_unit": "us",
      "code_size": 1.4658000000000000e+04,
      "execution_time_ns": 1.4584811569506726e+06,
      "gas_rate": 3.9747077155669361e+08,
      "gas_used": 5.9827300000000000e+05,
      "input_size": 1.4400000000000000e+03
    },
    {
      "name": "external/total/main/weierstrudel/15",
      "family_index": 13,
      "per_family_instance_index": 0,
      "run_name": "external/total/main/weierstrudel/15",
      "run_type": "iteration",
      "repetitions": 20,
      "repetition_index": 3,
      "threads": 1,
      "iterations": 446,
      "real_time": 1.4225694551574397e+03,
      "cpu_time": 1.4679051322869734e+03,
      "time_unit": "us",
      "code_size": 1.4658000000000000e+04,
      "execution_time_ns": 1.4224703385650225e+06,
      "gas_rate": 4.0756925419826007e+08,
      "gas_used": 5.9827300000000000e+05,
      "input_size": 1.4400000000000000e+03
    },
    {
      "name": "external/total/main/weierstrudel/15",
      "family_index": 13,
      "per_family_instance_index": 0,
      "run_name": "external/total/main/weierstrudel/15",
      "run_type": "iteration",
      "repetitions": 20,
      "repetition_index": 4,
      "threads": 1,
      "iterations": 446,
      "real_time": 1.4334278991041156e+03,
      "cpu_time": 1.4792468632287023e+03,
      "time_unit": "us",
      "code_size": 1.4658000000000000e+04,
      "execution_time_ns": 1.4333208991031391e+06,
      "gas_rate": 4.0444432560375333e+08,
      "gas_used": 5.9827300000000000e+05,
      "input_size": 1.4400000000000000e+03
    },
    {
      "name": "external/total/main/weierstrudel/15",
      "family_index": 13,
      "per_family_instance_index": 0,
      "run_name": "external/total/main/weierstrudel/15",
      "run_type": "iteration",
      "repetitions": 20,
      "repetition_index": 5,
      "threads": 1,
      "iterations": 446,
      "real_time": 1.4488543991038191e+03,
      "cpu_time": 1.4951757600897379e+03,
      "time_unit": "us",
      "code_size": 1.4658000000000000e+04,
      "execution_time_ns": 1.4487483565022422e+06,
      "gas_rate": 4.0013556664675504e+08,
      "gas_used": 5.9827300000000000e+05,
      "input_size": 1.4400000000000000e+03
    },
    {
      "name": "external/total/main/weierstrudel/15",
      "family_index": 13,
      "per_family_instance_index": 0,
      "run_name": "external/total/main/weierstrudel/15",
      "run_type": "iteration",
      "repetitions": 20,
      "repetition_index": 6,
      "threads": 1,
      "iterations": 446,
      "real_time": 1.4396773049319902e+03,
      "cpu_time": 1.4855782219730818e+03,
      "time_unit": "us",
      "code_size": 1.4658000000000000e+04,
      "execution_time_ns": 1.4395763542600896e+06,
      "gas_rate": 4.0272063170487195e+08,
      "gas_used": 5.9827300000000000e+05,
      "input_size": 1.4400000000000000e+03
    },
    {
      "name": "external/total/main/weierstrudel/15",
      "family_index": 13,
      "per_family_instance_index": 0,
      "run_name": "external/total/main/weierstrudel/15",
      "run_type": "iteration",
      "repetitions": 20,
      "repetition_index": 7,
      "threads": 1,
      "iterations": 446,
      "real_time": 1.4528090964142289e+03,
      "cpu_time": 1.4992762668161490e+03,
      "time_unit": "us",
      "code_size": 1.4658000000000000e+04,
      "execution_time_ns": 1.4527051614349775e+06,
      "gas_rate": 3.9904119957190263e+08,
      "gas_used": 5.9827300000000000e+05,
      "input_size": 1.4400000000000000e+03
    },
    {
      "name": "external/total/main/weierstrudel/15",
      "family_index": 13,
      "per_family_instance_index": 0,
      "run_name": "external/total/main/weierstrudel/15",
      "run_type": "iteration",
      "repetitions": 20,
      "repetition_index": 8,
      "threads": 1,
      "iterations": 446,
      "real_time": 1.4965900000001539e+03,
      "cpu_time": 1.5444655112107503e+03,
      "time_unit": "us",
      "code_size": 1.4658000000000000e+04,
      "execution_time_ns": 1.4964820493273542e+06,
      "gas_rate": 3.8736572338931465e+08,
      "gas_used": 5.9827300000000000e+05,
      "input_size": 1.4400000000000000e+03
    },
    {
      "name": "external/total/main/weierstrudel/15",
      "family_index": 13,
      "per_family_instance_index": 0,
      "run_name": "external/total/main/weierstrudel/15",
      "run_type": "iteration",
      "repetitions": 20,
      "repetition_index": 9,
      "threads": 1,
      "iterations": 446,
      "real_time": 1.4814105313903769e+03,
      "cpu_time": 1.5286627085201480e+03,
      "time_unit": "us",
      "code_size": 1.4658000000000000e+04,
      "execution_time_ns": 1.4813002937219732e+06,
      "gas_rate": 3.9137018039719826e+08,
      "gas_used": 5.9827300000000000e+05,
      "input_size": 1.4400000000000000e+03
    },
    {
      "name": "external/total/main/weierstrudel/15",
      "family_index": 13,
      "per_family_instance_index": 0,
      "run_name": "external/total/main/weierstrudel/15",
      "run_type": "iteration",
      "repetitions": 20,
      "repetition_index": 10,
      "threads": 1,
      "iterations": 446,
      "real_time": 1.4903699708511460e+03,
      "cpu_time": 1.5380473946188119e+03,
      "time_unit": "us",
      "code_size": 1.4658000000000000e+04,
      "execution_time_ns": 1.4898365336322871e+06,
      "gas_rate": 3.8898216146861672e+08,
      "gas_used": 5.9827300000000000e+05,
      "input_size": 1.4400000000000000e+03
    },
    {
      "name": "external/total/main/weierstrudel/15",
      "family_index": 13,
      "per_family_instance_index": 0,
      "run_name": "external/total/main/weierstrudel/15",
      "run_type": "iteration",
      "repetitions": 20,
      "repetition_index": 11,
      "threads": 1,
      "iterations": 446,
      "real_time": 1.5154762892386964e+03,
      "cpu_time": 1.5639047982063205e+03,
      "time_unit": "us",
      "code_size": 1.4658000000000000e+04,
      "execution_time_ns": 1.5153609125560538e+06,
      "gas_rate": 3.8255077974450463e+08,
      "gas_used": 5.9827300000000000e+05,
      "input_size": 1.4400000000000000e+03
    },
    {
      "name": "external/total/main/weierstrudel/15",
      "family_index": 13,
      "per_family_instance_index": 0,
      "run_name": "external/total/main/weierstrudel/15",
      "run_type": "iteration",
      "repetitions": 20,
      "repetition_index": 12,
      "threads": 1,
      "iterations": 446,
      "real_time": 1.5050185784744547e+03,
      "cpu_time": 1.5530051143497660e+03,
      "time_unit": "us",
      "code_size": 1.4658000000000000e+04,
      "execution_time_ns": 1.5049088542600896e+06,
      "gas_rate": 3.8523569206048197e+08,
      "gas_used": 5.9827300000000000e+05,
      "input_size": 1.4400000000000000e+03
    },
    {
      "name": "external/total/main/weierstrudel/15",
      "family_index": 13,
      "per_family_instance_index": 0,
      "run_name": "external/total/main/weierstrudel/15",
      "run_type": "iteration",
      "repetitions": 20,
      "repetition_index": 13,
      "threads": 1,
      "iterations": 446,
      "real_time": 1.5008288228701394e+03,
      "cpu_time": 1.5482954775784558e+03,
      "time_unit": "us",
      "code_size": 1.4658000000000000e+04,
      "execution_time_ns": 1.5007090156950674e+06,
      "gas_rate": 3.8640750984799290e+08,
      "gas_used": 5.9827300000000000e+05,
      "input_size": 1.4400000000000000e+03
    },
    {
      "name": "external/total/main/weierstrudel/15",
      "family_index": 13,
      "per_family_instance_index": 0,
      "run_name": "external/total/main/weierstrudel/15",
      "run_type": "iteration",
      "repetitions": 20,
      "repetition_index": 14,
      "threads": 1,
      "iterations": 446,
      "real_time": 1.4956369686088151e+03,
      "cpu_time": 1.5259038408071156e+03,
      "time_unit": "us",
      "code_size": 1.4658000000000000e+04,
      "execution_time_ns": 1.4954937982062781e+06,
      "gas_rate": 3.9207778629323584e+08,
      "gas_used": 5.9827300000000000e+05,
      "input_size": 1.4400000000000000e+03
    },
    {
      "name": "external/total/main/weierstrudel/15",
      "family_index": 13,
      "per_family_instance_index": 0,
      "run_name": "external/total/main/weierstrudel/15",
      "run_type": "iteration",
      "repetitions": 20,
      "repetition_index": 15,
      "threads": 1,
      "iterations": 446,
      "real_time": 1.4459648340798676e+03,
      "cpu_time": 1.4750629551569100e+03,
      "time_unit": "us",
      "code_size": 1.4658000000000000e+04,
      "execution_time_ns": 1.4458541412556053e+06,
      "gas_rate": 4.0559150232090175e+08,
      "gas_used": 5.9827300000000000e+05,
      "input_size": 1.4400000000000000e+03
    },
    {
      "name": "external/total/main/weierstrudel/15",
      "family_index": 13,
      "per_family_instance_index": 0,
      "run_name": "external/total/main/weierstrudel/15",
      "run_type": "iteration",
      "repetitions": 20,
      "repetition_index": 16,
      "threads": 1,
      "iterations": 446,
      "real_time": 1.4685608408060766e+03,
      "cpu_time": 1.4983003340806986e+03,
      "time_unit": "us",
      "code_size": 1.4658000000000000e+04,
      "execution_time_ns": 1.4684490448430493e+06,
      "gas_rate": 3.9930111900233811e+08,
      "gas_used": 5.9827300000000000e+05,
      "input_size": 1.4400000000000000e+03
    },
    {
      "name": "external/total/main/weierstrudel/15",
      "family_index": 13,
      "per_family_instance_index": 0,
      "run_name": "external/total/main/weierstrudel/15",
      "run_type": "iteration",
      "repetitions": 20,
      "repetition_index": 17,
      "threads": 1,
      "iterations": 446,
      "real_time": 1.4543534260078375e+03,
      "cpu_time": 1.4837325784753575e+03,
      "time_unit": "us",
      "code_size": 1.4658000000000000e+04,
      "execution_time_ns": 1.4542087197309418e+06,
      "gas_rate": 4.0322158364600229e+08,
      "gas_used": 5.9827300000000000e+05,
      "input_size": 1.4400000000000000e+03
    },
    {
      "name": "external/total/main/weierstrudel/15",
      "family_index": 13,
      "per_family_instance_index": 0,
      "run_name": "external/total/main/weierstrudel/15",
      "run_type": "iteration",
      "repetitions": 20,
      "repetition_index": 18,
      "threads": 1,
      "iterations": 446,
      "real_time": 1.4824454282514394e+03,
      "cpu_time": 1.5123212645740284e+03,
      "time_unit": "us",
      "code_size": 1.4658000000000000e+04,
      "execution_time_ns": 1.4823280358744394e+06,
      "gas_rate": 3.9559914550861913e+08,
      "gas_used": 5.9827300000000000e+05,
      "input_size": 1.4400000000000000e+03
    },
    {
      "name": "external/total/main/weierstrudel/15",
      "family_index": 13,
      "per_family_instance_index": 0,
      "run_name": "external/total/main/weierstrudel/15",
      "run_type": "iteration",
      "repetitions": 20,
      "repetition_index": 19,
      "threads": 1,
      "iterations": 446,
      "real_time": 1.4687368744395699e+03,
      "cpu_time": 1.4984364394619340e+03,
      "time_unit": "us",
      "code_size": 1.4658000000000000e+04,
      "execution_time_ns": 1.4686163744394619e+06,
      "gas_rate": 3.9926484984230018e+08,
      "gas_used": 5.9827300000000000e+05,
      "input_size": 1.4400000000000000e+03
    },
    {
      "name": "external/total/main/weierstrudel/15_mean",
      "family_index": 13,
      "per_family_instance_index": 0,
      "run_name": "external/total/main/weierstrudel/15",
      "run_type": "aggregate",
      "repetitions": 20,
      "threads": 1,
      "aggregate_name": "mean",
      "aggregate_unit": "time",
      "iterations": 20,
      "real_time": 1.4690793994393548e+03,
      "cpu_time": 1.5113347125560533e+03,
      "time_unit": "us",
      "code_size": 1.4658000000000000e+04,
      "execution_time_ns": 1.4689454286995521e+06,
      "gas_rate": 3.9599771097695678e+08,
      "gas_used": 5.9827300000000000e+05,
      "input_size": 1.4400000000000000e+03
    },
    {
      "name": "external/total/main/weierstrudel/15_median",
      "family_index": 13,
      "per_family_instance_index": 0,
      "run_name": "external/total/main/weierstrudel/15",
      "run_type": "aggregate",
      "repetitions": 20,
      "threads": 1,
      "aggregate_name": "median",
      "aggregate_unit": "time",
      "iterations": 20,
      "real_time": 1.4686488576228232e+03,
      "cpu_time": 1.5022381266816235e+03,
      "time_unit": "us",
      "code_size": 1.4658000000000000e+04,
      "execution_time_ns": 1.4685327096412554e+06,
      "gas_rate": 3.9825598556429815e+08,
      "gas_used": 5.9827300000000000e+05,
      "input_size": 1.4400000000000000e+03
    },
    {
      "name": "external/total/main/weierstrudel/15_stddev",
      "family_index": 13,
      "per_family_instance_index": 0,
      "run_name": "external/total/main/weierstrudel/15",
      "run_type": "aggregate",
      "repetitions": 20,
      "threads": 1,
      "aggregate_name": "stddev",
      "aggregate_unit": "time",
      "iterations": 20,
      "real_time": 2.7298677161629154e+01,
      "cpu_time": 2.9259749591937407e+01,
      "time_unit": "us",
      "code_size": 0.0000000000000000e+00,
      "execution_time_ns": 2.7277128199100098e+04,
      "gas_rate": 7.6308329159176731e+06,
      "gas_used": 0.0000000000000000e+00,
      "input_size": 0.0000000000000000e+00
    },
    {
      "name": "external/total/main/weierstrudel/15_cv",
      "family_index": 13,
      "per_family_instance_index": 0,
      "run_name": "external/total/main/weierstrudel/15",
      "run_type": "aggregate",
      "repetitions": 20,
      "threads": 1,
      "aggregate_name": "cv",
      "aggregate_unit": "percentage",
      "iterations": 20,
      "real_time": 1.8582165927891414e-02,
      "cpu_time": 1.9360204823491212e-02,
      "time_unit": "us",
      "code_size": 0.0000000000000000e+00,
      "execution_time_ns": 1.8569190976174224e-02,
      "gas_rate": 1.9269891477634610e-02,
      "gas_used": 0.0000000000000000e+00,
      "input_size": 0.0000000000000000e+00
    },
    {
      "name": "external/total/micro/JUMPDEST_n0/empty",
      "family_index": 14,
      "per_family_instance_index": 0,
      "run_name": "external/total/micro/JUMPDEST_n0/empty",
      "run_type": "iteration",
      "repetitions": 20,
      "repetition_index": 0,
      "threads": 1,
      "iterations": 858531,
      "real_time": 7.7686759476349898e-01,
      "cpu_time": 7.9255080247539156e-01,
      "time_unit": "us",
      "code_size": 2.0870000000000000e+03,
      "execution_time_ns": 7.6049320758365161e+02,
      "gas_rate": 6.6569612743074817e+11,
      "gas_used": 5.2759800000000000e+05,
      "input_size": 0.0000000000000000e+00
    },
    {
      "name": "external/total/micro/JUMPDEST_n0/empty",
      "family_index": 14,
      "per_family_instance_index": 0,
      "run_name": "external/total/micro/JUMPDEST_n0/empty",
      "run_type": "iteration",
      "repetitions": 20,
      "repetition_index": 1,
      "threads": 1,
      "iterations": 858531,
      "real_time": 7.9592500096041385e-01,
      "cpu_time": 8.1198336344291611e-01,
      "time_unit": "us",
      "code_size": 2.0870000000000000e+03,
      "execution_time_ns": 7.8020949156174913e+02,
      "gas_rate": 6.4976454414400208e+11,
      "gas_used": 5.2759800000000000e+05,
      "input_size": 0.0000000000000000e+00
    },
    {
      "name": "external/total/micro/JUMPDEST_n0/empty",
      "family_index": 14,
      "per_family_instance_index": 0,
      "run_name": "external/total/micro/JUMPDEST_n0/empty",
      "run_type": "iteration",
      "repetitions": 20,
      "repetition_index": 2,
      "threads": 1,
      "iterations": 858531,
      "real_time": 8.0745247055727143e-01,
      "cpu_time": 8.2379867005384977e-01,
      "time_unit": "us",
      "code_size": 2.0870000000000000e+03,
      "execution_time_ns": 7.9174657408992800e+02,
      "gas_rate": 6.4044531653044812e+11,
      "gas_used": 5.2759800000000000e+05,
      "input_size": 0.0000000000000000e+00
    },
    {
      "name": "external/total/micro/JUMPDEST_n0/empty",
      "family_index": 14,
      "per_family_instance_index": 0,
      "run_name": "external/total/micro/JUMPDEST_n0/empty",
      "run_type": "iteration",
      "repetitions": 20,
      "repetition_index": 3,
      "threads": 1,
      "iterations": 858531,
      "real_time": 8.0312134331815754e-01,
      "cpu_time": 8.1931270274458534e-01,
      "time_unit": "us",
      "code_size": 2.0870000000000000e+03,
      "execution_time_ns": 7.8632613499104866e+02,
      "gas_rate": 6.4395193463084241e+11,
      "gas_used": 5.2759800000000000e+05,
      "input_size": 0.0000000000000000e+00
    },
    {
      "name": "external/total/micro/JUMPDEST_n0/empty",
      "family_index": 14,
      "per_family_instance_index": 0,
      "run_name": "external/total/micro/JUMPDEST_n0/empty",
      "run_type": "iteration",
      "repetitions": 20,
      "repetition_index": 4,
      "threads": 1,
      "iterations": 858531,
      "real_time": 8.0622530927883973e-01,
      "cpu_time": 8.2253994905251715e-01,
      "time_unit": "us",
      "code_size": 2.0870000000000000e+03,
      "execution_time_ns": 7.8935263840210780e+02,
      "gas_rate": 6.4142538074623560e+11,
      "gas_used": 5.2759800000000000e+05,
      "input_size": 0.0000000000000000e+00
    },
    {
      "name": "external/total/micro/JUMPDEST_n0/empty",
      "family_index": 14,
      "per_family_instance_index": 0,
      "run_name": "external/total/micro/JUMPDEST_n0/empty",
      "run_type": "iteration",
      "repetitions": 20,
      "repetition_index": 5,
      "threads": 1,
      "iterations": 858531,
      "real_time": 8.1650638707334455e-01,
      "cpu_time": 8.2715718710213726e-01,
      "time_unit": "us",
      "code_size": 2.0870000000000000e+03,
      "execution_time_ns": 8.0037449317496976e+02,
      "gas_rate": 6.3784490811037622e+11,
      "gas_used": 5.2759800000000000e+05,
      "input_size": 0.0000000000000000e+00
    },
    {
      "name": "external/total/micro/JUMPDEST_n0/empty",
      "family_index": 14,
      "per_family_instance_index": 0,
      "run_name": "external/total/micro/JUMPDEST_n0/empty",
      "run_type": "iteration",
      "repetitions": 20,
      "repetition_index": 6,
      "threads": 1,
      "iterations": 858531,
      "real_time": 8.2829414662963219e-01,
      "cpu_time": 8.2161565161886518e-01,
      "time_unit": "us",
      "code_size": 2.0870000000000000e+03,
      "execution_time_ns": 8.1160585465172483e+02,
      "gas_rate": 6.4214696854965051e+11,
      "gas_used": 5.2759800000000000e+05,
      "input_size": 0.0000000000000000e+00
    },
    {
      "name": "external/total/micro/JUMPDEST_n0/empty",
      "family_index": 14,
      "per_family_instance_index": 0,
      "run_name": "external/total/micro/JUMPDEST_n0/empty",
      "run_type": "iteration",
      "repetitions": 20,
      "repetition_index": 7,
      "threads": 1,
      "iterations": 858531,
      "real_time": 8.2777795094196827e-01,
      "cpu_time": 8.2120305149143913e-01,
      "time_unit": "us",
      "code_size": 2.0870000000000000e+03,
      "execution_time_ns": 8.1155160034990001e+02,
      "gas_rate": 6.4246960485813550e+11,
      "gas_used": 5.2759800000000000e+05,
      "input_size": 0.0000000000000000e+00
    },
    {
      "name": "external/total/micro/JUMPDEST_n0/empty",
      "family_index": 14,
      "per_family_instance_index": 0,
      "run_name": "external/total/micro/JUMPDEST_n0/empty",
      "run_type": "iteration",
      "repetitions": 20,
      "repetition_index": 8,
      "threads": 1,
      "iterations": 858531,
      "real_time": 8.0098392836157262e-01,
      "cpu_time": 7.9460878873330387e-01,
      "time_unit": "us",
      "code_size": 2.0870000000000000e+03,
      "execution_time_ns": 7.8493658703063727e+02,
      "gas_rate": 6.6397201677199011e+11,
      "gas_used": 5.2759800000000000e+05,
      "input_size": 0.0000000000000000e+00
    },
    {
      "name": "external/total/micro/JUMPDEST_n0/empty",
      "family_index": 14,
      "per_family_instance_index": 0,
      "run_name": "external/total/micro/JUMPDEST_n0/empty",
      "run_type": "iteration",
      "repetitions": 20,
      "repetition_index": 9,
      "threads": 1,
      "iterations": 858531,
      "real_time": 7.9993613043640999e-01,
      "cpu_time": 7.9348136642705647e-01,
      "time_unit": "us",
      "code_size": 2.0870000000000000e+03,
      "execution_time_ns": 7.8382716174488746e+02,
      "gas_rate": 6.6491542501584534e+11,
      "gas_used": 5.2759800000000000e+05,
      "input_size": 0.0000000000000000e+00
    },
    {
      "name": "external/total/micro/JUMPDEST_n0/empty",
      "family_index": 14,
      "per_family_instance_index": 0,
      "run_name": "external/total/micro/JUMPDEST_n0/empty",
      "run_type": "iteration",
      "repetitions": 20,
      "repetition_index": 10,
      "threads": 1,
      "iterations": 858531,
      "real_time": 8.0120509102163440e-01,
      "cpu_time": 7.9484075123671705e-01,
      "time_unit": "us",
      "code_size": 2.0870000000000000e+03,
      "execution_time_ns": 1.6706612457791273e+03,
      "gas_rate": 6.6377824637085364e+11,
      "gas_used": 5.2759800000000000e+05,
      "input_size": 0.0000000000000000e+00
    },
    {
      "name": "external/total/micro/JUMPDEST_n0/empty",
      "family_index": 14,
      "per_family_instance_index": 0,
      "run_name": "external/total/micro/JUMPDEST_n0/empty",
      "run_type": "iteration",
      "repetitions": 20,
      "repetition_index": 11,
      "threads": 1,
      "iterations": 858531,
      "real_time": 7.9227641750808908e-01,
      "cpu_time": 7.9069564989499952e-01,
      "time_unit": "us",
      "code_size": 2.0870000000000000e+03,
      "execution_time_ns": 7.7657183374857755e+02,
      "gas_rate": 6.6725800258299451e+11,
      "gas_used": 5.2759800000000000e+05,
      "input_size": 0.0000000000000000e+00
    },
    {
      "name": "external/total/micro/JUMPDEST_n0/empty",
      "family_index": 14,
      "per_family_instance_index": 0,
      "run_name": "external/total/micro/JUMPDEST_n0/empty",
      "run_type": "iteration",
      "repetitions": 20,
      "repetition_index": 12,
      "threads": 1,
      "iterations": 858531,
      "real_time": 7.8333748228052413e-01,
      "cpu_time": 8.0095874581113313e-01,
      "time_unit": "us",
      "code_size": 2.0870000000000000e+03,
      "execution_time_ns": 7.6716827930499892e+02,
      "gas_rate": 6.5870808298085315e+11,
      "gas_used": 5.2759800000000000e+05,
      "input_size": 0.0000000000000000e+00
    },
    {
      "name": "external/total/micro/JUMPDEST_n0/empty",
      "family_index": 14,
      "per_family_instance_index": 0,
      "run_name": "external/total/micro/JUMPDEST_n0/empty",
      "run_type": "iteration",
      "repetitions": 20,
      "repetition_index": 13,
      "threads": 1,
      "iterations": 858531,
      "real_time": 7.7719916927799548e-01,
      "cpu_time": 7.9470968666247999e-01,
      "time_unit": "us",
      "code_size": 2.0870000000000000e+03,
      "execution_time_ns": 7.6116717509326975e+02,
      "gas_rate": 6.6388771755851941e+11,
      "gas_used": 5.2759800000000000e+05,
      "input_size": 0.0000000000000000e+00
    },
    {
      "name": "external/total/micro/JUMPDEST_n0/empty",
      "family_index": 14,
      "per_family_instance_index": 0,
      "run_name": "external/total/micro/JUMPDEST_n0/empty",
      "run_type": "iteration",
      "repetitions": 20,
      "repetition_index": 14,
      "threads": 1,
      "iterations": 858531,
      "real_time": 7.8354300660139198e-01,
      "cpu_time": 8.0124416823617794e-01,
      "time_unit": "us",
      "code_size": 2.0870000000000000e+03,
      "execution_time_ns": 7.6807697217689281e+02,
      "gas_rate": 6.5847343533423767e+11,
      "gas_used": 5.2759800000000000e+05,
      "input_size": 0.0000000000000000e+00
    },
    {
      "name": "external/total/micro/JUMPDEST_n0/empty",
      "family_index": 14,
      "per_family_instance_index": 0,
      "run_name": "external/total/micro/JUMPDEST_n0/empty",
      "run_type": "iteration",
      "repetitions": 20,
      "repetition_index": 15,
      "threads": 1,
      "iterations": 858531,
      "real_time": 8.0247501371580954e-01,
      "cpu_time": 8.2053017305140219e-01,
      "time_unit": "us",
      "code_size": 2.0870000000000000e+03,
      "execution_time_ns": 7.8618419602786616e+02,
      "gas_rate": 6.4299646414946472e+11,
      "gas_used": 5.2759800000000000e+05,
      "input_size": 0.0000000000000000e+00
    },
    {
      "name": "external/total/micro/JUMPDEST_n0/empty",
      "family_index": 14,
      "per_family_instance_index": 0,
      "run_name": "external/total/micro/JUMPDEST_n0/empty",
      "run_type": "iteration",
      "repetitions": 20,
      "repetition_index": 16,
      "threads": 1,
      "iterations": 858531,
      "real_time": 8.1221731073196757e-01,
      "cpu_time": 8.3056194709336828e-01,
      "time_unit": "us",
      "code_size": 2.0870000000000000e+03,
      "execution_time_ns": 7.9559624754376955e+02,
      "gas_rate": 6.3523016175539966e+11,
      "gas_used": 5.2759800000000000e+05,
      "input_size": 0.0000000000000000e+00
    },
    {
      "name": "external/total/micro/JUMPDEST_n0/empty",
      "family_index": 14,
      "per_family_instance_index": 0,
      "run_name": "external/total/micro/JUMPDEST_n0/empty",
      "run_type": "iteration",
      "repetitions": 20,
      "repetition_index": 17,
      "threads": 1,
      "iterations": 858531,
      "real_time": 8.0737814126690644e-01,
      "cpu_time": 8.3190208157887946e-01,
      "time_unit": "us",
      "code_size": 2.0870000000000000e+03,
      "execution_time_ns": 7.9075583991725398e+02,
      "gas_rate": 6.3420685160285193e+11,
      "gas_used": 5.2759800000000000e+05,
      "input_size": 0.0000000000000000e+00
    },
    {
      "name": "external/total/micro/JUMPDEST_n0/empty",
      "family_index": 14,
      "per_family_instance_index": 0,
      "run_name": "external/total/micro/JUMPDEST_n0/empty",
      "run_type": "iteration",
      "repetitions": 20,
      "repetition_index": 18,
      "threads": 1,
      "iterations": 858531,
      "real_time": 8.0243104092970663e-01,
      "cpu_time": 8.3093213524031351e-01,
      "time_unit": "us",
      "code_size": 2.0870000000000000e+03,
      "execution_time_ns": 7.8650440927584441e+02,
      "gas_rate": 6.3494716069371130e+11,
      "gas_used": 5.2759800000000000e+05,
      "input_size": 0.0000000000000000e+00
    },
    {
      "name": "external/total/micro/JUMPDEST_n0/empty",
      "family_index": 14,
      "per_family_instance_index": 0,
      "run_name": "external/total/micro/JUMPDEST_n0/empty",
      "run_type": "iteration",
      "repetitions": 20,
      "repetition_index": 19,
      "threads": 1,
      "iterations": 858531,
      "real_time": 8.0366513963936470e-01,
      "cpu_time": 8.3229153519209031e-01,
      "time_unit": "us",
      "code_size": 2.0870000000000000e+03,
      "execution_time_ns": 7.8787701201237928e+02,
      "gas_rate": 6.3391008762119873e+11,
      "gas_used": 5.2759800000000000e+05,
      "input_size": 0.0000000000000000e+00
    },
    {
      "name": "external/total/micro/JUMPDEST_n0/empty_mean",
      "family_index": 14,
      "per_family_instance_index": 0,
      "run_name": "external/total/micro/JUMPDEST_n0/empty",
      "run_type": "aggregate",
      "repetitions": 20,
      "threads": 1,
      "aggregate_name": "mean",
      "aggregate_unit": "time",
      "iterations": 20,
      "real_time": 8.0144090376472510e-01,
      "cpu_time": 8.1284592035698133e-01,
      "time_unit": "us",
      "code_size": 2.0870000000000000e+03,
      "execution_time_ns": 8.2954934772302931e+02,
      "gas_rate": 6.4930142187191797e+11,
      "gas_used": 5.2759800000000000e+05,
      "input_size": 0.0000000000000000e+00
    },
    {
      "name": "external/total/micro/JUMPDEST_n0/empty_median",
      "family_index": 14,
      "per_family_instance_index": 0,
      "run_name": "external/total/micro/JUMPDEST_n0/empty",
      "run_type": "aggregate",
      "repetitions": 20,
      "threads": 1,
      "aggregate_name": "median",
      "aggregate_unit": "time",
      "iterations": 20,
      "real_time": 8.0245302732275814e-01,
      "cpu_time": 8.1992143789799388e-01,
      "time_unit": "us",
      "code_size": 2.0870000000000000e+03,
      "execution_time_ns": 7.8641527213344648e+02,
      "gas_rate": 6.4347419939015356e+11,
      "gas_used": 5.2759800000000000e+05,
      "input_size": 0.0000000000000000e+00
    },
    {
      "name": "external/total/micro/JUMPDEST_n0/empty_stddev",
      "family_index": 14,
      "per_family_instance_index": 0,
      "run_name": "external/total/micro/JUMPDEST_n0/empty",
      "run_type": "aggregate",
      "repetitions": 20,
      "threads": 1,
      "aggregate_name": "stddev",
      "aggregate_unit": "time",
      "iterations": 20,
      "real_time": 1.4176439175529212e-02,
      "cpu_time": 1.5540216040960429e-02,
      "time_unit": "us",
      "code_size": 0.0000000000000000e+00,
      "execution_time_ns": 1.9847365860017368e+02,
      "gas_rate": 1.2464984277387283e+10,
      "gas_used": 0.0000000000000000e+00,
      "input_size": 0.0000000000000000e+00
    },
    {
      "name": "external/total/micro/JUMPDEST_n0/empty_cv",
      "family_index": 14,
      "per_family_instance_index": 0,
      "run_name": "external/total/micro/JUMPDEST_n0/empty",
      "run_type": "aggregate",
      "repetitions": 20,
      "threads": 1,
      "aggregate_name": "cv",
      "aggregate_unit": "percentage",
      "iterations": 20,
      "real_time": 1.7688689345572654e-02,
      "cpu_time": 1.9118280170657143e-02,
      "time_unit": "us",
      "code_size": 0.0000000000000000e+00,
      "execution_time_ns": 2.3925479435906957e-01,
      "gas_rate": 1.9197531158103857e-02,
      "gas_used": 0.0000000000000000e+00,
      "input_size": 0.0000000000000000e+00
    },
    {
      "name": "external/total/micro/jump_around/empty",
      "family_index": 15,
      "per_family_instance_index": 0,
      "run_name": "external/total/micro/jump_around/empty",
      "run_type": "iteration",
      "repetitions": 20,
      "repetition_index": 0,
      "threads": 1,
      "iterations": 70428,
      "real_time": 9.2788684614033308e+00,
      "cpu_time": 9.6083015845971804e+00,
      "time_unit": "us",
      "code_size": 2.0481000000000000e+04,
      "execution_time_ns": 9.2633707474299990e+03,
      "gas_rate": 5.1156803902570982e+09,
      "gas_used": 4.9153000000000000e+04,
      "input_size": 0.0000000000000000e+00
    },
    {
      "name": "external/total/micro/jump_around/empty",
      "family_index": 15,
      "per_family_instance_index": 0,
      "run_name": "external/total/micro/jump_around/empty",
      "run_type": "iteration",
      "repetitions": 20,
      "repetition_index": 1,
      "threads": 1,
      "iterations": 70428,
      "real_time": 9.0902040097684331e+00,
      "cpu_time": 9.4137669534845045e+00,
      "time_unit": "us",
      "code_size": 2.0481000000000000e+04,
      "execution_time_ns": 9.0744391861191580e+03,
      "gas_rate": 5.2213954565558920e+09,
      "gas_used": 4.9153000000000000e+04,
      "input_size": 0.0000000000000000e+00
    },
    {
      "name": "external/total/micro/jump_around/empty",
      "family_index": 15,
      "per_family_instance_index": 0,
      "run_name": "external/total/micro/jump_around/empty",
      "run_type": "iteration",
      "repetitions": 20,
      "repetition_index": 2,
      "threads": 1,
      "iterations": 70428,
      "real_time": 8.9428982222950069e+00,
      "cpu_time": 9.2609982109389453e+00,
      "time_unit": "us",
      "code_size": 2.0481000000000000e+04,
      "execution_time_ns": 8.9276464616345766e+03,
      "gas_rate": 5.3075272103973904e+09,
      "gas_used": 4.9153000000000000e+04,
      "input_size": 0.0000000000000000e+00
    },
    {
      "name": "external/total/micro/jump_around/empty",
      "family_index": 15,
      "per_family_instance_index": 0,
      "run_name": "external/total/micro/jump_around/empty",
      "run_type": "iteration",
      "repetitions": 20,
      "repetition_index": 3,
      "threads": 1,
      "iterations": 70428,
      "real_time": 8.9039982393338555e+00,
      "cpu_time": 9.2196090049412049e+00,
      "time_unit": "us",
      "code_size": 2.0481000000000000e+04,
      "execution_time_ns": 8.8852274095530192e+03,
      "gas_rate": 5.3313540708349657e+09,
      "gas_used": 4.9153000000000000e+04,
      "input_size": 0.0000000000000000e+00
    },
    {
      "name": "external/total/micro/jump_around/empty",
      "family_index": 15,
      "per_family_instance_index": 0,
      "run_name": "external/total/micro/jump_around/empty",
      "run_type": "iteration",
      "repetitions": 20,
      "repetition_index": 4,
      "threads": 1,
      "iterations": 70428,
      "real_time": 9.0933717271521370e+00,
      "cpu_time": 9.4172912619980966e+00,
      "time_unit": "us",
      "code_size": 2.0481000000000000e+04,
      "execution_time_ns": 9.0774088146759805e+03,
      "gas_rate": 5.2194414118153811e+09,
      "gas_used": 4.9153000000000000e+04,
      "input_size": 0.0000000000000000e+00
    },
    {
      "name": "external/total/micro/jump_around/empty",
      "family_index": 15,
      "per_family_instance_index": 0,
      "run_name": "external/total/micro/jump_around/empty",
      "run_type": "iteration",
      "repetitions": 20,
      "repetition_index": 5,
      "threads": 1,
      "iterations": 70428,
      "real_time": 9.1384889390573640e+00,
      "cpu_time": 9.4634686772306846e+00,
      "time_unit": "us",
      "code_size": 2.0481000000000000e+04,
      "execution_time_ns": 9.1229612086102115e+03,
      "gas_rate": 5.1939729158995590e+09,
      "gas_used": 4.9153000000000000e+04,
      "input_size": 0.0000000000000000e+00
    },
    {
      "name": "external/total/micro/jump_around/empty",
      "family_index": 15,
      "per_family_instance_index": 0,
      "run_name": "external/total/micro/jump_around/empty",
      "run_type": "iteration",
      "repetitions": 20,
      "repetition_index": 6,
      "threads": 1,
      "iterations": 70428,
      "real_time": 9.1133741409597011e+00,
      "cpu_time": 9.4370676009540713e+00,
      "time_unit": "us",
      "code_size": 2.0481000000000000e+04,
      "execution_time_ns": 9.0969734054637356e+03,
      "gas_rate": 5.2085035392806463e+09,
      "gas_used": 4.9153000000000000e+04,
      "input_size": 0.0000000000000000e+00
    },
    {
      "name": "external/total/micro/jump_around/empty",
      "family_index": 15,
      "per_family_instance_index": 0,
      "run_name": "external/total/micro/jump_around/empty",
      "run_type": "iteration",
      "repetitions": 20,
      "repetition_index": 7,
      "threads": 1,
      "iterations": 70428,
      "real_time": 9.1606483216856045e+00,
      "cpu_time": 9.4868089112281808e+00,
      "time_unit": "us",
      "code_size": 2.0481000000000000e+04,
      "execution_time_ns": 9.1452714687340267e+03,
      "gas_rate": 5.1811942730104542e+09,
      "gas_used": 4.9153000000000000e+04,
      "input_size": 0.0000000000000000e+00
    },
    {
      "name": "external/total/micro/jump_around/empty",
      "family_index": 15,
      "per_family_instance_index": 0,
      "run_name": "external/total/micro/jump_around/empty",
      "run_type": "iteration",
      "repetitions": 20,
      "repetition_index": 8,
      "threads": 1,
      "iterations": 70428,
      "real_time": 9.3816428977052020e+00,
      "cpu_time": 9.7089492389390770e+00,
      "time_unit": "us",
      "code_size": 2.0481000000000000e+04,
      "execution_time_ns": 9.3654871783949566e+03,
      "gas_rate": 5.0626487779815693e+09,
      "gas_used": 4.9153000000000000e+04,
      "input_size": 0.0000000000000000e+00
    },
    {
      "name": "external/total/micro/jump_around/empty",
      "family_index": 15,
      "per_family_instance_index": 0,
      "run_name": "external/total/micro/jump_around/empty",
      "run_type": "iteration",
      "repetitions": 20,
      "repetition_index": 9,
      "threads": 1,
      "iterations": 70428,
      "real_time": 9.2220812319020933e+00,
      "cpu_time": 9.5358133838813668e+00,
      "time_unit": "us",
      "code_size": 2.0481000000000000e+04,
      "execution_time_ns": 9.2067721644800367e+03,
      "gas_rate": 5.1545681549394197e+09,
      "gas_used": 4.9153000000000000e+04,
      "input_size": 0.0000000000000000e+00
    },
    {
      "name": "external/total/micro/jump_around/empty",
      "family_index": 15,
      "per_family_instance_index": 0,
      "run_name": "external/total/micro/jump_around/empty",
      "run_type": "iteration",
      "repetitions": 20,
      "repetition_index": 10,
      "threads": 1,
      "iterations": 70428,
      "real_time": 9.4130870250440655e+00,
      "cpu_time": 9.7338323394103181e+00,
      "time_unit": "us",
      "code_size": 2.0481000000000000e+04,
      "execution_time_ns": 9.3959506730277735e+03,
      "gas_rate": 5.0497068663274012e+09,
      "gas_used": 4.9153000000000000e+04,
      "input_size": 0.0000000000000000e+00
    },
    {
      "name": "external/total/micro/jump_around/empty",
      "family_index": 15,
      "per_family_instance_index": 0,
      "run_name": "external/total/micro/jump_around/empty",
      "run_type": "iteration",
      "repetitions": 20,
      "repetition_index": 11,
      "threads": 1,
      "iterations": 70428,
      "real_time": 9.3480047424259478e+00,
      "cpu_time": 9.6658384307378284e+00,
      "time_unit": "us",
      "code_size": 2.0481000000000000e+04,
      "execution_time_ns": 9.3327577383994994e+03,
      "gas_rate": 5.0852288037105103e+09,
      "gas_used": 4.9153000000000000e+04,
      "input_size": 0.0000000000000000e+00
    },
    {
      "name": "external/total/micro/jump_around/empty",
      "family_index": 15,
      "per_family_instance_index": 0,
      "run_name": "external/total/micro/jump_around/empty",
      "run_type": "iteration",
      "repetitions": 20,
      "repetition_index": 12,
      "threads": 1,
      "iterations": 70428,
      "real_time": 9.3239578292731551e+00,
      "cpu_time": 9.6408417816777927e+00,
      "time_unit": "us",
      "code_size": 2.0481000000000000e+04,
      "execution_time_ns": 9.3077747202817063e+03,
      "gas_rate": 5.0984137187495594e+09,
      "gas_used": 4.9153000000000000e+04,
      "input_size": 0.0000000000000000e+00
    },
    {
      "name": "external/total/micro/jump_around/empty",
      "family_index": 15,
      "per_family_instance_index": 0,
      "run_name": "external/total/micro/jump_around/empty",
      "run_type": "iteration",
      "repetitions": 20,
      "repetition_index": 13,
      "threads": 1,
      "iterations": 70428,
      "real_time": 9.3682066791583658e+00,
      "cpu_time": 9.6875181745897354e+00,
      "time_unit": "us",
      "code_size": 2.0481000000000000e+04,
      "execution_time_ns": 9.3526387658317708e+03,
      "gas_rate": 5.0738485455364447e+09,
      "gas_used": 4.9153000000000000e+04,
      "input_size": 0.0000000000000000e+00
    },
    {
      "name": "external/total/micro/jump_around/empty",
      "family_index": 15,
      "per_family_instance_index": 0,
      "run_name": "external/total/micro/jump_around/empty",
      "run_type": "iteration",
      "repetitions": 20,
      "repetition_index": 14,
      "threads": 1,
      "iterations": 70428,
      "real_time": 9.1588663173797382e+00,
      "cpu_time": 9.4704424802636495e+00,
      "time_unit": "us",
      "code_size": 2.0481000000000000e+04,
      "execution_time_ns": 9.1423062134378379e+03,
      "gas_rate": 5.1901482008295374e+09,
      "gas_used": 4.9153000000000000e+04,
      "input_size": 0.0000000000000000e+00
    },
    {
      "name": "external/total/micro/jump_around/empty",
      "family_index": 15,
      "per_family_instance_index": 0,
      "run_name": "external/total/micro/jump_around/empty",
      "run_type": "iteration",
      "repetitions": 20,
      "repetition_index": 15,
      "threads": 1,
      "iterations": 70428,
      "real_time": 9.1620479780760391e+00,
      "cpu_time": 9.4740570369735781e+00,
      "time_unit": "us",
      "code_size": 2.0481000000000000e+04,
      "execution_time_ns": 9.1461223661043896e+03,
      "gas_rate": 5.1881680475613413e+09,
      "gas_used": 4.9153000000000000e+04,
      "input_size": 0.0000000000000000e+00
    },
    {
      "name": "external/total/micro/jump_around/empty",
      "family_index": 15,
      "per_family_instance_index": 0,
      "run_name": "external/total/micro/jump_around/empty",
      "run_type": "iteration",
      "repetitions": 20,
      "repetition_index": 16,
      "threads": 1,
      "iterations": 70428,
      "real_time": 9.1452414522652461e+00,
      "cpu_time": 9.4569647725336470e+00,
      "time_unit": "us",
      "code_size": 2.0481000000000000e+04,
      "execution_time_ns": 9.1292145737490773e+03,
      "gas_rate": 5.1975450033141298e+09,
      "gas_used": 4.9153000000000000e+04,
      "input_size": 0.0000000000000000e+00
    },
    {
      "name": "external/total/micro/jump_around/empty",
      "family_index": 15,
      "per_family_instance_index": 0,
      "run_name": "external/total/micro/jump_around/empty",
      "run_type": "iteration",
      "repetitions": 20,
      "repetition_index": 17,
      "threads": 1,
      "iterations": 70428,
      "real_time": 9.1660695746018295e+00,
      "cpu_time": 9.4778044527745955e+00,
      "time_unit": "us",
      "code_size": 2.0481000000000000e+04,
      "execution_time_ns": 9.1497791929346276e+03,
      "gas_rate": 5.1861167050783176e+09,
      "gas_used": 4.9153000000000000e+04,
      "input_size": 0.0000000000000000e+00
    },
    {
      "name": "external/total/micro/jump_around/empty",
      "family_index": 15,
      "per_family_instance_index": 0,
      "run_name": "external/total/micro/jump_around/empty",
      "run_type": "iteration",
      "repetitions": 20,
      "repetition_index": 18,
      "threads": 1,
      "iterations": 70428,
      "real_time": 9.2025657977010678e+00,
      "cpu_time": 9.5157185494403702e+00,
      "time_unit": "us",
      "code_size": 2.0481000000000000e+04,
      "execution_time_ns": 9.1871701595956147e+03,
      "gas_rate": 5.1654533227961798e+09,
      "gas_used": 4.9153000000000000e+04,
      "input_size": 0.0000000000000000e+00
    },
    {
      "name": "external/total/micro/jump_around/empty",
      "family_index": 15,
      "per_family_instance_index": 0,
      "run_name": "external/total/micro/jump_around/empty",
      "run_type": "iteration",
      "repetitions": 20,
      "repetition_index": 19,
      "threads": 1,
      "iterations": 70428,
      "real_time": 9.1924323706417859e+00,
      "cpu_time": 9.5054810728685126e+00,
      "time_unit": "us",
      "code_size": 2.0481000000000000e+04,
      "execution_time_ns": 9.1771986283864371e+03,
      "gas_rate": 5.1710165559423780e+09,
      "gas_used": 4.9153000000000000e+04,
      "input_size": 0.0000000000000000e+00
    },
    {
      "name": "external/total/micro/jump_around/empty_mean",
      "family_index": 15,
      "per_family_instance_index": 0,
      "run_name": "external/total/micro/jump_around/empty",
      "run_type": "aggregate",
      "repetitions": 20,
      "threads": 1,
      "aggregate_name": "mean",
      "aggregate_unit": "time",
      "iterations": 20,
      "real_time": 9.1903027978915013e+00,
      "cpu_time": 9.5090286959731696e+00,
      "time_unit": "us",
      "code_size": 2.0481000000000000e+04,
      "execution_time_ns": 9.1743235538422214e+03,
      "gas_rate": 5.1700965985409088e+09,
      "gas_used": 4.9153000000000000e+04,
      "input_size": 0.0000000000000000e+00
    },
    {
      "name": "external/total/micro/jump_around/empty_median",
      "family_index": 15,
      "per_family_instance_index": 0,
      "run_name": "external/total/micro/jump_around/empty",
      "run_type": "aggregate",
      "repetitions": 20,
      "threads": 1,
      "aggregate_name": "median",
      "aggregate_unit": "time",
      "iterations": 20,
      "real_time": 9.1640587763389352e+00,
      "cpu_time": 9.4823066820013899e+00,
      "time_unit": "us",
      "code_size": 2.0481000000000000e+04,
      "execution_time_ns": 9.1479507795195095e+03,
      "gas_rate": 5.1836554890443859e+09,
      "gas_used": 4.9153000000000000e+04,
      "input_size": 0.0000000000000000e+00
    },
    {
      "name": "external/total/micro/jump_around/empty_stddev",
      "family_index": 15,
      "per_family_instance_index": 0,
      "run_name": "external/total/micro/jump_around/empty",
      "run_type": "aggregate",
      "repetitions": 20,
      "threads": 1,
      "aggregate_name": "stddev",
      "aggregate_unit": "time",
      "iterations": 20,
      "real_time": 1.3496920441600699e-01,
      "cpu_time": 1.3608743918780569e-01,
      "time_unit": "us",
      "code_size": 0.0000000000000000e+00,
      "execution_time_ns": 1.3518856063797944e+02,
      "gas_rate": 7.4244514802915260e+07,
      "gas_used": 0.0000000000000000e+00,
      "input_size": 0.0000000000000000e+00
    },
    {
      "name": "external/total/micro/jump_around/empty_cv",
      "family_index": 15,
      "per_family_instance_index": 0,
      "run_name": "external/total/micro/jump_around/empty",
      "run_type": "aggregate",
      "repetitions": 20,
      "threads": 1,
      "aggregate_name": "cv",
      "aggregate_unit": "percentage",
      "iterations": 20,
      "real_time": 1.4686045431166046e-02,
      "cpu_time": 1.4311392208274147e-02,
      "time_unit": "us",
      "code_size": 0.0000000000000000e+00,
      "execution_time_ns": 1.4735534434183134e-02,
      "gas_rate": 1.4360372845619239e-02,
      "gas_used": 0.0000000000000000e+00,
      "input_size": 0.0000000000000000e+00
    },
    {
      "name": "external/total/micro/loop_with_many_jumpdests/empty",
      "family_index": 16,
      "per_family_instance_index": 0,
      "run_name": "external/total/micro/loop_with_many_jumpdests/empty",
      "run_type": "iteration",
      "repetitions": 20,
      "repetition_index": 0,
      "threads": 1,
      "iterations": 365424,
      "real_time": 1.8842344427281454e+00,
      "cpu_time": 1.9182330963483269e+00,
      "time_unit": "us",
      "code_size": 2.4576000000000000e+04,
      "execution_time_ns": 1.8685202477122466e+03,
      "gas_rate": 4.1641873530418442e+12,
      "gas_used": 7.9878820000000000e+06,
      "input_size": 0.0000000000000000e+00
    },
    {
      "name": "external/total/micro/loop_with_many_jumpdests/empty",
      "family_index": 16,
      "per_family_instance_index": 0,
      "run_name": "external/total/micro/loop_with_many_jumpdests/empty",
      "run_type": "iteration",
      "repetitions": 20,
      "repetition_index": 1,
      "threads": 1,
      "iterations": 365424,
      "real_time": 1.8788118952223725e+00,
      "cpu_time": 1.9125013244887963e+00,
      "time_unit": "us",
      "code_size": 2.4576000000000000e+04,
      "execution_time_ns": 1.8634747389334034e+03,
      "gas_rate": 4.1766674342749160e+12,
      "gas_used": 7.9878820000000000e+06,
      "input_size": 0.0000000000000000e+00
    },
    {
      "name": "external/total/micro/loop_with_many_jumpdests/empty",
      "family_index": 16,
      "per_family_instance_index": 0,
      "run_name": "external/total/micro/loop_with_many_jumpdests/empty",
      "run_type": "iteration",
      "repetitions": 20,
      "repetition_index": 2,
      "threads": 1,
      "iterations": 365424,
      "real_time": 1.9430220346786176e+00,
      "cpu_time": 1.9261978222557432e+00,
      "time_unit": "us",
      "code_size": 2.4576000000000000e+04,
      "execution_time_ns": 1.9273567855422741e+03,
      "gas_rate": 4.1469686590370576e+12,
      "gas_used": 7.9878820000000000e+06,
      "input_size": 0.0000000000000000e+00
    },
    {
      "name": "external/total/micro/loop_with_many_jumpdests/empty",
      "family_index": 16,
      "per_family_instance_index": 0,
      "run_name": "external/total/micro/loop_with_many_jumpdests/empty",
      "run_type": "iteration",
      "repetitions": 20,
      "repetition_index": 3,
      "threads": 1,
      "iterations": 365424,
      "real_time": 1.8673146974475836e+00,
      "cpu_time": 1.9010097530539811e+00,
      "time_unit": "us",
      "code_size": 2.4576000000000000e+04,
      "execution_time_ns": 1.8505375782652479e+03,
      "gas_rate": 4.2019153174608545e+12,
      "gas_used": 7.9878820000000000e+06,
      "input_size": 0.0000000000000000e+00
    },
    {
      "name": "external/total/micro/loop_with_many_jumpdests/empty",
      "family_index": 16,
      "per_family_instance_index": 0,
      "run_name": "external/total/micro/loop_with_many_jumpdests/empty",
      "run_type": "iteration",
      "repetitions": 20,
      "repetition_index": 4,
      "threads": 1,
      "iterations": 365424,
      "real_time": 1.8516260262047572e+00,
      "cpu_time": 1.8848474156048876e+00,
      "time_unit": "us",
      "code_size": 2.4576000000000000e+04,
      "execution_time_ns": 1.8358457107360218e+03,
      "gas_rate": 4.2379462304838716e+12,
      "gas_used": 7.9878820000000000e+06,
      "input_size": 0.0000000000000000e+00
    },
    {
      "name": "external/total/micro/loop_with_many_jumpdests/empty",
      "family_index": 16,
      "per_family_instance_index": 0,
      "run_name": "external/total/micro/loop_with_many_jumpdests/empty",
      "run_type": "iteration",
      "repetitions": 20,
      "repetition_index": 5,
      "threads": 1,
      "iterations": 365424,
      "real_time": 1.8481438821757246e+00,
      "cpu_time": 1.8814932626209424e+00,
      "time_unit": "us",
      "code_size": 2.4576000000000000e+04,
      "execution_time_ns": 1.8319833727396122e+03,
      "gas_rate": 4.2455012508908945e+12,
      "gas_used": 7.9878820000000000e+06,
      "input_size": 0.0000000000000000e+00
    },
    {
      "name": "external/total/micro/loop_with_many_jumpdests/empty",
      "family_index": 16,
      "per_family_instance_index": 0,
      "run_name": "external/total/micro/loop_with_many_jumpdests/empty",
      "run_type": "iteration",
      "repetitions": 20,
      "repetition_index": 6,
      "threads": 1,
      "iterations": 365424,
      "real_time": 1.8635915347665071e+00,
      "cpu_time": 1.8972170081877622e+00,
      "time_unit": "us",
      "code_size": 2.4576000000000000e+04,
      "execution_time_ns": 1.8481334942423048e+03,
      "gas_rate": 4.2103154070024351e+12,
      "gas_used": 7.9878820000000000e+06,
      "input_size": 0.0000000000000000e+00
    },
    {
      "name": "external/total/micro/loop_with_many_jumpdests/empty",
      "family_index": 16,
      "per_family_instance_index": 0,
      "run_name": "external/total/micro/loop_with_many_jumpdests/empty",
      "run_type": "iteration",
      "repetitions": 20,
      "repetition_index": 7,
      "threads": 1,
      "iterations": 365424,
      "real_time": 1.8752568960991491e+00,
      "cpu_time": 1.8892188060991555e+00,
      "time_unit": "us",
      "code_size": 2.4576000000000000e+04,
      "execution_time_ns": 1.8587019763343403e+03,
      "gas_rate": 4.2281402102350000e+12,
      "gas_used": 7.9878820000000000e+06,
      "input_size": 0.0000000000000000e+00
    },
    {
      "name": "external/total/micro/loop_with_many_jumpdests/empty",
      "family_index": 16,
      "per_family_instance_index": 0,
      "run_name": "external/total/micro/loop_with_many_jumpdests/empty",
      "run_type": "iteration",
      "repetitions": 20,
      "repetition_index": 8,
      "threads": 1,
      "iterations": 365424,
      "real_time": 1.8980297353206559e+00,
      "cpu_time": 1.8831032362406730e+00,
      "time_unit": "us",
      "code_size": 2.4576000000000000e+04,
      "execution_time_ns": 1.8820799536976224e+03,
      "gas_rate": 4.2418715268880220e+12,
      "gas_used": 7.9878820000000000e+06,
      "input_size": 0.0000000000000000e+00
    },
    {
      "name": "external/total/micro/loop_with_many_jumpdests/empty",
      "family_index": 16,
      "per_family_instance_index": 0,
      "run_name": "external/total/micro/loop_with_many_jumpdests/empty",
      "run_type": "iteration",
      "repetitions": 20,
      "repetition_index": 9,
      "threads": 1,
      "iterations": 365424,
      "real_time": 1.8949847136484606e+00,
      "cpu_time": 1.8800555163316717e+00,
      "time_unit": "us",
      "code_size": 2.4576000000000000e+04,
      "execution_time_ns": 1.8792995698147904e+03,
      "gas_rate": 4.2487479388831040e+12,
      "gas_used": 7.9878820000000000e+06,
      "input_size": 0.0000000000000000e+00
    },
    {
      "name": "external/total/micro/loop_with_many_jumpdests/empty",
      "family_index": 16,
      "per_family_instance_index": 0,
      "run_name": "external/total/micro/loop_with_many_jumpdests/empty",
      "run_type": "iteration",
      "repetitions": 20,
      "repetition_index": 10,
      "threads": 1,
      "iterations": 365424,
      "real_time": 1.9222096359291345e+00,
      "cpu_time": 1.9068387763255472e+00,
      "time_unit": "us",
      "code_size": 2.4576000000000000e+04,
      "execution_time_ns": 1.9057709674241430e+03,
      "gas_rate": 4.1890704653030718e+12,
      "gas_used": 7.9878820000000000e+06,
      "input_size": 0.0000000000000000e+00
    },
    {
      "name": "external/total/micro/loop_with_many_jumpdests/empty",
      "family_index": 16,
      "per_family_instance_index": 0,
      "run_name": "external/total/micro/loop_with_many_jumpdests/empty",
      "run_type": "iteration",
      "repetitions": 20,
      "repetition_index": 11,
      "threads": 1,
      "iterations": 365424,
      "real_time": 1.9473613117926121e+00,
      "cpu_time": 1.9315646755549978e+00,
      "time_unit": "us",
      "code_size": 2.4576000000000000e+04,
      "execution_time_ns": 1.9311127731074041e+03,
      "gas_rate": 4.1354463047968286e+12,
      "gas_used": 7.9878820000000000e+06,
      "input_size": 0.0000000000000000e+00
    },
    {
      "name": "external/total/micro/loop_with_many_jumpdests/empty",
      "family_index": 16,
      "per_family_instance_index": 0,
      "run_name": "external/total/micro/loop_with_many_jumpdests/empty",
      "run_type": "iteration",
      "repetitions": 20,
      "repetition_index": 12,
      "threads": 1,
      "iterations": 365424,
      "real_time": 1.9267364814568300e+00,
      "cpu_time": 1.9114687103200299e+00,
      "time_unit": "us",
      "code_size": 2.4576000000000000e+04,
      "execution_time_ns": 1.9108062333070625e+03,
      "gas_rate": 4.1789237547407295e+12,
      "gas_used": 7.9878820000000000e+06,
      "input_size": 0.0000000000000000e+00
    },
    {
      "name": "external/total/micro/loop_with_many_jumpdests/empty",
      "family_index": 16,
      "per_family_instance_index": 0,
      "run_name": "external/total/micro/loop_with_many_jumpdests/empty",
      "run_type": "iteration",
      "repetitions": 20,
      "repetition_index": 13,
      "threads": 1,
      "iterations": 365424,
      "real_time": 1.8930110447031312e+00,
      "cpu_time": 1.9166707468584934e+00,
      "time_unit": "us",
      "code_size": 2.4576000000000000e+04,
      "execution_time_ns": 3.9461451929813038e+03,
      "gas_rate": 4.1675817367654224e+12,
      "gas_used": 7.9878820000000000e+06,
      "input_size": 0.0000000000000000e+00
    },
    {
      "name": "external/total/micro/loop_with_many_jumpdests/empty",
      "family_index": 16,
      "per_family_instance_index": 0,
      "run_name": "external/total/micro/loop_with_many_jumpdests/empty",
      "run_type": "iteration",
      "repetitions": 20,
      "repetition_index": 14,
      "threads": 1,
      "iterations": 365424,
      "real_time": 1.8680770556936650e+00,
      "cpu_time": 1.9103293927054414e+00,
      "time_unit": "us",
      "code_size": 2.4576000000000000e+04,
      "execution_time_ns": 1.8525098953544375e+03,
      "gas_rate": 4.1814160586658950e+12,
      "gas_used": 7.9878820000000000e+06,
      "input_size": 0.0000000000000000e+00
    },
    {
      "name": "external/total/micro/loop_with_many_jumpdests/empty",
      "family_index": 16,
      "per_family_instance_index": 0,
      "run_name": "external/total/micro/loop_with_many_jumpdests/empty",
      "run_type": "iteration",
      "repetitions": 20,
      "repetition_index": 15,
      "threads": 1,
      "iterations": 365424,
      "real_time": 1.8677955799285506e+00,
      "cpu_time": 1.9098999272078672e+00,
      "time_unit": "us",
      "code_size": 2.4576000000000000e+04,
      "execution_time_ns": 1.8513734839528877e+03,
      "gas_rate": 4.1823563037031445e+12,
      "gas_used": 7.9878820000000000e+06,
      "input_size": 0.0000000000000000e+00
    },
    {
      "name": "external/total/micro/loop_with_many_jumpdests/empty",
      "family_index": 16,
      "per_family_instance_index": 0,
      "run_name": "external/total/micro/loop_with_many_jumpdests/empty",
      "run_type": "iteration",
      "repetitions": 20,
      "repetition_index": 16,
      "threads": 1,
      "iterations": 365424,
      "real_time": 1.9089865115596860e+00,
      "cpu_time": 1.9519785700994090e+00,
      "time_unit": "us",
      "code_size": 2.4576000000000000e+04,
      "execution_time_ns": 1.8928014087744648e+03,
      "gas_rate": 4.0921975898501787e+12,
      "gas_used": 7.9878820000000000e+06,
      "input_size": 0.0000000000000000e+00
    },
    {
      "name": "external/total/micro/loop_with_many_jumpdests/empty",
      "family_index": 16,
      "per_family_instance_index": 0,
      "run_name": "external/total/micro/loop_with_many_jumpdests/empty",
      "run_type": "iteration",
      "repetitions": 20,
      "repetition_index": 17,
      "threads": 1,
      "iterations": 365424,
      "real_time": 1.8384789313229599e+00,
      "cpu_time": 1.8800605953631844e+00,
      "time_unit": "us",
      "code_size": 2.4576000000000000e+04,
      "execution_time_ns": 1.8226256348789352e+03,
      "gas_rate": 4.2487364607824917e+12,
      "gas_used": 7.9878820000000000e+06,
      "input_size": 0.0000000000000000e+00
    },
    {
      "name": "external/total/micro/loop_with_many_jumpdests/empty",
      "family_index": 16,
      "per_family_instance_index": 0,
      "run_name": "external/total/micro/loop_with_many_jumpdests/empty",
      "run_type": "iteration",
      "repetitions": 20,
      "repetition_index": 18,
      "threads": 1,
      "iterations": 365424,
      "real_time": 1.8485667443856746e+00,
      "cpu_time": 1.8901948832042332e+00,
      "time_unit": "us",
      "code_size": 2.4576000000000000e+04,
      "execution_time_ns": 1.8310486558080477e+03,
      "gas_rate": 4.2259568423225488e+12,
      "gas_used": 7.9878820000000000e+06,
      "input_size": 0.0000000000000000e+00
    },
    {
      "name": "external/total/micro/loop_with_many_jumpdests/empty",
      "family_index": 16,
      "per_family_instance_index": 0,
      "run_name": "external/total/micro/loop_with_many_jumpdests/empty",
      "run_type": "iteration",
      "repetitions": 20,
      "repetition_index": 19,
      "threads": 1,
      "iterations": 365424,
      "real_time": 1.8213840825997378e+00,
      "cpu_time": 1.8837838729804364e+00,
      "time_unit": "us",
      "code_size": 2.4576000000000000e+04,
      "execution_time_ns": 1.8060395896273917e+03,
      "gas_rate": 4.2403388810001538e+12,
      "gas_used": 7.9878820000000000e+06,
      "input_size": 0.0000000000000000e+00
    },
    {
      "name": "external/total/micro/loop_with_many_jumpdests/empty_mean",
      "family_index": 16,
      "per_family_instance_index": 0,
      "run_name": "external/total/micro/loop_with_many_jumpdests/empty",
      "run_type": "aggregate",
      "repetitions": 20,
      "threads": 1,
      "aggregate_name": "mean",
      "aggregate_unit": "time",
      "iterations": 20,
      "real_time": 1.8823811618831978e+00,
      "cpu_time": 1.9033333695925794e+00,
      "time_unit": "us",
      "code_size": 2.4576000000000000e+04,
      "execution_time_ns": 1.9698083631616967e+03,
      "gas_rate": 4.1972142863064219e+12,
      "gas_used": 7.9878820000000000e+06,
      "input_size": 0.0000000000000000e+00
    },
    {
      "name": "external/total/micro/loop_with_many_jumpdests/empty_median",
      "family_index": 16,
      "per_family_instance_index": 0,
      "run_name": "external/total/micro/loop_with_many_jumpdests/empty",
      "run_type": "aggregate",
      "repetitions": 20,
      "threads": 1,
      "aggregate_name": "median",
      "aggregate_unit": "time",
      "iterations": 20,
      "real_time": 1.8770343956607607e+00,
      "cpu_time": 1.9039242646897645e+00,
      "time_unit": "us",
      "code_size": 2.4576000000000000e+04,
      "execution_time_ns": 1.8610883576338720e+03,
      "gas_rate": 4.1954928913819629e+12,
      "gas_used": 7.9878820000000000e+06,
      "input_size": 0.0000000000000000e+00
    },
    {
      "name": "external/total/micro/loop_with_many_jumpdests/empty_stddev",
      "family_index": 16,
      "per_family_instance_index": 0,
      "run_name": "external/total/micro/loop_with_many_jumpdests/empty",
      "run_type": "aggregate",
      "repetitions": 20,
      "threads": 1,
      "aggregate_name": "stddev",
      "aggregate_unit": "time",
      "iterations": 20,
      "real_time": 3.4528296622318530e-02,
      "cpu_time": 1.9800202106368427e-02,
      "time_unit": "us",
      "code_size": 0.0000000000000000e+00,
      "execution_time_ns": 4.6645430280092341e+02,
      "gas_rate": 4.3384402835996170e+10,
      "gas_used": 0.0000000000000000e+00,
      "input_size": 0.0000000000000000e+00
    },
    {
      "name": "external/total/micro/loop_with_many_jumpdests/empty_cv",
      "family_index": 16,
      "per_family_instance_index": 0,
      "run_name": "external/total/micro/loop_with_many_jumpdests/empty",
      "run_type": "aggregate",
      "repetitions": 20,
      "threads": 1,
      "aggregate_name": "cv",
      "aggregate_unit": "percentage",
      "iterations": 20,
      "real_time": 1.8342882579517130e-02,
      "cpu_time": 1.0402908088879243e-02,
      "time_unit": "us",
      "code_size": 0.0000000000000000e+00,
      "execution_time_ns": 2.3680186942258064e-01,
      "gas_rate": 1.0336475547016864e-02,
      "gas_used": 0.0000000000000000e+00,
      "input_size": 0.0000000000000000e+00
    },
    {
      "name": "external/total/micro/memory_grow_mload/nogrow",
      "family_index": 17,
      "per_family_instance_index": 0,
      "run_name": "external/total/micro/memory_grow_mload/nogrow",
      "run_type": "iteration",
      "repetitions": 20,
      "repetition_index": 0,
      "threads": 1,
      "iterations": 134436,
      "real_time": 5.1170755378058930e+00,
      "cpu_time": 5.3069608810141231e+00,
      "time_unit": "us",
      "code_size": 2.0485000000000000e+04,
      "execution_time_ns": 5.0978748623880510e+03,
      "gas_rate": 1.0807692252866138e+10,
      "gas_used": 5.7356000000000000e+04,
      "input_size": 3.2000000000000000e+01
    },
    {
      "name": "external/total/micro/memory_grow_mload/nogrow",
      "family_index": 17,
      "per_family_instance_index": 0,
      "run_name": "external/total/micro/memory_grow_mload/nogrow",
      "run_type": "iteration",
      "repetitions": 20,
      "repetition_index": 1,
      "threads": 1,
      "iterations": 134436,
      "real_time": 5.2589517614382650e+00,
      "cpu_time": 5.4529110357345374e+00,
      "time_unit": "us",
      "code_size": 2.0485000000000000e+04,
      "execution_time_ns": 5.2418944702311883e+03,
      "gas_rate": 1.0518418441843117e+10,
      "gas_used": 5.7356000000000000e+04,
      "input_size": 3.2000000000000000e+01
    },
    {
      "name": "external/total/micro/memory_grow_mload/nogrow",
      "family_index": 17,
      "per_family_instance_index": 0,
      "run_name": "external/total/micro/memory_grow_mload/nogrow",
      "run_type": "iteration",
      "repetitions": 20,
      "repetition_index": 2,
      "threads": 1,
      "iterations": 134436,
      "real_time": 5.1093076333736622e+00,
      "cpu_time": 5.2989794028387553e+00,
      "time_unit": "us",
      "code_size": 2.0485000000000000e+04,
      "execution_time_ns": 5.0936203769823560e+03,
      "gas_rate": 1.0823971115885710e+10,
      "gas_used": 5.7356000000000000e+04,
      "input_size": 3.2000000000000000e+01
    },
    {
      "name": "external/total/micro/memory_grow_mload/nogrow",
      "family_index": 17,
      "per_family_instance_index": 0,
      "run_name": "external/total/micro/memory_grow_mload/nogrow",
      "run_type": "iteration",
      "repetitions": 20,
      "repetition_index": 3,
      "threads": 1,
      "iterations": 134436,
      "real_time": 5.1745951307710474e+00,
      "cpu_time": 5.3658977059717730e+00,
      "time_unit": "us",
      "code_size": 2.0485000000000000e+04,
      "execution_time_ns": 5.1579168303133092e+03,
      "gas_rate": 1.0688984983103165e+10,
      "gas_used": 5.7356000000000000e+04,
      "input_size": 3.2000000000000000e+01
    },
    {
      "name": "external/total/micro/memory_grow_mload/nogrow",
      "family_index": 17,
      "per_family_instance_index": 0,
      "run_name": "external/total/micro/memory_grow_mload/nogrow",
      "run_type": "iteration",
      "repetitions": 20,
      "repetition_index": 4,
      "threads": 1,
      "iterations": 134436,
      "real_time": 5.2653784923652278e+00,
      "cpu_time": 5.4604088636969976e+00,
      "time_unit": "us",
      "code_size": 2.0485000000000000e+04,
      "execution_time_ns": 5.2472408134725820e+03,
      "gas_rate": 1.0503975330735001e+10,
      "gas_used": 5.7356000000000000e+04,
      "input_size": 3.2000000000000000e+01
    },
    {
      "name": "external/total/micro/memory_grow_mload/nogrow",
      "family_index": 17,
      "per_family_instance_index": 0,
      "run_name": "external/total/micro/memory_grow_mload/nogrow",
      "run_type": "iteration",
      "repetitions": 20,
      "repetition_index": 5,
      "threads": 1,
      "iterations": 134436,
      "real_time": 5.1811707206434336e+00,
      "cpu_time": 5.3733841381775767e+00,
      "time_unit": "us",
      "code_size": 2.0485000000000000e+04,
      "execution_time_ns": 5.1653122973013178e+03,
      "gas_rate": 1.0674092624885872e+10,
      "gas_used": 5.7356000000000000e+04,
      "input_size": 3.2000000000000000e+01
    },
    {
      "name": "external/total/micro/memory_grow_mload/nogrow",
      "family_index": 17,
      "per_family_instance_index": 0,
      "run_name": "external/total/micro/memory_grow_mload/nogrow",
      "run_type": "iteration",
      "repetitions": 20,
      "repetition_index": 6,
      "threads": 1,
      "iterations": 134436,
      "real_time": 5.0872563450275399e+00,
      "cpu_time": 5.2755797777381641e+00,
      "time_unit": "us",
      "code_size": 2.0485000000000000e+04,
      "execution_time_ns": 5.0706064075098930e+03,
      "gas_rate": 1.0871980410955065e+10,
      "gas_used": 5.7356000000000000e+04,
      "input_size": 3.2000000000000000e+01
    },
    {
      "name": "external/total/micro/memory_grow_mload/nogrow",
      "family_index": 17,
      "per_family_instance_index": 0,
      "run_name": "external/total/micro/memory_grow_mload/nogrow",
      "run_type": "iteration",
      "repetitions": 20,
      "repetition_index": 7,
      "threads": 1,
      "iterations": 134436,
      "real_time": 5.1445288166811523e+00,
      "cpu_time": 5.3354265970425958e+00,
      "time_unit": "us",
      "code_size": 2.0485000000000000e+04,
      "execution_time_ns": 5.1279449329048766e+03,
      "gas_rate": 1.0750030753265762e+10,
      "gas_used": 5.7356000000000000e+04,
      "input_size": 3.2000000000000000e+01
    },
    {
      "name": "external/total/micro/memory_grow_mload/nogrow",
      "family_index": 17,
      "per_family_instance_index": 0,
      "run_name": "external/total/micro/memory_grow_mload/nogrow",
      "run_type": "iteration",
      "repetitions": 20,
      "repetition_index": 8,
      "threads": 1,
      "iterations": 134436,
      "real_time": 5.1604206388157534e+00,
      "cpu_time": 5.3519179088934576e+00,
      "time_unit": "us",
      "code_size": 2.0485000000000000e+04,
      "execution_time_ns": 5.1437378529560538e+03,
      "gas_rate": 1.0716905785249367e+10,
      "gas_used": 5.7356000000000000e+04,
      "input_size": 3.2000000000000000e+01
    },
    {
      "name": "external/total/micro/memory_grow_mload/nogrow",
      "family_index": 17,
      "per_family_instance_index": 0,
      "run_name": "external/total/micro/memory_grow_mload/nogrow",
      "run_type": "iteration",
      "repetitions": 20,
      "repetition_index": 9,
      "threads": 1,
      "iterations": 134436,
      "real_time": 5.1154517688733421e+00,
      "cpu_time": 5.2877218230234382e+00,
      "time_unit": "us",
      "code_size": 2.0485000000000000e+04,
      "execution_time_ns": 5.0994459966080512e+03,
      "gas_rate": 1.0847015391442192e+10,
      "gas_used": 5.7356000000000000e+04,
      "input_size": 3.2000000000000000e+01
    },
    {
      "name": "external/total/micro/memory_grow_mload/nogrow",
      "family_index": 17,
      "per_family_instance_index": 0,
      "run_name": "external/total/micro/memory_grow_mload/nogrow",
      "run_type": "iteration",
      "repetitions": 20,
      "repetition_index": 10,
      "threads": 1,
      "iterations": 134436,
      "real_time": 5.0753645824017584e+00,
      "cpu_time": 5.2279751257104961e+00,
      "time_unit": "us",
      "code_size": 2.0485000000000000e+04,
      "execution_time_ns": 5.0584703650807824e+03,
      "gas_rate": 1.0970977983030317e+10,
      "gas_used": 5.7356000000000000e+04,
      "input_size": 3.2000000000000000e+01
    },
    {
      "name": "external/total/micro/memory_grow_mload/nogrow",
      "family_index": 17,
      "per_family_instance_index": 0,
      "run_name": "external/total/micro/memory_grow_mload/nogrow",
      "run_type": "iteration",
      "repetitions": 20,
      "repetition_index": 11,
      "threads": 1,
      "iterations": 134436,
      "real_time": 5.0585284001337545e+00,
      "cpu_time": 5.2207026614896410e+00,
      "time_unit": "us",
      "code_size": 2.0485000000000000e+04,
      "execution_time_ns": 5.0421643086673212e+03,
      "gas_rate": 1.0986260608765337e+10,
      "gas_used": 5.7356000000000000e+04,
      "input_size": 3.2000000000000000e+01
    },
    {
      "name": "external/total/micro/memory_grow_mload/nogrow",
      "family_index": 17,
      "per_family_instance_index": 0,
      "run_name": "external/total/micro/memory_grow_mload/nogrow",
      "run_type": "iteration",
      "repetitions": 20,
      "repetition_index": 12,
      "threads": 1,
      "iterations": 134436,
      "real_time": 5.0939199321655639e+00,
      "cpu_time": 5.2565708366806669e+00,
      "time_unit": "us",
      "code_size": 2.0485000000000000e+04,
      "execution_time_ns": 5.0779810393049484e+03,
      "gas_rate": 1.0911295934559919e+10,
      "gas_used": 5.7356000000000000e+04,
      "input_size": 3.2000000000000000e+01
    },
    {
      "name": "external/total/micro/memory_grow_mload/nogrow",
      "family_index": 17,
      "per_family_instance_index": 0,
      "run_name": "external/total/micro/memory_grow_mload/nogrow",
      "run_type": "iteration",
      "repetitions": 20,
      "repetition_index": 13,
      "threads": 1,
      "iterations": 134436,
      "real_time": 5.0968840042863084e+00,
      "cpu_time": 5.2603711654615308e+00,
      "time_unit": "us",
      "code_size": 2.0485000000000000e+04,
      "execution_time_ns": 5.0810329747984169e+03,
      "gas_rate": 1.0903413123504896e+10,
      "gas_used": 5.7356000000000000e+04,
      "input_size": 3.2000000000000000e+01
    },
    {
      "name": "external/total/micro/memory_grow_mload/nogrow",
      "family_index": 17,
      "per_family_instance_index": 0,
      "run_name": "external/total/micro/memory_grow_mload/nogrow",
      "run_type": "iteration",
      "repetitions": 20,
      "repetition_index": 14,
      "threads": 1,
      "iterations": 134436,
      "real_time": 5.1145197789327348e+00,
      "cpu_time": 5.2785027819927848e+00,
      "time_unit": "us",
      "code_size": 2.0485000000000000e+04,
      "execution_time_ns": 5.0982462138117762e+03,
      "gas_rate": 1.0865959983134932e+10,
      "gas_used": 5.7356000000000000e+04,
      "input_size": 3.2000000000000000e+01
    },
    {
      "name": "external/total/micro/memory_grow_mload/nogrow",
      "family_index": 17,
      "per_family_instance_index": 0,
      "run_name": "external/total/micro/memory_grow_mload/nogrow",
      "run_type": "iteration",
      "repetitions": 20,
      "repetition_index": 15,
      "threads": 1,
      "iterations": 134436,
      "real_time": 5.1253110476383466e+00,
      "cpu_time": 5.2891783674015462e+00,
      "time_unit": "us",
      "code_size": 2.0485000000000000e+04,
      "execution_time_ns": 5.1091297643488351e+03,
      "gas_rate": 1.0844028318934856e+10,
      "gas_used": 5.7356000000000000e+04,
      "input_size": 3.2000000000000000e+01
    },
    {
      "name": "external/total/micro/memory_grow_mload/nogrow",
      "family_index": 17,
      "per_family_instance_index": 0,
      "run_name": "external/total/micro/memory_grow_mload/nogrow",
      "run_type": "iteration",
      "repetitions": 20,
      "repetition_index": 16,
      "threads": 1,
      "iterations": 134436,
      "real_time": 5.1561261715638516e+00,
      "cpu_time": 5.3214346454818493e+00,
      "time_unit": "us",
      "code_size": 2.0485000000000000e+04,
      "execution_time_ns": 5.1367045806182869e+03,
      "gas_rate": 1.0778296422130819e+10,
      "gas_used": 5.7356000000000000e+04,
      "input_size": 3.2000000000000000e+01
    },
    {
      "name": "external/total/micro/memory_grow_mload/nogrow",
      "family_index": 17,
      "per_family_instance_index": 0,
      "run_name": "external/total/micro/memory_grow_mload/nogrow",
      "run_type": "iteration",
      "repetitions": 20,
      "repetition_index": 17,
      "threads": 1,
      "iterations": 134436,
      "real_time": 5.2184803847136809e+00,
      "cpu_time": 5.3855154348537759e+00,
      "time_unit": "us",
      "code_size": 2.0485000000000000e+04,
      "execution_time_ns": 5.2026876803832311e+03,
      "gas_rate": 1.0650048392546719e+10,
      "gas_used": 5.7356000000000000e+04,
      "input_size": 3.2000000000000000e+01
    },
    {
      "name": "external/total/micro/memory_grow_mload/nogrow",
      "family_index": 17,
      "per_family_instance_index": 0,
      "run_name": "external/total/micro/memory_grow_mload/nogrow",
      "run_type": "iteration",
      "repetitions": 20,
      "repetition_index": 18,
      "threads": 1,
      "iterations": 134436,
      "real_time": 5.1919125085507991e+00,
      "cpu_time": 5.3580821134222889e+00,
      "time_unit": "us",
      "code_size": 2.0485000000000000e+04,
      "execution_time_ns": 5.1767392290755452e+03,
      "gas_rate": 1.0704576523065983e+10,
      "gas_used": 5.7356000000000000e+04,
      "input_size": 3.2000000000000000e+01
    },
    {
      "name": "external/total/micro/memory_grow_mload/nogrow",
      "family_index": 17,
      "per_family_instance_index": 0,
      "run_name": "external/total/micro/memory_grow_mload/nogrow",
      "run_type": "iteration",
      "repetitions": 20,
      "repetition_index": 19,
      "threads": 1,
      "iterations": 134436,
      "real_time": 5.1720560415361767e+00,
      "cpu_time": 5.3378053497571587e+00,
      "time_unit": "us",
      "code_size": 2.0485000000000000e+04,
      "execution_time_ns": 5.1555580573655870e+03,
      "gas_rate": 1.0745240083100704e+10,
      "gas_used": 5.7356000000000000e+04,
      "input_size": 3.2000000000000000e+01
    },
    {
      "name": "external/total/micro/memory_grow_mload/nogrow_mean",
      "family_index": 17,
      "per_family_instance_index": 0,
      "run_name": "external/total/micro/memory_grow_mload/nogrow",
      "run_type": "aggregate",
      "repetitions": 20,
      "threads": 1,
      "aggregate_name": "mean",
      "aggregate_unit": "time",
      "iterations": 20,
      "real_time": 5.1458619848859142e+00,
      "cpu_time": 5.3222663308191587e+00,
      "time_unit": "us",
      "code_size": 2.0485000000000000e+04,
      "execution_time_ns": 5.1292154527061202e+03,
      "gas_rate": 1.0778158223150291e+10,
      "gas_used": 5.7356000000000000e+04,
      "input_size": 3.2000000000000000e+01
    },
    {
      "name": "external/total/micro/memory_grow_mload/nogrow_median",
      "family_index": 17,
      "per_family_instance_index": 0,
      "run_name": "external/total/micro/memory_grow_mload/nogrow",
      "run_type": "aggregate",
      "repetitions": 20,
      "threads": 1,
      "aggregate_name": "median",
      "aggregate_unit": "time",
      "iterations": 20,
      "real_time": 5.1349199321597485e+00,
      "cpu_time": 5.3141977632479858e+00,
      "time_unit": "us",
      "code_size": 2.0485000000000000e+04,
      "execution_time_ns": 5.1185373486268563e+03,
      "gas_rate": 1.0792994337498478e+10,
      "gas_used": 5.7356000000000000e+04,
      "input_size": 3.2000000000000000e+01
    },
    {
      "name": "external/total/micro/memory_grow_mload/nogrow_stddev",
      "family_index": 17,
      "per_family_instance_index": 0,
      "run_name": "external/total/micro/memory_grow_mload/nogrow",
      "run_type": "aggregate",
      "repetitions": 20,
      "threads": 1,
      "aggregate_name": "stddev",
      "aggregate_unit": "time",
      "iterations": 20,
      "real_time": 5.7659575242158555e-02,
      "cpu_time": 6.5597810743040177e-02,
      "time_unit": "us",
      "code_size": 0.0000000000000000e+00,
      "execution_time_ns": 5.7507348056884545e+01,
      "gas_rate": 1.3205642257987222e+08,
      "gas_used": 0.0000000000000000e+00,
      "input_size": 0.0000000000000000e+00
    },
    {
      "name": "external/total/micro/memory_grow_mload/nogrow_cv",
      "family_index": 17,
      "per_family_instance_index": 0,
      "run_name": "external/total/micro/memory_grow_mload/nogrow",
      "run_type": "aggregate",
      "repetitions": 20,
      "threads": 1,
      "aggregate_name": "cv",
      "aggregate_unit": "percentage",
      "iterations": 20,
      "real_time": 1.1205037253527677e-02,
      "cpu_time": 1.2325165007844301e-02,
      "time_unit": "us",
      "code_size": 0.0000000000000000e+00,
      "execution_time_ns": 1.1211724012596170e-02,
      "gas_rate": 1.2252225273166767e-02,
      "gas_used": 0.0000000000000000e+00,
      "input_size": 0.0000000000000000e+00
    },
    {
      "name": "external/total/micro/memory_grow_mload/by1",
      "family_index": 18,
      "per_family_instance_index": 0,
      "run_name": "external/total/micro/memory_grow_mload/by1",
      "run_type": "iteration",
      "repetitions": 20,
      "repetition_index": 0,
      "threads": 1,
      "iterations": 130295,
      "real_time": 5.2352657738161961e+00,
      "cpu_time": 5.4026963429141954e+00,
      "time_unit": "us",
      "code_size": 2.0485000000000000e+04,
      "execution_time_ns": 5.2187194136382823e+03,
      "gas_rate": 1.0693179170761610e+10,
      "gas_used": 5.7772000000000000e+04,
      "input_size": 3.2000000000000000e+01
    },
    {
      "name": "external/total/micro/memory_grow_mload/by1",
      "family_index": 18,
      "per_family_instance_index": 0,
      "run_name": "external/total/micro/memory_grow_mload/by1",
      "run_type": "iteration",
      "repetitions": 20,
      "repetition_index": 1,
      "threads": 1,
      "iterations": 130295,
      "real_time": 5.2311099044415448e+00,
      "cpu_time": 5.3804371311255279e+00,
      "time_unit": "us",
      "code_size": 2.0485000000000000e+04,
      "execution_time_ns": 5.2148543996316048e+03,
      "gas_rate": 1.0737417535425182e+10,
      "gas_used": 5.7772000000000000e+04,
      "input_size": 3.2000000000000000e+01
    },
    {
      "name": "external/total/micro/memory_grow_mload/by1",
      "family_index": 18,
      "per_family_instance_index": 0,
      "run_name": "external/total/micro/memory_grow_mload/by1",
      "run_type": "iteration",
      "repetitions": 20,
      "repetition_index": 2,
      "threads": 1,
      "iterations": 130295,
      "real_time": 5.2906889903671050e+00,
      "cpu_time": 5.3856880463565089e+00,
      "time_unit": "us",
      "code_size": 2.0485000000000000e+04,
      "execution_time_ns": 5.2744848996507926e+03,
      "gas_rate": 1.0726948813733009e+10,
      "gas_used": 5.7772000000000000e+04,
      "input_size": 3.2000000000000000e+01
    },
    {
      "name": "external/total/micro/memory_grow_mload/by1",
      "family_index": 18,
      "per_family_instance_index": 0,
      "run_name": "external/total/micro/memory_grow_mload/by1",
      "run_type": "iteration",
      "repetitions": 20,
      "repetition_index": 3,
      "threads": 1,
      "iterations": 130295,
      "real_time": 5.1611810430228626e+00,
      "cpu_time": 5.2533887716334862e+00,
      "time_unit": "us",
      "code_size": 2.0485000000000000e+04,
      "execution_time_ns": 5.1441402279442800e+03,
      "gas_rate": 1.0997092069779636e+10,
      "gas_used": 5.7772000000000000e+04,
      "input_size": 3.2000000000000000e+01
    },
    {
      "name": "external/total/micro/memory_grow_mload/by1",
      "family_index": 18,
      "per_family_instance_index": 0,
      "run_name": "external/total/micro/memory_grow_mload/by1",
      "run_type": "iteration",
      "repetitions": 20,
      "repetition_index": 4,
      "threads": 1,
      "iterations": 130295,
      "real_time": 5.2448801258694884e+00,
      "cpu_time": 5.3391926321039724e+00,
      "time_unit": "us",
      "code_size": 2.0485000000000000e+04,
      "execution_time_ns": 5.2289313941440578e+03,
      "gas_rate": 1.0820362549315674e+10,
      "gas_used": 5.7772000000000000e+04,
      "input_size": 3.2000000000000000e+01
    },
    {
      "name": "external/total/micro/memory_grow_mload/by1",
      "family_index": 18,
      "per_family_instance_index": 0,
      "run_name": "external/total/micro/memory_grow_mload/by1",
      "run_type": "iteration",
      "repetitions": 20,
      "repetition_index": 5,
      "threads": 1,
      "iterations": 130295,
      "real_time": 5.2009174718865774e+00,
      "cpu_time": 5.2943615718178574e+00,
      "time_unit": "us",
      "code_size": 2.0485000000000000e+04,
      "execution_time_ns": 5.1831327679496526e+03,
      "gas_rate": 1.0911986122656063e+10,
      "gas_used": 5.7772000000000000e+04,
      "input_size": 3.2000000000000000e+01
    },
    {
      "name": "external/total/micro/memory_grow_mload/by1",
      "family_index": 18,
      "per_family_instance_index": 0,
      "run_name": "external/total/micro/memory_grow_mload/by1",
      "run_type": "iteration",
      "repetitions": 20,
      "repetition_index": 6,
      "threads": 1,
      "iterations": 130295,
      "real_time": 5.1806389116986944e+00,
      "cpu_time": 5.2733254614529779e+00,
      "time_unit": "us",
      "code_size": 2.0485000000000000e+04,
      "execution_time_ns": 5.1633388694884688e+03,
      "gas_rate": 1.0955515721967573e+10,
      "gas_used": 5.7772000000000000e+04,
      "input_size": 3.2000000000000000e+01
    },
    {
      "name": "external/total/micro/memory_grow_mload/by1",
      "family_index": 18,
      "per_family_instance_index": 0,
      "run_name": "external/total/micro/memory_grow_mload/by1",
      "run_type": "iteration",
      "repetitions": 20,
      "repetition_index": 7,
      "threads": 1,
      "iterations": 130295,
      "real_time": 5.2596136152530768e+00,
      "cpu_time": 5.3540833032733932e+00,
      "time_unit": "us",
      "code_size": 2.0485000000000000e+04,
      "execution_time_ns": 5.2426136843317090e+03,
      "gas_rate": 1.0790269169827675e+10,
      "gas_used": 5.7772000000000000e+04,
      "input_size": 3.2000000000000000e+01
    },
    {
      "name": "external/total/micro/memory_grow_mload/by1",
      "family_index": 18,
      "per_family_instance_index": 0,
      "run_name": "external/total/micro/memory_grow_mload/by1",
      "run_type": "iteration",
      "repetitions": 20,
      "repetition_index": 8,
      "threads": 1,
      "iterations": 130295,
      "real_time": 5.1685093902262533e+00,
      "cpu_time": 5.2613814190873294e+00,
      "time_unit": "us",
      "code_size": 2.0485000000000000e+04,
      "execution_time_ns": 5.1501178709850719e+03,
      "gas_rate": 1.0980386213858921e+10,
      "gas_used": 5.7772000000000000e+04,
      "input_size": 3.2000000000000000e+01
    },
    {
      "name": "external/total/micro/memory_grow_mload/by1",
      "family_index": 18,
      "per_family_instance_index": 0,
      "run_name": "external/total/micro/memory_grow_mload/by1",
      "run_type": "iteration",
      "repetitions": 20,
      "repetition_index": 9,
      "threads": 1,
      "iterations": 130295,
      "real_time": 5.2171819102778354e+00,
      "cpu_time": 5.3104422349281242e+00,
      "time_unit": "us",
      "code_size": 2.0485000000000000e+04,
      "execution_time_ns": 5.2000232779461994e+03,
      "gas_rate": 1.0878943305327553e+10,
      "gas_used": 5.7772000000000000e+04,
      "input_size": 3.2000000000000000e+01
    },
    {
      "name": "external/total/micro/memory_grow_mload/by1",
      "family_index": 18,
      "per_family_instance_index": 0,
      "run_name": "external/total/micro/memory_grow_mload/by1",
      "run_type": "iteration",
      "repetitions": 20,
      "repetition_index": 10,
      "threads": 1,
      "iterations": 130295,
      "real_time": 5.3060026862120022e+00,
      "cpu_time": 5.4014173913042249e+00,
      "time_unit": "us",
      "code_size": 2.0485000000000000e+04,
      "execution_time_ns": 5.2899597989178401e+03,
      "gas_rate": 1.0695711109644573e+10,
      "gas_used": 5.7772000000000000e+04,
      "input_size": 3.2000000000000000e+01
    },
    {
      "name": "external/total/micro/memory_grow_mload/by1",
      "family_index": 18,
      "per_family_instance_index": 0,
      "run_name": "external/total/micro/memory_grow_mload/by1",
      "run_type": "iteration",
      "repetitions": 20,
      "repetition_index": 11,
      "threads": 1,
      "iterations": 130295,
      "real_time": 5.3378636632278740e+00,
      "cpu_time": 5.4335492689665257e+00,
      "time_unit": "us",
      "code_size": 2.0485000000000000e+04,
      "execution_time_ns": 5.3217338424344753e+03,
      "gas_rate": 1.0632460872299843e+10,
      "gas_used": 5.7772000000000000e+04,
      "input_size": 3.2000000000000000e+01
    },
    {
      "name": "external/total/micro/memory_grow_mload/by1",
      "family_index": 18,
      "per_family_instance_index": 0,
      "run_name": "external/total/micro/memory_grow_mload/by1",
      "run_type": "iteration",
      "repetitions": 20,
      "repetition_index": 12,
      "threads": 1,
      "iterations": 130295,
      "real_time": 5.2736456656064208e+00,
      "cpu_time": 5.3678960973175869e+00,
      "time_unit": "us",
      "code_size": 2.0485000000000000e+04,
      "execution_time_ns": 5.2574917379792014e+03,
      "gas_rate": 1.0762503400330248e+10,
      "gas_used": 5.7772000000000000e+04,
      "input_size": 3.2000000000000000e+01
    },
    {
      "name": "external/total/micro/memory_grow_mload/by1",
      "family_index": 18,
      "per_family_instance_index": 0,
      "run_name": "external/total/micro/memory_grow_mload/by1",
      "run_type": "iteration",
      "repetitions": 20,
      "repetition_index": 13,
      "threads": 1,
      "iterations": 130295,
      "real_time": 5.3628730956674246e+00,
      "cpu_time": 5.3982433477875453e+00,
      "time_unit": "us",
      "code_size": 2.0485000000000000e+04,
      "execution_time_ns": 5.3446090179976209e+03,
      "gas_rate": 1.0701999942940269e+10,
      "gas_used": 5.7772000000000000e+04,
      "input_size": 3.2000000000000000e+01
    },
    {
      "name": "external/total/micro/memory_grow_mload/by1",
      "family_index": 18,
      "per_family_instance_index": 0,
      "run_name": "external/total/micro/memory_grow_mload/by1",
      "run_type": "iteration",
      "repetitions": 20,
      "repetition_index": 14,
      "threads": 1,
      "iterations": 130295,
      "real_time": 5.3935737672219863e+00,
      "cpu_time": 5.3738739092059555e+00,
      "time_unit": "us",
      "code_size": 2.0485000000000000e+04,
      "execution_time_ns": 5.3767327756245440e+03,
      "gas_rate": 1.0750531362678808e+10,
      "gas_used": 5.7772000000000000e+04,
      "input_size": 3.2000000000000000e+01
    },
    {
      "name": "external/total/micro/memory_grow_mload/by1",
      "family_index": 18,
      "per_family_instance_index": 0,
      "run_name": "external/total/micro/memory_grow_mload/by1",
      "run_type": "iteration",
      "repetitions": 20,
      "repetition_index": 15,
      "threads": 1,
      "iterations": 130295,
      "real_time": 5.3411006255048683e+00,
      "cpu_time": 5.3218867416247440e+00,
      "time_unit": "us",
      "code_size": 2.0485000000000000e+04,
      "execution_time_ns": 5.3246578303081469e+03,
      "gas_rate": 1.0855548568544416e+10,
      "gas_used": 5.7772000000000000e+04,
      "input_size": 3.2000000000000000e+01
    },
    {
      "name": "external/total/micro/memory_grow_mload/by1",
      "family_index": 18,
      "per_family_instance_index": 0,
      "run_name": "external/total/micro/memory_grow_mload/by1",
      "run_type": "iteration",
      "repetitions": 20,
      "repetition_index": 16,
      "threads": 1,
      "iterations": 130295,
      "real_time": 5.2883452012726853e+00,
      "cpu_time": 5.2697014313673467e+00,
      "time_unit": "us",
      "code_size": 2.0485000000000000e+04,
      "execution_time_ns": 5.2721674200851912e+03,
      "gas_rate": 1.0963049947406549e+10,
      "gas_used": 5.7772000000000000e+04,
      "input_size": 3.2000000000000000e+01
    },
    {
      "name": "external/total/micro/memory_grow_mload/by1",
      "family_index": 18,
      "per_family_instance_index": 0,
      "run_name": "external/total/micro/memory_grow_mload/by1",
      "run_type": "iteration",
      "repetitions": 20,
      "repetition_index": 17,
      "threads": 1,
      "iterations": 130295,
      "real_time": 5.2880432173133354e+00,
      "cpu_time": 5.2690760658507525e+00,
      "time_unit": "us",
      "code_size": 2.0485000000000000e+04,
      "execution_time_ns": 5.2711888714071911e+03,
      "gas_rate": 1.0964351107858234e+10,
      "gas_used": 5.7772000000000000e+04,
      "input_size": 3.2000000000000000e+01
    },
    {
      "name": "external/total/micro/memory_grow_mload/by1",
      "family_index": 18,
      "per_family_instance_index": 0,
      "run_name": "external/total/micro/memory_grow_mload/by1",
      "run_type": "iteration",
      "repetitions": 20,
      "repetition_index": 18,
      "threads": 1,
      "iterations": 130295,
      "real_time": 5.2832535093436874e+00,
      "cpu_time": 5.2641810353429515e+00,
      "time_unit": "us",
      "code_size": 2.0485000000000000e+04,
      "execution_time_ns": 5.2664643309413259e+03,
      "gas_rate": 1.0974546584193653e+10,
      "gas_used": 5.7772000000000000e+04,
      "input_size": 3.2000000000000000e+01
    },
    {
      "name": "external/total/micro/memory_grow_mload/by1",
      "family_index": 18,
      "per_family_instance_index": 0,
      "run_name": "external/total/micro/memory_grow_mload/by1",
      "run_type": "iteration",
      "repetitions": 20,
      "repetition_index": 19,
      "threads": 1,
      "iterations": 130295,
      "real_time": 5.3603027668028842e+00,
      "cpu_time": 5.3414011282092284e+00,
      "time_unit": "us",
      "code_size": 2.0485000000000000e+04,
      "execution_time_ns": 1.1198424145208948e+04,
      "gas_rate": 1.0815888680386150e+10,
      "gas_used": 5.7772000000000000e+04,
      "input_size": 3.2000000000000000e+01
    },
    {
      "name": "external/total/micro/memory_grow_mload/by1_mean",
      "family_index": 18,
      "per_family_instance_index": 0,
      "run_name": "external/total/micro/memory_grow_mload/by1",
      "run_type": "aggregate",
      "repetitions": 20,
      "threads": 1,
      "aggregate_name": "mean",
      "aggregate_unit": "time",
      "iterations": 20,
      "real_time": 5.2712495667516404e+00,
      "cpu_time": 5.3348111665835116e+00,
      "time_unit": "us",
      "code_size": 2.0485000000000000e+04,
      "execution_time_ns": 5.5471893288307310e+03,
      "gas_rate": 1.0830434612446785e+10,
      "gas_used": 5.7772000000000000e+04,
      "input_size": 3.2000000000000000e+01
    },
    {
      "name": "external/total/micro/memory_grow_mload/by1_median",
      "family_index": 18,
      "per_family_instance_index": 0,
      "run_name": "external/total/micro/memory_grow_mload/by1",
      "run_type": "aggregate",
      "repetitions": 20,
      "threads": 1,
      "aggregate_name": "median",
      "aggregate_unit": "time",
      "iterations": 20,
      "real_time": 5.2784495874750545e+00,
      "cpu_time": 5.3402968801566004e+00,
      "time_unit": "us",
      "code_size": 2.0485000000000000e+04,
      "execution_time_ns": 5.2619780344602641e+03,
      "gas_rate": 1.0818125614850912e+10,
      "gas_used": 5.7772000000000000e+04,
      "input_size": 3.2000000000000000e+01
    },
    {
      "name": "external/total/micro/memory_grow_mload/by1_stddev",
      "family_index": 18,
      "per_family_instance_index": 0,
      "run_name": "external/total/micro/memory_grow_mload/by1",
      "run_type": "aggregate",
      "repetitions": 20,
      "threads": 1,
      "aggregate_name": "stddev",
      "aggregate_unit": "time",
      "iterations": 20,
      "real_time": 6.7043801033951314e-02,
      "cpu_time": 5.7257706869855263e-02,
      "time_unit": "us",
      "code_size": 0.0000000000000000e+00,
      "execution_time_ns": 1.3316963704730715e+03,
      "gas_rate": 1.1625610271311672e+08,
      "gas_used": 0.0000000000000000e+00,
      "input_size": 0.0000000000000000e+00
    },
    {
      "name": "external/total/micro/memory_grow_mload/by1_cv",
      "family_index": 18,
      "per_family_instance_index": 0,
      "run_name": "external/total/micro/memory_grow_mload/by1",
      "run_type": "aggregate",
      "repetitions": 20,
      "threads": 1,
      "aggregate_name": "cv",
      "aggregate_unit": "percentage",
      "iterations": 20,
      "real_time": 1.2718768137412708e-02,
      "cpu_time": 1.0732846033709548e-02,
      "time_unit": "us",
      "code_size": 0.0000000000000000e+00,
      "execution_time_ns": 2.4006686837814750e-01,
      "gas_rate": 1.0734204754766755e-02,
      "gas_used": 0.0000000000000000e+00,
      "input_size": 0.0000000000000000e+00
    },
    {
      "name": "external/total/micro/memory_grow_mload/by16",
      "family_index": 19,
      "per_family_instance_index": 0,
      "run_name": "external/total/micro/memory_grow_mload/by16",
      "run_type": "iteration",
      "repetitions": 20,
      "repetition_index": 0,
      "threads": 1,
      "iterations": 118140,
      "real_time": 5.6937334010523601e+00,
      "cpu_time": 5.8217726595564985e+00,
      "time_unit": "us",
      "code_size": 2.0485000000000000e+04,
      "execution_time_ns": 5.6744030980192993e+03,
      "gas_rate": 1.2315836463023634e+10,
      "gas_used": 7.1700000000000000e+04,
      "input_size": 3.2000000000000000e+01
    },
    {
      "name": "external/total/micro/memory_grow_mload/by16",
      "family_index": 19,
      "per_family_instance_index": 0,
      "run_name": "external/total/micro/memory_grow_mload/by16",
      "run_type": "iteration",
      "repetitions": 20,
      "repetition_index": 1,
      "threads": 1,
      "iterations": 118140,
      "real_time": 5.7324978500117227e+00,
      "cpu_time": 5.8618212713730138e+00,
      "time_unit": "us",
      "code_size": 2.0485000000000000e+04,
      "execution_time_ns": 5.7135280683934316e+03,
      "gas_rate": 1.2231693304972725e+10,
      "gas_used": 7.1700000000000000e+04,
      "input_size": 3.2000000000000000e+01
    },
    {
      "name": "external/total/micro/memory_grow_mload/by16",
      "family_index": 19,
      "per_family_instance_index": 0,
      "run_name": "external/total/micro/memory_grow_mload/by16",
      "run_type": "iteration",
      "repetitions": 20,
      "repetition_index": 2,
      "threads": 1,
      "iterations": 118140,
      "real_time": 5.8239382173753178e+00,
      "cpu_time": 5.9551087353987588e+00,
      "time_unit": "us",
      "code_size": 2.0485000000000000e+04,
      "execution_time_ns": 5.8051933384120539e+03,
      "gas_rate": 1.2040082420963369e+10,
      "gas_used": 7.1700000000000000e+04,
      "input_size": 3.2000000000000000e+01
    },
    {
      "name": "external/total/micro/memory_grow_mload/by16",
      "family_index": 19,
      "per_family_instance_index": 0,
      "run_name": "external/total/micro/memory_grow_mload/by16",
      "run_type": "iteration",
      "repetitions": 20,
      "repetition_index": 3,
      "threads": 1,
      "iterations": 118140,
      "real_time": 5.8754918317274605e+00,
      "cpu_time": 6.0074452767899045e+00,
      "time_unit": "us",
      "code_size": 2.0485000000000000e+04,
      "execution_time_ns": 5.8552080243778564e+03,
      "gas_rate": 1.1935189867982134e+10,
      "gas_used": 7.1700000000000000e+04,
      "input_size": 3.2000000000000000e+01
    },
    {
      "name": "external/total/micro/memory_grow_mload/by16",
      "family_index": 19,
      "per_family_instance_index": 0,
      "run_name": "external/total/micro/memory_grow_mload/by16",
      "run_type": "iteration",
      "repetitions": 20,
      "repetition_index": 4,
      "threads": 1,
      "iterations": 118140,
      "real_time": 5.7870819282244277e+00,
      "cpu_time": 5.9498218469608499e+00,
      "time_unit": "us",
      "code_size": 2.0485000000000000e+04,
      "execution_time_ns": 5.7677938039614019e+03,
      "gas_rate": 1.2050780988782738e+10,
      "gas_used": 7.1700000000000000e+04,
      "input_size": 3.2000000000000000e+01
    },
    {
      "name": "external/total/micro/memory_grow_mload/by16",
      "family_index": 19,
      "per_family_instance_index": 0,
      "run_name": "external/total/micro/memory_grow_mload/by16",
      "run_type": "iteration",
      "repetitions": 20,
      "repetition_index": 5,
      "threads": 1,
      "iterations": 118140,
      "real_time": 5.7787072625721505e+00,
      "cpu_time": 5.9736527848316392e+00,
      "time_unit": "us",
      "code_size": 2.0485000000000000e+04,
      "execution_time_ns": 5.7588680125275096e+03,
      "gas_rate": 1.2002706314310965e+10,
      "gas_used": 7.1700000000000000e+04,
      "input_size": 3.2000000000000000e+01
    },
    {
      "name": "external/total/micro/memory_grow_mload/by16",
      "family_index": 19,
      "per_family_instance_index": 0,
      "run_name": "external/total/micro/memory_grow_mload/by16",
      "run_type": "iteration",
      "repetitions": 20,
      "repetition_index": 6,
      "threads": 1,
      "iterations": 118140,
      "real_time": 5.7665095564573345e+00,
      "cpu_time": 5.9610741831729284e+00,
      "time_unit": "us",
      "code_size": 2.0485000000000000e+04,
      "execution_time_ns": 5.7478177416624339e+03,
      "gas_rate": 1.2028033504833170e+10,
      "gas_used": 7.1700000000000000e+04,
      "input_size": 3.2000000000000000e+01
    },
    {
      "name": "external/total/micro/memory_grow_mload/by16",
      "family_index": 19,
      "per_family_instance_index": 0,
      "run_name": "external/total/micro/memory_grow_mload/by16",
      "run_type": "iteration",
      "repetitions": 20,
      "repetition_index": 7,
      "threads": 1,
      "iterations": 118140,
      "real_time": 5.8396263924108514e+00,
      "cpu_time": 6.0369265278480260e+00,
      "time_unit": "us",
      "code_size": 2.0485000000000000e+04,
      "execution_time_ns": 5.8205933891992554e+03,
      "gas_rate": 1.1876904525713814e+10,
      "gas_used": 7.1700000000000000e+04,
      "input_size": 3.2000000000000000e+01
    },
    {
      "name": "external/total/micro/memory_grow_mload/by16",
      "family_index": 19,
      "per_family_instance_index": 0,
      "run_name": "external/total/micro/memory_grow_mload/by16",
      "run_type": "iteration",
      "repetitions": 20,
      "repetition_index": 8,
      "threads": 1,
      "iterations": 118140,
      "real_time": 5.7751192144929924e+00,
      "cpu_time": 5.9697492805148444e+00,
      "time_unit": "us",
      "code_size": 2.0485000000000000e+04,
      "execution_time_ns": 5.7552361350939564e+03,
      "gas_rate": 1.2010554653279581e+10,
      "gas_used": 7.1700000000000000e+04,
      "input_size": 3.2000000000000000e+01
    },
    {
      "name": "external/total/micro/memory_grow_mload/by16",
      "family_index": 19,
      "per_family_instance_index": 0,
      "run_name": "external/total/micro/memory_grow_mload/by16",
      "run_type": "iteration",
      "repetitions": 20,
      "repetition_index": 9,
      "threads": 1,
      "iterations": 118140,
      "real_time": 5.6808101828381892e+00,
      "cpu_time": 5.8720815557814685e+00,
      "time_unit": "us",
      "code_size": 2.0485000000000000e+04,
      "execution_time_ns": 5.6615011173184357e+03,
      "gas_rate": 1.2210320874955561e+10,
      "gas_used": 7.1700000000000000e+04,
      "input_size": 3.2000000000000000e+01
    },
    {
      "name": "external/total/micro/memory_grow_mload/by16",
      "family_index": 19,
      "per_family_instance_index": 0,
      "run_name": "external/total/micro/memory_grow_mload/by16",
      "run_type": "iteration",
      "repetitions": 20,
      "repetition_index": 10,
      "threads": 1,
      "iterations": 118140,
      "real_time": 5.6745298205512844e+00,
      "cpu_time": 5.8663229642797345e+00,
      "time_unit": "us",
      "code_size": 2.0485000000000000e+04,
      "execution_time_ns": 5.6545257660402913e+03,
      "gas_rate": 1.2222306960694809e+10,
      "gas_used": 7.1700000000000000e+04,
      "input_size": 3.2000000000000000e+01
    },
    {
      "name": "external/total/micro/memory_grow_mload/by16",
      "family_index": 19,
      "per_family_instance_index": 0,
      "run_name": "external/total/micro/memory_grow_mload/by16",
      "run_type": "iteration",
      "repetitions": 20,
      "repetition_index": 11,
      "threads": 1,
      "iterations": 118140,
      "real_time": 5.6678554765532754e+00,
      "cpu_time": 5.8586740223465750e+00,
      "time_unit": "us",
      "code_size": 2.0485000000000000e+04,
      "execution_time_ns": 5.6490910868461151e+03,
      "gas_rate": 1.2238264106607862e+10,
      "gas_used": 7.1700000000000000e+04,
      "input_size": 3.2000000000000000e+01
    },
    {
      "name": "external/total/micro/memory_grow_mload/by16",
      "family_index": 19,
      "per_family_instance_index": 0,
      "run_name": "external/total/micro/memory_grow_mload/by16",
      "run_type": "iteration",
      "repetitions": 20,
      "repetition_index": 12,
      "threads": 1,
      "iterations": 118140,
      "real_time": 5.6519778229236808e+00,
      "cpu_time": 5.8429203741325724e+00,
      "time_unit": "us",
      "code_size": 2.0485000000000000e+04,
      "execution_time_ns": 5.6335899102759440e+03,
      "gas_rate": 1.2271260843708559e+10,
      "gas_used": 7.1700000000000000e+04,
      "input_size": 3.2000000000000000e+01
    },
    {
      "name": "external/total/micro/memory_grow_mload/by16",
      "family_index": 19,
      "per_family_instance_index": 0,
      "run_name": "external/total/micro/memory_grow_mload/by16",
      "run_type": "iteration",
      "repetitions": 20,
      "repetition_index": 13,
      "threads": 1,
      "iterations": 118140,
      "real_time": 5.6715237684169191e+00,
      "cpu_time": 5.8632166835957209e+00,
      "time_unit": "us",
      "code_size": 2.0485000000000000e+04,
      "execution_time_ns": 5.6528811071609953e+03,
      "gas_rate": 1.2228782231535866e+10,
      "gas_used": 7.1700000000000000e+04,
      "input_size": 3.2000000000000000e+01
    },
    {
      "name": "external/total/micro/memory_grow_mload/by16",
      "family_index": 19,
      "per_family_instance_index": 0,
      "run_name": "external/total/micro/memory_grow_mload/by16",
      "run_type": "iteration",
      "repetitions": 20,
      "repetition_index": 14,
      "threads": 1,
      "iterations": 118140,
      "real_time": 5.7044622735702433e+00,
      "cpu_time": 5.8966900880308604e+00,
      "time_unit": "us",
      "code_size": 2.0485000000000000e+04,
      "execution_time_ns": 5.6864556881665821e+03,
      "gas_rate": 1.2159363800640823e+10,
      "gas_used": 7.1700000000000000e+04,
      "input_size": 3.2000000000000000e+01
    },
    {
      "name": "external/total/micro/memory_grow_mload/by16",
      "family_index": 19,
      "per_family_instance_index": 0,
      "run_name": "external/total/micro/memory_grow_mload/by16",
      "run_type": "iteration",
      "repetitions": 20,
      "repetition_index": 15,
      "threads": 1,
      "iterations": 118140,
      "real_time": 5.7195407482698863e+00,
      "cpu_time": 5.9125567208397385e+00,
      "time_unit": "us",
      "code_size": 2.0485000000000000e+04,
      "execution_time_ns": 5.7007186473675301e+03,
      "gas_rate": 1.2126733557968594e+10,
      "gas_used": 7.1700000000000000e+04,
      "input_size": 3.2000000000000000e+01
    },
    {
      "name": "external/total/micro/memory_grow_mload/by16",
      "family_index": 19,
      "per_family_instance_index": 0,
      "run_name": "external/total/micro/memory_grow_mload/by16",
      "run_type": "iteration",
      "repetitions": 20,
      "repetition_index": 16,
      "threads": 1,
      "iterations": 118140,
      "real_time": 5.7965444387958387e+00,
      "cpu_time": 6.0116549178942034e+00,
      "time_unit": "us",
      "code_size": 2.0485000000000000e+04,
      "execution_time_ns": 5.7780550871846963e+03,
      "gas_rate": 1.1926832291484135e+10,
      "gas_used": 7.1700000000000000e+04,
      "input_size": 3.2000000000000000e+01
    },
    {
      "name": "external/total/micro/memory_grow_mload/by16",
      "family_index": 19,
      "per_family_instance_index": 0,
      "run_name": "external/total/micro/memory_grow_mload/by16",
      "run_type": "iteration",
      "repetitions": 20,
      "repetition_index": 17,
      "threads": 1,
      "iterations": 118140,
      "real_time": 5.7712568985941690e+00,
      "cpu_time": 5.9946744794313318e+00,
      "time_unit": "us",
      "code_size": 2.0485000000000000e+04,
      "execution_time_ns": 5.7520983663450143e+03,
      "gas_rate": 1.1960616084495319e+10,
      "gas_used": 7.1700000000000000e+04,
      "input_size": 3.2000000000000000e+01
    },
    {
      "name": "external/total/micro/memory_grow_mload/by16",
      "family_index": 19,
      "per_family_instance_index": 0,
      "run_name": "external/total/micro/memory_grow_mload/by16",
      "run_type": "iteration",
      "repetitions": 20,
      "repetition_index": 18,
      "threads": 1,
      "iterations": 118140,
      "real_time": 5.7397030387684582e+00,
      "cpu_time": 5.9626917470797229e+00,
      "time_unit": "us",
      "code_size": 2.0485000000000000e+04,
      "execution_time_ns": 5.7200382850854921e+03,
      "gas_rate": 1.2024770530040508e+10,
      "gas_used": 7.1700000000000000e+04,
      "input_size": 3.2000000000000000e+01
    },
    {
      "name": "external/total/micro/memory_grow_mload/by16",
      "family_index": 19,
      "per_family_instance_index": 0,
      "run_name": "external/total/micro/memory_grow_mload/by16",
      "run_type": "iteration",
      "repetitions": 20,
      "repetition_index": 19,
      "threads": 1,
      "iterations": 118140,
      "real_time": 5.7525910868440686e+00,
      "cpu_time": 5.9758677839851373e+00,
      "time_unit": "us",
      "code_size": 2.0485000000000000e+04,
      "execution_time_ns": 5.7334824022346365e+03,
      "gas_rate": 1.1998257423323597e+10,
      "gas_used": 7.1700000000000000e+04,
      "input_size": 3.2000000000000000e+01
    },
    {
      "name": "external/total/micro/memory_grow_mload/by16_mean",
      "family_index": 19,
      "per_family_instance_index": 0,
      "run_name": "external/total/micro/memory_grow_mload/by16",
      "run_type": "aggregate",
      "repetitions": 20,
      "threads": 1,
      "aggregate_name": "mean",
      "aggregate_unit": "time",
      "iterations": 20,
      "real_time": 5.7451750605225316e+00,
      "cpu_time": 5.9297361951921763e+00,
      "time_unit": "us",
      "code_size": 2.0485000000000000e+04,
      "execution_time_ns": 5.7260539537836466e+03,
      "gas_rate": 1.2092964537465889e+10,
      "gas_used": 7.1700000000000000e+04,
      "input_size": 3.2000000000000000e+01
    },
    {
      "name": "external/total/micro/memory_grow_mload/by16_median",
      "family_index": 19,
      "per_family_instance_index": 0,
      "run_name": "external/total/micro/memory_grow_mload/by16",
      "run_type": "aggregate",
      "repetitions": 20,
      "threads": 1,
      "aggregate_name": "median",
      "aggregate_unit": "time",
      "iterations": 20,
      "real_time": 5.7461470628062639e+00,
      "cpu_time": 5.9524652911798048e+00,
      "time_unit": "us",
      "code_size": 2.0485000000000000e+04,
      "execution_time_ns": 5.7267603436600639e+03,
      "gas_rate": 1.2045431704873055e+10,
      "gas_used": 7.1700000000000000e+04,
      "input_size": 3.2000000000000000e+01
    },
    {
      "name": "external/total/micro/memory_grow_mload/by16_stddev",
      "family_index": 19,
      "per_family_instance_index": 0,
      "run_name": "external/total/micro/memory_grow_mload/by16",
      "run_type": "aggregate",
      "repetitions": 20,
      "threads": 1,
      "aggregate_name": "stddev",
      "aggregate_unit": "time",
      "iterations": 20,
      "real_time": 6.2444637033307548e-02,
      "cpu_time": 6.4580428210627774e-02,
      "time_unit": "us",
      "code_size": 0.0000000000000000e+00,
      "execution_time_ns": 6.2257811716840841e+01,
      "gas_rate": 1.3186064159412651e+08,
      "gas_used": 0.0000000000000000e+00,
      "input_size": 0.0000000000000000e+00
    },
    {
      "name": "external/total/micro/memory_grow_mload/by16_cv",
      "family_index": 19,
      "per_family_instance_index": 0,
      "run_name": "external/total/micro/memory_grow_mload/by16",
      "run_type": "aggregate",
      "repetitions": 20,
      "threads": 1,
      "aggregate_name": "cv",
      "aggregate_unit": "percentage",
      "iterations": 20,
      "real_time": 1.0869057317746574e-02,
      "cpu_time": 1.0890944568999463e-02,
      "time_unit": "us",
      "code_size": 0.0000000000000000e+00,
      "execution_time_ns": 1.0872725304256396e-02,
      "gas_rate": 1.0903913691766952e-02,
      "gas_used": 0.0000000000000000e+00,
      "input_size": 0.0000000000000000e+00
    },
    {
      "name": "external/total/micro/memory_grow_mload/by32",
      "family_index": 20,
      "per_family_instance_index": 0,
      "run_name": "external/total/micro/memory_grow_mload/by32",
      "run_type": "iteration",
      "repetitions": 20,
      "repetition_index": 0,
      "threads": 1,
      "iterations": 102387,
      "real_time": 6.5268501372276884e+00,
      "cpu_time": 6.7801228280931189e+00,
      "time_unit": "us",
      "code_size": 2.0485000000000000e+04,
      "execution_time_ns": 6.5080183421723459e+03,
      "gas_rate": 1.5104298638318636e+10,
      "gas_used": 1.0240900000000000e+05,
      "input_size": 3.2000000000000000e+01
    },
    {
      "name": "external/total/micro/memory_grow_mload/by32",
      "family_index": 20,
      "per_family_instance_index": 0,
      "run_name": "external/total/micro/memory_grow_mload/by32",
      "run_type": "iteration",
      "repetitions": 20,
      "repetition_index": 1,
      "threads": 1,
      "iterations": 102387,
      "real_time": 6.5569605907033024e+00,
      "cpu_time": 6.8099444558387399e+00,
      "time_unit": "us",
      "code_size": 2.0485000000000000e+04,
      "execution_time_ns": 6.5381308369226563e+03,
      "gas_rate": 1.5038154960602669e+10,
      "gas_used": 1.0240900000000000e+05,
      "input_size": 3.2000000000000000e+01
    },
    {
      "name": "external/total/micro/memory_grow_mload/by32",
      "family_index": 20,
      "per_family_instance_index": 0,
      "run_name": "external/total/micro/memory_grow_mload/by32",
      "run_type": "iteration",
      "repetitions": 20,
      "repetition_index": 2,
      "threads": 1,
      "iterations": 102387,
      "real_time": 6.2818910310816118e+00,
      "cpu_time": 6.5251313741000825e+00,
      "time_unit": "us",
      "code_size": 2.0485000000000000e+04,
      "execution_time_ns": 6.2633119731997231e+03,
      "gas_rate": 1.5694549906916441e+10,
      "gas_used": 1.0240900000000000e+05,
      "input_size": 3.2000000000000000e+01
    },
    {
      "name": "external/total/micro/memory_grow_mload/by32",
      "family_index": 20,
      "per_family_instance_index": 0,
      "run_name": "external/total/micro/memory_grow_mload/by32",
      "run_type": "iteration",
      "repetitions": 20,
      "repetition_index": 3,
      "threads": 1,
      "iterations": 102387,
      "real_time": 6.2531859806474150e+00,
      "cpu_time": 6.4960079795289749e+00,
      "time_unit": "us",
      "code_size": 2.0485000000000000e+04,
      "execution_time_ns": 6.2347820328752678e+03,
      "gas_rate": 1.5764912900772894e+10,
      "gas_used": 1.0240900000000000e+05,
      "input_size": 3.2000000000000000e+01
    },
    {
      "name": "external/total/micro/memory_grow_mload/by32",
      "family_index": 20,
      "per_family_instance_index": 0,
      "run_name": "external/total/micro/memory_grow_mload/by32",
      "run_type": "iteration",
      "repetitions": 20,
      "repetition_index": 4,
      "threads": 1,
      "iterations": 102387,
      "real_time": 6.2225462509907938e+00,
      "cpu_time": 6.4640799320225879e+00,
      "time_unit": "us",
      "code_size": 2.0485000000000000e+04,
      "execution_time_ns": 6.2039993260863193e+03,
      "gas_rate": 1.5842780577739016e+10,
      "gas_used": 1.0240900000000000e+05,
      "input_size": 3.2000000000000000e+01
    },
    {
      "name": "external/total/micro/memory_grow_mload/by32",
      "family_index": 20,
      "per_family_instance_index": 0,
      "run_name": "external/total/micro/memory_grow_mload/by32",
      "run_type": "iteration",
      "repetitions": 20,
      "repetition_index": 5,
      "threads": 1,
      "iterations": 102387,
      "real_time": 6.2548117925128857e+00,
      "cpu_time": 6.4970803617648318e+00,
      "time_unit": "us",
      "code_size": 2.0485000000000000e+04,
      "execution_time_ns": 6.2361487102854853e+03,
      "gas_rate": 1.5762310806970251e+10,
      "gas_used": 1.0240900000000000e+05,
      "input_size": 3.2000000000000000e+01
    },
    {
      "name": "external/total/micro/memory_grow_mload/by32",
      "family_index": 20,
      "per_family_instance_index": 0,
      "run_name": "external/total/micro/memory_grow_mload/by32",
      "run_type": "iteration",
      "repetitions": 20,
      "repetition_index": 6,
      "threads": 1,
      "iterations": 102387,
      "real_time": 6.4115628351274507e+00,
      "cpu_time": 6.5682907888698745e+00,
      "time_unit": "us",
      "code_size": 2.0485000000000000e+04,
      "execution_time_ns": 6.3929902136013361e+03,
      "gas_rate": 1.5591422988387556e+10,
      "gas_used": 1.0240900000000000e+05,
      "input_size": 3.2000000000000000e+01
    },
    {
      "name": "external/total/micro/memory_grow_mload/by32",
      "family_index": 20,
      "per_family_instance_index": 0,
      "run_name": "external/total/micro/memory_grow_mload/by32",
      "run_type": "iteration",
      "repetitions": 20,
      "repetition_index": 7,
      "threads": 1,
      "iterations": 102387,
      "real_time": 6.3119460771365796e+00,
      "cpu_time": 6.4548046431673436e+00,
      "time_unit": "us",
      "code_size": 2.0485000000000000e+04,
      "execution_time_ns": 6.2922963852832881e+03,
      "gas_rate": 1.5865546001985331e+10,
      "gas_used": 1.0240900000000000e+05,
      "input_size": 3.2000000000000000e+01
    },
    {
      "name": "external/total/micro/memory_grow_mload/by32",
      "family_index": 20,
      "per_family_instance_index": 0,
      "run_name": "external/total/micro/memory_grow_mload/by32",
      "run_type": "iteration",
      "repetitions": 20,
      "repetition_index": 8,
      "threads": 1,
      "iterations": 102387,
      "real_time": 6.3179001240460382e+00,
      "cpu_time": 6.4615222245014410e+00,
      "time_unit": "us",
      "code_size": 2.0485000000000000e+04,
      "execution_time_ns": 6.2995349604930316e+03,
      "gas_rate": 1.5849051731444241e+10,
      "gas_used": 1.0240900000000000e+05,
      "input_size": 3.2000000000000000e+01
    },
    {
      "name": "external/total/micro/memory_grow_mload/by32",
      "family_index": 20,
      "per_family_instance_index": 0,
      "run_name": "external/total/micro/memory_grow_mload/by32",
      "run_type": "iteration",
      "repetitions": 20,
      "repetition_index": 9,
      "threads": 1,
      "iterations": 102387,
      "real_time": 6.6686793831288291e+00,
      "cpu_time": 6.8211505757568034e+00,
      "time_unit": "us",
      "code_size": 2.0485000000000000e+04,
      "execution_time_ns": 6.6501767997890356e+03,
      "gas_rate": 1.5013449543831213e+10,
      "gas_used": 1.0240900000000000e+05,
      "input_size": 3.2000000000000000e+01
    },
    {
      "name": "external/total/micro/memory_grow_mload/by32",
      "family_index": 20,
      "per_family_instance_index": 0,
      "run_name": "external/total/micro/memory_grow_mload/by32",
      "run_type": "iteration",
      "repetitions": 20,
      "repetition_index": 10,
      "threads": 1,
      "iterations": 102387,
      "real_time": 6.6630612284767281e+00,
      "cpu_time": 6.8152974791722114e+00,
      "time_unit": "us",
      "code_size": 2.0485000000000000e+04,
      "execution_time_ns": 6.6414968794866536e+03,
      "gas_rate": 1.5026343356686264e+10,
      "gas_used": 1.0240900000000000e+05,
      "input_size": 3.2000000000000000e+01
    },
    {
      "name": "external/total/micro/memory_grow_mload/by32",
      "family_index": 20,
      "per_family_instance_index": 0,
      "run_name": "external/total/micro/memory_grow_mload/by32",
      "run_type": "iteration",
      "repetitions": 20,
      "repetition_index": 11,
      "threads": 1,
      "iterations": 102387,
      "real_time": 6.5396914452017789e+00,
      "cpu_time": 6.6889010128238517e+00,
      "time_unit": "us",
      "code_size": 2.0485000000000000e+04,
      "execution_time_ns": 6.5186137595593191e+03,
      "gas_rate": 1.5310287863979918e+10,
      "gas_used": 1.0240900000000000e+05,
      "input_size": 3.2000000000000000e+01
    },
    {
      "name": "external/total/micro/memory_grow_mload/by32",
      "family_index": 20,
      "per_family_instance_index": 0,
      "run_name": "external/total/micro/memory_grow_mload/by32",
      "run_type": "iteration",
      "repetitions": 20,
      "repetition_index": 12,
      "threads": 1,
      "iterations": 102387,
      "real_time": 6.5801997714585472e+00,
      "cpu_time": 6.7308026116597270e+00,
      "time_unit": "us",
      "code_size": 2.0485000000000000e+04,
      "execution_time_ns": 6.5615198023186540e+03,
      "gas_rate": 1.5214975970710764e+10,
      "gas_used": 1.0240900000000000e+05,
      "input_size": 3.2000000000000000e+01
    },
    {
      "name": "external/total/micro/memory_grow_mload/by32",
      "family_index": 20,
      "per_family_instance_index": 0,
      "run_name": "external/total/micro/memory_grow_mload/by32",
      "run_type": "iteration",
      "repetitions": 20,
      "repetition_index": 13,
      "threads": 1,
      "iterations": 102387,
      "real_time": 6.6188864602002528e+00,
      "cpu_time": 6.7702556476895106e+00,
      "time_unit": "us",
      "code_size": 2.0485000000000000e+04,
      "execution_time_ns": 6.5978393546055649e+03,
      "gas_rate": 1.5126312111264095e+10,
      "gas_used": 1.0240900000000000e+05,
      "input_size": 3.2000000000000000e+01
    },
    {
      "name": "external/total/micro/memory_grow_mload/by32",
      "family_index": 20,
      "per_family_instance_index": 0,
      "run_name": "external/total/micro/memory_grow_mload/by32",
      "run_type": "iteration",
      "repetitions": 20,
      "repetition_index": 14,
      "threads": 1,
      "iterations": 102387,
      "real_time": 6.6280014259614530e+00,
      "cpu_time": 6.7792167169663315e+00,
      "time_unit": "us",
      "code_size": 2.0485000000000000e+04,
      "execution_time_ns": 6.6076732886010923e+03,
      "gas_rate": 1.5106317481148109e+10,
      "gas_used": 1.0240900000000000e+05,
      "input_size": 3.2000000000000000e+01
    },
    {
      "name": "external/total/micro/memory_grow_mload/by32",
      "family_index": 20,
      "per_family_instance_index": 0,
      "run_name": "external/total/micro/memory_grow_mload/by32",
      "run_type": "iteration",
      "repetitions": 20,
      "repetition_index": 15,
      "threads": 1,
      "iterations": 102387,
      "real_time": 6.6102366511325492e+00,
      "cpu_time": 6.7610814947214966e+00,
      "time_unit": "us",
      "code_size": 2.0485000000000000e+04,
      "execution_time_ns": 6.5907645501870356e+03,
      "gas_rate": 1.5146837096987017e+10,
      "gas_used": 1.0240900000000000e+05,
      "input_size": 3.2000000000000000e+01
    },
    {
      "name": "external/total/micro/memory_grow_mload/by32",
      "family_index": 20,
      "per_family_instance_index": 0,
      "run_name": "external/total/micro/memory_grow_mload/by32",
      "run_type": "iteration",
      "repetitions": 20,
      "repetition_index": 16,
      "threads": 1,
      "iterations": 102387,
      "real_time": 6.3609249514079851e+00,
      "cpu_time": 6.5065915594752948e+00,
      "time_unit": "us",
      "code_size": 2.0485000000000000e+04,
      "execution_time_ns": 6.3407828435250567e+03,
      "gas_rate": 1.5739269794930616e+10,
      "gas_used": 1.0240900000000000e+05,
      "input_size": 3.2000000000000000e+01
    },
    {
      "name": "external/total/micro/memory_grow_mload/by32",
      "family_index": 20,
      "per_family_instance_index": 0,
      "run_name": "external/total/micro/memory_grow_mload/by32",
      "run_type": "iteration",
      "repetitions": 20,
      "repetition_index": 17,
      "threads": 1,
      "iterations": 102387,
      "real_time": 6.3851729809466997e+00,
      "cpu_time": 6.5308326643028325e+00,
      "time_unit": "us",
      "code_size": 2.0485000000000000e+04,
      "execution_time_ns": 6.3639112680320741e+03,
      "gas_rate": 1.5680848869358097e+10,
      "gas_used": 1.0240900000000000e+05,
      "input_size": 3.2000000000000000e+01
    },
    {
      "name": "external/total/micro/memory_grow_mload/by32",
      "family_index": 20,
      "per_family_instance_index": 0,
      "run_name": "external/total/micro/memory_grow_mload/by32",
      "run_type": "iteration",
      "repetitions": 20,
      "repetition_index": 18,
      "threads": 1,
      "iterations": 102387,
      "real_time": 6.3759264262067905e+00,
      "cpu_time": 6.5219674372723571e+00,
      "time_unit": "us",
      "code_size": 2.0485000000000000e+04,
      "execution_time_ns": 6.3566781622666940e+03,
      "gas_rate": 1.5702163646930120e+10,
      "gas_used": 1.0240900000000000e+05,
      "input_size": 3.2000000000000000e+01
    },
    {
      "name": "external/total/micro/memory_grow_mload/by32",
      "family_index": 20,
      "per_family_instance_index": 0,
      "run_name": "external/total/micro/memory_grow_mload/by32",
      "run_type": "iteration",
      "repetitions": 20,
      "repetition_index": 19,
      "threads": 1,
      "iterations": 102387,
      "real_time": 6.3682585484432073e+00,
      "cpu_time": 6.5145194702451938e+00,
      "time_unit": "us",
      "code_size": 2.0485000000000000e+04,
      "execution_time_ns": 6.3499723597722368e+03,
      "gas_rate": 1.5720115730369524e+10,
      "gas_used": 1.0240900000000000e+05,
      "input_size": 3.2000000000000000e+01
    },
    {
      "name": "external/total/micro/memory_grow_mload/by32_mean",
      "family_index": 20,
      "per_family_instance_index": 0,
      "run_name": "external/total/micro/memory_grow_mload/by32",
      "run_type": "aggregate",
      "repetitions": 20,
      "threads": 1,
      "aggregate_name": "mean",
      "aggregate_unit": "time",
      "iterations": 20,
      "real_time": 6.4468347046019305e+00,
      "cpu_time": 6.6248800628986304e+00,
      "time_unit": "us",
      "code_size": 2.0485000000000000e+04,
      "execution_time_ns": 6.4274320924531421e+03,
      "gas_rate": 1.5464997498966637e+10,
      "gas_used": 1.0240900000000000e+05,
      "input_size": 3.2000000000000000e+01
    },
    {
      "name": "external/total/micro/memory_grow_mload/by32_median",
      "family_index": 20,
      "per_family_instance_index": 0,
      "run_name": "external/total/micro/memory_grow_mload/by32",
      "run_type": "aggregate",
      "repetitions": 20,
      "threads": 1,
      "aggregate_name": "median",
      "aggregate_unit": "time",
      "iterations": 20,
      "real_time": 6.3983679080370752e+00,
      "cpu_time": 6.5495617265863544e+00,
      "time_unit": "us",
      "code_size": 2.0485000000000000e+04,
      "execution_time_ns": 6.3784507408167046e+03,
      "gas_rate": 1.5636135928872826e+10,
      "gas_used": 1.0240900000000000e+05,
      "input_size": 3.2000000000000000e+01
    },
    {
      "name": "external/total/micro/memory_grow_mload/by32_stddev",
      "family_index": 20,
      "per_family_instance_index": 0,
      "run_name": "external/total/micro/memory_grow_mload/by32",
      "run_type": "aggregate",
      "repetitions": 20,
      "threads": 1,
      "aggregate_name": "stddev",
      "aggregate_unit": "time",
      "iterations": 20,
      "real_time": 1.5224003311135609e-01,
      "cpu_time": 1.4237119839028217e-01,
      "time_unit": "us",
      "code_size": 0.0000000000000000e+00,
      "execution_time_ns": 1.5176151766980976e+02,
      "gas_rate": 3.3090557027773505e+08,
      "gas_used": 0.0000000000000000e+00,
      "input_size": 0.0000000000000000e+00
    },
    {
      "name": "external/total/micro/memory_grow_mload/by32_cv",
      "family_index": 20,
      "per_family_instance_index": 0,
      "run_name": "external/total/micro/memory_grow_mload/by32",
      "run_type": "aggregate",
      "repetitions": 20,
      "threads": 1,
      "aggregate_name": "cv",
      "aggregate_unit": "percentage",
      "iterations": 20,
      "real_time": 2.3614694666001430e-02,
      "cpu_time": 2.1490381265557506e-02,
      "time_unit": "us",
      "code_size": 0.0000000000000000e+00,
      "execution_time_ns": 2.3611531866358049e-02,
      "gas_rate": 2.1397065877304281e-02,
      "gas_used": 0.0000000000000000e+00,
      "input_size": 0.0000000000000000e+00
    },
    {
      "name": "external/total/micro/memory_grow_mstore/nogrow",
      "family_index": 21,
      "per_family_instance_index": 0,
      "run_name": "external/total/micro/memory_grow_mstore/nogrow",
      "run_type": "iteration",
      "repetitions": 20,
      "repetition_index": 0,
      "threads": 1,
      "iterations": 115884,
      "real_time": 5.8128050982012445e+00,
      "cpu_time": 5.9490945600777252e+00,
      "time_unit": "us",
      "code_size": 2.0485000000000000e+04,
      "execution_time_ns": 5.7963026992509749e+03,
      "gas_rate": 1.0329639137421465e+10,
      "gas_used": 6.1452000000000000e+04,
      "input_size": 3.2000000000000000e+01
    },
    {
      "name": "external/total/micro/memory_grow_mstore/nogrow",
      "family_index": 21,
      "per_family_instance_index": 0,
      "run_name": "external/total/micro/memory_grow_mstore/nogrow",
      "run_type": "iteration",
      "repetitions": 20,
      "repetition_index": 1,
      "threads": 1,
      "iterations": 115884,
      "real_time": 5.8583209330026040e+00,
      "cpu_time": 5.9959251579166475e+00,
      "time_unit": "us",
      "code_size": 2.0485000000000000e+04,
      "execution_time_ns": 5.8416161506333920e+03,
      "gas_rate": 1.0248960482580839e+10,
      "gas_used": 6.1452000000000000e+04,
      "input_size": 3.2000000000000000e+01
    },
    {
      "name": "external/total/micro/memory_grow_mstore/nogrow",
      "family_index": 21,
      "per_family_instance_index": 0,
      "run_name": "external/total/micro/memory_grow_mstore/nogrow",
      "run_type": "iteration",
      "repetitions": 20,
      "repetition_index": 2,
      "threads": 1,
      "iterations": 115884,
      "real_time": 6.0744389734586850e+00,
      "cpu_time": 6.2164276086431070e+00,
      "time_unit": "us",
      "code_size": 2.0485000000000000e+04,
      "execution_time_ns": 6.0580568499534020e+03,
      "gas_rate": 9.8854203521262379e+09,
      "gas_used": 6.1452000000000000e+04,
      "input_size": 3.2000000000000000e+01
    },
    {
      "name": "external/total/micro/memory_grow_mstore/nogrow",
      "family_index": 21,
      "per_family_instance_index": 0,
      "run_name": "external/total/micro/memory_grow_mstore/nogrow",
      "run_type": "iteration",
      "repetitions": 20,
      "repetition_index": 3,
      "threads": 1,
      "iterations": 115884,
      "real_time": 6.1142387214739884e+00,
      "cpu_time": 6.2571295692244693e+00,
      "time_unit": "us",
      "code_size": 2.0485000000000000e+04,
      "execution_time_ns": 6.0983033723378549e+03,
      "gas_rate": 9.8211167469265919e+09,
      "gas_used": 6.1452000000000000e+04,
      "input_size": 3.2000000000000000e+01
    },
    {
      "name": "external/total/micro/memory_grow_mstore/nogrow",
      "family_index": 21,
      "per_family_instance_index": 0,
      "run_name": "external/total/micro/memory_grow_mstore/nogrow",
      "run_type": "iteration",
      "repetitions": 20,
      "repetition_index": 4,
      "threads": 1,
      "iterations": 115884,
      "real_time": 6.0909785043683211e+00,
      "cpu_time": 6.2339621863242485e+00,
      "time_unit": "us",
      "code_size": 2.0485000000000000e+04,
      "execution_time_ns": 6.0737067153360258e+03,
      "gas_rate": 9.8576151351720257e+09,
      "gas_used": 6.1452000000000000e+04,
      "input_size": 3.2000000000000000e+01
    },
    {
      "name": "external/total/micro/memory_grow_mstore/nogrow",
      "family_index": 21,
      "per_family_instance_index": 0,
      "run_name": "external/total/micro/memory_grow_mstore/nogrow",
      "run_type": "iteration",
      "repetitions": 20,
      "repetition_index": 5,
      "threads": 1,
      "iterations": 115884,
      "real_time": 6.0404534361941504e+00,
      "cpu_time": 6.1818238842292610e+00,
      "time_unit": "us",
      "code_size": 2.0485000000000000e+04,
      "execution_time_ns": 6.0215712350281319e+03,
      "gas_rate": 9.9407555360438290e+09,
      "gas_used": 6.1452000000000000e+04,
      "input_size": 3.2000000000000000e+01
    },
    {
      "name": "external/total/micro/memory_grow_mstore/nogrow",
      "family_index": 21,
      "per_family_instance_index": 0,
      "run_name": "external/total/micro/memory_grow_mstore/nogrow",
      "run_type": "iteration",
      "repetitions": 20,
      "repetition_index": 6,
      "threads": 1,
      "iterations": 115884,
      "real_time": 6.0765769303784589e+00,
      "cpu_time": 6.2192988678332739e+00,
      "time_unit": "us",
      "code_size": 2.0485000000000000e+04,
      "execution_time_ns": 1.4526715741603673e+04,
      "gas_rate": 9.8808565572937508e+09,
      "gas_used": 6.1452000000000000e+04,
      "input_size": 3.2000000000000000e+01
    },
    {
      "name": "external/total/micro/memory_grow_mstore/nogrow",
      "family_index": 21,
      "per_family_instance_index": 0,
      "run_name": "external/total/micro/memory_grow_mstore/nogrow",
      "run_type": "iteration",
      "repetitions": 20,
      "repetition_index": 7,
      "threads": 1,
      "iterations": 115884,
      "real_time": 6.0430807013968995e+00,
      "cpu_time": 6.1847837751546795e+00,
      "time_unit": "us",
      "code_size": 2.0485000000000000e+04,
      "execution_time_ns": 6.0251277829553692e+03,
      "gas_rate": 9.9359981260562496e+09,
      "gas_used": 6.1452000000000000e+04,
      "input_size": 3.2000000000000000e+01
    },
    {
      "name": "external/total/micro/memory_grow_mstore/nogrow",
      "family_index": 21,
      "per_family_instance_index": 0,
      "run_name": "external/total/micro/memory_grow_mstore/nogrow",
      "run_type": "iteration",
      "repetitions": 20,
      "repetition_index": 8,
      "threads": 1,
      "iterations": 115884,
      "real_time": 5.9398156518597904e+00,
      "cpu_time": 6.0778330571951491e+00,
      "time_unit": "us",
      "code_size": 2.0485000000000000e+04,
      "execution_time_ns": 5.9225526561043798e+03,
      "gas_rate": 1.0110840396850157e+10,
      "gas_used": 6.1452000000000000e+04,
      "input_size": 3.2000000000000000e+01
    },
    {
      "name": "external/total/micro/memory_grow_mstore/nogrow",
      "family_index": 21,
      "per_family_instance_index": 0,
      "run_name": "external/total/micro/memory_grow_mstore/nogrow",
      "run_type": "iteration",
      "repetitions": 20,
      "repetition_index": 9,
      "threads": 1,
      "iterations": 115884,
      "real_time": 5.8664751130444079e+00,
      "cpu_time": 6.0041387163022293e+00,
      "time_unit": "us",
      "code_size": 2.0485000000000000e+04,
      "execution_time_ns": 5.8489983776880326e+03,
      "gas_rate": 1.0234940081105665e+10,
      "gas_used": 6.1452000000000000e+04,
      "input_size": 3.2000000000000000e+01
    },
    {
      "name": "external/total/micro/memory_grow_mstore/nogrow",
      "family_index": 21,
      "per_family_instance_index": 0,
      "run_name": "external/total/micro/memory_grow_mstore/nogrow",
      "run_type": "iteration",
      "repetitions": 20,
      "repetition_index": 10,
      "threads": 1,
      "iterations": 115884,
      "real_time": 5.8660475302904658e+00,
      "cpu_time": 6.0039652928792648e+00,
      "time_unit": "us",
      "code_size": 2.0485000000000000e+04,
      "execution_time_ns": 5.8490445963204584e+03,
      "gas_rate": 1.0235235715449989e+10,
      "gas_used": 6.1452000000000000e+04,
      "input_size": 3.2000000000000000e+01
    },
    {
      "name": "external/total/micro/memory_grow_mstore/nogrow",
      "family_index": 21,
      "per_family_instance_index": 0,
      "run_name": "external/total/micro/memory_grow_mstore/nogrow",
      "run_type": "iteration",
      "repetitions": 20,
      "repetition_index": 11,
      "threads": 1,
      "iterations": 115884,
      "real_time": 5.8940916951468560e+00,
      "cpu_time": 6.0348150305479127e+00,
      "time_unit": "us",
      "code_size": 2.0485000000000000e+04,
      "execution_time_ns": 5.8765129871250565e+03,
      "gas_rate": 1.0182913592037743e+10,
      "gas_used": 6.1452000000000000e+04,
      "input_size": 3.2000000000000000e+01
    },
    {
      "name": "external/total/micro/memory_grow_mstore/nogrow",
      "family_index": 21,
      "per_family_instance_index": 0,
      "run_name": "external/total/micro/memory_grow_mstore/nogrow",
      "run_type": "iteration",
      "repetitions": 20,
      "repetition_index": 12,
      "threads": 1,
      "iterations": 115884,
      "real_time": 5.9312825584185003e+00,
      "cpu_time": 6.0734406820612588e+00,
      "time_unit": "us",
      "code_size": 2.0485000000000000e+04,
      "execution_time_ns": 5.9145474181077625e+03,
      "gas_rate": 1.0118152661226595e+10,
      "gas_used": 6.1452000000000000e+04,
      "input_size": 3.2000000000000000e+01
    },
    {
      "name": "external/total/micro/memory_grow_mstore/nogrow",
      "family_index": 21,
      "per_family_instance_index": 0,
      "run_name": "external/total/micro/memory_grow_mstore/nogrow",
      "run_type": "iteration",
      "repetitions": 20,
      "repetition_index": 13,
      "threads": 1,
      "iterations": 115884,
      "real_time": 5.8975359411128112e+00,
      "cpu_time": 6.0382991094542833e+00,
      "time_unit": "us",
      "code_size": 2.0485000000000000e+04,
      "execution_time_ns": 5.8805975889682786e+03,
      "gas_rate": 1.0177038084082882e+10,
      "gas_used": 6.1452000000000000e+04,
      "input_size": 3.2000000000000000e+01
    },
    {
      "name": "external/total/micro/memory_grow_mstore/nogrow",
      "family_index": 21,
      "per_family_instance_index": 0,
      "run_name": "external/total/micro/memory_grow_mstore/nogrow",
      "run_type": "iteration",
      "repetitions": 20,
      "repetition_index": 14,
      "threads": 1,
      "iterations": 115884,
      "real_time": 5.9350360532947750e+00,
      "cpu_time": 6.0768041576057250e+00,
      "time_unit": "us",
      "code_size": 2.0485000000000000e+04,
      "execution_time_ns": 5.9173371992682341e+03,
      "gas_rate": 1.0112552322932228e+10,
      "gas_used": 6.1452000000000000e+04,
      "input_size": 3.2000000000000000e+01
    },
    {
      "name": "external/total/micro/memory_grow_mstore/nogrow",
      "family_index": 21,
      "per_family_instance_index": 0,
      "run_name": "external/total/micro/memory_grow_mstore/nogrow",
      "run_type": "iteration",
      "repetitions": 20,
      "repetition_index": 15,
      "threads": 1,
      "iterations": 115884,
      "real_time": 5.9898411773848865e+00,
      "cpu_time": 6.1333942218080963e+00,
      "time_unit": "us",
      "code_size": 2.0485000000000000e+04,
      "execution_time_ns": 5.9733256187221705e+03,
      "gas_rate": 1.0019248360312347e+10,
      "gas_used": 6.1452000000000000e+04,
      "input_size": 3.2000000000000000e+01
    },
    {
      "name": "external/total/micro/memory_grow_mstore/nogrow",
      "family_index": 21,
      "per_family_instance_index": 0,
      "run_name": "external/total/micro/memory_grow_mstore/nogrow",
      "run_type": "iteration",
      "repetitions": 20,
      "repetition_index": 16,
      "threads": 1,
      "iterations": 115884,
      "real_time": 6.0224353922907747e+00,
      "cpu_time": 6.1662099427014692e+00,
      "time_unit": "us",
      "code_size": 2.0485000000000000e+04,
      "execution_time_ns": 6.0040047374961168e+03,
      "gas_rate": 9.9659272991080418e+09,
      "gas_used": 6.1452000000000000e+04,
      "input_size": 3.2000000000000000e+01
    },
    {
      "name": "external/total/micro/memory_grow_mstore/nogrow",
      "family_index": 21,
      "per_family_instance_index": 0,
      "run_name": "external/total/micro/memory_grow_mstore/nogrow",
      "run_type": "iteration",
      "repetitions": 20,
      "repetition_index": 17,
      "threads": 1,
      "iterations": 115884,
      "real_time": 6.0210968813629773e+00,
      "cpu_time": 6.1652102447276622e+00,
      "time_unit": "us",
      "code_size": 2.0485000000000000e+04,
      "execution_time_ns": 6.0050499637568601e+03,
      "gas_rate": 9.9675432889822788e+09,
      "gas_used": 6.1452000000000000e+04,
      "input_size": 3.2000000000000000e+01
    },
    {
      "name": "external/total/micro/memory_grow_mstore/nogrow",
      "family_index": 21,
      "per_family_instance_index": 0,
      "run_name": "external/total/micro/memory_grow_mstore/nogrow",
      "run_type": "iteration",
      "repetitions": 20,
      "repetition_index": 18,
      "threads": 1,
      "iterations": 115884,
      "real_time": 6.0441223119687368e+00,
      "cpu_time": 6.1890591971277580e+00,
      "time_unit": "us",
      "code_size": 2.0485000000000000e+04,
      "execution_time_ns": 6.0263426702564630e+03,
      "gas_rate": 9.9291343066356316e+09,
      "gas_used": 6.1452000000000000e+04,
      "input_size": 3.2000000000000000e+01
    },
    {
      "name": "external/total/micro/memory_grow_mstore/nogrow",
      "family_index": 21,
      "per_family_instance_index": 0,
      "run_name": "external/total/micro/memory_grow_mstore/nogrow",
      "run_type": "iteration",
      "repetitions": 20,
      "repetition_index": 19,
      "threads": 1,
      "iterations": 115884,
      "real_time": 6.0224362379550902e+00,
      "cpu_time": 6.1658952486969563e+00,
      "time_unit": "us",
      "code_size": 2.0485000000000000e+04,
      "execution_time_ns": 6.0054124124124128e+03,
      "gas_rate": 9.9664359385584259e+09,
      "gas_used": 6.1452000000000000e+04,
      "input_size": 3.2000000000000000e+01
    },
    {
      "name": "external/total/micro/memory_grow_mstore/nogrow_mean",
      "family_index": 21,
      "per_family_instance_index": 0,
      "run_name": "external/total/micro/memory_grow_mstore/nogrow",
      "run_type": "aggregate",
      "repetitions": 20,
      "threads": 1,
      "aggregate_name": "mean",
      "aggregate_unit": "time",
      "iterations": 20,
      "real_time": 5.9770554921302210e+00,
      "cpu_time": 6.1183755255255594e+00,
      "time_unit": "us",
      "code_size": 2.0485000000000000e+04,
      "execution_time_ns": 6.3832563386662514e+03,
      "gas_rate": 1.0046016206045149e+10,
      "gas_used": 6.1452000000000000e+04,
      "input_size": 3.2000000000000000e+01
    },
    {
      "name": "external/total/micro/memory_grow_mstore/nogrow_median",
      "family_index": 21,
      "per_family_instance_index": 0,
      "run_name": "external/total/micro/memory_grow_mstore/nogrow",
      "run_type": "aggregate",
      "repetitions": 20,
      "threads": 1,
      "aggregate_name": "median",
      "aggregate_unit": "time",
      "iterations": 20,
      "real_time": 6.0054690293739323e+00,
      "cpu_time": 6.1493022332678802e+00,
      "time_unit": "us",
      "code_size": 2.0485000000000000e+04,
      "execution_time_ns": 5.9886651781091441e+03,
      "gas_rate": 9.9933958246473122e+09,
      "gas_used": 6.1452000000000000e+04,
      "input_size": 3.2000000000000000e+01
    },
    {
      "name": "external/total/micro/memory_grow_mstore/nogrow_stddev",
      "family_index": 21,
      "per_family_instance_index": 0,
      "run_name": "external/total/micro/memory_grow_mstore/nogrow",
      "run_type": "aggregate",
      "repetitions": 20,
      "threads": 1,
      "aggregate_name": "stddev",
      "aggregate_unit": "time",
      "iterations": 20,
      "real_time": 9.0135870407914417e-02,
      "cpu_time": 9.2162733300043653e-02,
      "time_unit": "us",
      "code_size": 0.0000000000000000e+00,
      "execution_time_ns": 1.9187443697509730e+03,
      "gas_rate": 1.5191332826258293e+08,
      "gas_used": 0.0000000000000000e+00,
      "input_size": 0.0000000000000000e+00
    },
    {
      "name": "external/total/micro/memory_grow_mstore/nogrow_cv",
      "family_index": 21,
      "per_family_instance_index": 0,
      "run_name": "external/total/micro/memory_grow_mstore/nogrow",
      "run_type": "aggregate",
      "repetitions": 20,
      "threads": 1,
      "aggregate_name": "cv",
      "aggregate_unit": "percentage",
      "iterations": 20,
      "real_time": 1.5080313463141365e-02,
      "cpu_time": 1.5063268495950487e-02,
      "time_unit": "us",
      "code_size": 0.0000000000000000e+00,
      "execution_time_ns": 3.0059021100692390e-01,
      "gas_rate": 1.5121748277806850e-02,
      "gas_used": 0.0000000000000000e+00,
      "input_size": 0.0000000000000000e+00
    },
    {
      "name": "external/total/micro/memory_grow_mstore/by1",
      "family_index": 22,
      "per_family_instance_index": 0,
      "run_name": "external/total/micro/memory_grow_mstore/by1",
      "run_type": "iteration",
      "repetitions": 20,
      "repetition_index": 0,
      "threads": 1,
      "iterations": 113726,
      "real_time": 6.1623757540072921e+00,
      "cpu_time": 6.3094693122064145e+00,
      "time_unit": "us",
      "code_size": 2.0485000000000000e+04,
      "execution_time_ns": 6.1460111935705118e+03,
      "gas_rate": 9.8055790334551659e+09,
      "gas_used": 6.1868000000000000e+04,
      "input_size": 3.2000000000000000e+01
    },
    {
      "name": "external/total/micro/memory_grow_mstore/by1",
      "family_index": 22,
      "per_family_instance_index": 0,
      "run_name": "external/total/micro/memory_grow_mstore/by1",
      "run_type": "iteration",
      "repetitions": 20,
      "repetition_index": 1,
      "threads": 1,
      "iterations": 113726,
      "real_time": 6.2002947786816138e+00,
      "cpu_time": 6.3482689974151594e+00,
      "time_unit": "us",
      "code_size": 2.0485000000000000e+04,
      "execution_time_ns": 6.1803478448200058e+03,
      "gas_rate": 9.7456487784608612e+09,
      "gas_used": 6.1868000000000000e+04,
      "input_size": 3.2000000000000000e+01
    },
    {
      "name": "external/total/micro/memory_grow_mstore/by1",
      "family_index": 22,
      "per_family_instance_index": 0,
      "run_name": "external/total/micro/memory_grow_mstore/by1",
      "run_type": "iteration",
      "repetitions": 20,
      "repetition_index": 2,
      "threads": 1,
      "iterations": 113726,
      "real_time": 6.0584940734697268e+00,
      "cpu_time": 6.2048799922619651e+00,
      "time_unit": "us",
      "code_size": 2.0485000000000000e+04,
      "execution_time_ns": 6.0411963315336861e+03,
      "gas_rate": 9.9708616568176785e+09,
      "gas_used": 6.1868000000000000e+04,
      "input_size": 3.2000000000000000e+01
    },
    {
      "name": "external/total/micro/memory_grow_mstore/by1",
      "family_index": 22,
      "per_family_instance_index": 0,
      "run_name": "external/total/micro/memory_grow_mstore/by1",
      "run_type": "iteration",
      "repetitions": 20,
      "repetition_index": 3,
      "threads": 1,
      "iterations": 113726,
      "real_time": 6.0375749960418368e+00,
      "cpu_time": 6.1829518315950676e+00,
      "time_unit": "us",
      "code_size": 2.0485000000000000e+04,
      "execution_time_ns": 6.0206423509135993e+03,
      "gas_rate": 1.0006223836946728e+10,
      "gas_used": 6.1868000000000000e+04,
      "input_size": 3.2000000000000000e+01
    },
    {
      "name": "external/total/micro/memory_grow_mstore/by1",
      "family_index": 22,
      "per_family_instance_index": 0,
      "run_name": "external/total/micro/memory_grow_mstore/by1",
      "run_type": "iteration",
      "repetitions": 20,
      "repetition_index": 4,
      "threads": 1,
      "iterations": 113726,
      "real_time": 6.0048692383431472e+00,
      "cpu_time": 6.1514249599915392e+00,
      "time_unit": "us",
      "code_size": 2.0485000000000000e+04,
      "execution_time_ns": 5.9874482791973687e+03,
      "gas_rate": 1.0057507065823835e+10,
      "gas_used": 6.1868000000000000e+04,
      "input_size": 3.2000000000000000e+01
    },
    {
      "name": "external/total/micro/memory_grow_mstore/by1",
      "family_index": 22,
      "per_family_instance_index": 0,
      "run_name": "external/total/micro/memory_grow_mstore/by1",
      "run_type": "iteration",
      "repetitions": 20,
      "repetition_index": 5,
      "threads": 1,
      "iterations": 113726,
      "real_time": 6.0784594639709644e+00,
      "cpu_time": 6.2260386806888466e+00,
      "time_unit": "us",
      "code_size": 2.0485000000000000e+04,
      "execution_time_ns": 6.0611129820797360e+03,
      "gas_rate": 9.9369764906688557e+09,
      "gas_used": 6.1868000000000000e+04,
      "input_size": 3.2000000000000000e+01
    },
    {
      "name": "external/total/micro/memory_grow_mstore/by1",
      "family_index": 22,
      "per_family_instance_index": 0,
      "run_name": "external/total/micro/memory_grow_mstore/by1",
      "run_type": "iteration",
      "repetitions": 20,
      "repetition_index": 6,
      "threads": 1,
      "iterations": 113726,
      "real_time": 6.0075106571922738e+00,
      "cpu_time": 6.1543494363649121e+00,
      "time_unit": "us",
      "code_size": 2.0485000000000000e+04,
      "execution_time_ns": 5.9906407154036897e+03,
      "gas_rate": 1.0052727853643381e+10,
      "gas_used": 6.1868000000000000e+04,
      "input_size": 3.2000000000000000e+01
    },
    {
      "name": "external/total/micro/memory_grow_mstore/by1",
      "family_index": 22,
      "per_family_instance_index": 0,
      "run_name": "external/total/micro/memory_grow_mstore/by1",
      "run_type": "iteration",
      "repetitions": 20,
      "repetition_index": 7,
      "threads": 1,
      "iterations": 113726,
      "real_time": 6.0053829027665717e+00,
      "cpu_time": 6.1517367268701291e+00,
      "time_unit": "us",
      "code_size": 2.0485000000000000e+04,
      "execution_time_ns": 5.9874130278036682e+03,
      "gas_rate": 1.0056997356497259e+10,
      "gas_used": 6.1868000000000000e+04,
      "input_size": 3.2000000000000000e+01
    },
    {
      "name": "external/total/micro/memory_grow_mstore/by1",
      "family_index": 22,
      "per_family_instance_index": 0,
      "run_name": "external/total/micro/memory_grow_mstore/by1",
      "run_type": "iteration",
      "repetitions": 20,
      "repetition_index": 8,
      "threads": 1,
      "iterations": 113726,
      "real_time": 6.1523747867709169e+00,
      "cpu_time": 6.3022173909218155e+00,
      "time_unit": "us",
      "code_size": 2.0485000000000000e+04,
      "execution_time_ns": 6.1355606809348783e+03,
      "gas_rate": 9.8168622505975895e+09,
      "gas_used": 6.1868000000000000e+04,
      "input_size": 3.2000000000000000e+01
    },
    {
      "name": "external/total/micro/memory_grow_mstore/by1",
      "family_index": 22,
      "per_family_instance_index": 0,
      "run_name": "external/total/micro/memory_grow_mstore/by1",
      "run_type": "iteration",
      "repetitions": 20,
      "repetition_index": 9,
      "threads": 1,
      "iterations": 113726,
      "real_time": 6.1669924467518573e+00,
      "cpu_time": 6.3177262015720901e+00,
      "time_unit": "us",
      "code_size": 2.0485000000000000e+04,
      "execution_time_ns": 6.1504936953730894e+03,
      "gas_rate": 9.7927637295527134e+09,
      "gas_used": 6.1868000000000000e+04,
      "input_size": 3.2000000000000000e+01
    },
    {
      "name": "external/total/micro/memory_grow_mstore/by1",
      "family_index": 22,
      "per_family_instance_index": 0,
      "run_name": "external/total/micro/memory_grow_mstore/by1",
      "run_type": "iteration",
      "repetitions": 20,
      "repetition_index": 10,
      "threads": 1,
      "iterations": 113726,
      "real_time": 6.1506238151369477e+00,
      "cpu_time": 6.3003691855864288e+00,
      "time_unit": "us",
      "code_size": 2.0485000000000000e+04,
      "execution_time_ns": 6.1339518755605577e+03,
      "gas_rate": 9.8197420147278900e+09,
      "gas_used": 6.1868000000000000e+04,
      "input_size": 3.2000000000000000e+01
    },
    {
      "name": "external/total/micro/memory_grow_mstore/by1",
      "family_index": 22,
      "per_family_instance_index": 0,
      "run_name": "external/total/micro/memory_grow_mstore/by1",
      "run_type": "iteration",
      "repetitions": 20,
      "repetition_index": 11,
      "threads": 1,
      "iterations": 113726,
      "real_time": 6.1688978861515373e+00,
      "cpu_time": 6.3194287585951852e+00,
      "time_unit": "us",
      "code_size": 2.0485000000000000e+04,
      "execution_time_ns": 6.1522381337600900e+03,
      "gas_rate": 9.7901253995231857e+09,
      "gas_used": 6.1868000000000000e+04,
      "input_size": 3.2000000000000000e+01
    },
    {
      "name": "external/total/micro/memory_grow_mstore/by1",
      "family_index": 22,
      "per_family_instance_index": 0,
      "run_name": "external/total/micro/memory_grow_mstore/by1",
      "run_type": "iteration",
      "repetitions": 20,
      "repetition_index": 12,
      "threads": 1,
      "iterations": 113726,
      "real_time": 6.1254451928319646e+00,
      "cpu_time": 6.2751726693979428e+00,
      "time_unit": "us",
      "code_size": 2.0485000000000000e+04,
      "execution_time_ns": 6.1094411304363121e+03,
      "gas_rate": 9.8591709359187698e+09,
      "gas_used": 6.1868000000000000e+04,
      "input_size": 3.2000000000000000e+01
    },
    {
      "name": "external/total/micro/memory_grow_mstore/by1",
      "family_index": 22,
      "per_family_instance_index": 0,
      "run_name": "external/total/micro/memory_grow_mstore/by1",
      "run_type": "iteration",
      "repetitions": 20,
      "repetition_index": 13,
      "threads": 1,
      "iterations": 113726,
      "real_time": 6.1203221514878550e+00,
      "cpu_time": 6.2689616798268455e+00,
      "time_unit": "us",
      "code_size": 2.0485000000000000e+04,
      "execution_time_ns": 6.1041039691891037e+03,
      "gas_rate": 9.8689389343513813e+09,
      "gas_used": 6.1868000000000000e+04,
      "input_size": 3.2000000000000000e+01
    },
    {
      "name": "external/total/micro/memory_grow_mstore/by1",
      "family_index": 22,
      "per_family_instance_index": 0,
      "run_name": "external/total/micro/memory_grow_mstore/by1",
      "run_type": "iteration",
      "repetitions": 20,
      "repetition_index": 14,
      "threads": 1,
      "iterations": 113726,
      "real_time": 6.1217491778488871e+00,
      "cpu_time": 6.2715039832582606e+00,
      "time_unit": "us",
      "code_size": 2.0485000000000000e+04,
      "execution_time_ns": 6.1031340766403464e+03,
      "gas_rate": 9.8649383250263786e+09,
      "gas_used": 6.1868000000000000e+04,
      "input_size": 3.2000000000000000e+01
    },
    {
      "name": "external/total/micro/memory_grow_mstore/by1",
      "family_index": 22,
      "per_family_instance_index": 0,
      "run_name": "external/total/micro/memory_grow_mstore/by1",
      "run_type": "iteration",
      "repetitions": 20,
      "repetition_index": 15,
      "threads": 1,
      "iterations": 113726,
      "real_time": 6.0772654186417805e+00,
      "cpu_time": 6.2257109016405483e+00,
      "time_unit": "us",
      "code_size": 2.0485000000000000e+04,
      "execution_time_ns": 6.0609648013646838e+03,
      "gas_rate": 9.9374996650899830e+09,
      "gas_used": 6.1868000000000000e+04,
      "input_size": 3.2000000000000000e+01
    },
    {
      "name": "external/total/micro/memory_grow_mstore/by1",
      "family_index": 22,
      "per_family_instance_index": 0,
      "run_name": "external/total/micro/memory_grow_mstore/by1",
      "run_type": "iteration",
      "repetitions": 20,
      "repetition_index": 16,
      "threads": 1,
      "iterations": 113726,
      "real_time": 5.9809503543617506e+00,
      "cpu_time": 6.1264647398129739e+00,
      "time_unit": "us",
      "code_size": 2.0485000000000000e+04,
      "execution_time_ns": 5.9604699892724620e+03,
      "gas_rate": 1.0098482995902901e+10,
      "gas_used": 6.1868000000000000e+04,
      "input_size": 3.2000000000000000e+01
    },
    {
      "name": "external/total/micro/memory_grow_mstore/by1",
      "family_index": 22,
      "per_family_instance_index": 0,
      "run_name": "external/total/micro/memory_grow_mstore/by1",
      "run_type": "iteration",
      "repetitions": 20,
      "repetition_index": 17,
      "threads": 1,
      "iterations": 113726,
      "real_time": 5.9933475194717580e+00,
      "cpu_time": 6.1397783268554962e+00,
      "time_unit": "us",
      "code_size": 2.0485000000000000e+04,
      "execution_time_ns": 5.9737958778115826e+03,
      "gas_rate": 1.0076585294519234e+10,
      "gas_used": 6.1868000000000000e+04,
      "input_size": 3.2000000000000000e+01
    },
    {
      "name": "external/total/micro/memory_grow_mstore/by1",
      "family_index": 22,
      "per_family_instance_index": 0,
      "run_name": "external/total/micro/memory_grow_mstore/by1",
      "run_type": "iteration",
      "repetitions": 20,
      "repetition_index": 18,
      "threads": 1,
      "iterations": 113726,
      "real_time": 6.0527696832752893e+00,
      "cpu_time": 6.2007565904015012e+00,
      "time_unit": "us",
      "code_size": 2.0485000000000000e+04,
      "execution_time_ns": 6.0361259342630538e+03,
      "gas_rate": 9.9774921169731045e+09,
      "gas_used": 6.1868000000000000e+04,
      "input_size": 3.2000000000000000e+01
    },
    {
      "name": "external/total/micro/memory_grow_mstore/by1",
      "family_index": 22,
      "per_family_instance_index": 0,
      "run_name": "external/total/micro/memory_grow_mstore/by1",
      "run_type": "iteration",
      "repetitions": 20,
      "repetition_index": 19,
      "threads": 1,
      "iterations": 113726,
      "real_time": 6.0610267309124444e+00,
      "cpu_time": 6.2086883034662970e+00,
      "time_unit": "us",
      "code_size": 2.0485000000000000e+04,
      "execution_time_ns": 6.0410215517999404e+03,
      "gas_rate": 9.9647456879836006e+09,
      "gas_used": 6.1868000000000000e+04,
      "input_size": 3.2000000000000000e+01
    },
    {
      "name": "external/total/micro/memory_grow_mstore/by1_mean",
      "family_index": 22,
      "per_family_instance_index": 0,
      "run_name": "external/total/micro/memory_grow_mstore/by1",
      "run_type": "aggregate",
      "repetitions": 20,
      "threads": 1,
      "aggregate_name": "mean",
      "aggregate_unit": "time",
      "iterations": 20,
      "real_time": 6.0863363514058211e+00,
      "cpu_time": 6.2342949334364706e+00,
      "time_unit": "us",
      "code_size": 2.0485000000000000e+04,
      "execution_time_ns": 6.0688057220864193e+03,
      "gas_rate": 9.9249934711240253e+09,
      "gas_used": 6.1868000000000000e+04,
      "input_size": 3.2000000000000000e+01
    },
    {
      "name": "external/total/micro/memory_grow_mstore/by1_median",
      "family_index": 22,
      "per_family_instance_index": 0,
      "run_name": "external/total/micro/memory_grow_mstore/by1",
      "run_type": "aggregate",
      "repetitions": 20,
      "threads": 1,
      "aggregate_name": "median",
      "aggregate_unit": "time",
      "iterations": 20,
      "real_time": 6.0778624413063715e+00,
      "cpu_time": 6.2258747911646974e+00,
      "time_unit": "us",
      "code_size": 2.0485000000000000e+04,
      "execution_time_ns": 6.0610388917222099e+03,
      "gas_rate": 9.9372380778794193e+09,
      "gas_used": 6.1868000000000000e+04,
      "input_size": 3.2000000000000000e+01
    },
    {
      "name": "external/total/micro/memory_grow_mstore/by1_stddev",
      "family_index": 22,
      "per_family_instance_index": 0,
      "run_name": "external/total/micro/memory_grow_mstore/by1",
      "run_type": "aggregate",
      "repetitions": 20,
      "threads": 1,
      "aggregate_name": "stddev",
      "aggregate_unit": "time",
      "iterations": 20,
      "real_time": 6.8342921740138896e-02,
      "cpu_time": 6.9640206314266234e-02,
      "time_unit": "us",
      "code_size": 0.0000000000000000e+00,
      "execution_time_ns": 6.8813920097330779e+01,
      "gas_rate": 1.1089783109073968e+08,
      "gas_used": 0.0000000000000000e+00,
      "input_size": 0.0000000000000000e+00
    },
    {
      "name": "external/total/micro/memory_grow_mstore/by1_cv",
      "family_index": 22,
      "per_family_instance_index": 0,
      "run_name": "external/total/micro/memory_grow_mstore/by1",
      "run_type": "aggregate",
      "repetitions": 20,
      "threads": 1,
      "aggregate_name": "cv",
      "aggregate_unit": "percentage",
      "iterations": 20,
      "real_time": 1.1228909773340586e-02,
      "cpu_time": 1.1170502367599590e-02,
      "time_unit": "us",
      "code_size": 0.0000000000000000e+00,
      "execution_time_ns": 1.1338955842150927e-02,
      "gas_rate": 1.1173592346774640e-02,
      "gas_used": 0.0000000000000000e+00,
      "input_size": 0.0000000000000000e+00
    },
    {
      "name": "external/total/micro/memory_grow_mstore/by16",
      "family_index": 23,
      "per_family_instance_index": 0,
      "run_name": "external/total/micro/memory_grow_mstore/by16",
      "run_type": "iteration",
      "repetitions": 20,
      "repetition_index": 0,
      "threads": 1,
      "iterations": 105573,
      "real_time": 6.5082554914562216e+00,
      "cpu_time": 6.6674841768250808e+00,
      "time_unit": "us",
      "code_size": 2.0485000000000000e+04,
      "execution_time_ns": 6.4893146448429052e+03,
      "gas_rate": 1.1368005980944450e+10,
      "gas_used": 7.5796000000000000e+04,
      "input_size": 3.2000000000000000e+01
    },
    {
      "name": "external/total/micro/memory_grow_mstore/by16",
      "family_index": 23,
      "per_family_instance_index": 0,
      "run_name": "external/total/micro/memory_grow_mstore/by16",
      "run_type": "iteration",
      "repetitions": 20,
      "repetition_index": 1,
      "threads": 1,
      "iterations": 105573,
      "real_time": 6.5892740473396252e+00,
      "cpu_time": 6.7496677275440407e+00,
      "time_unit": "us",
      "code_size": 2.0485000000000000e+04,
      "execution_time_ns": 6.5642560218995386e+03,
      "gas_rate": 1.1229589819761309e+10,
      "gas_used": 7.5796000000000000e+04,
      "input_size": 3.2000000000000000e+01
    },
    {
      "name": "external/total/micro/memory_grow_mstore/by16",
      "family_index": 23,
      "per_family_instance_index": 0,
      "run_name": "external/total/micro/memory_grow_mstore/by16",
      "run_type": "iteration",
      "repetitions": 20,
      "repetition_index": 2,
      "threads": 1,
      "iterations": 105573,
      "real_time": 6.6329779489053644e+00,
      "cpu_time": 6.7951994165175105e+00,
      "time_unit": "us",
      "code_size": 2.0485000000000000e+04,
      "execution_time_ns": 6.6106149678421571e+03,
      "gas_rate": 1.1154345200783657e+10,
      "gas_used": 7.5796000000000000e+04,
      "input_size": 3.2000000000000000e+01
    },
    {
      "name": "external/total/micro/memory_grow_mstore/by16",
      "family_index": 23,
      "per_family_instance_index": 0,
      "run_name": "external/total/micro/memory_grow_mstore/by16",
      "run_type": "iteration",
      "repetitions": 20,
      "repetition_index": 3,
      "threads": 1,
      "iterations": 105573,
      "real_time": 6.5950728500638967e+00,
      "cpu_time": 6.7563652922619371e+00,
      "time_unit": "us",
      "code_size": 2.0485000000000000e+04,
      "execution_time_ns": 6.5746318376857716e+03,
      "gas_rate": 1.1218457960940792e+10,
      "gas_used": 7.5796000000000000e+04,
      "input_size": 3.2000000000000000e+01
    },
    {
      "name": "external/total/micro/memory_grow_mstore/by16",
      "family_index": 23,
      "per_family_instance_index": 0,
      "run_name": "external/total/micro/memory_grow_mstore/by16",
      "run_type": "iteration",
      "repetitions": 20,
      "repetition_index": 4,
      "threads": 1,
      "iterations": 105573,
      "real_time": 6.6320506379524788e+00,
      "cpu_time": 6.7936365074401186e+00,
      "time_unit": "us",
      "code_size": 2.0485000000000000e+04,
      "execution_time_ns": 6.6131401210536787e+03,
      "gas_rate": 1.1156911312077303e+10,
      "gas_used": 7.5796000000000000e+04,
      "input_size": 3.2000000000000000e+01
    },
    {
      "name": "external/total/micro/memory_grow_mstore/by16",
      "family_index": 23,
      "per_family_instance_index": 0,
      "run_name": "external/total/micro/memory_grow_mstore/by16",
      "run_type": "iteration",
      "repetitions": 20,
      "repetition_index": 5,
      "threads": 1,
      "iterations": 105573,
      "real_time": 6.7253657563910032e+00,
      "cpu_time": 6.8899186913323200e+00,
      "time_unit": "us",
      "code_size": 2.0485000000000000e+04,
      "execution_time_ns": 6.7045075729589953e+03,
      "gas_rate": 1.1001000649739618e+10,
      "gas_used": 7.5796000000000000e+04,
      "input_size": 3.2000000000000000e+01
    },
    {
      "name": "external/total/micro/memory_grow_mstore/by16",
      "family_index": 23,
      "per_family_instance_index": 0,
      "run_name": "external/total/micro/memory_grow_mstore/by16",
      "run_type": "iteration",
      "repetitions": 20,
      "repetition_index": 6,
      "threads": 1,
      "iterations": 105573,
      "real_time": 6.6761224366077521e+00,
      "cpu_time": 6.8394031428489486e+00,
      "time_unit": "us",
      "code_size": 2.0485000000000000e+04,
      "execution_time_ns": 6.6547338239890878e+03,
      "gas_rate": 1.1082253585131880e+10,
      "gas_used": 7.5796000000000000e+04,
      "input_size": 3.2000000000000000e+01
    },
    {
      "name": "external/total/micro/memory_grow_mstore/by16",
      "family_index": 23,
      "per_family_instance_index": 0,
      "run_name": "external/total/micro/memory_grow_mstore/by16",
      "run_type": "iteration",
      "repetitions": 20,
      "repetition_index": 7,
      "threads": 1,
      "iterations": 105573,
      "real_time": 6.6322794369707392e+00,
      "cpu_time": 6.7937249675575098e+00,
      "time_unit": "us",
      "code_size": 2.0485000000000000e+04,
      "execution_time_ns": 6.6129197048487777e+03,
      "gas_rate": 1.1156766039536966e+10,
      "gas_used": 7.5796000000000000e+04,
      "input_size": 3.2000000000000000e+01
    },
    {
      "name": "external/total/micro/memory_grow_mstore/by16",
      "family_index": 23,
      "per_family_instance_index": 0,
      "run_name": "external/total/micro/memory_grow_mstore/by16",
      "run_type": "iteration",
      "repetitions": 20,
      "repetition_index": 8,
      "threads": 1,
      "iterations": 105573,
      "real_time": 6.5474327716344876e+00,
      "cpu_time": 6.7077104657440332e+00,
      "time_unit": "us",
      "code_size": 2.0485000000000000e+04,
      "execution_time_ns": 6.5270223163119363e+03,
      "gas_rate": 1.1299831796122784e+10,
      "gas_used": 7.5796000000000000e+04,
      "input_size": 3.2000000000000000e+01
    },
    {
      "name": "external/total/micro/memory_grow_mstore/by16",
      "family_index": 23,
      "per_family_instance_index": 0,
      "run_name": "external/total/micro/memory_grow_mstore/by16",
      "run_type": "iteration",
      "repetitions": 20,
      "repetition_index": 9,
      "threads": 1,
      "iterations": 105573,
      "real_time": 6.4671626836375573e+00,
      "cpu_time": 6.6253050401143625e+00,
      "time_unit": "us",
      "code_size": 2.0485000000000000e+04,
      "execution_time_ns": 6.4470522955679953e+03,
      "gas_rate": 1.1440378901963984e+10,
      "gas_used": 7.5796000000000000e+04,
      "input_size": 3.2000000000000000e+01
    },
    {
      "name": "external/total/micro/memory_grow_mstore/by16",
      "family_index": 23,
      "per_family_instance_index": 0,
      "run_name": "external/total/micro/memory_grow_mstore/by16",
      "run_type": "iteration",
      "repetitions": 20,
      "repetition_index": 10,
      "threads": 1,
      "iterations": 105573,
      "real_time": 6.5144558551947380e+00,
      "cpu_time": 6.6733706913702706e+00,
      "time_unit": "us",
      "code_size": 2.0485000000000000e+04,
      "execution_time_ns": 6.4942238356397938e+03,
      "gas_rate": 1.1357978374858791e+10,
      "gas_used": 7.5796000000000000e+04,
      "input_size": 3.2000000000000000e+01
    },
    {
      "name": "external/total/micro/memory_grow_mstore/by16",
      "family_index": 23,
      "per_family_instance_index": 0,
      "run_name": "external/total/micro/memory_grow_mstore/by16",
      "run_type": "iteration",
      "repetitions": 20,
      "repetition_index": 11,
      "threads": 1,
      "iterations": 105573,
      "real_time": 6.4865069004435254e+00,
      "cpu_time": 6.6453014028207900e+00,
      "time_unit": "us",
      "code_size": 2.0485000000000000e+04,
      "execution_time_ns": 6.4658787000464135e+03,
      "gas_rate": 1.1405953681472778e+10,
      "gas_used": 7.5796000000000000e+04,
      "input_size": 3.2000000000000000e+01
    },
    {
      "name": "external/total/micro/memory_grow_mstore/by16",
      "family_index": 23,
      "per_family_instance_index": 0,
      "run_name": "external/total/micro/memory_grow_mstore/by16",
      "run_type": "iteration",
      "repetitions": 20,
      "repetition_index": 12,
      "threads": 1,
      "iterations": 105573,
      "real_time": 6.4839762723434191e+00,
      "cpu_time": 6.6421455106891276e+00,
      "time_unit": "us",
      "code_size": 2.0485000000000000e+04,
      "execution_time_ns": 1.4027964754245877e+04,
      "gas_rate": 1.1411373008619335e+10,
      "gas_used": 7.5796000000000000e+04,
      "input_size": 3.2000000000000000e+01
    },
    {
      "name": "external/total/micro/memory_grow_mstore/by16",
      "family_index": 23,
      "per_family_instance_index": 0,
      "run_name": "external/total/micro/memory_grow_mstore/by16",
      "run_type": "iteration",
      "repetitions": 20,
      "repetition_index": 13,
      "threads": 1,
      "iterations": 105573,
      "real_time": 6.5020206208048750e+00,
      "cpu_time": 6.6609622062458946e+00,
      "time_unit": "us",
      "code_size": 2.0485000000000000e+04,
      "execution_time_ns": 6.4819308819489834e+03,
      "gas_rate": 1.1379136775303591e+10,
      "gas_used": 7.5796000000000000e+04,
      "input_size": 3.2000000000000000e+01
    },
    {
      "name": "external/total/micro/memory_grow_mstore/by16",
      "family_index": 23,
      "per_family_instance_index": 0,
      "run_name": "external/total/micro/memory_grow_mstore/by16",
      "run_type": "iteration",
      "repetitions": 20,
      "repetition_index": 14,
      "threads": 1,
      "iterations": 105573,
      "real_time": 6.5522212686997756e+00,
      "cpu_time": 6.7127256306061582e+00,
      "time_unit": "us",
      "code_size": 2.0485000000000000e+04,
      "execution_time_ns": 6.5325170924384074e+03,
      "gas_rate": 1.1291389544422009e+10,
      "gas_used": 7.5796000000000000e+04,
      "input_size": 3.2000000000000000e+01
    },
    {
      "name": "external/total/micro/memory_grow_mstore/by16",
      "family_index": 23,
      "per_family_instance_index": 0,
      "run_name": "external/total/micro/memory_grow_mstore/by16",
      "run_type": "iteration",
      "repetitions": 20,
      "repetition_index": 15,
      "threads": 1,
      "iterations": 105573,
      "real_time": 6.5760799730951858e+00,
      "cpu_time": 6.7346751631567541e+00,
      "time_unit": "us",
      "code_size": 2.0485000000000000e+04,
      "execution_time_ns": 6.5571404431057181e+03,
      "gas_rate": 1.1254588850054060e+10,
      "gas_used": 7.5796000000000000e+04,
      "input_size": 3.2000000000000000e+01
    },
    {
      "name": "external/total/micro/memory_grow_mstore/by16",
      "family_index": 23,
      "per_family_instance_index": 0,
      "run_name": "external/total/micro/memory_grow_mstore/by16",
      "run_type": "iteration",
      "repetitions": 20,
      "repetition_index": 16,
      "threads": 1,
      "iterations": 105573,
      "real_time": 6.5702749945544534e+00,
      "cpu_time": 6.7305370691367230e+00,
      "time_unit": "us",
      "code_size": 2.0485000000000000e+04,
      "execution_time_ns": 6.5519029013099944e+03,
      "gas_rate": 1.1261508438541563e+10,
      "gas_used": 7.5796000000000000e+04,
      "input_size": 3.2000000000000000e+01
    },
    {
      "name": "external/total/micro/memory_grow_mstore/by16",
      "family_index": 23,
      "per_family_instance_index": 0,
      "run_name": "external/total/micro/memory_grow_mstore/by16",
      "run_type": "iteration",
      "repetitions": 20,
      "repetition_index": 17,
      "threads": 1,
      "iterations": 105573,
      "real_time": 6.5364681121096941e+00,
      "cpu_time": 6.6955012455833360e+00,
      "time_unit": "us",
      "code_size": 2.0485000000000000e+04,
      "execution_time_ns": 6.5168542903962189e+03,
      "gas_rate": 1.1320436994914843e+10,
      "gas_used": 7.5796000000000000e+04,
      "input_size": 3.2000000000000000e+01
    },
    {
      "name": "external/total/micro/memory_grow_mstore/by16",
      "family_index": 23,
      "per_family_instance_index": 0,
      "run_name": "external/total/micro/memory_grow_mstore/by16",
      "run_type": "iteration",
      "repetitions": 20,
      "repetition_index": 18,
      "threads": 1,
      "iterations": 105573,
      "real_time": 6.4912837278440039e+00,
      "cpu_time": 6.6487803415647226e+00,
      "time_unit": "us",
      "code_size": 2.0485000000000000e+04,
      "execution_time_ns": 6.4719657772347100e+03,
      "gas_rate": 1.1399985577228767e+10,
      "gas_used": 7.5796000000000000e+04,
      "input_size": 3.2000000000000000e+01
    },
    {
      "name": "external/total/micro/memory_grow_mstore/by16",
      "family_index": 23,
      "per_family_instance_index": 0,
      "run_name": "external/total/micro/memory_grow_mstore/by16",
      "run_type": "iteration",
      "repetitions": 20,
      "repetition_index": 19,
      "threads": 1,
      "iterations": 105573,
      "real_time": 6.5615703446882856e+00,
      "cpu_time": 6.7213059115488836e+00,
      "time_unit": "us",
      "code_size": 2.0485000000000000e+04,
      "execution_time_ns": 6.5427123696399649e+03,
      "gas_rate": 1.1276975188670332e+10,
      "gas_used": 7.5796000000000000e+04,
      "input_size": 3.2000000000000000e+01
    },
    {
      "name": "external/total/micro/memory_grow_mstore/by16_mean",
      "family_index": 23,
      "per_family_instance_index": 0,
      "run_name": "external/total/micro/memory_grow_mstore/by16",
      "run_type": "aggregate",
      "repetitions": 20,
      "threads": 1,
      "aggregate_name": "mean",
      "aggregate_unit": "time",
      "iterations": 20,
      "real_time": 6.5640426065368533e+00,
      "cpu_time": 6.7241860300454261e+00,
      "time_unit": "us",
      "code_size": 2.0485000000000000e+04,
      "execution_time_ns": 6.9220642176503461e+03,
      "gas_rate": 1.1273343384054440e+10,
      "gas_used": 7.5796000000000000e+04,
      "input_size": 3.2000000000000000e+01
    },
    {
      "name": "external/total/micro/memory_grow_mstore/by16_median",
      "family_index": 23,
      "per_family_instance_index": 0,
      "run_name": "external/total/micro/memory_grow_mstore/by16",
      "run_type": "aggregate",
      "repetitions": 20,
      "threads": 1,
      "aggregate_name": "median",
      "aggregate_unit": "time",
      "iterations": 20,
      "real_time": 6.5568958066940297e+00,
      "cpu_time": 6.7170157710775218e+00,
      "time_unit": "us",
      "code_size": 2.0485000000000000e+04,
      "execution_time_ns": 6.5473076354749792e+03,
      "gas_rate": 1.1284182366546169e+10,
      "gas_used": 7.5796000000000000e+04,
      "input_size": 3.2000000000000000e+01
    },
    {
      "name": "external/total/micro/memory_grow_mstore/by16_stddev",
      "family_index": 23,
      "per_family_instance_index": 0,
      "run_name": "external/total/micro/memory_grow_mstore/by16",
      "run_type": "aggregate",
      "repetitions": 20,
      "threads": 1,
      "aggregate_name": "stddev",
      "aggregate_unit": "time",
      "iterations": 20,
      "real_time": 6.9625152755915506e-02,
      "cpu_time": 7.1349679342517611e-02,
      "time_unit": "us",
      "code_size": 0.0000000000000000e+00,
      "execution_time_ns": 1.6738833470298623e+03,
      "gas_rate": 1.1889029378716207e+08,
      "gas_used": 0.0000000000000000e+00,
      "input_size": 0.0000000000000000e+00
    },
    {
      "name": "external/total/micro/memory_grow_mstore/by16_cv",
      "family_index": 23,
      "per_family_instance_index": 0,
      "run_name": "external/total/micro/memory_grow_mstore/by16",
      "run_type": "aggregate",
      "repetitions": 20,
      "threads": 1,
      "aggregate_name": "cv",
      "aggregate_unit": "percentage",
      "iterations": 20,
      "real_time": 1.0607053751689355e-02,
      "cpu_time": 1.0610902051744038e-02,
      "time_unit": "us",
      "code_size": 0.0000000000000000e+00,
      "execution_time_ns": 2.4181852326097780e-01,
      "gas_rate": 1.0546143210303185e-02,
      "gas_used": 0.0000000000000000e+00,
      "input_size": 0.0000000000000000e+00
    },
    {
      "name": "external/total/micro/memory_grow_mstore/by32",
      "family_index": 24,
      "per_family_instance_index": 0,
      "run_name": "external/total/micro/memory_grow_mstore/by32",
      "run_type": "iteration",
      "repetitions": 20,
      "repetition_index": 0,
      "threads": 1,
      "iterations": 94841,
      "real_time": 7.2141183032671119e+00,
      "cpu_time": 7.3888418510987028e+00,
      "time_unit": "us",
      "code_size": 2.0485000000000000e+04,
      "execution_time_ns": 7.1958067080692945e+03,
      "gas_rate": 1.4414302288005119e+10,
      "gas_used": 1.0650500000000000e+05,
      "input_size": 3.2000000000000000e+01
    },
    {
      "name": "external/total/micro/memory_grow_mstore/by32",
      "family_index": 24,
      "per_family_instance_index": 0,
      "run_name": "external/total/micro/memory_grow_mstore/by32",
      "run_type": "iteration",
      "repetitions": 20,
      "repetition_index": 1,
      "threads": 1,
      "iterations": 94841,
      "real_time": 7.0479762866310249e+00,
      "cpu_time": 7.2194032327791176e+00,
      "time_unit": "us",
      "code_size": 2.0485000000000000e+04,
      "execution_time_ns": 7.0292495017977453e+03,
      "gas_rate": 1.4752604414229509e+10,
      "gas_used": 1.0650500000000000e+05,
      "input_size": 3.2000000000000000e+01
    },
    {
      "name": "external/total/micro/memory_grow_mstore/by32",
      "family_index": 24,
      "per_family_instance_index": 0,
      "run_name": "external/total/micro/memory_grow_mstore/by32",
      "run_type": "iteration",
      "repetitions": 20,
      "repetition_index": 2,
      "threads": 1,
      "iterations": 94841,
      "real_time": 7.1078539344792828e+00,
      "cpu_time": 7.2808230301240764e+00,
      "time_unit": "us",
      "code_size": 2.0485000000000000e+04,
      "execution_time_ns": 7.0887617169789437e+03,
      "gas_rate": 1.4628153927013521e+10,
      "gas_used": 1.0650500000000000e+05,
      "input_size": 3.2000000000000000e+01
    },
    {
      "name": "external/total/micro/memory_grow_mstore/by32",
      "family_index": 24,
      "per_family_instance_index": 0,
      "run_name": "external/total/micro/memory_grow_mstore/by32",
      "run_type": "iteration",
      "repetitions": 20,
      "repetition_index": 3,
      "threads": 1,
      "iterations": 94841,
      "real_time": 7.0504861610489327e+00,
      "cpu_time": 7.2213517782397858e+00,
      "time_unit": "us",
      "code_size": 2.0485000000000000e+04,
      "execution_time_ns": 7.0312545734439746e+03,
      "gas_rate": 1.4748623702411674e+10,
      "gas_used": 1.0650500000000000e+05,
      "input_size": 3.2000000000000000e+01
    },
    {
      "name": "external/total/micro/memory_grow_mstore/by32",
      "family_index": 24,
      "per_family_instance_index": 0,
      "run_name": "external/total/micro/memory_grow_mstore/by32",
      "run_type": "iteration",
      "repetitions": 20,
      "repetition_index": 4,
      "threads": 1,
      "iterations": 94841,
      "real_time": 7.1565675077244872e+00,
      "cpu_time": 7.3305094315745736e+00,
      "time_unit": "us",
      "code_size": 2.0485000000000000e+04,
      "execution_time_ns": 7.1354886283358464e+03,
      "gas_rate": 1.4529003883584530e+10,
      "gas_used": 1.0650500000000000e+05,
      "input_size": 3.2000000000000000e+01
    },
    {
      "name": "external/total/micro/memory_grow_mstore/by32",
      "family_index": 24,
      "per_family_instance_index": 0,
      "run_name": "external/total/micro/memory_grow_mstore/by32",
      "run_type": "iteration",
      "repetitions": 20,
      "repetition_index": 5,
      "threads": 1,
      "iterations": 94841,
      "real_time": 7.0613440073349816e+00,
      "cpu_time": 7.2332171107433609e+00,
      "time_unit": "us",
      "code_size": 2.0485000000000000e+04,
      "execution_time_ns": 7.0429943695237289e+03,
      "gas_rate": 1.4724430135217447e+10,
      "gas_used": 1.0650500000000000e+05,
      "input_size": 3.2000000000000000e+01
    },
    {
      "name": "external/total/micro/memory_grow_mstore/by32",
      "family_index": 24,
      "per_family_instance_index": 0,
      "run_name": "external/total/micro/memory_grow_mstore/by32",
      "run_type": "iteration",
      "repetitions": 20,
      "repetition_index": 6,
      "threads": 1,
      "iterations": 94841,
      "real_time": 7.0849701184085712e+00,
      "cpu_time": 7.2565302453576379e+00,
      "time_unit": "us",
      "code_size": 2.0485000000000000e+04,
      "execution_time_ns": 7.0647400913107203e+03,
      "gas_rate": 1.4677124796404800e+10,
      "gas_used": 1.0650500000000000e+05,
      "input_size": 3.2000000000000000e+01
    },
    {
      "name": "external/total/micro/memory_grow_mstore/by32",
      "family_index": 24,
      "per_family_instance_index": 0,
      "run_name": "external/total/micro/memory_grow_mstore/by32",
      "run_type": "iteration",
      "repetitions": 20,
      "repetition_index": 7,
      "threads": 1,
      "iterations": 94841,
      "real_time": 7.1770309254413114e+00,
      "cpu_time": 7.3521180185782598e+00,
      "time_unit": "us",
      "code_size": 2.0485000000000000e+04,
      "execution_time_ns": 7.1586614649782268e+03,
      "gas_rate": 1.4486301733849989e+10,
      "gas_used": 1.0650500000000000e+05,
      "input_size": 3.2000000000000000e+01
    },
    {
      "name": "external/total/micro/memory_grow_mstore/by32",
      "family_index": 24,
      "per_family_instance_index": 0,
      "run_name": "external/total/micro/memory_grow_mstore/by32",
      "run_type": "iteration",
      "repetitions": 20,
      "repetition_index": 8,
      "threads": 1,
      "iterations": 94841,
      "real_time": 7.3108098396236514e+00,
      "cpu_time": 7.4902947353995177e+00,
      "time_unit": "us",
      "code_size": 2.0485000000000000e+04,
      "execution_time_ns": 7.2926674644932045e+03,
      "gas_rate": 1.4219066640549124e+10,
      "gas_used": 1.0650500000000000e+05,
      "input_size": 3.2000000000000000e+01
    },
    {
      "name": "external/total/micro/memory_grow_mstore/by32",
      "family_index": 24,
      "per_family_instance_index": 0,
      "run_name": "external/total/micro/memory_grow_mstore/by32",
      "run_type": "iteration",
      "repetitions": 20,
      "repetition_index": 9,
      "threads": 1,
      "iterations": 94841,
      "real_time": 7.2512932065300095e+00,
      "cpu_time": 7.4289100705395139e+00,
      "time_unit": "us",
      "code_size": 2.0485000000000000e+04,
      "execution_time_ns": 7.2308839425986653e+03,
      "gas_rate": 1.4336557986125309e+10,
      "gas_used": 1.0650500000000000e+05,
      "input_size": 3.2000000000000000e+01
    },
    {
      "name": "external/total/micro/memory_grow_mstore/by32",
      "family_index": 24,
      "per_family_instance_index": 0,
      "run_name": "external/total/micro/memory_grow_mstore/by32",
      "run_type": "iteration",
      "repetitions": 20,
      "repetition_index": 10,
      "threads": 1,
      "iterations": 94841,
      "real_time": 7.2583225187439000e+00,
      "cpu_time": 7.4367961641058811e+00,
      "time_unit": "us",
      "code_size": 2.0485000000000000e+04,
      "execution_time_ns": 7.2386945941101421e+03,
      "gas_rate": 1.4321355278507219e+10,
      "gas_used": 1.0650500000000000e+05,
      "input_size": 3.2000000000000000e+01
    },
    {
      "name": "external/total/micro/memory_grow_mstore/by32",
      "family_index": 24,
      "per_family_instance_index": 0,
      "run_name": "external/total/micro/memory_grow_mstore/by32",
      "run_type": "iteration",
      "repetitions": 20,
      "repetition_index": 11,
      "threads": 1,
      "iterations": 94841,
      "real_time": 7.2603070507498906e+00,
      "cpu_time": 7.4388005925707139e+00,
      "time_unit": "us",
      "code_size": 2.0485000000000000e+04,
      "execution_time_ns": 7.2417979249480713e+03,
      "gas_rate": 1.4317496305300720e+10,
      "gas_used": 1.0650500000000000e+05,
      "input_size": 3.2000000000000000e+01
    },
    {
      "name": "external/total/micro/memory_grow_mstore/by32",
      "family_index": 24,
      "per_family_instance_index": 0,
      "run_name": "external/total/micro/memory_grow_mstore/by32",
      "run_type": "iteration",
      "repetitions": 20,
      "repetition_index": 12,
      "threads": 1,
      "iterations": 94841,
      "real_time": 7.4017708375055618e+00,
      "cpu_time": 7.5830745669066388e+00,
      "time_unit": "us",
      "code_size": 2.0485000000000000e+04,
      "execution_time_ns": 7.3818591748294511e+03,
      "gas_rate": 1.4045094646015930e+10,
      "gas_used": 1.0650500000000000e+05,
      "input_size": 3.2000000000000000e+01
    },
    {
      "name": "external/total/micro/memory_grow_mstore/by32",
      "family_index": 24,
      "per_family_instance_index": 0,
      "run_name": "external/total/micro/memory_grow_mstore/by32",
      "run_type": "iteration",
      "repetitions": 20,
      "repetition_index": 13,
      "threads": 1,
      "iterations": 94841,
      "real_time": 7.4045104965208131e+00,
      "cpu_time": 7.5865667063824578e+00,
      "time_unit": "us",
      "code_size": 2.0485000000000000e+04,
      "execution_time_ns": 7.3845361394333677e+03,
      "gas_rate": 1.4038629609675617e+10,
      "gas_used": 1.0650500000000000e+05,
      "input_size": 3.2000000000000000e+01
    },
    {
      "name": "external/total/micro/memory_grow_mstore/by32",
      "family_index": 24,
      "per_family_instance_index": 0,
      "run_name": "external/total/micro/memory_grow_mstore/by32",
      "run_type": "iteration",
      "repetitions": 20,
      "repetition_index": 14,
      "threads": 1,
      "iterations": 94841,
      "real_time": 7.1628425259173625e+00,
      "cpu_time": 7.2694660958867745e+00,
      "time_unit": "us",
      "code_size": 2.0485000000000000e+04,
      "execution_time_ns": 7.1442947037673584e+03,
      "gas_rate": 1.4651007184731613e+10,
      "gas_used": 1.0650500000000000e+05,
      "input_size": 3.2000000000000000e+01
    },
    {
      "name": "external/total/micro/memory_grow_mstore/by32",
      "family_index": 24,
      "per_family_instance_index": 0,
      "run_name": "external/total/micro/memory_grow_mstore/by32",
      "run_type": "iteration",
      "repetitions": 20,
      "repetition_index": 15,
      "threads": 1,
      "iterations": 94841,
      "real_time": 7.0976019970235127e+00,
      "cpu_time": 7.2714142406762878e+00,
      "time_unit": "us",
      "code_size": 2.0485000000000000e+04,
      "execution_time_ns": 7.0788441391381366e+03,
      "gas_rate": 1.4647081912100548e+10,
      "gas_used": 1.0650500000000000e+05,
      "input_size": 3.2000000000000000e+01
    },
    {
      "name": "external/total/micro/memory_grow_mstore/by32",
      "family_index": 24,
      "per_family_instance_index": 0,
      "run_name": "external/total/micro/memory_grow_mstore/by32",
      "run_type": "iteration",
      "repetitions": 20,
      "repetition_index": 16,
      "threads": 1,
      "iterations": 94841,
      "real_time": 7.1037131304008510e+00,
      "cpu_time": 7.2783807003300156e+00,
      "time_unit": "us",
      "code_size": 2.0485000000000000e+04,
      "execution_time_ns": 7.0840749675773141e+03,
      "gas_rate": 1.4633062543042143e+10,
      "gas_used": 1.0650500000000000e+05,
      "input_size": 3.2000000000000000e+01
    },
    {
      "name": "external/total/micro/memory_grow_mstore/by32",
      "family_index": 24,
      "per_family_instance_index": 0,
      "run_name": "external/total/micro/memory_grow_mstore/by32",
      "run_type": "iteration",
      "repetitions": 20,
      "repetition_index": 17,
      "threads": 1,
      "iterations": 94841,
      "real_time": 7.0995855378978678e+00,
      "cpu_time": 7.2531365759530972e+00,
      "time_unit": "us",
      "code_size": 2.0485000000000000e+04,
      "execution_time_ns": 7.0811943674149370e+03,
      "gas_rate": 1.4683992074974092e+10,
      "gas_used": 1.0650500000000000e+05,
      "input_size": 3.2000000000000000e+01
    },
    {
      "name": "external/total/micro/memory_grow_mstore/by32",
      "family_index": 24,
      "per_family_instance_index": 0,
      "run_name": "external/total/micro/memory_grow_mstore/by32",
      "run_type": "iteration",
      "repetitions": 20,
      "repetition_index": 18,
      "threads": 1,
      "iterations": 94841,
      "real_time": 7.1211345831461408e+00,
      "cpu_time": 7.2956523760823790e+00,
      "time_unit": "us",
      "code_size": 2.0485000000000000e+04,
      "execution_time_ns": 7.1023617739163446e+03,
      "gas_rate": 1.4598420334439108e+10,
      "gas_used": 1.0650500000000000e+05,
      "input_size": 3.2000000000000000e+01
    },
    {
      "name": "external/total/micro/memory_grow_mstore/by32",
      "family_index": 24,
      "per_family_instance_index": 0,
      "run_name": "external/total/micro/memory_grow_mstore/by32",
      "run_type": "iteration",
      "repetitions": 20,
      "repetition_index": 19,
      "threads": 1,
      "iterations": 94841,
      "real_time": 7.0809116204983882e+00,
      "cpu_time": 7.2547247393004319e+00,
      "time_unit": "us",
      "code_size": 2.0485000000000000e+04,
      "execution_time_ns": 7.0622473930051347e+03,
      "gas_rate": 1.4680777538400473e+10,
      "gas_used": 1.0650500000000000e+05,
      "input_size": 3.2000000000000000e+01
    },
    {
      "name": "external/total/micro/memory_grow_mstore/by32_mean",
      "family_index": 24,
      "per_family_instance_index": 0,
      "run_name": "external/total/micro/memory_grow_mstore/by32",
      "run_type": "aggregate",
      "repetitions": 20,
      "threads": 1,
      "aggregate_name": "mean",
      "aggregate_unit": "time",
      "iterations": 20,
      "real_time": 7.1726575294446828e+00,
      "cpu_time": 7.3435006131314626e+00,
      "time_unit": "us",
      "code_size": 2.0485000000000000e+04,
      "execution_time_ns": 7.1535206819835294e+03,
      "gas_rate": 1.4506654346728926e+10,
      "gas_used": 1.0650500000000000e+05,
      "input_size": 3.2000000000000000e+01
    },
    {
      "name": "external/total/micro/memory_grow_mstore/by32_median",
      "family_index": 24,
      "per_family_instance_index": 0,
      "run_name": "external/total/micro/memory_grow_mstore/by32",
      "run_type": "aggregate",
      "repetitions": 20,
      "threads": 1,
      "aggregate_name": "median",
      "aggregate_unit": "time",
      "iterations": 20,
      "real_time": 7.1388510454353140e+00,
      "cpu_time": 7.2882377031032295e+00,
      "time_unit": "us",
      "code_size": 2.0485000000000000e+04,
      "execution_time_ns": 7.1189252011260960e+03,
      "gas_rate": 1.4613287130726315e+10,
      "gas_used": 1.0650500000000000e+05,
      "input_size": 3.2000000000000000e+01
    },
    {
      "name": "external/total/micro/memory_grow_mstore/by32_stddev",
      "family_index": 24,
      "per_family_instance_index": 0,
      "run_name": "external/total/micro/memory_grow_mstore/by32",
      "run_type": "aggregate",
      "repetitions": 20,
      "threads": 1,
      "aggregate_name": "stddev",
      "aggregate_unit": "time",
      "iterations": 20,
      "real_time": 1.1006726647168952e-01,
      "cpu_time": 1.1531074686919629e-01,
      "time_unit": "us",
      "code_size": 0.0000000000000000e+00,
      "execution_time_ns": 1.0987752335193781e+02,
      "gas_rate": 2.2481542880275643e+08,
      "gas_used": 0.0000000000000000e+00,
      "input_size": 0.0000000000000000e+00
    },
    {
      "name": "external/total/micro/memory_grow_mstore/by32_cv",
      "family_index": 24,
      "per_family_instance_index": 0,
      "run_name": "external/total/micro/memory_grow_mstore/by32",
      "run_type": "aggregate",
      "repetitions": 20,
      "threads": 1,
      "aggregate_name": "cv",
      "aggregate_unit": "percentage",
      "iterations": 20,
      "real_time": 1.5345395485543428e-02,
      "cpu_time": 1.5702422174923025e-02,
      "time_unit": "us",
      "code_size": 0.0000000000000000e+00,
      "execution_time_ns": 1.5359922510417758e-02,
      "gas_rate": 1.5497400257106806e-02,
      "gas_used": 0.0000000000000000e+00,
      "input_size": 0.0000000000000000e+00
    },
    {
      "name": "external/total/micro/signextend/zero",
      "family_index": 25,
      "per_family_instance_index": 0,
      "run_name": "external/total/micro/signextend/zero",
      "run_type": "iteration",
      "repetitions": 20,
      "repetition_index": 0,
      "threads": 1,
      "iterations": 12149,
      "real_time": 5.6963552885029621e+01,
      "cpu_time": 5.8355478146348823e+01,
      "time_unit": "us",
      "code_size": 2.4041000000000000e+04,
      "execution_time_ns": 5.6931449584327929e+04,
      "gas_rate": 1.6462207671245110e+09,
      "gas_used": 9.6066000000000000e+04,
      "input_size": 3.2000000000000000e+01
    },
    {
      "name": "external/total/micro/signextend/zero",
      "family_index": 25,
      "per_family_instance_index": 0,
      "run_name": "external/total/micro/signextend/zero",
      "run_type": "iteration",
      "repetitions": 20,
      "repetition_index": 1,
      "threads": 1,
      "iterations": 12149,
      "real_time": 5.7189063873550786e+01,
      "cpu_time": 5.8594036875461256e+01,
      "time_unit": "us",
      "code_size": 2.4041000000000000e+04,
      "execution_time_ns": 5.7160068976870527e+04,
      "gas_rate": 1.6395183729051397e+09,
      "gas_used": 9.6066000000000000e+04,
      "input_size": 3.2000000000000000e+01
    },
    {
      "name": "external/total/micro/signextend/zero",
      "family_index": 25,
      "per_family_instance_index": 0,
      "run_name": "external/total/micro/signextend/zero",
      "run_type": "iteration",
      "repetitions": 20,
      "repetition_index": 2,
      "threads": 1,
      "iterations": 12149,
      "real_time": 5.7621832249556839e+01,
      "cpu_time": 5.8867495020165656e+01,
      "time_unit": "us",
      "code_size": 2.4041000000000000e+04,
      "execution_time_ns": 5.7594117705160919e+04,
      "gas_rate": 1.6319022911895878e+09,
      "gas_used": 9.6066000000000000e+04,
      "input_size": 3.2000000000000000e+01
    },
    {
      "name": "external/total/micro/signextend/zero",
      "family_index": 25,
      "per_family_instance_index": 0,
      "run_name": "external/total/micro/signextend/zero",
      "run_type": "iteration",
      "repetitions": 20,
      "repetition_index": 3,
      "threads": 1,
      "iterations": 12149,
      "real_time": 5.6896847477191798e+01,
      "cpu_time": 5.8291149148076670e+01,
      "time_unit": "us",
      "code_size": 2.4041000000000000e+04,
      "execution_time_ns": 5.6868753148407275e+04,
      "gas_rate": 1.6480375049042883e+09,
      "gas_used": 9.6066000000000000e+04,
      "input_size": 3.2000000000000000e+01
    },
    {
      "name": "external/total/micro/signextend/zero",
      "family_index": 25,
      "per_family_instance_index": 0,
      "run_name": "external/total/micro/signextend/zero",
      "run_type": "iteration",
      "repetitions": 20,
      "repetition_index": 4,
      "threads": 1,
      "iterations": 12149,
      "real_time": 5.6477682854600118e+01,
      "cpu_time": 5.7851790188489993e+01,
      "time_unit": "us",
      "code_size": 2.4041000000000000e+04,
      "execution_time_ns": 5.6432841056877107e+04,
      "gas_rate": 1.6605536265516117e+09,
      "gas_used": 9.6066000000000000e+04,
      "input_size": 3.2000000000000000e+01
    },
    {
      "name": "external/total/micro/signextend/zero",
      "family_index": 25,
      "per_family_instance_index": 0,
      "run_name": "external/total/micro/signextend/zero",
      "run_type": "iteration",
      "repetitions": 20,
      "repetition_index": 5,
      "threads": 1,
      "iterations": 12149,
      "real_time": 5.5554508107637446e+01,
      "cpu_time": 5.6388975800476864e+01,
      "time_unit": "us",
      "code_size": 2.4041000000000000e+04,
      "execution_time_ns": 5.5527660795127173e+04,
      "gas_rate": 1.7036308717490060e+09,
      "gas_used": 9.6066000000000000e+04,
      "input_size": 3.2000000000000000e+01
    },
    {
      "name": "external/total/micro/signextend/zero",
      "family_index": 25,
      "per_family_instance_index": 0,
      "run_name": "external/total/micro/signextend/zero",
      "run_type": "iteration",
      "repetitions": 20,
      "repetition_index": 6,
      "threads": 1,
      "iterations": 12149,
      "real_time": 5.5057709523367457e+01,
      "cpu_time": 5.6407462424888237e+01,
      "time_unit": "us",
      "code_size": 2.4041000000000000e+04,
      "execution_time_ns": 5.5030350975388923e+04,
      "gas_rate": 1.7030725345590713e+09,
      "gas_used": 9.6066000000000000e+04,
      "input_size": 3.2000000000000000e+01
    },
    {
      "name": "external/total/micro/signextend/zero",
      "family_index": 25,
      "per_family_instance_index": 0,
      "run_name": "external/total/micro/signextend/zero",
      "run_type": "iteration",
      "repetitions": 20,
      "repetition_index": 7,
      "threads": 1,
      "iterations": 12149,
      "real_time": 5.5595376821160194e+01,
      "cpu_time": 5.6957109720965342e+01,
      "time_unit": "us",
      "code_size": 2.4041000000000000e+04,
      "execution_time_ns": 5.5565516338793313e+04,
      "gas_rate": 1.6866375500904160e+09,
      "gas_used": 9.6066000000000000e+04,
      "input_size": 3.2000000000000000e+01
    },
    {
      "name": "external/total/micro/signextend/zero",
      "family_index": 25,
      "per_family_instance_index": 0,
      "run_name": "external/total/micro/signextend/zero",
      "run_type": "iteration",
      "repetitions": 20,
      "repetition_index": 8,
      "threads": 1,
      "iterations": 12149,
      "real_time": 5.5117140669957045e+01,
      "cpu_time": 5.6322691003376335e+01,
      "time_unit": "us",
      "code_size": 2.4041000000000000e+04,
      "execution_time_ns": 5.5090543748456665e+04,
      "gas_rate": 1.7056358332424352e+09,
      "gas_used": 9.6066000000000000e+04,
      "input_size": 3.2000000000000000e+01
    },
    {
      "name": "external/total/micro/signextend/zero",
      "family_index": 25,
      "per_family_instance_index": 0,
      "run_name": "external/total/micro/signextend/zero",
      "run_type": "iteration",
      "repetitions": 20,
      "repetition_index": 9,
      "threads": 1,
      "iterations": 12149,
      "real_time": 5.5272573051276325e+01,
      "cpu_time": 5.6627157543829547e+01,
      "time_unit": "us",
      "code_size": 2.4041000000000000e+04,
      "execution_time_ns": 5.5244182237221168e+04,
      "gas_rate": 1.6964651620672414e+09,
      "gas_used": 9.6066000000000000e+04,
      "input_size": 3.2000000000000000e+01
    },
    {
      "name": "external/total/micro/signextend/zero",
      "family_index": 25,
      "per_family_instance_index": 0,
      "run_name": "external/total/micro/signextend/zero",
      "run_type": "iteration",
      "repetitions": 20,
      "repetition_index": 10,
      "threads": 1,
      "iterations": 12149,
      "real_time": 5.5751098938190594e+01,
      "cpu_time": 5.7119092929459249e+01,
      "time_unit": "us",
      "code_size": 2.4041000000000000e+04,
      "execution_time_ns": 5.5724104864597910e+04,
      "gas_rate": 1.6818544390864062e+09,
      "gas_used": 9.6066000000000000e+04,
      "input_size": 3.2000000000000000e+01
    },
    {
      "name": "external/total/micro/signextend/zero",
      "family_index": 25,
      "per_family_instance_index": 0,
      "run_name": "external/total/micro/signextend/zero",
      "run_type": "iteration",
      "repetitions": 20,
      "repetition_index": 11,
      "threads": 1,
      "iterations": 12149,
      "real_time": 5.7780612972265502e+01,
      "cpu_time": 5.9074761461849398e+01,
      "time_unit": "us",
      "code_size": 2.4041000000000000e+04,
      "execution_time_ns": 5.7749319285537902e+04,
      "gas_rate": 1.6261766890424030e+09,
      "gas_used": 9.6066000000000000e+04,
      "input_size": 3.2000000000000000e+01
    },
    {
      "name": "external/total/micro/signextend/zero",
      "family_index": 25,
      "per_family_instance_index": 0,
      "run_name": "external/total/micro/signextend/zero",
      "run_type": "iteration",
      "repetitions": 20,
      "repetition_index": 12,
      "threads": 1,
      "iterations": 12149,
      "real_time": 5.7968751831423681e+01,
      "cpu_time": 5.9390892583754734e+01,
      "time_unit": "us",
      "code_size": 2.4041000000000000e+04,
      "execution_time_ns": 5.7941261091447857e+04,
      "gas_rate": 1.6175207312219627e+09,
      "gas_used": 9.6066000000000000e+04,
      "input_size": 3.2000000000000000e+01
    },
    {
      "name": "external/total/micro/signextend/zero",
      "family_index": 25,
      "per_family_instance_index": 0,
      "run_name": "external/total/micro/signextend/zero",
      "run_type": "iteration",
      "repetitions": 20,
      "repetition_index": 13,
      "threads": 1,
      "iterations": 12149,
      "real_time": 5.8018240102025608e+01,
      "cpu_time": 5.9442378631982010e+01,
      "time_unit": "us",
      "code_size": 2.4041000000000000e+04,
      "execution_time_ns": 5.7986639311877523e+04,
      "gas_rate": 1.6161197147705197e+09,
      "gas_used": 9.6066000000000000e+04,
      "input_size": 3.2000000000000000e+01
    },
    {
      "name": "external/total/micro/signextend/zero",
      "family_index": 25,
      "per_family_instance_index": 0,
      "run_name": "external/total/micro/signextend/zero",
      "run_type": "iteration",
      "repetitions": 20,
      "repetition_index": 14,
      "threads": 1,
      "iterations": 12149,
      "real_time": 5.7181284385562719e+01,
      "cpu_time": 5.8578691003370977e+01,
      "time_unit": "us",
      "code_size": 2.4041000000000000e+04,
      "execution_time_ns": 5.7152145114824263e+04,
      "gas_rate": 1.6399478778805721e+09,
      "gas_used": 9.6066000000000000e+04,
      "input_size": 3.2000000000000000e+01
    },
    {
      "name": "external/total/micro/signextend/zero",
      "family_index": 25,
      "per_family_instance_index": 0,
      "run_name": "external/total/micro/signextend/zero",
      "run_type": "iteration",
      "repetitions": 20,
      "repetition_index": 15,
      "threads": 1,
      "iterations": 12149,
      "real_time": 5.7174960984443317e+01,
      "cpu_time": 5.8578272779654910e+01,
      "time_unit": "us",
      "code_size": 2.4041000000000000e+04,
      "execution_time_ns": 1.1843264877767717e+05,
      "gas_rate": 1.6399595864042807e+09,
      "gas_used": 9.6066000000000000e+04,
      "input_size": 3.2000000000000000e+01
    },
    {
      "name": "external/total/micro/signextend/zero",
      "family_index": 25,
      "per_family_instance_index": 0,
      "run_name": "external/total/micro/signextend/zero",
      "run_type": "iteration",
      "repetitions": 20,
      "repetition_index": 16,
      "threads": 1,
      "iterations": 12149,
      "real_time": 5.7961244629185657e+01,
      "cpu_time": 5.9382719483089318e+01,
      "time_unit": "us",
      "code_size": 2.4041000000000000e+04,
      "execution_time_ns": 5.7886665157626143e+04,
      "gas_rate": 1.6177433576001372e+09,
      "gas_used": 9.6066000000000000e+04,
      "input_size": 3.2000000000000000e+01
    },
    {
      "name": "external/total/micro/signextend/zero",
      "family_index": 25,
      "per_family_instance_index": 0,
      "run_name": "external/total/micro/signextend/zero",
      "run_type": "iteration",
      "repetitions": 20,
      "repetition_index": 17,
      "threads": 1,
      "iterations": 12149,
      "real_time": 5.5992402749204736e+01,
      "cpu_time": 5.7360033418385527e+01,
      "time_unit": "us",
      "code_size": 2.4041000000000000e+04,
      "execution_time_ns": 5.5964687546300105e+04,
      "gas_rate": 1.6747898192334056e+09,
      "gas_used": 9.6066000000000000e+04,
      "input_size": 3.2000000000000000e+01
    },
    {
      "name": "external/total/micro/signextend/zero",
      "family_index": 25,
      "per_family_instance_index": 0,
      "run_name": "external/total/micro/signextend/zero",
      "run_type": "iteration",
      "repetitions": 20,
      "repetition_index": 18,
      "threads": 1,
      "iterations": 12149,
      "real_time": 5.5427463906469157e+01,
      "cpu_time": 5.6788574779816564e+01,
      "time_unit": "us",
      "code_size": 2.4041000000000000e+04,
      "execution_time_ns": 5.5400933986336328e+04,
      "gas_rate": 1.6916430879357653e+09,
      "gas_used": 9.6066000000000000e+04,
      "input_size": 3.2000000000000000e+01
    },
    {
      "name": "external/total/micro/signextend/zero",
      "family_index": 25,
      "per_family_instance_index": 0,
      "run_name": "external/total/micro/signextend/zero",
      "run_type": "iteration",
      "repetitions": 20,
      "repetition_index": 19,
      "threads": 1,
      "iterations": 12149,
      "real_time": 5.7874680961430769e+01,
      "cpu_time": 5.9283031195981941e+01,
      "time_unit": "us",
      "code_size": 2.4041000000000000e+04,
      "execution_time_ns": 5.7847784591324387e+04,
      "gas_rate": 1.6204636986664596e+09,
      "gas_used": 9.6066000000000000e+04,
      "input_size": 3.2000000000000000e+01
    },
    {
      "name": "external/total/micro/signextend/zero_mean",
      "family_index": 25,
      "per_family_instance_index": 0,
      "run_name": "external/total/micro/signextend/zero",
      "run_type": "aggregate",
      "repetitions": 20,
      "threads": 1,
      "aggregate_name": "mean",
      "aggregate_unit": "time",
      "iterations": 20,
      "real_time": 5.6643851448676479e+01,
      "cpu_time": 5.7983089706971171e+01,
      "time_unit": "us",
      "code_size": 2.4041000000000000e+04,
      "execution_time_ns": 5.9676583714709028e+04,
      "gas_rate": 1.6573946758112612e+09,
      "gas_used": 9.6066000000000000e+04,
      "input_size": 3.2000000000000000e+01
    },
    {
      "name": "external/total/micro/signextend/zero_median",
      "family_index": 25,
      "per_family_instance_index": 0,
      "run_name": "external/total/micro/signextend/zero",
      "run_type": "aggregate",
      "repetitions": 20,
      "threads": 1,
      "aggregate_name": "median",
      "aggregate_unit": "time",
      "iterations": 20,
      "real_time": 5.6930200181110706e+01,
      "cpu_time": 5.8323313647212750e+01,
      "time_unit": "us",
      "code_size": 2.4041000000000000e+04,
      "execution_time_ns": 5.6900101366367599e+04,
      "gas_rate": 1.6471291360143995e+09,
      "gas_used": 9.6066000000000000e+04,
      "input_size": 3.2000000000000000e+01
    },
    {
      "name": "external/total/micro/signextend/zero_stddev",
      "family_index": 25,
      "per_family_instance_index": 0,
      "run_name": "external/total/micro/signextend/zero",
      "run_type": "aggregate",
      "repetitions": 20,
      "threads": 1,
      "aggregate_name": "stddev",
      "aggregate_unit": "time",
      "iterations": 20,
      "real_time": 1.0740845818715832e+00,
      "cpu_time": 1.1309214877489033e+00,
      "time_unit": "us",
      "code_size": 0.0000000000000000e+00,
      "execution_time_ns": 1.3870548591168081e+04,
      "gas_rate": 3.2453500929937411e+07,
      "gas_used": 0.0000000000000000e+00,
      "input_size": 0.0000000000000000e+00
    },
    {
      "name": "external/total/micro/signextend/zero_cv",
      "family_index": 25,
      "per_family_instance_index": 0,
      "run_name": "external/total/micro/signextend/zero",
      "run_type": "aggregate",
      "repetitions": 20,
      "threads": 1,
      "aggregate_name": "cv",
      "aggregate_unit": "percentage",
      "iterations": 20,
      "real_time": 1.8962068334014742e-02,
      "cpu_time": 1.9504332960941461e-02,
      "time_unit": "us",
      "code_size": 0.0000000000000000e+00,
      "execution_time_ns": 2.3242866343485546e-01,
      "gas_rate": 1.9581033656966514e-02,
      "gas_used": 0.0000000000000000e+00,
      "input_size": 0.0000000000000000e+00
    },
    {
      "name": "external/total/micro/signextend/one",
      "family_index": 26,
      "per_family_instance_index": 0,
      "run_name": "external/total/micro/signextend/one",
      "run_type": "iteration",
      "repetitions": 20,
      "repetition_index": 0,
      "threads": 1,
      "iterations": 12569,
      "real_time": 5.5374714774460031e+01,
      "cpu_time": 5.6721885830216905e+01,
      "time_unit": "us",
      "code_size": 2.4041000000000000e+04,
      "execution_time_ns": 5.5343184024186492e+04,
      "gas_rate": 1.6936319833855679e+09,
      "gas_used": 9.6066000000000000e+04,
      "input_size": 3.2000000000000000e+01
    },
    {
      "name": "external/total/micro/signextend/one",
      "family_index": 26,
      "per_family_instance_index": 0,
      "run_name": "external/total/micro/signextend/one",
      "run_type": "iteration",
      "repetitions": 20,
      "repetition_index": 1,
      "threads": 1,
      "iterations": 12569,
      "real_time": 5.6212645397410043e+01,
      "cpu_time": 5.7583110828228456e+01,
      "time_unit": "us",
      "code_size": 2.4041000000000000e+04,
      "execution_time_ns": 5.6182180284827751e+04,
      "gas_rate": 1.6683016707202003e+09,
      "gas_used": 9.6066000000000000e+04,
      "input_size": 3.2000000000000000e+01
    },
    {
      "name": "external/total/micro/signextend/one",
      "family_index": 26,
      "per_family_instance_index": 0,
      "run_name": "external/total/micro/signextend/one",
      "run_type": "iteration",
      "repetitions": 20,
      "repetition_index": 2,
      "threads": 1,
      "iterations": 12569,
      "real_time": 5.5999953456945008e+01,
      "cpu_time": 5.7344390325400326e+01,
      "time_unit": "us",
      "code_size": 2.4041000000000000e+04,
      "execution_time_ns": 5.5967629405680644e+04,
      "gas_rate": 1.6752466885579247e+09,
      "gas_used": 9.6066000000000000e+04,
      "input_size": 3.2000000000000000e+01
    },
    {
      "name": "external/total/micro/signextend/one",
      "family_index": 26,
      "per_family_instance_index": 0,
      "run_name": "external/total/micro/signextend/one",
      "run_type": "iteration",
      "repetitions": 20,
      "repetition_index": 3,
      "threads": 1,
      "iterations": 12569,
      "real_time": 5.5950548333230451e+01,
      "cpu_time": 5.7314910732755600e+01,
      "time_unit": "us",
      "code_size": 2.4041000000000000e+04,
      "execution_time_ns": 5.5918568462089264e+04,
      "gas_rate": 1.6761083419972608e+09,
      "gas_used": 9.6066000000000000e+04,
      "input_size": 3.2000000000000000e+01
    },
    {
      "name": "external/total/micro/signextend/one",
      "family_index": 26,
      "per_family_instance_index": 0,
      "run_name": "external/total/micro/signextend/one",
      "run_type": "iteration",
      "repetitions": 20,
      "repetition_index": 4,
      "threads": 1,
      "iterations": 12569,
      "real_time": 5.6020389848046570e+01,
      "cpu_time": 5.7384768080198256e+01,
      "time_unit": "us",
      "code_size": 2.4041000000000000e+04,
      "execution_time_ns": 5.5986111226032299e+04,
      "gas_rate": 1.6740679315065396e+09,
      "gas_used": 9.6066000000000000e+04,
      "input_size": 3.2000000000000000e+01
    },
    {
      "name": "external/total/micro/signextend/one",
      "family_index": 26,
      "per_family_instance_index": 0,
      "run_name": "external/total/micro/signextend/one",
      "run_type": "iteration",
      "repetitions": 20,
      "repetition_index": 5,
      "threads": 1,
      "iterations": 12569,
      "real_time": 5.6368917097658624e+01,
      "cpu_time": 5.7734976847798947e+01,
      "time_unit": "us",
      "code_size": 2.4041000000000000e+04,
      "execution_time_ns": 5.6330705943193570e+04,
      "gas_rate": 1.6639133718412907e+09,
      "gas_used": 9.6066000000000000e+04,
      "input_size": 3.2000000000000000e+01
    },
    {
      "name": "external/total/micro/signextend/one",
      "family_index": 26,
      "per_family_instance_index": 0,
      "run_name": "external/total/micro/signextend/one",
      "run_type": "iteration",
      "repetitions": 20,
      "repetition_index": 6,
      "threads": 1,
      "iterations": 12569,
      "real_time": 5.5608297398376919e+01,
      "cpu_time": 5.6964308218629967e+01,
      "time_unit": "us",
      "code_size": 2.4041000000000000e+04,
      "execution_time_ns": 5.5578488344339246e+04,
      "gas_rate": 1.6864244121300848e+09,
      "gas_used": 9.6066000000000000e+04,
      "input_size": 3.2000000000000000e+01
    },
    {
      "name": "external/total/micro/signextend/one",
      "family_index": 26,
      "per_family_instance_index": 0,
      "run_name": "external/total/micro/signextend/one",
      "run_type": "iteration",
      "repetitions": 20,
      "repetition_index": 7,
      "threads": 1,
      "iterations": 12569,
      "real_time": 5.3990512530807798e+01,
      "cpu_time": 5.5312392632667340e+01,
      "time_unit": "us",
      "code_size": 2.4041000000000000e+04,
      "execution_time_ns": 5.3960935317049887e+04,
      "gas_rate": 1.7367898119681718e+09,
      "gas_used": 9.6066000000000000e+04,
      "input_size": 3.2000000000000000e+01
    },
    {
      "name": "external/total/micro/signextend/one",
      "family_index": 26,
      "per_family_instance_index": 0,
      "run_name": "external/total/micro/signextend/one",
      "run_type": "iteration",
      "repetitions": 20,
      "repetition_index": 8,
      "threads": 1,
      "iterations": 12569,
      "real_time": 5.4523884000297492e+01,
      "cpu_time": 5.5865005728378158e+01,
      "time_unit": "us",
      "code_size": 2.4041000000000000e+04,
      "execution_time_ns": 5.4494646749940330e+04,
      "gas_rate": 1.7196095972330787e+09,
      "gas_used": 9.6066000000000000e+04,
      "input_size": 3.2000000000000000e+01
    },
    {
      "name": "external/total/micro/signextend/one",
      "family_index": 26,
      "per_family_instance_index": 0,
      "run_name": "external/total/micro/signextend/one",
      "run_type": "iteration",
      "repetitions": 20,
      "repetition_index": 9,
      "threads": 1,
      "iterations": 12569,
      "real_time": 5.4797677937773429e+01,
      "cpu_time": 5.6147354682155083e+01,
      "time_unit": "us",
      "code_size": 2.4041000000000000e+04,
      "execution_time_ns": 5.4768045508791474e+04,
      "gas_rate": 1.7109621734420192e+09,
      "gas_used": 9.6066000000000000e+04,
      "input_size": 3.2000000000000000e+01
    },
    {
      "name": "external/total/micro/signextend/one",
      "family_index": 26,
      "per_family_instance_index": 0,
      "run_name": "external/total/micro/signextend/one",
      "run_type": "iteration",
      "repetitions": 20,
      "repetition_index": 10,
      "threads": 1,
      "iterations": 12569,
      "real_time": 5.3728690349299583e+01,
      "cpu_time": 5.5046427798552159e+01,
      "time_unit": "us",
      "code_size": 2.4041000000000000e+04,
      "execution_time_ns": 5.3691765295568461e+04,
      "gas_rate": 1.7451813649300373e+09,
      "gas_used": 9.6066000000000000e+04,
      "input_size": 3.2000000000000000e+01
    },
    {
      "name": "external/total/micro/signextend/one",
      "family_index": 26,
      "per_family_instance_index": 0,
      "run_name": "external/total/micro/signextend/one",
      "run_type": "iteration",
      "repetitions": 20,
      "repetition_index": 11,
      "threads": 1,
      "iterations": 12569,
      "real_time": 5.5131549128826954e+01,
      "cpu_time": 5.6487737369718623e+01,
      "time_unit": "us",
      "code_size": 2.4041000000000000e+04,
      "execution_time_ns": 5.5099662821226826e+04,
      "gas_rate": 1.7006522915095212e+09,
      "gas_used": 9.6066000000000000e+04,
      "input_size": 3.2000000000000000e+01
    },
    {
      "name": "external/total/micro/signextend/one",
      "family_index": 26,
      "per_family_instance_index": 0,
      "run_name": "external/total/micro/signextend/one",
      "run_type": "iteration",
      "repetitions": 20,
      "repetition_index": 12,
      "threads": 1,
      "iterations": 12569,
      "real_time": 5.4459527408732754e+01,
      "cpu_time": 5.5798591852973537e+01,
      "time_unit": "us",
      "code_size": 2.4041000000000000e+04,
      "execution_time_ns": 5.4414241307979952e+04,
      "gas_rate": 1.7216563502736599e+09,
      "gas_used": 9.6066000000000000e+04,
      "input_size": 3.2000000000000000e+01
    },
    {
      "name": "external/total/micro/signextend/one",
      "family_index": 26,
      "per_family_instance_index": 0,
      "run_name": "external/total/micro/signextend/one",
      "run_type": "iteration",
      "repetitions": 20,
      "repetition_index": 13,
      "threads": 1,
      "iterations": 12569,
      "real_time": 5.4771373538014643e+01,
      "cpu_time": 5.6115312435354426e+01,
      "time_unit": "us",
      "code_size": 2.4041000000000000e+04,
      "execution_time_ns": 5.4738965550163099e+04,
      "gas_rate": 1.7119391451427679e+09,
      "gas_used": 9.6066000000000000e+04,
      "input_size": 3.2000000000000000e+01
    },
    {
      "name": "external/total/micro/signextend/one",
      "family_index": 26,
      "per_family_instance_index": 0,
      "run_name": "external/total/micro/signextend/one",
      "run_type": "iteration",
      "repetitions": 20,
      "repetition_index": 14,
      "threads": 1,
      "iterations": 12569,
      "real_time": 5.6513697987137277e+01,
      "cpu_time": 5.7902851937305734e+01,
      "time_unit": "us",
      "code_size": 2.4041000000000000e+04,
      "execution_time_ns": 5.6482876760283238e+04,
      "gas_rate": 1.6590892639280598e+09,
      "gas_used": 9.6066000000000000e+04,
      "input_size": 3.2000000000000000e+01
    },
    {
      "name": "external/total/micro/signextend/one",
      "family_index": 26,
      "per_family_instance_index": 0,
      "run_name": "external/total/micro/signextend/one",
      "run_type": "iteration",
      "repetitions": 20,
      "repetition_index": 15,
      "threads": 1,
      "iterations": 12569,
      "real_time": 5.6825714694903787e+01,
      "cpu_time": 5.8224257220146157e+01,
      "time_unit": "us",
      "code_size": 2.4041000000000000e+04,
      "execution_time_ns": 5.6791270347680802e+04,
      "gas_rate": 1.6499308808144014e+09,
      "gas_used": 9.6066000000000000e+04,
      "input_size": 3.2000000000000000e+01
    },
    {
      "name": "external/total/micro/signextend/one",
      "family_index": 26,
      "per_family_instance_index": 0,
      "run_name": "external/total/micro/signextend/one",
      "run_type": "iteration",
      "repetitions": 20,
      "repetition_index": 16,
      "threads": 1,
      "iterations": 12569,
      "real_time": 5.6860270029439285e+01,
      "cpu_time": 5.8259756543877593e+01,
      "time_unit": "us",
      "code_size": 2.4041000000000000e+04,
      "execution_time_ns": 5.6829296045827032e+04,
      "gas_rate": 1.6489255310850661e+09,
      "gas_used": 9.6066000000000000e+04,
      "input_size": 3.2000000000000000e+01
    },
    {
      "name": "external/total/micro/signextend/one",
      "family_index": 26,
      "per_family_instance_index": 0,
      "run_name": "external/total/micro/signextend/one",
      "run_type": "iteration",
      "repetitions": 20,
      "repetition_index": 17,
      "threads": 1,
      "iterations": 12569,
      "real_time": 5.6569860450331937e+01,
      "cpu_time": 5.7959401066114502e+01,
      "time_unit": "us",
      "code_size": 2.4041000000000000e+04,
      "execution_time_ns": 5.6536476171533141e+04,
      "gas_rate": 1.6574705437417679e+09,
      "gas_used": 9.6066000000000000e+04,
      "input_size": 3.2000000000000000e+01
    },
    {
      "name": "external/total/micro/signextend/one",
      "family_index": 26,
      "per_family_instance_index": 0,
      "run_name": "external/total/micro/signextend/one",
      "run_type": "iteration",
      "repetitions": 20,
      "repetition_index": 18,
      "threads": 1,
      "iterations": 12569,
      "real_time": 5.6727050043762873e+01,
      "cpu_time": 5.8120006285304562e+01,
      "time_unit": "us",
      "code_size": 2.4041000000000000e+04,
      "execution_time_ns": 5.6694358262391601e+04,
      "gas_rate": 1.6528903924824584e+09,
      "gas_used": 9.6066000000000000e+04,
      "input_size": 3.2000000000000000e+01
    },
    {
      "name": "external/total/micro/signextend/one",
      "family_index": 26,
      "per_family_instance_index": 0,
      "run_name": "external/total/micro/signextend/one",
      "run_type": "iteration",
      "repetitions": 20,
      "repetition_index": 19,
      "threads": 1,
      "iterations": 12569,
      "real_time": 5.5955117670430432e+01,
      "cpu_time": 5.7326113374174192e+01,
      "time_unit": "us",
      "code_size": 2.4041000000000000e+04,
      "execution_time_ns": 5.5922696555016308e+04,
      "gas_rate": 1.6757807977137063e+09,
      "gas_used": 9.6066000000000000e+04,
      "input_size": 3.2000000000000000e+01
    },
    {
      "name": "external/total/micro/signextend/one_mean",
      "family_index": 26,
      "per_family_instance_index": 0,
      "run_name": "external/total/micro/signextend/one",
      "run_type": "aggregate",
      "repetitions": 20,
      "threads": 1,
      "aggregate_name": "mean",
      "aggregate_unit": "time",
      "iterations": 20,
      "real_time": 5.5619519603794288e+01,
      "cpu_time": 5.6980677989497529e+01,
      "time_unit": "us",
      "code_size": 2.4041000000000000e+04,
      "execution_time_ns": 5.5586605219190067e+04,
      "gas_rate": 1.6864286272201793e+09,
      "gas_used": 9.6066000000000000e+04,
      "input_size": 3.2000000000000000e+01
    },
    {
      "name": "external/total/micro/signextend/one_median",
      "family_index": 26,
      "per_family_instance_index": 0,
      "run_name": "external/total/micro/signextend/one",
      "run_type": "aggregate",
      "repetitions": 20,
      "threads": 1,
      "aggregate_name": "median",
      "aggregate_unit": "time",
      "iterations": 20,
      "real_time": 5.5952833001830449e+01,
      "cpu_time": 5.7320512053464896e+01,
      "time_unit": "us",
      "code_size": 2.4041000000000000e+04,
      "execution_time_ns": 5.5920632508552786e+04,
      "gas_rate": 1.6759445698554835e+09,
      "gas_used": 9.6066000000000000e+04,
      "input_size": 3.2000000000000000e+01
    },
    {
      "name": "external/total/micro/signextend/one_stddev",
      "family_index": 26,
      "per_family_instance_index": 0,
      "run_name": "external/total/micro/signextend/one",
      "run_type": "aggregate",
      "repetitions": 20,
      "threads": 1,
      "aggregate_name": "stddev",
      "aggregate_unit": "time",
      "iterations": 20,
      "real_time": 9.6879107903517436e-01,
      "cpu_time": 9.9121078805138441e-01,
      "time_unit": "us",
      "code_size": 0.0000000000000000e+00,
      "execution_time_ns": 9.6925112031115020e+02,
      "gas_rate": 2.9575601103622667e+07,
      "gas_used": 0.0000000000000000e+00,
      "input_size": 0.0000000000000000e+00
    },
    {
      "name": "external/total/micro/signextend/one_cv",
      "family_index": 26,
      "per_family_instance_index": 0,
      "run_name": "external/total/micro/signextend/one",
      "run_type": "aggregate",
      "repetitions": 20,
      "threads": 1,
      "aggregate_name": "cv",
      "aggregate_unit": "percentage",
      "iterations": 20,
      "real_time": 1.7418184945435677e-02,
      "cpu_time": 1.7395559741042056e-02,
      "time_unit": "us",
      "code_size": 0.0000000000000000e+00,
      "execution_time_ns": 1.7436774857705058e-02,
      "gas_rate": 1.7537416423233719e-02,
      "gas_used": 0.0000000000000000e+00,
      "input_size": 0.0000000000000000e+00
    }
  ]
}
