External VM: /home/abmcar/DTVM/.worktrees/perf-value-range-cfg-join/build/lib/libdtvmapi.so,mode=multipass
{
  "context": {
    "date": "2026-05-11T20:24:32+08:00",
    "host_name": "DESKTOP-67J5975",
    "executable": "/home/abmcar/evmone/build/bin/evmone-bench",
    "num_cpus": 20,
    "mhz_per_cpu": 3878,
    "cpu_scaling_enabled": false,
    "aslr_enabled": false,
    "caches": [
      {
        "type": "Data",
        "level": 1,
        "size": 49152,
        "num_sharing": 1
      },
      {
        "type": "Instruction",
        "level": 1,
        "size": 65536,
        "num_sharing": 1
      },
      {
        "type": "Unified",
        "level": 2,
        "size": 3145728,
        "num_sharing": 1
      },
      {
        "type": "Unified",
        "level": 3,
        "size": 31457280,
        "num_sharing": 20
      }
    ],
    "load_avg": [1.73682,1.74316,1.43115],
    "library_version": "v1.9.4",
    "library_build_type": "release",
    "json_schema_version": 1
  },
  "benchmarks": [
    {
      "name": "external/total/main/blake2b_huff/empty",
      "family_index": 0,
      "per_family_instance_index": 0,
      "run_name": "external/total/main/blake2b_huff/empty",
      "run_type": "iteration",
      "repetitions": 20,
      "repetition_index": 0,
      "threads": 1,
      "iterations": 80029,
      "real_time": 8.5178005223064783e+00,
      "cpu_time": 8.6386174761648871e+00,
      "time_unit": "us",
      "code_size": 1.4363000000000000e+04,
      "execution_time_ns": 8.4950345499756331e+03,
      "gas_rate": 1.6187775461274614e+09,
      "gas_used": 1.3984000000000000e+04,
      "input_size": 6.4000000000000000e+01
    },
    {
      "name": "external/total/main/blake2b_huff/empty",
      "family_index": 0,
      "per_family_instance_index": 0,
      "run_name": "external/total/main/blake2b_huff/empty",
      "run_type": "iteration",
      "repetitions": 20,
      "repetition_index": 1,
      "threads": 1,
      "iterations": 80029,
      "real_time": 8.7233877594374238e+00,
      "cpu_time": 8.8467320971147956e+00,
      "time_unit": "us",
      "code_size": 1.4363000000000000e+04,
      "execution_time_ns": 8.6992468979994756e+03,
      "gas_rate": 1.5806966738102801e+09,
      "gas_used": 1.3984000000000000e+04,
      "input_size": 6.4000000000000000e+01
    },
    {
      "name": "external/total/main/blake2b_huff/empty",
      "family_index": 0,
      "per_family_instance_index": 0,
      "run_name": "external/total/main/blake2b_huff/empty",
      "run_type": "iteration",
      "repetitions": 20,
      "repetition_index": 2,
      "threads": 1,
      "iterations": 80029,
      "real_time": 8.6303246448135820e+00,
      "cpu_time": 8.7523238076197334e+00,
      "time_unit": "us",
      "code_size": 1.4363000000000000e+04,
      "execution_time_ns": 8.6065583226080544e+03,
      "gas_rate": 1.5977471020696919e+09,
      "gas_used": 1.3984000000000000e+04,
      "input_size": 6.4000000000000000e+01
    },
    {
      "name": "external/total/main/blake2b_huff/empty",
      "family_index": 0,
      "per_family_instance_index": 0,
      "run_name": "external/total/main/blake2b_huff/empty",
      "run_type": "iteration",
      "repetitions": 20,
      "repetition_index": 3,
      "threads": 1,
      "iterations": 80029,
      "real_time": 8.5940321758369276e+00,
      "cpu_time": 8.6627293106249024e+00,
      "time_unit": "us",
      "code_size": 1.4363000000000000e+04,
      "execution_time_ns": 8.5716718189656258e+03,
      "gas_rate": 1.6142718418834255e+09,
      "gas_used": 1.3984000000000000e+04,
      "input_size": 6.4000000000000000e+01
    },
    {
      "name": "external/total/main/blake2b_huff/empty",
      "family_index": 0,
      "per_family_instance_index": 0,
      "run_name": "external/total/main/blake2b_huff/empty",
      "run_type": "iteration",
      "repetitions": 20,
      "repetition_index": 4,
      "threads": 1,
      "iterations": 80029,
      "real_time": 8.6349958515030352e+00,
      "cpu_time": 8.6349754713916145e+00,
      "time_unit": "us",
      "code_size": 1.4363000000000000e+04,
      "execution_time_ns": 8.6135613215209487e+03,
      "gas_rate": 1.6194603037762115e+09,
      "gas_used": 1.3984000000000000e+04,
      "input_size": 6.4000000000000000e+01
    },
    {
      "name": "external/total/main/blake2b_huff/empty",
      "family_index": 0,
      "per_family_instance_index": 0,
      "run_name": "external/total/main/blake2b_huff/empty",
      "run_type": "iteration",
      "repetitions": 20,
      "repetition_index": 5,
      "threads": 1,
      "iterations": 80029,
      "real_time": 8.8142048757360545e+00,
      "cpu_time": 8.8546267103175058e+00,
      "time_unit": "us",
      "code_size": 1.4363000000000000e+04,
      "execution_time_ns": 8.7929623261567685e+03,
      "gas_rate": 1.5792873553557820e+09,
      "gas_used": 1.3984000000000000e+04,
      "input_size": 6.4000000000000000e+01
    },
    {
      "name": "external/total/main/blake2b_huff/empty",
      "family_index": 0,
      "per_family_instance_index": 0,
      "run_name": "external/total/main/blake2b_huff/empty",
      "run_type": "iteration",
      "repetitions": 20,
      "repetition_index": 6,
      "threads": 1,
      "iterations": 80029,
      "real_time": 8.6890481575378313e+00,
      "cpu_time": 8.8930153069512272e+00,
      "time_unit": "us",
      "code_size": 1.4363000000000000e+04,
      "execution_time_ns": 8.6665104774519241e+03,
      "gas_rate": 1.5724700247698219e+09,
      "gas_used": 1.3984000000000000e+04,
      "input_size": 6.4000000000000000e+01
    },
    {
      "name": "external/total/main/blake2b_huff/empty",
      "family_index": 0,
      "per_family_instance_index": 0,
      "run_name": "external/total/main/blake2b_huff/empty",
      "run_type": "iteration",
      "repetitions": 20,
      "repetition_index": 7,
      "threads": 1,
      "iterations": 80029,
      "real_time": 8.7283495233012580e+00,
      "cpu_time": 8.9321558560021987e+00,
      "time_unit": "us",
      "code_size": 1.4363000000000000e+04,
      "execution_time_ns": 8.7057098551774980e+03,
      "gas_rate": 1.5655794889207046e+09,
      "gas_used": 1.3984000000000000e+04,
      "input_size": 6.4000000000000000e+01
    },
    {
      "name": "external/total/main/blake2b_huff/empty",
      "family_index": 0,
      "per_family_instance_index": 0,
      "run_name": "external/total/main/blake2b_huff/empty",
      "run_type": "iteration",
      "repetitions": 20,
      "repetition_index": 8,
      "threads": 1,
      "iterations": 80029,
      "real_time": 8.5407724199968325e+00,
      "cpu_time": 8.7407963738144954e+00,
      "time_unit": "us",
      "code_size": 1.4363000000000000e+04,
      "execution_time_ns": 8.5182941808594387e+03,
      "gas_rate": 1.5998542240261989e+09,
      "gas_used": 1.3984000000000000e+04,
      "input_size": 6.4000000000000000e+01
    },
    {
      "name": "external/total/main/blake2b_huff/empty",
      "family_index": 0,
      "per_family_instance_index": 0,
      "run_name": "external/total/main/blake2b_huff/empty",
      "run_type": "iteration",
      "repetitions": 20,
      "repetition_index": 9,
      "threads": 1,
      "iterations": 80029,
      "real_time": 8.3828327856164933e+00,
      "cpu_time": 8.5796152019892737e+00,
      "time_unit": "us",
      "code_size": 1.4363000000000000e+04,
      "execution_time_ns": 8.3609353234452519e+03,
      "gas_rate": 1.6299099284496655e+09,
      "gas_used": 1.3984000000000000e+04,
      "input_size": 6.4000000000000000e+01
    },
    {
      "name": "external/total/main/blake2b_huff/empty",
      "family_index": 0,
      "per_family_instance_index": 0,
      "run_name": "external/total/main/blake2b_huff/empty",
      "run_type": "iteration",
      "repetitions": 20,
      "repetition_index": 10,
      "threads": 1,
      "iterations": 80029,
      "real_time": 8.4696188756576944e+00,
      "cpu_time": 8.6682399380224755e+00,
      "time_unit": "us",
      "code_size": 1.4363000000000000e+04,
      "execution_time_ns": 8.4469322245685944e+03,
      "gas_rate": 1.6132456069496195e+09,
      "gas_used": 1.3984000000000000e+04,
      "input_size": 6.4000000000000000e+01
    },
    {
      "name": "external/total/main/blake2b_huff/empty",
      "family_index": 0,
      "per_family_instance_index": 0,
      "run_name": "external/total/main/blake2b_huff/empty",
      "run_type": "iteration",
      "repetitions": 20,
      "repetition_index": 11,
      "threads": 1,
      "iterations": 80029,
      "real_time": 8.4099809069175606e+00,
      "cpu_time": 8.6070875807519780e+00,
      "time_unit": "us",
      "code_size": 1.4363000000000000e+04,
      "execution_time_ns": 8.3899943895337947e+03,
      "gas_rate": 1.6247075295565023e+09,
      "gas_used": 1.3984000000000000e+04,
      "input_size": 6.4000000000000000e+01
    },
    {
      "name": "external/total/main/blake2b_huff/empty",
      "family_index": 0,
      "per_family_instance_index": 0,
      "run_name": "external/total/main/blake2b_huff/empty",
      "run_type": "iteration",
      "repetitions": 20,
      "repetition_index": 12,
      "threads": 1,
      "iterations": 80029,
      "real_time": 8.4874246960492634e+00,
      "cpu_time": 8.6866652463482072e+00,
      "time_unit": "us",
      "code_size": 1.4363000000000000e+04,
      "execution_time_ns": 8.4662441614914587e+03,
      "gas_rate": 1.6098237474822390e+09,
      "gas_used": 1.3984000000000000e+04,
      "input_size": 6.4000000000000000e+01
    },
    {
      "name": "external/total/main/blake2b_huff/empty",
      "family_index": 0,
      "per_family_instance_index": 0,
      "run_name": "external/total/main/blake2b_huff/empty",
      "run_type": "iteration",
      "repetitions": 20,
      "repetition_index": 13,
      "threads": 1,
      "iterations": 80029,
      "real_time": 8.7545182371420402e+00,
      "cpu_time": 8.9165180497069869e+00,
      "time_unit": "us",
      "code_size": 1.4363000000000000e+04,
      "execution_time_ns": 8.7332434117632365e+03,
      "gas_rate": 1.5683252052026677e+09,
      "gas_used": 1.3984000000000000e+04,
      "input_size": 6.4000000000000000e+01
    },
    {
      "name": "external/total/main/blake2b_huff/empty",
      "family_index": 0,
      "per_family_instance_index": 0,
      "run_name": "external/total/main/blake2b_huff/empty",
      "run_type": "iteration",
      "repetitions": 20,
      "repetition_index": 14,
      "threads": 1,
      "iterations": 80029,
      "real_time": 9.2373843481762989e+00,
      "cpu_time": 9.2371315023304206e+00,
      "time_unit": "us",
      "code_size": 1.4363000000000000e+04,
      "execution_time_ns": 9.2111433730272784e+03,
      "gas_rate": 1.5138898906518762e+09,
      "gas_used": 1.3984000000000000e+04,
      "input_size": 6.4000000000000000e+01
    },
    {
      "name": "external/total/main/blake2b_huff/empty",
      "family_index": 0,
      "per_family_instance_index": 0,
      "run_name": "external/total/main/blake2b_huff/empty",
      "run_type": "iteration",
      "repetitions": 20,
      "repetition_index": 15,
      "threads": 1,
      "iterations": 80029,
      "real_time": 9.3001795224241288e+00,
      "cpu_time": 9.3002101113346267e+00,
      "time_unit": "us",
      "code_size": 1.4363000000000000e+04,
      "execution_time_ns": 9.2737529895412918e+03,
      "gas_rate": 1.5036219432243800e+09,
      "gas_used": 1.3984000000000000e+04,
      "input_size": 6.4000000000000000e+01
    },
    {
      "name": "external/total/main/blake2b_huff/empty",
      "family_index": 0,
      "per_family_instance_index": 0,
      "run_name": "external/total/main/blake2b_huff/empty",
      "run_type": "iteration",
      "repetitions": 20,
      "repetition_index": 16,
      "threads": 1,
      "iterations": 80029,
      "real_time": 9.0399509927669772e+00,
      "cpu_time": 9.0395453897961904e+00,
      "time_unit": "us",
      "code_size": 1.4363000000000000e+04,
      "execution_time_ns": 9.0169732596933609e+03,
      "gas_rate": 1.5469804505639293e+09,
      "gas_used": 1.3984000000000000e+04,
      "input_size": 6.4000000000000000e+01
    },
    {
      "name": "external/total/main/blake2b_huff/empty",
      "family_index": 0,
      "per_family_instance_index": 0,
      "run_name": "external/total/main/blake2b_huff/empty",
      "run_type": "iteration",
      "repetitions": 20,
      "repetition_index": 17,
      "threads": 1,
      "iterations": 80029,
      "real_time": 9.4689018480796374e+00,
      "cpu_time": 9.6200573542090897e+00,
      "time_unit": "us",
      "code_size": 1.4363000000000000e+04,
      "execution_time_ns": 9.4464278074198101e+03,
      "gas_rate": 1.4536295871335468e+09,
      "gas_used": 1.3984000000000000e+04,
      "input_size": 6.4000000000000000e+01
    },
    {
      "name": "external/total/main/blake2b_huff/empty",
      "family_index": 0,
      "per_family_instance_index": 0,
      "run_name": "external/total/main/blake2b_huff/empty",
      "run_type": "iteration",
      "repetitions": 20,
      "repetition_index": 18,
      "threads": 1,
      "iterations": 80029,
      "real_time": 8.8624643691660498e+00,
      "cpu_time": 9.0494190355995965e+00,
      "time_unit": "us",
      "code_size": 1.4363000000000000e+04,
      "execution_time_ns": 8.8394073773257187e+03,
      "gas_rate": 1.5452925701625936e+09,
      "gas_used": 1.3984000000000000e+04,
      "input_size": 6.4000000000000000e+01
    },
    {
      "name": "external/total/main/blake2b_huff/empty",
      "family_index": 0,
      "per_family_instance_index": 0,
      "run_name": "external/total/main/blake2b_huff/empty",
      "run_type": "iteration",
      "repetitions": 20,
      "repetition_index": 19,
      "threads": 1,
      "iterations": 80029,
      "real_time": 1.0247515288207969e+01,
      "cpu_time": 1.0463478114183596e+01,
      "time_unit": "us",
      "code_size": 1.4363000000000000e+04,
      "execution_time_ns": 1.0223444938709717e+04,
      "gas_rate": 1.3364580923664587e+09,
      "gas_used": 1.3984000000000000e+04,
      "input_size": 6.4000000000000000e+01
    },
    {
      "name": "external/total/main/blake2b_huff/empty_mean",
      "family_index": 0,
      "per_family_instance_index": 0,
      "run_name": "external/total/main/blake2b_huff/empty",
      "run_type": "aggregate",
      "repetitions": 20,
      "threads": 1,
      "aggregate_name": "mean",
      "aggregate_unit": "time",
      "iterations": 20,
      "real_time": 8.8266843900336802e+00,
      "cpu_time": 8.9561969967136914e+00,
      "time_unit": "us",
      "code_size": 1.4363000000000000e+04,
      "execution_time_ns": 8.8039024503617457e+03,
      "gas_rate": 1.5647014556241529e+09,
      "gas_used": 1.3984000000000000e+04,
      "input_size": 6.4000000000000000e+01
    },
    {
      "name": "external/total/main/blake2b_huff/empty_median",
      "family_index": 0,
      "per_family_instance_index": 0,
      "run_name": "external/total/main/blake2b_huff/empty",
      "run_type": "aggregate",
      "repetitions": 20,
      "threads": 1,
      "aggregate_name": "median",
      "aggregate_unit": "time",
      "iterations": 20,
      "real_time": 8.7062179584876276e+00,
      "cpu_time": 8.8506794037161498e+00,
      "time_unit": "us",
      "code_size": 1.4363000000000000e+04,
      "execution_time_ns": 8.6828786877257007e+03,
      "gas_rate": 1.5799920145830312e+09,
      "gas_used": 1.3984000000000000e+04,
      "input_size": 6.4000000000000000e+01
    },
    {
      "name": "external/total/main/blake2b_huff/empty_stddev",
      "family_index": 0,
      "per_family_instance_index": 0,
      "run_name": "external/total/main/blake2b_huff/empty",
      "run_type": "aggregate",
      "repetitions": 20,
      "threads": 1,
      "aggregate_name": "stddev",
      "aggregate_unit": "time",
      "iterations": 20,
      "real_time": 4.4928648539814475e-01,
      "cpu_time": 4.4434101091246719e-01,
      "time_unit": "us",
      "code_size": 0.0000000000000000e+00,
      "execution_time_ns": 4.4843853592063027e+02,
      "gas_rate": 7.0685084440138593e+07,
      "gas_used": 0.0000000000000000e+00,
      "input_size": 0.0000000000000000e+00
    },
    {
      "name": "external/total/main/blake2b_huff/empty_cv",
      "family_index": 0,
      "per_family_instance_index": 0,
      "run_name": "external/total/main/blake2b_huff/empty",
      "run_type": "aggregate",
      "repetitions": 20,
      "threads": 1,
      "aggregate_name": "cv",
      "aggregate_unit": "percentage",
      "iterations": 20,
      "real_time": 5.0900934659614629e-02,
      "cpu_time": 4.9612688407312810e-02,
      "time_unit": "us",
      "code_size": 0.0000000000000000e+00,
      "execution_time_ns": 5.0936336295071542e-02,
      "gas_rate": 4.5174805830255078e-02,
      "gas_used": 0.0000000000000000e+00,
      "input_size": 0.0000000000000000e+00
    },
    {
      "name": "external/total/main/blake2b_huff/8415nulls",
      "family_index": 1,
      "per_family_instance_index": 0,
      "run_name": "external/total/main/blake2b_huff/8415nulls",
      "run_type": "iteration",
      "repetitions": 20,
      "repetition_index": 0,
      "threads": 1,
      "iterations": 968,
      "real_time": 6.2446897623972336e+02,
      "cpu_time": 6.3760644008264376e+02,
      "time_unit": "us",
      "code_size": 1.4363000000000000e+04,
      "execution_time_ns": 6.2435861053719011e+05,
      "gas_rate": 1.3800409542380848e+09,
      "gas_used": 8.7992300000000000e+05,
      "input_size": 8.4790000000000000e+03
    },
    {
      "name": "external/total/main/blake2b_huff/8415nulls",
      "family_index": 1,
      "per_family_instance_index": 0,
      "run_name": "external/total/main/blake2b_huff/8415nulls",
      "run_type": "iteration",
      "repetitions": 20,
      "repetition_index": 1,
      "threads": 1,
      "iterations": 968,
      "real_time": 6.8259007851250215e+02,
      "cpu_time": 6.9691234194214894e+02,
      "time_unit": "us",
      "code_size": 1.4363000000000000e+04,
      "execution_time_ns": 6.8248690495867771e+05,
      "gas_rate": 1.2626021194399264e+09,
      "gas_used": 8.7992300000000000e+05,
      "input_size": 8.4790000000000000e+03
    },
    {
      "name": "external/total/main/blake2b_huff/8415nulls",
      "family_index": 1,
      "per_family_instance_index": 0,
      "run_name": "external/total/main/blake2b_huff/8415nulls",
      "run_type": "iteration",
      "repetitions": 20,
      "repetition_index": 2,
      "threads": 1,
      "iterations": 968,
      "real_time": 6.1995163326479792e+02,
      "cpu_time": 6.3302829442148641e+02,
      "time_unit": "us",
      "code_size": 1.4363000000000000e+04,
      "execution_time_ns": 6.1984838119834708e+05,
      "gas_rate": 1.3900215958026748e+09,
      "gas_used": 8.7992300000000000e+05,
      "input_size": 8.4790000000000000e+03
    },
    {
      "name": "external/total/main/blake2b_huff/8415nulls",
      "family_index": 1,
      "per_family_instance_index": 0,
      "run_name": "external/total/main/blake2b_huff/8415nulls",
      "run_type": "iteration",
      "repetitions": 20,
      "repetition_index": 3,
      "threads": 1,
      "iterations": 968,
      "real_time": 6.5516094834740875e+02,
      "cpu_time": 6.6897359814049469e+02,
      "time_unit": "us",
      "code_size": 1.4363000000000000e+04,
      "execution_time_ns": 6.5506927066115697e+05,
      "gas_rate": 1.3153329256130118e+09,
      "gas_used": 8.7992300000000000e+05,
      "input_size": 8.4790000000000000e+03
    },
    {
      "name": "external/total/main/blake2b_huff/8415nulls",
      "family_index": 1,
      "per_family_instance_index": 0,
      "run_name": "external/total/main/blake2b_huff/8415nulls",
      "run_type": "iteration",
      "repetitions": 20,
      "repetition_index": 4,
      "threads": 1,
      "iterations": 968,
      "real_time": 7.6311328305795666e+02,
      "cpu_time": 7.6988501756198070e+02,
      "time_unit": "us",
      "code_size": 1.4363000000000000e+04,
      "execution_time_ns": 7.6297394524793385e+05,
      "gas_rate": 1.1429278138006632e+09,
      "gas_used": 8.7992300000000000e+05,
      "input_size": 8.4790000000000000e+03
    },
    {
      "name": "external/total/main/blake2b_huff/8415nulls",
      "family_index": 1,
      "per_family_instance_index": 0,
      "run_name": "external/total/main/blake2b_huff/8415nulls",
      "run_type": "iteration",
      "repetitions": 20,
      "repetition_index": 5,
      "threads": 1,
      "iterations": 968,
      "real_time": 6.1616884297498189e+02,
      "cpu_time": 6.1616382954545361e+02,
      "time_unit": "us",
      "code_size": 1.4363000000000000e+04,
      "execution_time_ns": 6.1607669731404958e+05,
      "gas_rate": 1.4280666241787066e+09,
      "gas_used": 8.7992300000000000e+05,
      "input_size": 8.4790000000000000e+03
    },
    {
      "name": "external/total/main/blake2b_huff/8415nulls",
      "family_index": 1,
      "per_family_instance_index": 0,
      "run_name": "external/total/main/blake2b_huff/8415nulls",
      "run_type": "iteration",
      "repetitions": 20,
      "repetition_index": 6,
      "threads": 1,
      "iterations": 968,
      "real_time": 6.5152748347104125e+02,
      "cpu_time": 6.5143183367768449e+02,
      "time_unit": "us",
      "code_size": 1.4363000000000000e+04,
      "execution_time_ns": 6.5143930165289261e+05,
      "gas_rate": 1.3507522268789957e+09,
      "gas_used": 8.7992300000000000e+05,
      "input_size": 8.4790000000000000e+03
    },
    {
      "name": "external/total/main/blake2b_huff/8415nulls",
      "family_index": 1,
      "per_family_instance_index": 0,
      "run_name": "external/total/main/blake2b_huff/8415nulls",
      "run_type": "iteration",
      "repetitions": 20,
      "repetition_index": 7,
      "threads": 1,
      "iterations": 968,
      "real_time": 5.9039059917318616e+02,
      "cpu_time": 5.9036165599173307e+02,
      "time_unit": "us",
      "code_size": 1.4363000000000000e+04,
      "execution_time_ns": 5.9031262706611573e+05,
      "gas_rate": 1.4904812856143923e+09,
      "gas_used": 8.7992300000000000e+05,
      "input_size": 8.4790000000000000e+03
    },
    {
      "name": "external/total/main/blake2b_huff/8415nulls",
      "family_index": 1,
      "per_family_instance_index": 0,
      "run_name": "external/total/main/blake2b_huff/8415nulls",
      "run_type": "iteration",
      "repetitions": 20,
      "repetition_index": 8,
      "threads": 1,
      "iterations": 968,
      "real_time": 5.7565553202518333e+02,
      "cpu_time": 5.8093474173553784e+02,
      "time_unit": "us",
      "code_size": 1.4363000000000000e+04,
      "execution_time_ns": 5.7558239566115697e+05,
      "gas_rate": 1.5146675466012535e+09,
      "gas_used": 8.7992300000000000e+05,
      "input_size": 8.4790000000000000e+03
    },
    {
      "name": "external/total/main/blake2b_huff/8415nulls",
      "family_index": 1,
      "per_family_instance_index": 0,
      "run_name": "external/total/main/blake2b_huff/8415nulls",
      "run_type": "iteration",
      "repetitions": 20,
      "repetition_index": 9,
      "threads": 1,
      "iterations": 968,
      "real_time": 7.7612255475189670e+02,
      "cpu_time": 7.8939290599173466e+02,
      "time_unit": "us",
      "code_size": 1.4363000000000000e+04,
      "execution_time_ns": 7.7599480785123969e+05,
      "gas_rate": 1.1146831866882944e+09,
      "gas_used": 8.7992300000000000e+05,
      "input_size": 8.4790000000000000e+03
    },
    {
      "name": "external/total/main/blake2b_huff/8415nulls",
      "family_index": 1,
      "per_family_instance_index": 0,
      "run_name": "external/total/main/blake2b_huff/8415nulls",
      "run_type": "iteration",
      "repetitions": 20,
      "repetition_index": 10,
      "threads": 1,
      "iterations": 968,
      "real_time": 6.5103378615690008e+02,
      "cpu_time": 6.6209148037189937e+02,
      "time_unit": "us",
      "code_size": 1.4363000000000000e+04,
      "execution_time_ns": 6.5093597520661156e+05,
      "gas_rate": 1.3290051693547602e+09,
      "gas_used": 8.7992300000000000e+05,
      "input_size": 8.4790000000000000e+03
    },
    {
      "name": "external/total/main/blake2b_huff/8415nulls",
      "family_index": 1,
      "per_family_instance_index": 0,
      "run_name": "external/total/main/blake2b_huff/8415nulls",
      "run_type": "iteration",
      "repetitions": 20,
      "repetition_index": 11,
      "threads": 1,
      "iterations": 968,
      "real_time": 6.4357883677680809e+02,
      "cpu_time": 6.5460183367768730e+02,
      "time_unit": "us",
      "code_size": 1.4363000000000000e+04,
      "execution_time_ns": 6.4344250103305781e+05,
      "gas_rate": 1.3442110222276833e+09,
      "gas_used": 8.7992300000000000e+05,
      "input_size": 8.4790000000000000e+03
    },
    {
      "name": "external/total/main/blake2b_huff/8415nulls",
      "family_index": 1,
      "per_family_instance_index": 0,
      "run_name": "external/total/main/blake2b_huff/8415nulls",
      "run_type": "iteration",
      "repetitions": 20,
      "repetition_index": 12,
      "threads": 1,
      "iterations": 968,
      "real_time": 6.9919034297542134e+02,
      "cpu_time": 7.1084372210743913e+02,
      "time_unit": "us",
      "code_size": 1.4363000000000000e+04,
      "execution_time_ns": 6.9910078409090906e+05,
      "gas_rate": 1.2378571725882187e+09,
      "gas_used": 8.7992300000000000e+05,
      "input_size": 8.4790000000000000e+03
    },
    {
      "name": "external/total/main/blake2b_huff/8415nulls",
      "family_index": 1,
      "per_family_instance_index": 0,
      "run_name": "external/total/main/blake2b_huff/8415nulls",
      "run_type": "iteration",
      "repetitions": 20,
      "repetition_index": 13,
      "threads": 1,
      "iterations": 968,
      "real_time": 5.4668004648752412e+02,
      "cpu_time": 5.5606211363636567e+02,
      "time_unit": "us",
      "code_size": 1.4363000000000000e+04,
      "execution_time_ns": 5.4662157954545459e+05,
      "gas_rate": 1.5824185435791471e+09,
      "gas_used": 8.7992300000000000e+05,
      "input_size": 8.4790000000000000e+03
    },
    {
      "name": "external/total/main/blake2b_huff/8415nulls",
      "family_index": 1,
      "per_family_instance_index": 0,
      "run_name": "external/total/main/blake2b_huff/8415nulls",
      "run_type": "iteration",
      "repetitions": 20,
      "repetition_index": 14,
      "threads": 1,
      "iterations": 968,
      "real_time": 5.5135567975248932e+02,
      "cpu_time": 5.6082112086776874e+02,
      "time_unit": "us",
      "code_size": 1.4363000000000000e+04,
      "execution_time_ns": 5.5129572210743802e+05,
      "gas_rate": 1.5689904806696281e+09,
      "gas_used": 8.7992300000000000e+05,
      "input_size": 8.4790000000000000e+03
    },
    {
      "name": "external/total/main/blake2b_huff/8415nulls",
      "family_index": 1,
      "per_family_instance_index": 0,
      "run_name": "external/total/main/blake2b_huff/8415nulls",
      "run_type": "iteration",
      "repetitions": 20,
      "repetition_index": 15,
      "threads": 1,
      "iterations": 968,
      "real_time": 5.6355050413206425e+02,
      "cpu_time": 5.7324598657024876e+02,
      "time_unit": "us",
      "code_size": 1.4363000000000000e+04,
      "execution_time_ns": 5.6348958574380167e+05,
      "gas_rate": 1.5349832717793815e+09,
      "gas_used": 8.7992300000000000e+05,
      "input_size": 8.4790000000000000e+03
    },
    {
      "name": "external/total/main/blake2b_huff/8415nulls",
      "family_index": 1,
      "per_family_instance_index": 0,
      "run_name": "external/total/main/blake2b_huff/8415nulls",
      "run_type": "iteration",
      "repetitions": 20,
      "repetition_index": 16,
      "threads": 1,
      "iterations": 968,
      "real_time": 5.3847533057863575e+02,
      "cpu_time": 5.4774237603305664e+02,
      "time_unit": "us",
      "code_size": 1.4363000000000000e+04,
      "execution_time_ns": 5.3841148657024791e+05,
      "gas_rate": 1.6064541260669158e+09,
      "gas_used": 8.7992300000000000e+05,
      "input_size": 8.4790000000000000e+03
    },
    {
      "name": "external/total/main/blake2b_huff/8415nulls",
      "family_index": 1,
      "per_family_instance_index": 0,
      "run_name": "external/total/main/blake2b_huff/8415nulls",
      "run_type": "iteration",
      "repetitions": 20,
      "repetition_index": 17,
      "threads": 1,
      "iterations": 968,
      "real_time": 5.3255531818176075e+02,
      "cpu_time": 5.4169874070248090e+02,
      "time_unit": "us",
      "code_size": 1.4363000000000000e+04,
      "execution_time_ns": 5.3249383471074374e+05,
      "gas_rate": 1.6243770455491662e+09,
      "gas_used": 8.7992300000000000e+05,
      "input_size": 8.4790000000000000e+03
    },
    {
      "name": "external/total/main/blake2b_huff/8415nulls",
      "family_index": 1,
      "per_family_instance_index": 0,
      "run_name": "external/total/main/blake2b_huff/8415nulls",
      "run_type": "iteration",
      "repetitions": 20,
      "repetition_index": 18,
      "threads": 1,
      "iterations": 968,
      "real_time": 5.3041023037225432e+02,
      "cpu_time": 5.3769848657024568e+02,
      "time_unit": "us",
      "code_size": 1.4363000000000000e+04,
      "execution_time_ns": 5.3035811466942145e+05,
      "gas_rate": 1.6364617382739196e+09,
      "gas_used": 8.7992300000000000e+05,
      "input_size": 8.4790000000000000e+03
    },
    {
      "name": "external/total/main/blake2b_huff/8415nulls",
      "family_index": 1,
      "per_family_instance_index": 0,
      "run_name": "external/total/main/blake2b_huff/8415nulls",
      "run_type": "iteration",
      "repetitions": 20,
      "repetition_index": 19,
      "threads": 1,
      "iterations": 968,
      "real_time": 5.3841834090870498e+02,
      "cpu_time": 5.3840808161157224e+02,
      "time_unit": "us",
      "code_size": 1.4363000000000000e+04,
      "execution_time_ns": 5.3836343181818177e+05,
      "gas_rate": 1.6343049631911161e+09,
      "gas_used": 8.7992300000000000e+05,
      "input_size": 8.4790000000000000e+03
    },
    {
      "name": "external/total/main/blake2b_huff/8415nulls_mean",
      "family_index": 1,
      "per_family_instance_index": 0,
      "run_name": "external/total/main/blake2b_huff/8415nulls",
      "run_type": "aggregate",
      "repetitions": 20,
      "threads": 1,
      "aggregate_name": "mean",
      "aggregate_unit": "time",
      "iterations": 20,
      "real_time": 6.1751991740706205e+02,
      "cpu_time": 6.2589523006198317e+02,
      "time_unit": "us",
      "code_size": 1.4363000000000000e+04,
      "execution_time_ns": 6.1743279788223142e+05,
      "gas_rate": 1.4244319906067972e+09,
      "gas_used": 8.7992300000000000e+05,
      "input_size": 8.4790000000000000e+03
    },
    {
      "name": "external/total/main/blake2b_huff/8415nulls_median",
      "family_index": 1,
      "per_family_instance_index": 0,
      "run_name": "external/total/main/blake2b_huff/8415nulls",
      "run_type": "aggregate",
      "repetitions": 20,
      "threads": 1,
      "aggregate_name": "median",
      "aggregate_unit": "time",
      "iterations": 20,
      "real_time": 6.1806023811988985e+02,
      "cpu_time": 6.2459606198347001e+02,
      "time_unit": "us",
      "code_size": 1.4363000000000000e+04,
      "execution_time_ns": 6.1796253925619833e+05,
      "gas_rate": 1.4090441099906907e+09,
      "gas_used": 8.7992300000000000e+05,
      "input_size": 8.4790000000000000e+03
    },
    {
      "name": "external/total/main/blake2b_huff/8415nulls_stddev",
      "family_index": 1,
      "per_family_instance_index": 0,
      "run_name": "external/total/main/blake2b_huff/8415nulls",
      "run_type": "aggregate",
      "repetitions": 20,
      "threads": 1,
      "aggregate_name": "stddev",
      "aggregate_unit": "time",
      "iterations": 20,
      "real_time": 7.3912305854569894e+01,
      "cpu_time": 7.5549207166004834e+01,
      "time_unit": "us",
      "code_size": 0.0000000000000000e+00,
      "execution_time_ns": 7.3888792639908497e+04,
      "gas_rate": 1.6301851016683856e+08,
      "gas_used": 0.0000000000000000e+00,
      "input_size": 0.0000000000000000e+00
    },
    {
      "name": "external/total/main/blake2b_huff/8415nulls_cv",
      "family_index": 1,
      "per_family_instance_index": 0,
      "run_name": "external/total/main/blake2b_huff/8415nulls",
      "run_type": "aggregate",
      "repetitions": 20,
      "threads": 1,
      "aggregate_name": "cv",
      "aggregate_unit": "percentage",
      "iterations": 20,
      "real_time": 1.1969218120918963e-01,
      "cpu_time": 1.2070583627634149e-01,
      "time_unit": "us",
      "code_size": 0.0000000000000000e+00,
      "execution_time_ns": 1.1967098750397445e-01,
      "gas_rate": 1.1444457246245496e-01,
      "gas_used": 0.0000000000000000e+00,
      "input_size": 0.0000000000000000e+00
    },
    {
      "name": "external/total/main/blake2b_shifts/8415nulls",
      "family_index": 2,
      "per_family_instance_index": 0,
      "run_name": "external/total/main/blake2b_shifts/8415nulls",
      "run_type": "iteration",
      "repetitions": 20,
      "repetition_index": 0,
      "threads": 1,
      "iterations": 307,
      "real_time": 2.3659872736165207e+03,
      "cpu_time": 2.3874262247556926e+03,
      "time_unit": "us",
      "code_size": 5.7120000000000000e+03,
      "execution_time_ns": 2.3659135146579803e+06,
      "gas_rate": 5.0443883354897728e+09,
      "gas_used": 1.2043105000000000e+07,
      "input_size": 8.5470000000000000e+03
    },
    {
      "name": "external/total/main/blake2b_shifts/8415nulls",
      "family_index": 2,
      "per_family_instance_index": 0,
      "run_name": "external/total/main/blake2b_shifts/8415nulls",
      "run_type": "iteration",
      "repetitions": 20,
      "repetition_index": 1,
      "threads": 1,
      "iterations": 307,
      "real_time": 2.3870997491857265e+03,
      "cpu_time": 2.4193621140065084e+03,
      "time_unit": "us",
      "code_size": 5.7120000000000000e+03,
      "execution_time_ns": 2.3870265146579803e+06,
      "gas_rate": 4.9778017644727001e+09,
      "gas_used": 1.2043105000000000e+07,
      "input_size": 8.5470000000000000e+03
    },
    {
      "name": "external/total/main/blake2b_shifts/8415nulls",
      "family_index": 2,
      "per_family_instance_index": 0,
      "run_name": "external/total/main/blake2b_shifts/8415nulls",
      "run_type": "iteration",
      "repetitions": 20,
      "repetition_index": 2,
      "threads": 1,
      "iterations": 307,
      "real_time": 2.3584394267102562e+03,
      "cpu_time": 2.3905592312703443e+03,
      "time_unit": "us",
      "code_size": 5.7120000000000000e+03,
      "execution_time_ns": 3.8357266384364823e+06,
      "gas_rate": 5.0377772876182985e+09,
      "gas_used": 1.2043105000000000e+07,
      "input_size": 8.5470000000000000e+03
    },
    {
      "name": "external/total/main/blake2b_shifts/8415nulls",
      "family_index": 2,
      "per_family_instance_index": 0,
      "run_name": "external/total/main/blake2b_shifts/8415nulls",
      "run_type": "iteration",
      "repetitions": 20,
      "repetition_index": 3,
      "threads": 1,
      "iterations": 307,
      "real_time": 2.3419305276867626e+03,
      "cpu_time": 2.3738308859934850e+03,
      "time_unit": "us",
      "code_size": 5.7120000000000000e+03,
      "execution_time_ns": 2.3418504136807816e+06,
      "gas_rate": 5.0732784172027378e+09,
      "gas_used": 1.2043105000000000e+07,
      "input_size": 8.5470000000000000e+03
    },
    {
      "name": "external/total/main/blake2b_shifts/8415nulls",
      "family_index": 2,
      "per_family_instance_index": 0,
      "run_name": "external/total/main/blake2b_shifts/8415nulls",
      "run_type": "iteration",
      "repetitions": 20,
      "repetition_index": 4,
      "threads": 1,
      "iterations": 307,
      "real_time": 2.3767307361565531e+03,
      "cpu_time": 2.4090714136807783e+03,
      "time_unit": "us",
      "code_size": 5.7120000000000000e+03,
      "execution_time_ns": 2.3766441661237786e+06,
      "gas_rate": 4.9990651715880642e+09,
      "gas_used": 1.2043105000000000e+07,
      "input_size": 8.5470000000000000e+03
    },
    {
      "name": "external/total/main/blake2b_shifts/8415nulls",
      "family_index": 2,
      "per_family_instance_index": 0,
      "run_name": "external/total/main/blake2b_shifts/8415nulls",
      "run_type": "iteration",
      "repetitions": 20,
      "repetition_index": 5,
      "threads": 1,
      "iterations": 307,
      "real_time": 2.4314776644950161e+03,
      "cpu_time": 2.4644852214983935e+03,
      "time_unit": "us",
      "code_size": 5.7120000000000000e+03,
      "execution_time_ns": 2.4313947198697068e+06,
      "gas_rate": 4.8866614800302420e+09,
      "gas_used": 1.2043105000000000e+07,
      "input_size": 8.5470000000000000e+03
    },
    {
      "name": "external/total/main/blake2b_shifts/8415nulls",
      "family_index": 2,
      "per_family_instance_index": 0,
      "run_name": "external/total/main/blake2b_shifts/8415nulls",
      "run_type": "iteration",
      "repetitions": 20,
      "repetition_index": 6,
      "threads": 1,
      "iterations": 307,
      "real_time": 2.5149289902280043e+03,
      "cpu_time": 2.5492113876221556e+03,
      "time_unit": "us",
      "code_size": 5.7120000000000000e+03,
      "execution_time_ns": 2.5148380195439737e+06,
      "gas_rate": 4.7242472940753355e+09,
      "gas_used": 1.2043105000000000e+07,
      "input_size": 8.5470000000000000e+03
    },
    {
      "name": "external/total/main/blake2b_shifts/8415nulls",
      "family_index": 2,
      "per_family_instance_index": 0,
      "run_name": "external/total/main/blake2b_shifts/8415nulls",
      "run_type": "iteration",
      "repetitions": 20,
      "repetition_index": 7,
      "threads": 1,
      "iterations": 307,
      "real_time": 2.3349031368068945e+03,
      "cpu_time": 2.3666161433224734e+03,
      "time_unit": "us",
      "code_size": 5.7120000000000000e+03,
      "execution_time_ns": 2.3347539543973943e+06,
      "gas_rate": 5.0887445494615707e+09,
      "gas_used": 1.2043105000000000e+07,
      "input_size": 8.5470000000000000e+03
    },
    {
      "name": "external/total/main/blake2b_shifts/8415nulls",
      "family_index": 2,
      "per_family_instance_index": 0,
      "run_name": "external/total/main/blake2b_shifts/8415nulls",
      "run_type": "iteration",
      "repetitions": 20,
      "repetition_index": 8,
      "threads": 1,
      "iterations": 307,
      "real_time": 2.3690009153092092e+03,
      "cpu_time": 2.3976201302931709e+03,
      "time_unit": "us",
      "code_size": 5.7120000000000000e+03,
      "execution_time_ns": 2.3689210456026057e+06,
      "gas_rate": 5.0229412273609076e+09,
      "gas_used": 1.2043105000000000e+07,
      "input_size": 8.5470000000000000e+03
    },
    {
      "name": "external/total/main/blake2b_shifts/8415nulls",
      "family_index": 2,
      "per_family_instance_index": 0,
      "run_name": "external/total/main/blake2b_shifts/8415nulls",
      "run_type": "iteration",
      "repetitions": 20,
      "repetition_index": 9,
      "threads": 1,
      "iterations": 307,
      "real_time": 2.4274487296421839e+03,
      "cpu_time": 2.4273577263843617e+03,
      "time_unit": "us",
      "code_size": 5.7120000000000000e+03,
      "execution_time_ns": 2.4273021205211724e+06,
      "gas_rate": 4.9614050986784906e+09,
      "gas_used": 1.2043105000000000e+07,
      "input_size": 8.5470000000000000e+03
    },
    {
      "name": "external/total/main/blake2b_shifts/8415nulls",
      "family_index": 2,
      "per_family_instance_index": 0,
      "run_name": "external/total/main/blake2b_shifts/8415nulls",
      "run_type": "iteration",
      "repetitions": 20,
      "repetition_index": 10,
      "threads": 1,
      "iterations": 307,
      "real_time": 2.4644379934855883e+03,
      "cpu_time": 2.4642518403908712e+03,
      "time_unit": "us",
      "code_size": 5.7120000000000000e+03,
      "execution_time_ns": 2.4643429706840389e+06,
      "gas_rate": 4.8871242795094204e+09,
      "gas_used": 1.2043105000000000e+07,
      "input_size": 8.5470000000000000e+03
    },
    {
      "name": "external/total/main/blake2b_shifts/8415nulls",
      "family_index": 2,
      "per_family_instance_index": 0,
      "run_name": "external/total/main/blake2b_shifts/8415nulls",
      "run_type": "iteration",
      "repetitions": 20,
      "repetition_index": 11,
      "threads": 1,
      "iterations": 307,
      "real_time": 2.2810029250806688e+03,
      "cpu_time": 2.3384448631921705e+03,
      "time_unit": "us",
      "code_size": 5.7120000000000000e+03,
      "execution_time_ns": 2.2809364462540718e+06,
      "gas_rate": 5.1500487309160528e+09,
      "gas_used": 1.2043105000000000e+07,
      "input_size": 8.5470000000000000e+03
    },
    {
      "name": "external/total/main/blake2b_shifts/8415nulls",
      "family_index": 2,
      "per_family_instance_index": 0,
      "run_name": "external/total/main/blake2b_shifts/8415nulls",
      "run_type": "iteration",
      "repetitions": 20,
      "repetition_index": 12,
      "threads": 1,
      "iterations": 307,
      "real_time": 2.2747554983708951e+03,
      "cpu_time": 2.3448775244299491e+03,
      "time_unit": "us",
      "code_size": 5.7120000000000000e+03,
      "execution_time_ns": 2.2746808925081431e+06,
      "gas_rate": 5.1359206928846903e+09,
      "gas_used": 1.2043105000000000e+07,
      "input_size": 8.5470000000000000e+03
    },
    {
      "name": "external/total/main/blake2b_shifts/8415nulls",
      "family_index": 2,
      "per_family_instance_index": 0,
      "run_name": "external/total/main/blake2b_shifts/8415nulls",
      "run_type": "iteration",
      "repetitions": 20,
      "repetition_index": 13,
      "threads": 1,
      "iterations": 307,
      "real_time": 2.3045821335501910e+03,
      "cpu_time": 2.3756867589576564e+03,
      "time_unit": "us",
      "code_size": 5.7120000000000000e+03,
      "execution_time_ns": 2.3044904039087947e+06,
      "gas_rate": 5.0693152010006437e+09,
      "gas_used": 1.2043105000000000e+07,
      "input_size": 8.5470000000000000e+03
    },
    {
      "name": "external/total/main/blake2b_shifts/8415nulls",
      "family_index": 2,
      "per_family_instance_index": 0,
      "run_name": "external/total/main/blake2b_shifts/8415nulls",
      "run_type": "iteration",
      "repetitions": 20,
      "repetition_index": 14,
      "threads": 1,
      "iterations": 307,
      "real_time": 2.3608521140062712e+03,
      "cpu_time": 2.4337417459283429e+03,
      "time_unit": "us",
      "code_size": 5.7120000000000000e+03,
      "execution_time_ns": 2.3607264267100976e+06,
      "gas_rate": 4.9483906910616751e+09,
      "gas_used": 1.2043105000000000e+07,
      "input_size": 8.5470000000000000e+03
    },
    {
      "name": "external/total/main/blake2b_shifts/8415nulls",
      "family_index": 2,
      "per_family_instance_index": 0,
      "run_name": "external/total/main/blake2b_shifts/8415nulls",
      "run_type": "iteration",
      "repetitions": 20,
      "repetition_index": 15,
      "threads": 1,
      "iterations": 307,
      "real_time": 2.3747149478823876e+03,
      "cpu_time": 2.4479785439739417e+03,
      "time_unit": "us",
      "code_size": 5.7120000000000000e+03,
      "execution_time_ns": 2.3745281954397396e+06,
      "gas_rate": 4.9196121549536743e+09,
      "gas_used": 1.2043105000000000e+07,
      "input_size": 8.5470000000000000e+03
    },
    {
      "name": "external/total/main/blake2b_shifts/8415nulls",
      "family_index": 2,
      "per_family_instance_index": 0,
      "run_name": "external/total/main/blake2b_shifts/8415nulls",
      "run_type": "iteration",
      "repetitions": 20,
      "repetition_index": 16,
      "threads": 1,
      "iterations": 307,
      "real_time": 2.3774123355047209e+03,
      "cpu_time": 2.4507713778501666e+03,
      "time_unit": "us",
      "code_size": 5.7120000000000000e+03,
      "execution_time_ns": 2.3772764592833878e+06,
      "gas_rate": 4.9140058957944479e+09,
      "gas_used": 1.2043105000000000e+07,
      "input_size": 8.5470000000000000e+03
    },
    {
      "name": "external/total/main/blake2b_shifts/8415nulls",
      "family_index": 2,
      "per_family_instance_index": 0,
      "run_name": "external/total/main/blake2b_shifts/8415nulls",
      "run_type": "iteration",
      "repetitions": 20,
      "repetition_index": 17,
      "threads": 1,
      "iterations": 307,
      "real_time": 2.3839081400657205e+03,
      "cpu_time": 2.4504138925081243e+03,
      "time_unit": "us",
      "code_size": 5.7120000000000000e+03,
      "execution_time_ns": 2.3837857491856678e+06,
      "gas_rate": 4.9147227890033159e+09,
      "gas_used": 1.2043105000000000e+07,
      "input_size": 8.5470000000000000e+03
    },
    {
      "name": "external/total/main/blake2b_shifts/8415nulls",
      "family_index": 2,
      "per_family_instance_index": 0,
      "run_name": "external/total/main/blake2b_shifts/8415nulls",
      "run_type": "iteration",
      "repetitions": 20,
      "repetition_index": 18,
      "threads": 1,
      "iterations": 307,
      "real_time": 2.4168727557003485e+03,
      "cpu_time": 2.4247543224755796e+03,
      "time_unit": "us",
      "code_size": 5.7120000000000000e+03,
      "execution_time_ns": 2.4167831237785015e+06,
      "gas_rate": 4.9667320471892014e+09,
      "gas_used": 1.2043105000000000e+07,
      "input_size": 8.5470000000000000e+03
    },
    {
      "name": "external/total/main/blake2b_shifts/8415nulls",
      "family_index": 2,
      "per_family_instance_index": 0,
      "run_name": "external/total/main/blake2b_shifts/8415nulls",
      "run_type": "iteration",
      "repetitions": 20,
      "repetition_index": 19,
      "threads": 1,
      "iterations": 307,
      "real_time": 2.4059980586310626e+03,
      "cpu_time": 2.4138197654723085e+03,
      "time_unit": "us",
      "code_size": 5.7120000000000000e+03,
      "execution_time_ns": 2.4059205244299676e+06,
      "gas_rate": 4.9892312476128664e+09,
      "gas_used": 1.2043105000000000e+07,
      "input_size": 8.5470000000000000e+03
    },
    {
      "name": "external/total/main/blake2b_shifts/8415nulls_mean",
      "family_index": 2,
      "per_family_instance_index": 0,
      "run_name": "external/total/main/blake2b_shifts/8415nulls",
      "run_type": "aggregate",
      "repetitions": 20,
      "threads": 1,
      "aggregate_name": "mean",
      "aggregate_unit": "time",
      "iterations": 20,
      "real_time": 2.3776242026057494e+03,
      "cpu_time": 2.4165140557003238e+03,
      "time_unit": "us",
      "code_size": 5.7120000000000000e+03,
      "execution_time_ns": 2.4513921149837137e+06,
      "gas_rate": 4.9855707177952051e+09,
      "gas_used": 1.2043105000000000e+07,
      "input_size": 8.5470000000000000e+03
    },
    {
      "name": "external/total/main/blake2b_shifts/8415nulls_median",
      "family_index": 2,
      "per_family_instance_index": 0,
      "run_name": "external/total/main/blake2b_shifts/8415nulls",
      "run_type": "aggregate",
      "repetitions": 20,
      "threads": 1,
      "aggregate_name": "median",
      "aggregate_unit": "time",
      "iterations": 20,
      "real_time": 2.3757228420194706e+03,
      "cpu_time": 2.4165909397394084e+03,
      "time_unit": "us",
      "code_size": 5.7120000000000000e+03,
      "execution_time_ns": 2.3769603127035834e+06,
      "gas_rate": 4.9835165060427837e+09,
      "gas_used": 1.2043105000000000e+07,
      "input_size": 8.5470000000000000e+03
    },
    {
      "name": "external/total/main/blake2b_shifts/8415nulls_stddev",
      "family_index": 2,
      "per_family_instance_index": 0,
      "run_name": "external/total/main/blake2b_shifts/8415nulls",
      "run_type": "aggregate",
      "repetitions": 20,
      "threads": 1,
      "aggregate_name": "stddev",
      "aggregate_unit": "time",
      "iterations": 20,
      "real_time": 5.7795954312270112e+01,
      "cpu_time": 4.8740117127495076e+01,
      "time_unit": "us",
      "code_size": 0.0000000000000000e+00,
      "execution_time_ns": 3.3089329934602650e+05,
      "gas_rate": 9.9319681080958679e+07,
      "gas_used": 0.0000000000000000e+00,
      "input_size": 0.0000000000000000e+00
    },
    {
      "name": "external/total/main/blake2b_shifts/8415nulls_cv",
      "family_index": 2,
      "per_family_instance_index": 0,
      "run_name": "external/total/main/blake2b_shifts/8415nulls",
      "run_type": "aggregate",
      "repetitions": 20,
      "threads": 1,
      "aggregate_name": "cv",
      "aggregate_unit": "percentage",
      "iterations": 20,
      "real_time": 2.4308279773115036e-02,
      "cpu_time": 2.0169598025934026e-02,
      "time_unit": "us",
      "code_size": 0.0000000000000000e+00,
      "execution_time_ns": 1.3498179149859296e-01,
      "gas_rate": 1.9921426593439505e-02,
      "gas_used": 0.0000000000000000e+00,
      "input_size": 0.0000000000000000e+00
    },
    {
      "name": "external/total/main/sha1_divs/empty",
      "family_index": 3,
      "per_family_instance_index": 0,
      "run_name": "external/total/main/sha1_divs/empty",
      "run_type": "iteration",
      "repetitions": 20,
      "repetition_index": 0,
      "threads": 1,
      "iterations": 165189,
      "real_time": 4.1019747138109031e+00,
      "cpu_time": 4.1152210619351113e+00,
      "time_unit": "us",
      "code_size": 1.8420000000000000e+03,
      "execution_time_ns": 4.0811039718141037e+03,
      "gas_rate": 8.8583333559383907e+09,
      "gas_used": 3.6454000000000000e+04,
      "input_size": 6.8000000000000000e+01
    },
    {
      "name": "external/total/main/sha1_divs/empty",
      "family_index": 3,
      "per_family_instance_index": 0,
      "run_name": "external/total/main/sha1_divs/empty",
      "run_type": "iteration",
      "repetitions": 20,
      "repetition_index": 1,
      "threads": 1,
      "iterations": 165189,
      "real_time": 3.9789650037222155e+00,
      "cpu_time": 4.0277866443891330e+00,
      "time_unit": "us",
      "code_size": 1.8420000000000000e+03,
      "execution_time_ns": 3.9601965990471522e+03,
      "gas_rate": 9.0506283521203575e+09,
      "gas_used": 3.6454000000000000e+04,
      "input_size": 6.8000000000000000e+01
    },
    {
      "name": "external/total/main/sha1_divs/empty",
      "family_index": 3,
      "per_family_instance_index": 0,
      "run_name": "external/total/main/sha1_divs/empty",
      "run_type": "iteration",
      "repetitions": 20,
      "repetition_index": 2,
      "threads": 1,
      "iterations": 165189,
      "real_time": 3.9393674094530318e+00,
      "cpu_time": 4.0581709556931713e+00,
      "time_unit": "us",
      "code_size": 1.8420000000000000e+03,
      "execution_time_ns": 3.9201008904951300e+03,
      "gas_rate": 8.9828645461224384e+09,
      "gas_used": 3.6454000000000000e+04,
      "input_size": 6.8000000000000000e+01
    },
    {
      "name": "external/total/main/sha1_divs/empty",
      "family_index": 3,
      "per_family_instance_index": 0,
      "run_name": "external/total/main/sha1_divs/empty",
      "run_type": "iteration",
      "repetitions": 20,
      "repetition_index": 3,
      "threads": 1,
      "iterations": 165189,
      "real_time": 3.9697141698306964e+00,
      "cpu_time": 4.0893514822415487e+00,
      "time_unit": "us",
      "code_size": 1.8420000000000000e+03,
      "execution_time_ns": 3.9510277560854538e+03,
      "gas_rate": 8.9143719140566521e+09,
      "gas_used": 3.6454000000000000e+04,
      "input_size": 6.8000000000000000e+01
    },
    {
      "name": "external/total/main/sha1_divs/empty",
      "family_index": 3,
      "per_family_instance_index": 0,
      "run_name": "external/total/main/sha1_divs/empty",
      "run_type": "iteration",
      "repetitions": 20,
      "repetition_index": 4,
      "threads": 1,
      "iterations": 165189,
      "real_time": 3.9333478863623115e+00,
      "cpu_time": 4.0519689265023855e+00,
      "time_unit": "us",
      "code_size": 1.8420000000000000e+03,
      "execution_time_ns": 3.9125280496885384e+03,
      "gas_rate": 8.9966139082578526e+09,
      "gas_used": 3.6454000000000000e+04,
      "input_size": 6.8000000000000000e+01
    },
    {
      "name": "external/total/main/sha1_divs/empty",
      "family_index": 3,
      "per_family_instance_index": 0,
      "run_name": "external/total/main/sha1_divs/empty",
      "run_type": "iteration",
      "repetitions": 20,
      "repetition_index": 5,
      "threads": 1,
      "iterations": 165189,
      "real_time": 3.9001131612877167e+00,
      "cpu_time": 4.0177305207974037e+00,
      "time_unit": "us",
      "code_size": 1.8420000000000000e+03,
      "execution_time_ns": 3.8814870663300826e+03,
      "gas_rate": 9.0732814984228802e+09,
      "gas_used": 3.6454000000000000e+04,
      "input_size": 6.8000000000000000e+01
    },
    {
      "name": "external/total/main/sha1_divs/empty",
      "family_index": 3,
      "per_family_instance_index": 0,
      "run_name": "external/total/main/sha1_divs/empty",
      "run_type": "iteration",
      "repetitions": 20,
      "repetition_index": 6,
      "threads": 1,
      "iterations": 165189,
      "real_time": 3.9822142818237705e+00,
      "cpu_time": 4.1020856473493978e+00,
      "time_unit": "us",
      "code_size": 1.8420000000000000e+03,
      "execution_time_ns": 3.9631506214094161e+03,
      "gas_rate": 8.8866988975608311e+09,
      "gas_used": 3.6454000000000000e+04,
      "input_size": 6.8000000000000000e+01
    },
    {
      "name": "external/total/main/sha1_divs/empty",
      "family_index": 3,
      "per_family_instance_index": 0,
      "run_name": "external/total/main/sha1_divs/empty",
      "run_type": "iteration",
      "repetitions": 20,
      "repetition_index": 7,
      "threads": 1,
      "iterations": 165189,
      "real_time": 3.9856833748028495e+00,
      "cpu_time": 4.1058820805259506e+00,
      "time_unit": "us",
      "code_size": 1.8420000000000000e+03,
      "execution_time_ns": 3.9634498725702074e+03,
      "gas_rate": 8.8784819644236736e+09,
      "gas_used": 3.6454000000000000e+04,
      "input_size": 6.8000000000000000e+01
    },
    {
      "name": "external/total/main/sha1_divs/empty",
      "family_index": 3,
      "per_family_instance_index": 0,
      "run_name": "external/total/main/sha1_divs/empty",
      "run_type": "iteration",
      "repetitions": 20,
      "repetition_index": 8,
      "threads": 1,
      "iterations": 165189,
      "real_time": 3.9858016030136731e+00,
      "cpu_time": 4.1060035171833373e+00,
      "time_unit": "us",
      "code_size": 1.8420000000000000e+03,
      "execution_time_ns": 3.9666463202755631e+03,
      "gas_rate": 8.8782193798525887e+09,
      "gas_used": 3.6454000000000000e+04,
      "input_size": 6.8000000000000000e+01
    },
    {
      "name": "external/total/main/sha1_divs/empty",
      "family_index": 3,
      "per_family_instance_index": 0,
      "run_name": "external/total/main/sha1_divs/empty",
      "run_type": "iteration",
      "repetitions": 20,
      "repetition_index": 9,
      "threads": 1,
      "iterations": 165189,
      "real_time": 4.0562393621865676e+00,
      "cpu_time": 4.1783792262196693e+00,
      "time_unit": "us",
      "code_size": 1.8420000000000000e+03,
      "execution_time_ns": 4.0364101181071378e+03,
      "gas_rate": 8.7244354871497040e+09,
      "gas_used": 3.6454000000000000e+04,
      "input_size": 6.8000000000000000e+01
    },
    {
      "name": "external/total/main/sha1_divs/empty",
      "family_index": 3,
      "per_family_instance_index": 0,
      "run_name": "external/total/main/sha1_divs/empty",
      "run_type": "iteration",
      "repetitions": 20,
      "repetition_index": 10,
      "threads": 1,
      "iterations": 165189,
      "real_time": 4.0417685196960358e+00,
      "cpu_time": 4.1439878139585682e+00,
      "time_unit": "us",
      "code_size": 1.8420000000000000e+03,
      "execution_time_ns": 4.0225601644177277e+03,
      "gas_rate": 8.7968405402179756e+09,
      "gas_used": 3.6454000000000000e+04,
      "input_size": 6.8000000000000000e+01
    },
    {
      "name": "external/total/main/sha1_divs/empty",
      "family_index": 3,
      "per_family_instance_index": 0,
      "run_name": "external/total/main/sha1_divs/empty",
      "run_type": "iteration",
      "repetitions": 20,
      "repetition_index": 11,
      "threads": 1,
      "iterations": 165189,
      "real_time": 4.0565713637109795e+00,
      "cpu_time": 4.1121564813637894e+00,
      "time_unit": "us",
      "code_size": 1.8420000000000000e+03,
      "execution_time_ns": 4.0368817475739911e+03,
      "gas_rate": 8.8649350201551895e+09,
      "gas_used": 3.6454000000000000e+04,
      "input_size": 6.8000000000000000e+01
    },
    {
      "name": "external/total/main/sha1_divs/empty",
      "family_index": 3,
      "per_family_instance_index": 0,
      "run_name": "external/total/main/sha1_divs/empty",
      "run_type": "iteration",
      "repetitions": 20,
      "repetition_index": 12,
      "threads": 1,
      "iterations": 165189,
      "real_time": 4.0791307108826853e+00,
      "cpu_time": 4.1344278129899878e+00,
      "time_unit": "us",
      "code_size": 1.8420000000000000e+03,
      "execution_time_ns": 4.0579990071978159e+03,
      "gas_rate": 8.8171813970157909e+09,
      "gas_used": 3.6454000000000000e+04,
      "input_size": 6.8000000000000000e+01
    },
    {
      "name": "external/total/main/sha1_divs/empty",
      "family_index": 3,
      "per_family_instance_index": 0,
      "run_name": "external/total/main/sha1_divs/empty",
      "run_type": "iteration",
      "repetitions": 20,
      "repetition_index": 13,
      "threads": 1,
      "iterations": 165189,
      "real_time": 3.9612917506630110e+00,
      "cpu_time": 4.0153878648094237e+00,
      "time_unit": "us",
      "code_size": 1.8420000000000000e+03,
      "execution_time_ns": 3.9416807959367757e+03,
      "gas_rate": 9.0785750286990414e+09,
      "gas_used": 3.6454000000000000e+04,
      "input_size": 6.8000000000000000e+01
    },
    {
      "name": "external/total/main/sha1_divs/empty",
      "family_index": 3,
      "per_family_instance_index": 0,
      "run_name": "external/total/main/sha1_divs/empty",
      "run_type": "iteration",
      "repetitions": 20,
      "repetition_index": 14,
      "threads": 1,
      "iterations": 165189,
      "real_time": 4.0513642191662607e+00,
      "cpu_time": 4.1065004328375423e+00,
      "time_unit": "us",
      "code_size": 1.8420000000000000e+03,
      "execution_time_ns": 4.0321141480364913e+03,
      "gas_rate": 8.8771450523897114e+09,
      "gas_used": 3.6454000000000000e+04,
      "input_size": 6.8000000000000000e+01
    },
    {
      "name": "external/total/main/sha1_divs/empty",
      "family_index": 3,
      "per_family_instance_index": 0,
      "run_name": "external/total/main/sha1_divs/empty",
      "run_type": "iteration",
      "repetitions": 20,
      "repetition_index": 15,
      "threads": 1,
      "iterations": 165189,
      "real_time": 4.0099765178070879e+00,
      "cpu_time": 4.0645433775856619e+00,
      "time_unit": "us",
      "code_size": 1.8420000000000000e+03,
      "execution_time_ns": 3.9902563427346859e+03,
      "gas_rate": 8.9687811430502357e+09,
      "gas_used": 3.6454000000000000e+04,
      "input_size": 6.8000000000000000e+01
    },
    {
      "name": "external/total/main/sha1_divs/empty",
      "family_index": 3,
      "per_family_instance_index": 0,
      "run_name": "external/total/main/sha1_divs/empty",
      "run_type": "iteration",
      "repetitions": 20,
      "repetition_index": 16,
      "threads": 1,
      "iterations": 165189,
      "real_time": 3.9607121357965847e+00,
      "cpu_time": 4.0147253328005936e+00,
      "time_unit": "us",
      "code_size": 1.8420000000000000e+03,
      "execution_time_ns": 3.9421754959470668e+03,
      "gas_rate": 9.0800732249771118e+09,
      "gas_used": 3.6454000000000000e+04,
      "input_size": 6.8000000000000000e+01
    },
    {
      "name": "external/total/main/sha1_divs/empty",
      "family_index": 3,
      "per_family_instance_index": 0,
      "run_name": "external/total/main/sha1_divs/empty",
      "run_type": "iteration",
      "repetitions": 20,
      "repetition_index": 17,
      "threads": 1,
      "iterations": 165189,
      "real_time": 4.0367554498185445e+00,
      "cpu_time": 4.0918137769464193e+00,
      "time_unit": "us",
      "code_size": 1.8420000000000000e+03,
      "execution_time_ns": 4.0143653027743976e+03,
      "gas_rate": 8.9090075910552254e+09,
      "gas_used": 3.6454000000000000e+04,
      "input_size": 6.8000000000000000e+01
    },
    {
      "name": "external/total/main/sha1_divs/empty",
      "family_index": 3,
      "per_family_instance_index": 0,
      "run_name": "external/total/main/sha1_divs/empty",
      "run_type": "iteration",
      "repetitions": 20,
      "repetition_index": 18,
      "threads": 1,
      "iterations": 165189,
      "real_time": 4.0395822966410941e+00,
      "cpu_time": 4.0945903056498976e+00,
      "time_unit": "us",
      "code_size": 1.8420000000000000e+03,
      "execution_time_ns": 4.0181987057249576e+03,
      "gas_rate": 8.9029664212556629e+09,
      "gas_used": 3.6454000000000000e+04,
      "input_size": 6.8000000000000000e+01
    },
    {
      "name": "external/total/main/sha1_divs/empty",
      "family_index": 3,
      "per_family_instance_index": 0,
      "run_name": "external/total/main/sha1_divs/empty",
      "run_type": "iteration",
      "repetitions": 20,
      "repetition_index": 19,
      "threads": 1,
      "iterations": 165189,
      "real_time": 4.1406337407463729e+00,
      "cpu_time": 4.1971039718141263e+00,
      "time_unit": "us",
      "code_size": 1.8420000000000000e+03,
      "execution_time_ns": 4.1209043035553213e+03,
      "gas_rate": 8.6855127356407585e+09,
      "gas_used": 3.6454000000000000e+04,
      "input_size": 6.8000000000000000e+01
    },
    {
      "name": "external/total/main/sha1_divs/empty_mean",
      "family_index": 3,
      "per_family_instance_index": 0,
      "run_name": "external/total/main/sha1_divs/empty",
      "run_type": "aggregate",
      "repetitions": 20,
      "threads": 1,
      "aggregate_name": "mean",
      "aggregate_unit": "time",
      "iterations": 20,
      "real_time": 4.0105603835611197e+00,
      "cpu_time": 4.0913908616796562e+00,
      "time_unit": "us",
      "code_size": 1.8420000000000000e+03,
      "execution_time_ns": 3.9906618639861008e+03,
      "gas_rate": 8.9112473729181042e+09,
      "gas_used": 3.6454000000000000e+04,
      "input_size": 6.8000000000000000e+01
    },
    {
      "name": "external/total/main/sha1_divs/empty_median",
      "family_index": 3,
      "per_family_instance_index": 0,
      "run_name": "external/total/main/sha1_divs/empty",
      "run_type": "aggregate",
      "repetitions": 20,
      "threads": 1,
      "aggregate_name": "median",
      "aggregate_unit": "time",
      "iterations": 20,
      "real_time": 3.9978890604103809e+00,
      "cpu_time": 4.0983379764996481e+00,
      "time_unit": "us",
      "code_size": 1.8420000000000000e+03,
      "execution_time_ns": 3.9784513315051245e+03,
      "gas_rate": 8.8948326594082470e+09,
      "gas_used": 3.6454000000000000e+04,
      "input_size": 6.8000000000000000e+01
    },
    {
      "name": "external/total/main/sha1_divs/empty_stddev",
      "family_index": 3,
      "per_family_instance_index": 0,
      "run_name": "external/total/main/sha1_divs/empty",
      "run_type": "aggregate",
      "repetitions": 20,
      "threads": 1,
      "aggregate_name": "stddev",
      "aggregate_unit": "time",
      "iterations": 20,
      "real_time": 6.1212275791574913e-02,
      "cpu_time": 5.1116256514827464e-02,
      "time_unit": "us",
      "code_size": 0.0000000000000000e+00,
      "execution_time_ns": 6.0822642577385224e+01,
      "gas_rate": 1.1113284198006818e+08,
      "gas_used": 0.0000000000000000e+00,
      "input_size": 0.0000000000000000e+00
    },
    {
      "name": "external/total/main/sha1_divs/empty_cv",
      "family_index": 3,
      "per_family_instance_index": 0,
      "run_name": "external/total/main/sha1_divs/empty",
      "run_type": "aggregate",
      "repetitions": 20,
      "threads": 1,
      "aggregate_name": "cv",
      "aggregate_unit": "percentage",
      "iterations": 20,
      "real_time": 1.5262773761611424e-02,
      "cpu_time": 1.2493613600594124e-02,
      "time_unit": "us",
      "code_size": 0.0000000000000000e+00,
      "execution_time_ns": 1.5241241841680893e-02,
      "gas_rate": 1.2471075858337021e-02,
      "gas_used": 0.0000000000000000e+00,
      "input_size": 0.0000000000000000e+00
    },
    {
      "name": "external/total/main/sha1_divs/5311",
      "family_index": 4,
      "per_family_instance_index": 0,
      "run_name": "external/total/main/sha1_divs/5311",
      "run_type": "iteration",
      "repetitions": 20,
      "repetition_index": 0,
      "threads": 1,
      "iterations": 2362,
      "real_time": 2.8013899026257565e+02,
      "cpu_time": 2.8395156816257418e+02,
      "time_unit": "us",
      "code_size": 1.8420000000000000e+03,
      "execution_time_ns": 2.8008802794242167e+05,
      "gas_rate": 1.0566189225206921e+10,
      "gas_used": 3.0002860000000000e+06,
      "input_size": 5.3790000000000000e+03
    },
    {
      "name": "external/total/main/sha1_divs/5311",
      "family_index": 4,
      "per_family_instance_index": 0,
      "run_name": "external/total/main/sha1_divs/5311",
      "run_type": "iteration",
      "repetitions": 20,
      "repetition_index": 1,
      "threads": 1,
      "iterations": 2362,
      "real_time": 2.9750769771381243e+02,
      "cpu_time": 3.0155744877222617e+02,
      "time_unit": "us",
      "code_size": 1.8420000000000000e+03,
      "execution_time_ns": 2.9744477476714650e+05,
      "gas_rate": 9.9493015749254131e+09,
      "gas_used": 3.0002860000000000e+06,
      "input_size": 5.3790000000000000e+03
    },
    {
      "name": "external/total/main/sha1_divs/5311",
      "family_index": 4,
      "per_family_instance_index": 0,
      "run_name": "external/total/main/sha1_divs/5311",
      "run_type": "iteration",
      "repetitions": 20,
      "repetition_index": 2,
      "threads": 1,
      "iterations": 2362,
      "real_time": 2.8111868966975942e+02,
      "cpu_time": 2.8495025613886588e+02,
      "time_unit": "us",
      "code_size": 1.8420000000000000e+03,
      "execution_time_ns": 2.8107010541913635e+05,
      "gas_rate": 1.0529157055882273e+10,
      "gas_used": 3.0002860000000000e+06,
      "input_size": 5.3790000000000000e+03
    },
    {
      "name": "external/total/main/sha1_divs/5311",
      "family_index": 4,
      "per_family_instance_index": 0,
      "run_name": "external/total/main/sha1_divs/5311",
      "run_type": "iteration",
      "repetitions": 20,
      "repetition_index": 3,
      "threads": 1,
      "iterations": 2362,
      "real_time": 2.8900824216782121e+02,
      "cpu_time": 2.9293142802709576e+02,
      "time_unit": "us",
      "code_size": 1.8420000000000000e+03,
      "execution_time_ns": 2.8895688103302289e+05,
      "gas_rate": 1.0242281001417431e+10,
      "gas_used": 3.0002860000000000e+06,
      "input_size": 5.3790000000000000e+03
    },
    {
      "name": "external/total/main/sha1_divs/5311",
      "family_index": 4,
      "per_family_instance_index": 0,
      "run_name": "external/total/main/sha1_divs/5311",
      "run_type": "iteration",
      "repetitions": 20,
      "repetition_index": 4,
      "threads": 1,
      "iterations": 2362,
      "real_time": 2.8234056181201851e+02,
      "cpu_time": 2.8618754868755303e+02,
      "time_unit": "us",
      "code_size": 1.8420000000000000e+03,
      "execution_time_ns": 2.8228941236240475e+05,
      "gas_rate": 1.0483635691906290e+10,
      "gas_used": 3.0002860000000000e+06,
      "input_size": 5.3790000000000000e+03
    },
    {
      "name": "external/total/main/sha1_divs/5311",
      "family_index": 4,
      "per_family_instance_index": 0,
      "run_name": "external/total/main/sha1_divs/5311",
      "run_type": "iteration",
      "repetitions": 20,
      "repetition_index": 5,
      "threads": 1,
      "iterations": 2362,
      "real_time": 2.8297555038089746e+02,
      "cpu_time": 2.8573939839119481e+02,
      "time_unit": "us",
      "code_size": 1.8420000000000000e+03,
      "execution_time_ns": 2.8293080397967825e+05,
      "gas_rate": 1.0500078102258842e+10,
      "gas_used": 3.0002860000000000e+06,
      "input_size": 5.3790000000000000e+03
    },
    {
      "name": "external/total/main/sha1_divs/5311",
      "family_index": 4,
      "per_family_instance_index": 0,
      "run_name": "external/total/main/sha1_divs/5311",
      "run_type": "iteration",
      "repetitions": 20,
      "repetition_index": 6,
      "threads": 1,
      "iterations": 2362,
      "real_time": 2.9071485224394456e+02,
      "cpu_time": 2.9314616807789827e+02,
      "time_unit": "us",
      "code_size": 1.8420000000000000e+03,
      "execution_time_ns": 2.9066420745131245e+05,
      "gas_rate": 1.0234778164327663e+10,
      "gas_used": 3.0002860000000000e+06,
      "input_size": 5.3790000000000000e+03
    },
    {
      "name": "external/total/main/sha1_divs/5311",
      "family_index": 4,
      "per_family_instance_index": 0,
      "run_name": "external/total/main/sha1_divs/5311",
      "run_type": "iteration",
      "repetitions": 20,
      "repetition_index": 7,
      "threads": 1,
      "iterations": 2362,
      "real_time": 2.8411566765454825e+02,
      "cpu_time": 2.8649609610499289e+02,
      "time_unit": "us",
      "code_size": 1.8420000000000000e+03,
      "execution_time_ns": 2.8406417950889078e+05,
      "gas_rate": 1.0472345141137554e+10,
      "gas_used": 3.0002860000000000e+06,
      "input_size": 5.3790000000000000e+03
    },
    {
      "name": "external/total/main/sha1_divs/5311",
      "family_index": 4,
      "per_family_instance_index": 0,
      "run_name": "external/total/main/sha1_divs/5311",
      "run_type": "iteration",
      "repetitions": 20,
      "repetition_index": 8,
      "threads": 1,
      "iterations": 2362,
      "real_time": 2.7211329424213511e+02,
      "cpu_time": 2.7440290643522536e+02,
      "time_unit": "us",
      "code_size": 1.8420000000000000e+03,
      "execution_time_ns": 5.0990711388653686e+05,
      "gas_rate": 1.0933871069285624e+10,
      "gas_used": 3.0002860000000000e+06,
      "input_size": 5.3790000000000000e+03
    },
    {
      "name": "external/total/main/sha1_divs/5311",
      "family_index": 4,
      "per_family_instance_index": 0,
      "run_name": "external/total/main/sha1_divs/5311",
      "run_type": "iteration",
      "repetitions": 20,
      "repetition_index": 9,
      "threads": 1,
      "iterations": 2362,
      "real_time": 2.7209552455544468e+02,
      "cpu_time": 2.7437665198983819e+02,
      "time_unit": "us",
      "code_size": 1.8420000000000000e+03,
      "execution_time_ns": 2.7205460033869604e+05,
      "gas_rate": 1.0934917305249132e+10,
      "gas_used": 3.0002860000000000e+06,
      "input_size": 5.3790000000000000e+03
    },
    {
      "name": "external/total/main/sha1_divs/5311",
      "family_index": 4,
      "per_family_instance_index": 0,
      "run_name": "external/total/main/sha1_divs/5311",
      "run_type": "iteration",
      "repetitions": 20,
      "repetition_index": 10,
      "threads": 1,
      "iterations": 2362,
      "real_time": 2.8234508933112892e+02,
      "cpu_time": 2.8471920406435419e+02,
      "time_unit": "us",
      "code_size": 1.8420000000000000e+03,
      "execution_time_ns": 2.8229759017781541e+05,
      "gas_rate": 1.0537701557081675e+10,
      "gas_used": 3.0002860000000000e+06,
      "input_size": 5.3790000000000000e+03
    },
    {
      "name": "external/total/main/sha1_divs/5311",
      "family_index": 4,
      "per_family_instance_index": 0,
      "run_name": "external/total/main/sha1_divs/5311",
      "run_type": "iteration",
      "repetitions": 20,
      "repetition_index": 11,
      "threads": 1,
      "iterations": 2362,
      "real_time": 2.7358148094833001e+02,
      "cpu_time": 2.7588391659610517e+02,
      "time_unit": "us",
      "code_size": 1.8420000000000000e+03,
      "execution_time_ns": 2.7353951905165112e+05,
      "gas_rate": 1.0875175461541771e+10,
      "gas_used": 3.0002860000000000e+06,
      "input_size": 5.3790000000000000e+03
    },
    {
      "name": "external/total/main/sha1_divs/5311",
      "family_index": 4,
      "per_family_instance_index": 0,
      "run_name": "external/total/main/sha1_divs/5311",
      "run_type": "iteration",
      "repetitions": 20,
      "repetition_index": 12,
      "threads": 1,
      "iterations": 2362,
      "real_time": 2.8421389542769629e+02,
      "cpu_time": 2.8659768035562507e+02,
      "time_unit": "us",
      "code_size": 1.8420000000000000e+03,
      "execution_time_ns": 2.8416577307366638e+05,
      "gas_rate": 1.0468633229260933e+10,
      "gas_used": 3.0002860000000000e+06,
      "input_size": 5.3790000000000000e+03
    },
    {
      "name": "external/total/main/sha1_divs/5311",
      "family_index": 4,
      "per_family_instance_index": 0,
      "run_name": "external/total/main/sha1_divs/5311",
      "run_type": "iteration",
      "repetitions": 20,
      "repetition_index": 13,
      "threads": 1,
      "iterations": 2362,
      "real_time": 2.8635710668919131e+02,
      "cpu_time": 2.8876595977984761e+02,
      "time_unit": "us",
      "code_size": 1.8420000000000000e+03,
      "execution_time_ns": 2.8630904614733276e+05,
      "gas_rate": 1.0390026588616571e+10,
      "gas_used": 3.0002860000000000e+06,
      "input_size": 5.3790000000000000e+03
    },
    {
      "name": "external/total/main/sha1_divs/5311",
      "family_index": 4,
      "per_family_instance_index": 0,
      "run_name": "external/total/main/sha1_divs/5311",
      "run_type": "iteration",
      "repetitions": 20,
      "repetition_index": 14,
      "threads": 1,
      "iterations": 2362,
      "real_time": 2.9715615241326736e+02,
      "cpu_time": 2.9965718077900061e+02,
      "time_unit": "us",
      "code_size": 1.8420000000000000e+03,
      "execution_time_ns": 2.9710527519051649e+05,
      "gas_rate": 1.0012394804624197e+10,
      "gas_used": 3.0002860000000000e+06,
      "input_size": 5.3790000000000000e+03
    },
    {
      "name": "external/total/main/sha1_divs/5311",
      "family_index": 4,
      "per_family_instance_index": 0,
      "run_name": "external/total/main/sha1_divs/5311",
      "run_type": "iteration",
      "repetitions": 20,
      "repetition_index": 15,
      "threads": 1,
      "iterations": 2362,
      "real_time": 2.9739943734118913e+02,
      "cpu_time": 2.9989247036409978e+02,
      "time_unit": "us",
      "code_size": 1.8420000000000000e+03,
      "execution_time_ns": 2.9734114817950886e+05,
      "gas_rate": 1.0004539281554317e+10,
      "gas_used": 3.0002860000000000e+06,
      "input_size": 5.3790000000000000e+03
    },
    {
      "name": "external/total/main/sha1_divs/5311",
      "family_index": 4,
      "per_family_instance_index": 0,
      "run_name": "external/total/main/sha1_divs/5311",
      "run_type": "iteration",
      "repetitions": 20,
      "repetition_index": 16,
      "threads": 1,
      "iterations": 2362,
      "real_time": 2.8338393776455518e+02,
      "cpu_time": 2.8576898391194067e+02,
      "time_unit": "us",
      "code_size": 1.8420000000000000e+03,
      "execution_time_ns": 2.8333454953429295e+05,
      "gas_rate": 1.0498991034396282e+10,
      "gas_used": 3.0002860000000000e+06,
      "input_size": 5.3790000000000000e+03
    },
    {
      "name": "external/total/main/sha1_divs/5311",
      "family_index": 4,
      "per_family_instance_index": 0,
      "run_name": "external/total/main/sha1_divs/5311",
      "run_type": "iteration",
      "repetitions": 20,
      "repetition_index": 17,
      "threads": 1,
      "iterations": 2362,
      "real_time": 2.7723124259100615e+02,
      "cpu_time": 2.8070361388653981e+02,
      "time_unit": "us",
      "code_size": 1.8420000000000000e+03,
      "execution_time_ns": 2.7718749491955969e+05,
      "gas_rate": 1.0688448069687887e+10,
      "gas_used": 3.0002860000000000e+06,
      "input_size": 5.3790000000000000e+03
    },
    {
      "name": "external/total/main/sha1_divs/5311",
      "family_index": 4,
      "per_family_instance_index": 0,
      "run_name": "external/total/main/sha1_divs/5311",
      "run_type": "iteration",
      "repetitions": 20,
      "repetition_index": 18,
      "threads": 1,
      "iterations": 2362,
      "real_time": 2.7884947798473161e+02,
      "cpu_time": 2.8257214225232946e+02,
      "time_unit": "us",
      "code_size": 1.8420000000000000e+03,
      "execution_time_ns": 2.7880514860287891e+05,
      "gas_rate": 1.0617769947473534e+10,
      "gas_used": 3.0002860000000000e+06,
      "input_size": 5.3790000000000000e+03
    },
    {
      "name": "external/total/main/sha1_divs/5311",
      "family_index": 4,
      "per_family_instance_index": 0,
      "run_name": "external/total/main/sha1_divs/5311",
      "run_type": "iteration",
      "repetitions": 20,
      "repetition_index": 19,
      "threads": 1,
      "iterations": 2362,
      "real_time": 2.7763466553768723e+02,
      "cpu_time": 2.8140646401354985e+02,
      "time_unit": "us",
      "code_size": 1.8420000000000000e+03,
      "execution_time_ns": 2.7758584292972059e+05,
      "gas_rate": 1.0661752246940336e+10,
      "gas_used": 3.0002860000000000e+06,
      "input_size": 5.3790000000000000e+03
    },
    {
      "name": "external/total/main/sha1_divs/5311_mean",
      "family_index": 4,
      "per_family_instance_index": 0,
      "run_name": "external/total/main/sha1_divs/5311",
      "run_type": "aggregate",
      "repetitions": 20,
      "threads": 1,
      "aggregate_name": "mean",
      "aggregate_unit": "time",
      "iterations": 20,
      "real_time": 2.8351407783658703e+02,
      "cpu_time": 2.8648535433954282e+02,
      "time_unit": "us",
      "code_size": 1.8420000000000000e+03,
      "execution_time_ns": 2.9535707472480950e+05,
      "gas_rate": 1.0480099327638735e+10,
      "gas_used": 3.0002860000000000e+06,
      "input_size": 5.3790000000000000e+03
    },
    {
      "name": "external/total/main/sha1_divs/5311_median",
      "family_index": 4,
      "per_family_instance_index": 0,
      "run_name": "external/total/main/sha1_divs/5311",
      "run_type": "aggregate",
      "repetitions": 20,
      "threads": 1,
      "aggregate_name": "median",
      "aggregate_unit": "time",
      "iterations": 20,
      "real_time": 2.8266031985601319e+02,
      "cpu_time": 2.8575419115156768e+02,
      "time_unit": "us",
      "code_size": 1.8420000000000000e+03,
      "execution_time_ns": 2.8313267675698560e+05,
      "gas_rate": 1.0499534568327562e+10,
      "gas_used": 3.0002860000000000e+06,
      "input_size": 5.3790000000000000e+03
    },
    {
      "name": "external/total/main/sha1_divs/5311_stddev",
      "family_index": 4,
      "per_family_instance_index": 0,
      "run_name": "external/total/main/sha1_divs/5311",
      "run_type": "aggregate",
      "repetitions": 20,
      "threads": 1,
      "aggregate_name": "stddev",
      "aggregate_unit": "time",
      "iterations": 20,
      "real_time": 7.7483434401423015e+00,
      "cpu_time": 7.8275350463851456e+00,
      "time_unit": "us",
      "code_size": 0.0000000000000000e+00,
      "execution_time_ns": 5.1019683362321455e+04,
      "gas_rate": 2.8375434889982539e+08,
      "gas_used": 0.0000000000000000e+00,
      "input_size": 0.0000000000000000e+00
    },
    {
      "name": "external/total/main/sha1_divs/5311_cv",
      "family_index": 4,
      "per_family_instance_index": 0,
      "run_name": "external/total/main/sha1_divs/5311",
      "run_type": "aggregate",
      "repetitions": 20,
      "threads": 1,
      "aggregate_name": "cv",
      "aggregate_unit": "percentage",
      "iterations": 20,
      "real_time": 2.7329660309172804e-02,
      "cpu_time": 2.7322635966611889e-02,
      "time_unit": "us",
      "code_size": 0.0000000000000000e+00,
      "execution_time_ns": 1.7273899198066470e-01,
      "gas_rate": 2.7075540033431909e-02,
      "gas_used": 0.0000000000000000e+00,
      "input_size": 0.0000000000000000e+00
    },
    {
      "name": "external/total/main/sha1_shifts/empty",
      "family_index": 5,
      "per_family_instance_index": 0,
      "run_name": "external/total/main/sha1_shifts/empty",
      "run_type": "iteration",
      "repetitions": 20,
      "repetition_index": 0,
      "threads": 1,
      "iterations": 180594,
      "real_time": 3.8602390057266360e+00,
      "cpu_time": 3.9125874170792176e+00,
      "time_unit": "us",
      "code_size": 1.2660000000000000e+03,
      "execution_time_ns": 3.8387231746348161e+03,
      "gas_rate": 9.0052940021727371e+09,
      "gas_used": 3.5234000000000000e+04,
      "input_size": 6.8000000000000000e+01
    },
    {
      "name": "external/total/main/sha1_shifts/empty",
      "family_index": 5,
      "per_family_instance_index": 0,
      "run_name": "external/total/main/sha1_shifts/empty",
      "run_type": "iteration",
      "repetitions": 20,
      "repetition_index": 1,
      "threads": 1,
      "iterations": 180594,
      "real_time": 3.8639492840292577e+00,
      "cpu_time": 3.9161188743812523e+00,
      "time_unit": "us",
      "code_size": 1.2660000000000000e+03,
      "execution_time_ns": 3.8443458752782485e+03,
      "gas_rate": 8.9971732550041599e+09,
      "gas_used": 3.5234000000000000e+04,
      "input_size": 6.8000000000000000e+01
    },
    {
      "name": "external/total/main/sha1_shifts/empty",
      "family_index": 5,
      "per_family_instance_index": 0,
      "run_name": "external/total/main/sha1_shifts/empty",
      "run_type": "iteration",
      "repetitions": 20,
      "repetition_index": 2,
      "threads": 1,
      "iterations": 180594,
      "real_time": 3.9250317230893703e+00,
      "cpu_time": 3.9783178400168691e+00,
      "time_unit": "us",
      "code_size": 1.2660000000000000e+03,
      "execution_time_ns": 3.9044079205289213e+03,
      "gas_rate": 8.8565070506912041e+09,
      "gas_used": 3.5234000000000000e+04,
      "input_size": 6.8000000000000000e+01
    },
    {
      "name": "external/total/main/sha1_shifts/empty",
      "family_index": 5,
      "per_family_instance_index": 0,
      "run_name": "external/total/main/sha1_shifts/empty",
      "run_type": "iteration",
      "repetitions": 20,
      "repetition_index": 3,
      "threads": 1,
      "iterations": 180594,
      "real_time": 3.9104234913672959e+00,
      "cpu_time": 3.9634945457766815e+00,
      "time_unit": "us",
      "code_size": 1.2660000000000000e+03,
      "execution_time_ns": 3.8894744565157202e+03,
      "gas_rate": 8.8896299952131233e+09,
      "gas_used": 3.5234000000000000e+04,
      "input_size": 6.8000000000000000e+01
    },
    {
      "name": "external/total/main/sha1_shifts/empty",
      "family_index": 5,
      "per_family_instance_index": 0,
      "run_name": "external/total/main/sha1_shifts/empty",
      "run_type": "iteration",
      "repetitions": 20,
      "repetition_index": 4,
      "threads": 1,
      "iterations": 180594,
      "real_time": 3.8659903706651204e+00,
      "cpu_time": 3.9185161744023103e+00,
      "time_unit": "us",
      "code_size": 1.2660000000000000e+03,
      "execution_time_ns": 3.8459169905976942e+03,
      "gas_rate": 8.9916688950184631e+09,
      "gas_used": 3.5234000000000000e+04,
      "input_size": 6.8000000000000000e+01
    },
    {
      "name": "external/total/main/sha1_shifts/empty",
      "family_index": 5,
      "per_family_instance_index": 0,
      "run_name": "external/total/main/sha1_shifts/empty",
      "run_type": "iteration",
      "repetitions": 20,
      "repetition_index": 5,
      "threads": 1,
      "iterations": 180594,
      "real_time": 3.9604192941070675e+00,
      "cpu_time": 4.0140846650497819e+00,
      "time_unit": "us",
      "code_size": 1.2660000000000000e+03,
      "execution_time_ns": 3.9373252267517191e+03,
      "gas_rate": 8.7775926369413128e+09,
      "gas_used": 3.5234000000000000e+04,
      "input_size": 6.8000000000000000e+01
    },
    {
      "name": "external/total/main/sha1_shifts/empty",
      "family_index": 5,
      "per_family_instance_index": 0,
      "run_name": "external/total/main/sha1_shifts/empty",
      "run_type": "iteration",
      "repetitions": 20,
      "repetition_index": 6,
      "threads": 1,
      "iterations": 180594,
      "real_time": 4.1332818366072708e+00,
      "cpu_time": 4.1892353788054431e+00,
      "time_unit": "us",
      "code_size": 1.2660000000000000e+03,
      "execution_time_ns": 4.1119133027675334e+03,
      "gas_rate": 8.4106040396438522e+09,
      "gas_used": 3.5234000000000000e+04,
      "input_size": 6.8000000000000000e+01
    },
    {
      "name": "external/total/main/sha1_shifts/empty",
      "family_index": 5,
      "per_family_instance_index": 0,
      "run_name": "external/total/main/sha1_shifts/empty",
      "run_type": "iteration",
      "repetitions": 20,
      "repetition_index": 7,
      "threads": 1,
      "iterations": 180594,
      "real_time": 3.9815784411454169e+00,
      "cpu_time": 4.0356696955602054e+00,
      "time_unit": "us",
      "code_size": 1.2660000000000000e+03,
      "execution_time_ns": 3.9598031219198865e+03,
      "gas_rate": 8.7306451364843559e+09,
      "gas_used": 3.5234000000000000e+04,
      "input_size": 6.8000000000000000e+01
    },
    {
      "name": "external/total/main/sha1_shifts/empty",
      "family_index": 5,
      "per_family_instance_index": 0,
      "run_name": "external/total/main/sha1_shifts/empty",
      "run_type": "iteration",
      "repetitions": 20,
      "repetition_index": 8,
      "threads": 1,
      "iterations": 180594,
      "real_time": 4.0991908424430772e+00,
      "cpu_time": 4.1600728595634822e+00,
      "time_unit": "us",
      "code_size": 1.2660000000000000e+03,
      "execution_time_ns": 4.0763879863118377e+03,
      "gas_rate": 8.4695631998371086e+09,
      "gas_used": 3.5234000000000000e+04,
      "input_size": 6.8000000000000000e+01
    },
    {
      "name": "external/total/main/sha1_shifts/empty",
      "family_index": 5,
      "per_family_instance_index": 0,
      "run_name": "external/total/main/sha1_shifts/empty",
      "run_type": "iteration",
      "repetitions": 20,
      "repetition_index": 9,
      "threads": 1,
      "iterations": 180594,
      "real_time": 3.8266440247186169e+00,
      "cpu_time": 3.8835649191003419e+00,
      "time_unit": "us",
      "code_size": 1.2660000000000000e+03,
      "execution_time_ns": 3.8069961515886462e+03,
      "gas_rate": 9.0725919957486458e+09,
      "gas_used": 3.5234000000000000e+04,
      "input_size": 6.8000000000000000e+01
    },
    {
      "name": "external/total/main/sha1_shifts/empty",
      "family_index": 5,
      "per_family_instance_index": 0,
      "run_name": "external/total/main/sha1_shifts/empty",
      "run_type": "iteration",
      "repetitions": 20,
      "repetition_index": 10,
      "threads": 1,
      "iterations": 180594,
      "real_time": 3.8933225300946521e+00,
      "cpu_time": 3.9513413347065383e+00,
      "time_unit": "us",
      "code_size": 1.2660000000000000e+03,
      "execution_time_ns": 3.8714533151710466e+03,
      "gas_rate": 8.9169719888592682e+09,
      "gas_used": 3.5234000000000000e+04,
      "input_size": 6.8000000000000000e+01
    },
    {
      "name": "external/total/main/sha1_shifts/empty",
      "family_index": 5,
      "per_family_instance_index": 0,
      "run_name": "external/total/main/sha1_shifts/empty",
      "run_type": "iteration",
      "repetitions": 20,
      "repetition_index": 11,
      "threads": 1,
      "iterations": 180594,
      "real_time": 3.8136851501155440e+00,
      "cpu_time": 3.8704499152796252e+00,
      "time_unit": "us",
      "code_size": 1.2660000000000000e+03,
      "execution_time_ns": 3.7937515255213352e+03,
      "gas_rate": 9.1033344368840599e+09,
      "gas_used": 3.5234000000000000e+04,
      "input_size": 6.8000000000000000e+01
    },
    {
      "name": "external/total/main/sha1_shifts/empty",
      "family_index": 5,
      "per_family_instance_index": 0,
      "run_name": "external/total/main/sha1_shifts/empty",
      "run_type": "iteration",
      "repetitions": 20,
      "repetition_index": 12,
      "threads": 1,
      "iterations": 180594,
      "real_time": 3.7982143094469234e+00,
      "cpu_time": 3.8547205001273541e+00,
      "time_unit": "us",
      "code_size": 1.2660000000000000e+03,
      "execution_time_ns": 3.7763961759526896e+03,
      "gas_rate": 9.1404811318579197e+09,
      "gas_used": 3.5234000000000000e+04,
      "input_size": 6.8000000000000000e+01
    },
    {
      "name": "external/total/main/sha1_shifts/empty",
      "family_index": 5,
      "per_family_instance_index": 0,
      "run_name": "external/total/main/sha1_shifts/empty",
      "run_type": "iteration",
      "repetitions": 20,
      "repetition_index": 13,
      "threads": 1,
      "iterations": 180594,
      "real_time": 3.7435114234125035e+00,
      "cpu_time": 3.7992929886928763e+00,
      "time_unit": "us",
      "code_size": 1.2660000000000000e+03,
      "execution_time_ns": 3.7233160404000132e+03,
      "gas_rate": 9.2738307113613892e+09,
      "gas_used": 3.5234000000000000e+04,
      "input_size": 6.8000000000000000e+01
    },
    {
      "name": "external/total/main/sha1_shifts/empty",
      "family_index": 5,
      "per_family_instance_index": 0,
      "run_name": "external/total/main/sha1_shifts/empty",
      "run_type": "iteration",
      "repetitions": 20,
      "repetition_index": 14,
      "threads": 1,
      "iterations": 180594,
      "real_time": 3.7580482131180899e+00,
      "cpu_time": 3.8139302247029323e+00,
      "time_unit": "us",
      "code_size": 1.2660000000000000e+03,
      "execution_time_ns": 3.7386387919864446e+03,
      "gas_rate": 9.2382392765836163e+09,
      "gas_used": 3.5234000000000000e+04,
      "input_size": 6.8000000000000000e+01
    },
    {
      "name": "external/total/main/sha1_shifts/empty",
      "family_index": 5,
      "per_family_instance_index": 0,
      "run_name": "external/total/main/sha1_shifts/empty",
      "run_type": "iteration",
      "repetitions": 20,
      "repetition_index": 15,
      "threads": 1,
      "iterations": 180594,
      "real_time": 3.7840019380485588e+00,
      "cpu_time": 3.8403722991904785e+00,
      "time_unit": "us",
      "code_size": 1.2660000000000000e+03,
      "execution_time_ns": 3.7650837569354462e+03,
      "gas_rate": 9.1746313260896759e+09,
      "gas_used": 3.5234000000000000e+04,
      "input_size": 6.8000000000000000e+01
    },
    {
      "name": "external/total/main/sha1_shifts/empty",
      "family_index": 5,
      "per_family_instance_index": 0,
      "run_name": "external/total/main/sha1_shifts/empty",
      "run_type": "iteration",
      "repetitions": 20,
      "repetition_index": 16,
      "threads": 1,
      "iterations": 180594,
      "real_time": 3.7613932799539573e+00,
      "cpu_time": 3.8174394387410198e+00,
      "time_unit": "us",
      "code_size": 1.2660000000000000e+03,
      "execution_time_ns": 3.7416284926409517e+03,
      "gas_rate": 9.2297469456699657e+09,
      "gas_used": 3.5234000000000000e+04,
      "input_size": 6.8000000000000000e+01
    },
    {
      "name": "external/total/main/sha1_shifts/empty",
      "family_index": 5,
      "per_family_instance_index": 0,
      "run_name": "external/total/main/sha1_shifts/empty",
      "run_type": "iteration",
      "repetitions": 20,
      "repetition_index": 17,
      "threads": 1,
      "iterations": 180594,
      "real_time": 3.8227158488092301e+00,
      "cpu_time": 3.8796243950519140e+00,
      "time_unit": "us",
      "code_size": 1.2660000000000000e+03,
      "execution_time_ns": 3.8020206817502244e+03,
      "gas_rate": 9.0818070030020332e+09,
      "gas_used": 3.5234000000000000e+04,
      "input_size": 6.8000000000000000e+01
    },
    {
      "name": "external/total/main/sha1_shifts/empty",
      "family_index": 5,
      "per_family_instance_index": 0,
      "run_name": "external/total/main/sha1_shifts/empty",
      "run_type": "iteration",
      "repetitions": 20,
      "repetition_index": 18,
      "threads": 1,
      "iterations": 180594,
      "real_time": 3.8363577970476355e+00,
      "cpu_time": 3.8934986267539808e+00,
      "time_unit": "us",
      "code_size": 1.2660000000000000e+03,
      "execution_time_ns": 3.8163161068474037e+03,
      "gas_rate": 9.0494445684124126e+09,
      "gas_used": 3.5234000000000000e+04,
      "input_size": 6.8000000000000000e+01
    },
    {
      "name": "external/total/main/sha1_shifts/empty",
      "family_index": 5,
      "per_family_instance_index": 0,
      "run_name": "external/total/main/sha1_shifts/empty",
      "run_type": "iteration",
      "repetitions": 20,
      "repetition_index": 19,
      "threads": 1,
      "iterations": 180594,
      "real_time": 3.8769788586532523e+00,
      "cpu_time": 3.9356893363012762e+00,
      "time_unit": "us",
      "code_size": 1.2660000000000000e+03,
      "execution_time_ns": 3.8561940153050491e+03,
      "gas_rate": 8.9524342470365257e+09,
      "gas_used": 3.5234000000000000e+04,
      "input_size": 6.8000000000000000e+01
    },
    {
      "name": "external/total/main/sha1_shifts/empty_mean",
      "family_index": 5,
      "per_family_instance_index": 0,
      "run_name": "external/total/main/sha1_shifts/empty",
      "run_type": "aggregate",
      "repetitions": 20,
      "threads": 1,
      "aggregate_name": "mean",
      "aggregate_unit": "time",
      "iterations": 20,
      "real_time": 3.8757488831299738e+00,
      "cpu_time": 3.9314010714641796e+00,
      "time_unit": "us",
      "code_size": 1.2660000000000000e+03,
      "execution_time_ns": 3.8550046554702817e+03,
      "gas_rate": 8.9681095921255932e+09,
      "gas_used": 3.5234000000000000e+04,
      "input_size": 6.8000000000000000e+01
    },
    {
      "name": "external/total/main/sha1_shifts/empty_median",
      "family_index": 5,
      "per_family_instance_index": 0,
      "run_name": "external/total/main/sha1_shifts/empty",
      "run_type": "aggregate",
      "repetitions": 20,
      "threads": 1,
      "aggregate_name": "median",
      "aggregate_unit": "time",
      "iterations": 20,
      "real_time": 3.8620941448779469e+00,
      "cpu_time": 3.9143531457302343e+00,
      "time_unit": "us",
      "code_size": 1.2660000000000000e+03,
      "execution_time_ns": 3.8415345249565326e+03,
      "gas_rate": 9.0012336285884476e+09,
      "gas_used": 3.5234000000000000e+04,
      "input_size": 6.8000000000000000e+01
    },
    {
      "name": "external/total/main/sha1_shifts/empty_stddev",
      "family_index": 5,
      "per_family_instance_index": 0,
      "run_name": "external/total/main/sha1_shifts/empty",
      "run_type": "aggregate",
      "repetitions": 20,
      "threads": 1,
      "aggregate_name": "stddev",
      "aggregate_unit": "time",
      "iterations": 20,
      "real_time": 1.0475757910019660e-01,
      "cpu_time": 1.0498236533099092e-01,
      "time_unit": "us",
      "code_size": 0.0000000000000000e+00,
      "execution_time_ns": 1.0399825919454226e+02,
      "gas_rate": 2.3309157069855544e+08,
      "gas_used": 0.0000000000000000e+00,
      "input_size": 0.0000000000000000e+00
    },
    {
      "name": "external/total/main/sha1_shifts/empty_cv",
      "family_index": 5,
      "per_family_instance_index": 0,
      "run_name": "external/total/main/sha1_shifts/empty",
      "run_type": "aggregate",
      "repetitions": 20,
      "threads": 1,
      "aggregate_name": "cv",
      "aggregate_unit": "percentage",
      "iterations": 20,
      "real_time": 2.7028990334274847e-02,
      "cpu_time": 2.6703550063360018e-02,
      "time_unit": "us",
      "code_size": 0.0000000000000000e+00,
      "execution_time_ns": 2.6977466563358858e-02,
      "gas_rate": 2.5991159932213629e-02,
      "gas_used": 0.0000000000000000e+00,
      "input_size": 0.0000000000000000e+00
    },
    {
      "name": "external/total/main/sha1_shifts/5311",
      "family_index": 6,
      "per_family_instance_index": 0,
      "run_name": "external/total/main/sha1_shifts/5311",
      "run_type": "iteration",
      "repetitions": 20,
      "repetition_index": 0,
      "threads": 1,
      "iterations": 2642,
      "real_time": 2.5831352990157484e+02,
      "cpu_time": 2.6232100643451895e+02,
      "time_unit": "us",
      "code_size": 1.2660000000000000e+03,
      "execution_time_ns": 2.5827352952308857e+05,
      "gas_rate": 1.1049336228905945e+10,
      "gas_used": 2.8984730000000000e+06,
      "input_size": 5.3790000000000000e+03
    },
    {
      "name": "external/total/main/sha1_shifts/5311",
      "family_index": 6,
      "per_family_instance_index": 0,
      "run_name": "external/total/main/sha1_shifts/5311",
      "run_type": "iteration",
      "repetitions": 20,
      "repetition_index": 1,
      "threads": 1,
      "iterations": 2642,
      "real_time": 2.6421353406506159e+02,
      "cpu_time": 2.6832131491294524e+02,
      "time_unit": "us",
      "code_size": 1.2660000000000000e+03,
      "execution_time_ns": 2.6416305336866010e+05,
      "gas_rate": 1.0802246556299065e+10,
      "gas_used": 2.8984730000000000e+06,
      "input_size": 5.3790000000000000e+03
    },
    {
      "name": "external/total/main/sha1_shifts/5311",
      "family_index": 6,
      "per_family_instance_index": 0,
      "run_name": "external/total/main/sha1_shifts/5311",
      "run_type": "iteration",
      "repetitions": 20,
      "repetition_index": 2,
      "threads": 1,
      "iterations": 2642,
      "real_time": 2.5436871347464793e+02,
      "cpu_time": 2.5831632551097510e+02,
      "time_unit": "us",
      "code_size": 1.2660000000000000e+03,
      "execution_time_ns": 2.5432462414837244e+05,
      "gas_rate": 1.1220634213755306e+10,
      "gas_used": 2.8984730000000000e+06,
      "input_size": 5.3790000000000000e+03
    },
    {
      "name": "external/total/main/sha1_shifts/5311",
      "family_index": 6,
      "per_family_instance_index": 0,
      "run_name": "external/total/main/sha1_shifts/5311",
      "run_type": "iteration",
      "repetitions": 20,
      "repetition_index": 3,
      "threads": 1,
      "iterations": 2642,
      "real_time": 2.5300203557916365e+02,
      "cpu_time": 2.5692927138531400e+02,
      "time_unit": "us",
      "code_size": 1.2660000000000000e+03,
      "execution_time_ns": 2.5296424753974262e+05,
      "gas_rate": 1.1281209744502766e+10,
      "gas_used": 2.8984730000000000e+06,
      "input_size": 5.3790000000000000e+03
    },
    {
      "name": "external/total/main/sha1_shifts/5311",
      "family_index": 6,
      "per_family_instance_index": 0,
      "run_name": "external/total/main/sha1_shifts/5311",
      "run_type": "iteration",
      "repetitions": 20,
      "repetition_index": 4,
      "threads": 1,
      "iterations": 2642,
      "real_time": 2.5389050378497791e+02,
      "cpu_time": 2.5783783232399975e+02,
      "time_unit": "us",
      "code_size": 1.2660000000000000e+03,
      "execution_time_ns": 2.5385152990158970e+05,
      "gas_rate": 1.1241457368280117e+10,
      "gas_used": 2.8984730000000000e+06,
      "input_size": 5.3790000000000000e+03
    },
    {
      "name": "external/total/main/sha1_shifts/5311",
      "family_index": 6,
      "per_family_instance_index": 0,
      "run_name": "external/total/main/sha1_shifts/5311",
      "run_type": "iteration",
      "repetitions": 20,
      "repetition_index": 5,
      "threads": 1,
      "iterations": 2642,
      "real_time": 2.5046264950797914e+02,
      "cpu_time": 2.5434868925056438e+02,
      "time_unit": "us",
      "code_size": 1.2660000000000000e+03,
      "execution_time_ns": 2.5042271120363360e+05,
      "gas_rate": 1.1395667139234406e+10,
      "gas_used": 2.8984730000000000e+06,
      "input_size": 5.3790000000000000e+03
    },
    {
      "name": "external/total/main/sha1_shifts/5311",
      "family_index": 6,
      "per_family_instance_index": 0,
      "run_name": "external/total/main/sha1_shifts/5311",
      "run_type": "iteration",
      "repetitions": 20,
      "repetition_index": 6,
      "threads": 1,
      "iterations": 2642,
      "real_time": 2.5152212339134684e+02,
      "cpu_time": 2.5543269114307560e+02,
      "time_unit": "us",
      "code_size": 1.2660000000000000e+03,
      "execution_time_ns": 2.5148163701741106e+05,
      "gas_rate": 1.1347306357025684e+10,
      "gas_used": 2.8984730000000000e+06,
      "input_size": 5.3790000000000000e+03
    },
    {
      "name": "external/total/main/sha1_shifts/5311",
      "family_index": 6,
      "per_family_instance_index": 0,
      "run_name": "external/total/main/sha1_shifts/5311",
      "run_type": "iteration",
      "repetitions": 20,
      "repetition_index": 7,
      "threads": 1,
      "iterations": 2642,
      "real_time": 2.4933021271753782e+02,
      "cpu_time": 2.5320231112793522e+02,
      "time_unit": "us",
      "code_size": 1.2660000000000000e+03,
      "execution_time_ns": 2.4928448523845570e+05,
      "gas_rate": 1.1447261231890938e+10,
      "gas_used": 2.8984730000000000e+06,
      "input_size": 5.3790000000000000e+03
    },
    {
      "name": "external/total/main/sha1_shifts/5311",
      "family_index": 6,
      "per_family_instance_index": 0,
      "run_name": "external/total/main/sha1_shifts/5311",
      "run_type": "iteration",
      "repetitions": 20,
      "repetition_index": 8,
      "threads": 1,
      "iterations": 2642,
      "real_time": 2.5926510711580369e+02,
      "cpu_time": 2.6328459765329558e+02,
      "time_unit": "us",
      "code_size": 1.2660000000000000e+03,
      "execution_time_ns": 2.5921663474640425e+05,
      "gas_rate": 1.1008896934475573e+10,
      "gas_used": 2.8984730000000000e+06,
      "input_size": 5.3790000000000000e+03
    },
    {
      "name": "external/total/main/sha1_shifts/5311",
      "family_index": 6,
      "per_family_instance_index": 0,
      "run_name": "external/total/main/sha1_shifts/5311",
      "run_type": "iteration",
      "repetitions": 20,
      "repetition_index": 9,
      "threads": 1,
      "iterations": 2642,
      "real_time": 2.5949237168820054e+02,
      "cpu_time": 2.6351558591975476e+02,
      "time_unit": "us",
      "code_size": 1.2660000000000000e+03,
      "execution_time_ns": 2.5944830166540499e+05,
      "gas_rate": 1.0999246932144033e+10,
      "gas_used": 2.8984730000000000e+06,
      "input_size": 5.3790000000000000e+03
    },
    {
      "name": "external/total/main/sha1_shifts/5311",
      "family_index": 6,
      "per_family_instance_index": 0,
      "run_name": "external/total/main/sha1_shifts/5311",
      "run_type": "iteration",
      "repetitions": 20,
      "repetition_index": 10,
      "threads": 1,
      "iterations": 2642,
      "real_time": 2.5330650719156270e+02,
      "cpu_time": 2.5724468130204417e+02,
      "time_unit": "us",
      "code_size": 1.2660000000000000e+03,
      "execution_time_ns": 2.5326760370931114e+05,
      "gas_rate": 1.1267377756186743e+10,
      "gas_used": 2.8984730000000000e+06,
      "input_size": 5.3790000000000000e+03
    },
    {
      "name": "external/total/main/sha1_shifts/5311",
      "family_index": 6,
      "per_family_instance_index": 0,
      "run_name": "external/total/main/sha1_shifts/5311",
      "run_type": "iteration",
      "repetitions": 20,
      "repetition_index": 11,
      "threads": 1,
      "iterations": 2642,
      "real_time": 2.5513613588185851e+02,
      "cpu_time": 2.5877714685843989e+02,
      "time_unit": "us",
      "code_size": 1.2660000000000000e+03,
      "execution_time_ns": 2.5509659954579864e+05,
      "gas_rate": 1.1200652898401287e+10,
      "gas_used": 2.8984730000000000e+06,
      "input_size": 5.3790000000000000e+03
    },
    {
      "name": "external/total/main/sha1_shifts/5311",
      "family_index": 6,
      "per_family_instance_index": 0,
      "run_name": "external/total/main/sha1_shifts/5311",
      "run_type": "iteration",
      "repetitions": 20,
      "repetition_index": 12,
      "threads": 1,
      "iterations": 2642,
      "real_time": 2.6068684708563296e+02,
      "cpu_time": 2.6439799394398011e+02,
      "time_unit": "us",
      "code_size": 1.2660000000000000e+03,
      "execution_time_ns": 2.6064188985616958e+05,
      "gas_rate": 1.0962537789201685e+10,
      "gas_used": 2.8984730000000000e+06,
      "input_size": 5.3790000000000000e+03
    },
    {
      "name": "external/total/main/sha1_shifts/5311",
      "family_index": 6,
      "per_family_instance_index": 0,
      "run_name": "external/total/main/sha1_shifts/5311",
      "run_type": "iteration",
      "repetitions": 20,
      "repetition_index": 13,
      "threads": 1,
      "iterations": 2642,
      "real_time": 2.5612869492803776e+02,
      "cpu_time": 2.5977800492051171e+02,
      "time_unit": "us",
      "code_size": 1.2660000000000000e+03,
      "execution_time_ns": 2.5608467865253595e+05,
      "gas_rate": 1.1157499653932943e+10,
      "gas_used": 2.8984730000000000e+06,
      "input_size": 5.3790000000000000e+03
    },
    {
      "name": "external/total/main/sha1_shifts/5311",
      "family_index": 6,
      "per_family_instance_index": 0,
      "run_name": "external/total/main/sha1_shifts/5311",
      "run_type": "iteration",
      "repetitions": 20,
      "repetition_index": 14,
      "threads": 1,
      "iterations": 2642,
      "real_time": 2.6113344322485449e+02,
      "cpu_time": 2.6484554504163879e+02,
      "time_unit": "us",
      "code_size": 1.2660000000000000e+03,
      "execution_time_ns": 4.2656861317183950e+05,
      "gas_rate": 1.0944012668003551e+10,
      "gas_used": 2.8984730000000000e+06,
      "input_size": 5.3790000000000000e+03
    },
    {
      "name": "external/total/main/sha1_shifts/5311",
      "family_index": 6,
      "per_family_instance_index": 0,
      "run_name": "external/total/main/sha1_shifts/5311",
      "run_type": "iteration",
      "repetitions": 20,
      "repetition_index": 15,
      "threads": 1,
      "iterations": 2642,
      "real_time": 2.6188949583655432e+02,
      "cpu_time": 2.6561576873580344e+02,
      "time_unit": "us",
      "code_size": 1.2660000000000000e+03,
      "execution_time_ns": 2.6183743754731264e+05,
      "gas_rate": 1.0912277587265484e+10,
      "gas_used": 2.8984730000000000e+06,
      "input_size": 5.3790000000000000e+03
    },
    {
      "name": "external/total/main/sha1_shifts/5311",
      "family_index": 6,
      "per_family_instance_index": 0,
      "run_name": "external/total/main/sha1_shifts/5311",
      "run_type": "iteration",
      "repetitions": 20,
      "repetition_index": 16,
      "threads": 1,
      "iterations": 2642,
      "real_time": 2.5274756964421150e+02,
      "cpu_time": 2.5634881794095691e+02,
      "time_unit": "us",
      "code_size": 1.2660000000000000e+03,
      "execution_time_ns": 2.5270175510976533e+05,
      "gas_rate": 1.1306753911647001e+10,
      "gas_used": 2.8984730000000000e+06,
      "input_size": 5.3790000000000000e+03
    },
    {
      "name": "external/total/main/sha1_shifts/5311",
      "family_index": 6,
      "per_family_instance_index": 0,
      "run_name": "external/total/main/sha1_shifts/5311",
      "run_type": "iteration",
      "repetitions": 20,
      "repetition_index": 17,
      "threads": 1,
      "iterations": 2642,
      "real_time": 2.5688105639679986e+02,
      "cpu_time": 2.6052058289174852e+02,
      "time_unit": "us",
      "code_size": 1.2660000000000000e+03,
      "execution_time_ns": 2.5684026078728237e+05,
      "gas_rate": 1.1125696740838221e+10,
      "gas_used": 2.8984730000000000e+06,
      "input_size": 5.3790000000000000e+03
    },
    {
      "name": "external/total/main/sha1_shifts/5311",
      "family_index": 6,
      "per_family_instance_index": 0,
      "run_name": "external/total/main/sha1_shifts/5311",
      "run_type": "iteration",
      "repetitions": 20,
      "repetition_index": 18,
      "threads": 1,
      "iterations": 2642,
      "real_time": 2.5582070741859462e+02,
      "cpu_time": 2.5946565745647354e+02,
      "time_unit": "us",
      "code_size": 1.2660000000000000e+03,
      "execution_time_ns": 2.5577535616956852e+05,
      "gas_rate": 1.1170931168361776e+10,
      "gas_used": 2.8984730000000000e+06,
      "input_size": 5.3790000000000000e+03
    },
    {
      "name": "external/total/main/sha1_shifts/5311",
      "family_index": 6,
      "per_family_instance_index": 0,
      "run_name": "external/total/main/sha1_shifts/5311",
      "run_type": "iteration",
      "repetitions": 20,
      "repetition_index": 19,
      "threads": 1,
      "iterations": 2642,
      "real_time": 2.5052382059041960e+02,
      "cpu_time": 2.5408912490537662e+02,
      "time_unit": "us",
      "code_size": 1.2660000000000000e+03,
      "execution_time_ns": 2.5048547577592733e+05,
      "gas_rate": 1.1407308365044739e+10,
      "gas_used": 2.8984730000000000e+06,
      "input_size": 5.3790000000000000e+03
    },
    {
      "name": "external/total/main/sha1_shifts/5311_mean",
      "family_index": 6,
      "per_family_instance_index": 0,
      "run_name": "external/total/main/sha1_shifts/5311",
      "run_type": "aggregate",
      "repetitions": 20,
      "threads": 1,
      "aggregate_name": "mean",
      "aggregate_unit": "time",
      "iterations": 20,
      "real_time": 2.5590575297124101e+02,
      "cpu_time": 2.5972964748296761e+02,
      "time_unit": "us",
      "code_size": 1.2660000000000000e+03,
      "execution_time_ns": 2.6413652123391372e+05,
      "gas_rate": 1.1162415562269863e+10,
      "gas_used": 2.8984730000000000e+06,
      "input_size": 5.3790000000000000e+03
    },
    {
      "name": "external/total/main/sha1_shifts/5311_median",
      "family_index": 6,
      "per_family_instance_index": 0,
      "run_name": "external/total/main/sha1_shifts/5311",
      "run_type": "aggregate",
      "repetitions": 20,
      "threads": 1,
      "aggregate_name": "median",
      "aggregate_unit": "time",
      "iterations": 20,
      "real_time": 2.5547842165022652e+02,
      "cpu_time": 2.5912140215745666e+02,
      "time_unit": "us",
      "code_size": 1.2660000000000000e+03,
      "execution_time_ns": 2.5543597785768358e+05,
      "gas_rate": 1.1185792033381531e+10,
      "gas_used": 2.8984730000000000e+06,
      "input_size": 5.3790000000000000e+03
    },
    {
      "name": "external/total/main/sha1_shifts/5311_stddev",
      "family_index": 6,
      "per_family_instance_index": 0,
      "run_name": "external/total/main/sha1_shifts/5311",
      "run_type": "aggregate",
      "repetitions": 20,
      "threads": 1,
      "aggregate_name": "stddev",
      "aggregate_unit": "time",
      "iterations": 20,
      "real_time": 4.2251811730630111e+00,
      "cpu_time": 4.2586371780586649e+00,
      "time_unit": "us",
      "code_size": 0.0000000000000000e+00,
      "execution_time_ns": 3.8445347161106045e+04,
      "gas_rate": 1.8225600325758931e+08,
      "gas_used": 0.0000000000000000e+00,
      "input_size": 0.0000000000000000e+00
    },
    {
      "name": "external/total/main/sha1_shifts/5311_cv",
      "family_index": 6,
      "per_family_instance_index": 0,
      "run_name": "external/total/main/sha1_shifts/5311",
      "run_type": "aggregate",
      "repetitions": 20,
      "threads": 1,
      "aggregate_name": "cv",
      "aggregate_unit": "percentage",
      "iterations": 20,
      "real_time": 1.6510692409239587e-02,
      "cpu_time": 1.6396423047307044e-02,
      "time_unit": "us",
      "code_size": 0.0000000000000000e+00,
      "execution_time_ns": 1.4555104679015463e-01,
      "gas_rate": 1.6327648996838438e-02,
      "gas_used": 0.0000000000000000e+00,
      "input_size": 0.0000000000000000e+00
    },
    {
      "name": "external/total/main/snailtracer/benchmark",
      "family_index": 7,
      "per_family_instance_index": 0,
      "run_name": "external/total/main/snailtracer/benchmark",
      "run_type": "iteration",
      "repetitions": 20,
      "repetition_index": 0,
      "threads": 1,
      "iterations": 36,
      "real_time": 2.0094941194441970e+04,
      "cpu_time": 2.0382893833333546e+04,
      "time_unit": "us",
      "code_size": 1.7730000000000000e+04,
      "execution_time_ns": 2.0094546388888888e+07,
      "gas_rate": 1.1525143089144003e+10,
      "gas_used": 2.3491576800000000e+08,
      "input_size": 4.0000000000000000e+00
    },
    {
      "name": "external/total/main/snailtracer/benchmark",
      "family_index": 7,
      "per_family_instance_index": 0,
      "run_name": "external/total/main/snailtracer/benchmark",
      "run_type": "iteration",
      "repetitions": 20,
      "repetition_index": 1,
      "threads": 1,
      "iterations": 36,
      "real_time": 2.1935742111104952e+04,
      "cpu_time": 2.2248746833333320e+04,
      "time_unit": "us",
      "code_size": 1.7730000000000000e+04,
      "execution_time_ns": 2.1935414833333332e+07,
      "gas_rate": 1.0558606727820129e+10,
      "gas_used": 2.3491576800000000e+08,
      "input_size": 4.0000000000000000e+00
    },
    {
      "name": "external/total/main/snailtracer/benchmark",
      "family_index": 7,
      "per_family_instance_index": 0,
      "run_name": "external/total/main/snailtracer/benchmark",
      "run_type": "iteration",
      "repetitions": 20,
      "repetition_index": 2,
      "threads": 1,
      "iterations": 36,
      "real_time": 2.0607012722216998e+04,
      "cpu_time": 2.0902725388888633e+04,
      "time_unit": "us",
      "code_size": 1.7730000000000000e+04,
      "execution_time_ns": 2.0606625500000000e+07,
      "gas_rate": 1.1238523380538469e+10,
      "gas_used": 2.3491576800000000e+08,
      "input_size": 4.0000000000000000e+00
    },
    {
      "name": "external/total/main/snailtracer/benchmark",
      "family_index": 7,
      "per_family_instance_index": 0,
      "run_name": "external/total/main/snailtracer/benchmark",
      "run_type": "iteration",
      "repetitions": 20,
      "repetition_index": 3,
      "threads": 1,
      "iterations": 36,
      "real_time": 2.0724343805555793e+04,
      "cpu_time": 2.1021846055555376e+04,
      "time_unit": "us",
      "code_size": 1.7730000000000000e+04,
      "execution_time_ns": 2.0723969444444444e+07,
      "gas_rate": 1.1174840086792454e+10,
      "gas_used": 2.3491576800000000e+08,
      "input_size": 4.0000000000000000e+00
    },
    {
      "name": "external/total/main/snailtracer/benchmark",
      "family_index": 7,
      "per_family_instance_index": 0,
      "run_name": "external/total/main/snailtracer/benchmark",
      "run_type": "iteration",
      "repetitions": 20,
      "repetition_index": 4,
      "threads": 1,
      "iterations": 36,
      "real_time": 2.0261877361109429e+04,
      "cpu_time": 2.0552328444444138e+04,
      "time_unit": "us",
      "code_size": 1.7730000000000000e+04,
      "execution_time_ns": 2.0261439611111112e+07,
      "gas_rate": 1.1430129127948236e+10,
      "gas_used": 2.3491576800000000e+08,
      "input_size": 4.0000000000000000e+00
    },
    {
      "name": "external/total/main/snailtracer/benchmark",
      "family_index": 7,
      "per_family_instance_index": 0,
      "run_name": "external/total/main/snailtracer/benchmark",
      "run_type": "iteration",
      "repetitions": 20,
      "repetition_index": 5,
      "threads": 1,
      "iterations": 36,
      "real_time": 1.9786163722225563e+04,
      "cpu_time": 2.0070092694444400e+04,
      "time_unit": "us",
      "code_size": 1.7730000000000000e+04,
      "execution_time_ns": 1.9785663555555556e+07,
      "gas_rate": 1.1704767465524811e+10,
      "gas_used": 2.3491576800000000e+08,
      "input_size": 4.0000000000000000e+00
    },
    {
      "name": "external/total/main/snailtracer/benchmark",
      "family_index": 7,
      "per_family_instance_index": 0,
      "run_name": "external/total/main/snailtracer/benchmark",
      "run_type": "iteration",
      "repetitions": 20,
      "repetition_index": 6,
      "threads": 1,
      "iterations": 36,
      "real_time": 1.9694012083340975e+04,
      "cpu_time": 1.9976113944444762e+04,
      "time_unit": "us",
      "code_size": 1.7730000000000000e+04,
      "execution_time_ns": 1.9693613555555556e+07,
      "gas_rate": 1.1759833201458519e+10,
      "gas_used": 2.3491576800000000e+08,
      "input_size": 4.0000000000000000e+00
    },
    {
      "name": "external/total/main/snailtracer/benchmark",
      "family_index": 7,
      "per_family_instance_index": 0,
      "run_name": "external/total/main/snailtracer/benchmark",
      "run_type": "iteration",
      "repetitions": 20,
      "repetition_index": 7,
      "threads": 1,
      "iterations": 36,
      "real_time": 1.8869008083331413e+04,
      "cpu_time": 1.9139533222222046e+04,
      "time_unit": "us",
      "code_size": 1.7730000000000000e+04,
      "execution_time_ns": 1.8868618972222224e+07,
      "gas_rate": 1.2273850426365149e+10,
      "gas_used": 2.3491576800000000e+08,
      "input_size": 4.0000000000000000e+00
    },
    {
      "name": "external/total/main/snailtracer/benchmark",
      "family_index": 7,
      "per_family_instance_index": 0,
      "run_name": "external/total/main/snailtracer/benchmark",
      "run_type": "iteration",
      "repetitions": 20,
      "repetition_index": 8,
      "threads": 1,
      "iterations": 36,
      "real_time": 1.8845846666661397e+04,
      "cpu_time": 1.9116194805555548e+04,
      "time_unit": "us",
      "code_size": 1.7730000000000000e+04,
      "execution_time_ns": 1.8845421805555556e+07,
      "gas_rate": 1.2288835220057957e+10,
      "gas_used": 2.3491576800000000e+08,
      "input_size": 4.0000000000000000e+00
    },
    {
      "name": "external/total/main/snailtracer/benchmark",
      "family_index": 7,
      "per_family_instance_index": 0,
      "run_name": "external/total/main/snailtracer/benchmark",
      "run_type": "iteration",
      "repetitions": 20,
      "repetition_index": 9,
      "threads": 1,
      "iterations": 36,
      "real_time": 1.8782746694442823e+04,
      "cpu_time": 1.9063779777777905e+04,
      "time_unit": "us",
      "code_size": 1.7730000000000000e+04,
      "execution_time_ns": 1.8782313916666668e+07,
      "gas_rate": 1.2322622834419987e+10,
      "gas_used": 2.3491576800000000e+08,
      "input_size": 4.0000000000000000e+00
    },
    {
      "name": "external/total/main/snailtracer/benchmark",
      "family_index": 7,
      "per_family_instance_index": 0,
      "run_name": "external/total/main/snailtracer/benchmark",
      "run_type": "iteration",
      "repetitions": 20,
      "repetition_index": 10,
      "threads": 1,
      "iterations": 36,
      "real_time": 1.9205804250001773e+04,
      "cpu_time": 1.9508949472222208e+04,
      "time_unit": "us",
      "code_size": 1.7730000000000000e+04,
      "execution_time_ns": 1.9204957972222224e+07,
      "gas_rate": 1.2041436077041693e+10,
      "gas_used": 2.3491576800000000e+08,
      "input_size": 4.0000000000000000e+00
    },
    {
      "name": "external/total/main/snailtracer/benchmark",
      "family_index": 7,
      "per_family_instance_index": 0,
      "run_name": "external/total/main/snailtracer/benchmark",
      "run_type": "iteration",
      "repetitions": 20,
      "repetition_index": 11,
      "threads": 1,
      "iterations": 36,
      "real_time": 1.9064537972212747e+04,
      "cpu_time": 1.9366282888888578e+04,
      "time_unit": "us",
      "code_size": 1.7730000000000000e+04,
      "execution_time_ns": 1.9064113972222224e+07,
      "gas_rate": 1.2130142337990070e+10,
      "gas_used": 2.3491576800000000e+08,
      "input_size": 4.0000000000000000e+00
    },
    {
      "name": "external/total/main/snailtracer/benchmark",
      "family_index": 7,
      "per_family_instance_index": 0,
      "run_name": "external/total/main/snailtracer/benchmark",
      "run_type": "iteration",
      "repetitions": 20,
      "repetition_index": 12,
      "threads": 1,
      "iterations": 36,
      "real_time": 1.9648598055558370e+04,
      "cpu_time": 1.9958577638889037e+04,
      "time_unit": "us",
      "code_size": 1.7730000000000000e+04,
      "execution_time_ns": 1.9647929722222224e+07,
      "gas_rate": 1.1770165802911205e+10,
      "gas_used": 2.3491576800000000e+08,
      "input_size": 4.0000000000000000e+00
    },
    {
      "name": "external/total/main/snailtracer/benchmark",
      "family_index": 7,
      "per_family_instance_index": 0,
      "run_name": "external/total/main/snailtracer/benchmark",
      "run_type": "iteration",
      "repetitions": 20,
      "repetition_index": 13,
      "threads": 1,
      "iterations": 36,
      "real_time": 1.9728464166670772e+04,
      "cpu_time": 2.0039382166666699e+04,
      "time_unit": "us",
      "code_size": 1.7730000000000000e+04,
      "execution_time_ns": 1.9727912555555556e+07,
      "gas_rate": 1.1722705123651789e+10,
      "gas_used": 2.3491576800000000e+08,
      "input_size": 4.0000000000000000e+00
    },
    {
      "name": "external/total/main/snailtracer/benchmark",
      "family_index": 7,
      "per_family_instance_index": 0,
      "run_name": "external/total/main/snailtracer/benchmark",
      "run_type": "iteration",
      "repetitions": 20,
      "repetition_index": 14,
      "threads": 1,
      "iterations": 36,
      "real_time": 1.9516607305553815e+04,
      "cpu_time": 1.9824820972222391e+04,
      "time_unit": "us",
      "code_size": 1.7730000000000000e+04,
      "execution_time_ns": 1.9516184444444444e+07,
      "gas_rate": 1.1849578280134432e+10,
      "gas_used": 2.3491576800000000e+08,
      "input_size": 4.0000000000000000e+00
    },
    {
      "name": "external/total/main/snailtracer/benchmark",
      "family_index": 7,
      "per_family_instance_index": 0,
      "run_name": "external/total/main/snailtracer/benchmark",
      "run_type": "iteration",
      "repetitions": 20,
      "repetition_index": 15,
      "threads": 1,
      "iterations": 36,
      "real_time": 1.9205964277779862e+04,
      "cpu_time": 1.9508977249999920e+04,
      "time_unit": "us",
      "code_size": 1.7730000000000000e+04,
      "execution_time_ns": 1.9205542444444444e+07,
      "gas_rate": 1.2041418931892035e+10,
      "gas_used": 2.3491576800000000e+08,
      "input_size": 4.0000000000000000e+00
    },
    {
      "name": "external/total/main/snailtracer/benchmark",
      "family_index": 7,
      "per_family_instance_index": 0,
      "run_name": "external/total/main/snailtracer/benchmark",
      "run_type": "iteration",
      "repetitions": 20,
      "repetition_index": 16,
      "threads": 1,
      "iterations": 36,
      "real_time": 1.9407234944449352e+04,
      "cpu_time": 1.9714386166666503e+04,
      "time_unit": "us",
      "code_size": 1.7730000000000000e+04,
      "execution_time_ns": 1.9406848444444444e+07,
      "gas_rate": 1.1915956500700005e+10,
      "gas_used": 2.3491576800000000e+08,
      "input_size": 4.0000000000000000e+00
    },
    {
      "name": "external/total/main/snailtracer/benchmark",
      "family_index": 7,
      "per_family_instance_index": 0,
      "run_name": "external/total/main/snailtracer/benchmark",
      "run_type": "iteration",
      "repetitions": 20,
      "repetition_index": 17,
      "threads": 1,
      "iterations": 36,
      "real_time": 2.0324865472225105e+04,
      "cpu_time": 2.0646156472222308e+04,
      "time_unit": "us",
      "code_size": 1.7730000000000000e+04,
      "execution_time_ns": 2.0324284777777776e+07,
      "gas_rate": 1.1378184037114109e+10,
      "gas_used": 2.3491576800000000e+08,
      "input_size": 4.0000000000000000e+00
    },
    {
      "name": "external/total/main/snailtracer/benchmark",
      "family_index": 7,
      "per_family_instance_index": 0,
      "run_name": "external/total/main/snailtracer/benchmark",
      "run_type": "iteration",
      "repetitions": 20,
      "repetition_index": 18,
      "threads": 1,
      "iterations": 36,
      "real_time": 2.0206967972222224e+04,
      "cpu_time": 2.0526426444444471e+04,
      "time_unit": "us",
      "code_size": 1.7730000000000000e+04,
      "execution_time_ns": 2.0206202638888888e+07,
      "gas_rate": 1.1444552642215059e+10,
      "gas_used": 2.3491576800000000e+08,
      "input_size": 4.0000000000000000e+00
    },
    {
      "name": "external/total/main/snailtracer/benchmark",
      "family_index": 7,
      "per_family_instance_index": 0,
      "run_name": "external/total/main/snailtracer/benchmark",
      "run_type": "iteration",
      "repetitions": 20,
      "repetition_index": 19,
      "threads": 1,
      "iterations": 36,
      "real_time": 2.0772715527780543e+04,
      "cpu_time": 2.1101276444444433e+04,
      "time_unit": "us",
      "code_size": 1.7730000000000000e+04,
      "execution_time_ns": 2.0772313444444444e+07,
      "gas_rate": 1.1132775243170130e+10,
      "gas_used": 2.3491576800000000e+08,
      "input_size": 4.0000000000000000e+00
    },
    {
      "name": "external/total/main/snailtracer/benchmark_mean",
      "family_index": 7,
      "per_family_instance_index": 0,
      "run_name": "external/total/main/snailtracer/benchmark",
      "run_type": "aggregate",
      "repetitions": 20,
      "threads": 1,
      "aggregate_name": "mean",
      "aggregate_unit": "time",
      "iterations": 20,
      "real_time": 1.9834172719444297e+04,
      "cpu_time": 2.0133474545833316e+04,
      "time_unit": "us",
      "code_size": 1.7730000000000000e+04,
      "execution_time_ns": 1.9833695899999995e+07,
      "gas_rate": 1.1685203326844513e+10,
      "gas_used": 2.3491576800000000e+08,
      "input_size": 4.0000000000000000e+00
    },
    {
      "name": "external/total/main/snailtracer/benchmark_median",
      "family_index": 7,
      "per_family_instance_index": 0,
      "run_name": "external/total/main/snailtracer/benchmark",
      "run_type": "aggregate",
      "repetitions": 20,
      "threads": 1,
      "aggregate_name": "median",
      "aggregate_unit": "time",
      "iterations": 20,
      "real_time": 1.9711238125005875e+04,
      "cpu_time": 2.0007748055555734e+04,
      "time_unit": "us",
      "code_size": 1.7730000000000000e+04,
      "execution_time_ns": 1.9710763055555556e+07,
      "gas_rate": 1.1741269162555153e+10,
      "gas_used": 2.3491576800000000e+08,
      "input_size": 4.0000000000000000e+00
    },
    {
      "name": "external/total/main/snailtracer/benchmark_stddev",
      "family_index": 7,
      "per_family_instance_index": 0,
      "run_name": "external/total/main/snailtracer/benchmark",
      "run_type": "aggregate",
      "repetitions": 20,
      "threads": 1,
      "aggregate_name": "stddev",
      "aggregate_unit": "time",
      "iterations": 20,
      "real_time": 7.9684159187785440e+02,
      "cpu_time": 8.0529924172330993e+02,
      "time_unit": "us",
      "code_size": 0.0000000000000000e+00,
      "execution_time_ns": 7.9686650326648680e+05,
      "gas_rate": 4.5543686974735534e+08,
      "gas_used": 0.0000000000000000e+00,
      "input_size": 0.0000000000000000e+00
    },
    {
      "name": "external/total/main/snailtracer/benchmark_cv",
      "family_index": 7,
      "per_family_instance_index": 0,
      "run_name": "external/total/main/snailtracer/benchmark",
      "run_type": "aggregate",
      "repetitions": 20,
      "threads": 1,
      "aggregate_name": "cv",
      "aggregate_unit": "percentage",
      "iterations": 20,
      "real_time": 4.0175186691637318e-02,
      "cpu_time": 3.9998026167319893e-02,
      "time_unit": "us",
      "code_size": 0.0000000000000000e+00,
      "execution_time_ns": 4.0177408551801332e-02,
      "gas_rate": 3.8975519467519794e-02,
      "gas_used": 0.0000000000000000e+00,
      "input_size": 0.0000000000000000e+00
    },
    {
      "name": "external/total/main/structarray_alloc/nfts_rank",
      "family_index": 8,
      "per_family_instance_index": 0,
      "run_name": "external/total/main/structarray_alloc/nfts_rank",
      "run_type": "iteration",
      "repetitions": 20,
      "repetition_index": 0,
      "threads": 1,
      "iterations": 4280,
      "real_time": 1.5175320654198939e+02,
      "cpu_time": 1.5407622593458069e+02,
      "time_unit": "us",
      "code_size": 4.9600000000000000e+02,
      "execution_time_ns": 1.5171571542056074e+05,
      "gas_rate": 1.1278028063445692e+10,
      "gas_used": 1.7376760000000000e+06,
      "input_size": 3.6000000000000000e+01
    },
    {
      "name": "external/total/main/structarray_alloc/nfts_rank",
      "family_index": 8,
      "per_family_instance_index": 0,
      "run_name": "external/total/main/structarray_alloc/nfts_rank",
      "run_type": "iteration",
      "repetitions": 20,
      "repetition_index": 1,
      "threads": 1,
      "iterations": 4280,
      "real_time": 1.5057074976632796e+02,
      "cpu_time": 1.5284491915887671e+02,
      "time_unit": "us",
      "code_size": 4.9600000000000000e+02,
      "execution_time_ns": 1.5051416261682243e+05,
      "gas_rate": 1.1368882979968405e+10,
      "gas_used": 1.7376760000000000e+06,
      "input_size": 3.6000000000000000e+01
    },
    {
      "name": "external/total/main/structarray_alloc/nfts_rank",
      "family_index": 8,
      "per_family_instance_index": 0,
      "run_name": "external/total/main/structarray_alloc/nfts_rank",
      "run_type": "iteration",
      "repetitions": 20,
      "repetition_index": 2,
      "threads": 1,
      "iterations": 4280,
      "real_time": 1.5105777429899740e+02,
      "cpu_time": 1.5333701495327031e+02,
      "time_unit": "us",
      "code_size": 4.9600000000000000e+02,
      "execution_time_ns": 1.5102164602803739e+05,
      "gas_rate": 1.1332397467953575e+10,
      "gas_used": 1.7376760000000000e+06,
      "input_size": 3.6000000000000000e+01
    },
    {
      "name": "external/total/main/structarray_alloc/nfts_rank",
      "family_index": 8,
      "per_family_instance_index": 0,
      "run_name": "external/total/main/structarray_alloc/nfts_rank",
      "run_type": "iteration",
      "repetitions": 20,
      "repetition_index": 3,
      "threads": 1,
      "iterations": 4280,
      "real_time": 1.5356110747654947e+02,
      "cpu_time": 1.5587372476635539e+02,
      "time_unit": "us",
      "code_size": 4.9600000000000000e+02,
      "execution_time_ns": 1.5352076752336448e+05,
      "gas_rate": 1.1147972518169203e+10,
      "gas_used": 1.7376760000000000e+06,
      "input_size": 3.6000000000000000e+01
    },
    {
      "name": "external/total/main/structarray_alloc/nfts_rank",
      "family_index": 8,
      "per_family_instance_index": 0,
      "run_name": "external/total/main/structarray_alloc/nfts_rank",
      "run_type": "iteration",
      "repetitions": 20,
      "repetition_index": 4,
      "threads": 1,
      "iterations": 4280,
      "real_time": 1.6756703691581717e+02,
      "cpu_time": 1.7009690257009410e+02,
      "time_unit": "us",
      "code_size": 4.9600000000000000e+02,
      "execution_time_ns": 1.6751784813084113e+05,
      "gas_rate": 1.0215800368757053e+10,
      "gas_used": 1.7376760000000000e+06,
      "input_size": 3.6000000000000000e+01
    },
    {
      "name": "external/total/main/structarray_alloc/nfts_rank",
      "family_index": 8,
      "per_family_instance_index": 0,
      "run_name": "external/total/main/structarray_alloc/nfts_rank",
      "run_type": "iteration",
      "repetitions": 20,
      "repetition_index": 5,
      "threads": 1,
      "iterations": 4280,
      "real_time": 1.5190736238324783e+02,
      "cpu_time": 1.5419954322429871e+02,
      "time_unit": "us",
      "code_size": 4.9600000000000000e+02,
      "execution_time_ns": 1.5185910140186915e+05,
      "gas_rate": 1.1269008738063354e+10,
      "gas_used": 1.7376760000000000e+06,
      "input_size": 3.6000000000000000e+01
    },
    {
      "name": "external/total/main/structarray_alloc/nfts_rank",
      "family_index": 8,
      "per_family_instance_index": 0,
      "run_name": "external/total/main/structarray_alloc/nfts_rank",
      "run_type": "iteration",
      "repetitions": 20,
      "repetition_index": 6,
      "threads": 1,
      "iterations": 4280,
      "real_time": 1.5170562383171816e+02,
      "cpu_time": 1.5399171214953464e+02,
      "time_unit": "us",
      "code_size": 4.9600000000000000e+02,
      "execution_time_ns": 1.5166472242990654e+05,
      "gas_rate": 1.1284217674731863e+10,
      "gas_used": 1.7376760000000000e+06,
      "input_size": 3.6000000000000000e+01
    },
    {
      "name": "external/total/main/structarray_alloc/nfts_rank",
      "family_index": 8,
      "per_family_instance_index": 0,
      "run_name": "external/total/main/structarray_alloc/nfts_rank",
      "run_type": "iteration",
      "repetitions": 20,
      "repetition_index": 7,
      "threads": 1,
      "iterations": 4280,
      "real_time": 1.5503053107475898e+02,
      "cpu_time": 1.5736694392523361e+02,
      "time_unit": "us",
      "code_size": 4.9600000000000000e+02,
      "execution_time_ns": 1.5499298598130842e+05,
      "gas_rate": 1.1042191941057104e+10,
      "gas_used": 1.7376760000000000e+06,
      "input_size": 3.6000000000000000e+01
    },
    {
      "name": "external/total/main/structarray_alloc/nfts_rank",
      "family_index": 8,
      "per_family_instance_index": 0,
      "run_name": "external/total/main/structarray_alloc/nfts_rank",
      "run_type": "iteration",
      "repetitions": 20,
      "repetition_index": 8,
      "threads": 1,
      "iterations": 4280,
      "real_time": 1.5380507523366200e+02,
      "cpu_time": 1.5612588995327329e+02,
      "time_unit": "us",
      "code_size": 4.9600000000000000e+02,
      "execution_time_ns": 1.5376787570093459e+05,
      "gas_rate": 1.1129966980621004e+10,
      "gas_used": 1.7376760000000000e+06,
      "input_size": 3.6000000000000000e+01
    },
    {
      "name": "external/total/main/structarray_alloc/nfts_rank",
      "family_index": 8,
      "per_family_instance_index": 0,
      "run_name": "external/total/main/structarray_alloc/nfts_rank",
      "run_type": "iteration",
      "repetitions": 20,
      "repetition_index": 9,
      "threads": 1,
      "iterations": 4280,
      "real_time": 1.5563868808408827e+02,
      "cpu_time": 1.5798090233644558e+02,
      "time_unit": "us",
      "code_size": 4.9600000000000000e+02,
      "execution_time_ns": 1.5560325397196261e+05,
      "gas_rate": 1.0999278864095491e+10,
      "gas_used": 1.7376760000000000e+06,
      "input_size": 3.6000000000000000e+01
    },
    {
      "name": "external/total/main/structarray_alloc/nfts_rank",
      "family_index": 8,
      "per_family_instance_index": 0,
      "run_name": "external/total/main/structarray_alloc/nfts_rank",
      "run_type": "iteration",
      "repetitions": 20,
      "repetition_index": 10,
      "threads": 1,
      "iterations": 4280,
      "real_time": 1.5294606658884067e+02,
      "cpu_time": 1.5525594859813364e+02,
      "time_unit": "us",
      "code_size": 4.9600000000000000e+02,
      "execution_time_ns": 1.5290467126168223e+05,
      "gas_rate": 1.1192331216228125e+10,
      "gas_used": 1.7376760000000000e+06,
      "input_size": 3.6000000000000000e+01
    },
    {
      "name": "external/total/main/structarray_alloc/nfts_rank",
      "family_index": 8,
      "per_family_instance_index": 0,
      "run_name": "external/total/main/structarray_alloc/nfts_rank",
      "run_type": "iteration",
      "repetitions": 20,
      "repetition_index": 11,
      "threads": 1,
      "iterations": 4280,
      "real_time": 1.5037808107474342e+02,
      "cpu_time": 1.5264821518691727e+02,
      "time_unit": "us",
      "code_size": 4.9600000000000000e+02,
      "execution_time_ns": 1.5030873317757010e+05,
      "gas_rate": 1.1383533032942579e+10,
      "gas_used": 1.7376760000000000e+06,
      "input_size": 3.6000000000000000e+01
    },
    {
      "name": "external/total/main/structarray_alloc/nfts_rank",
      "family_index": 8,
      "per_family_instance_index": 0,
      "run_name": "external/total/main/structarray_alloc/nfts_rank",
      "run_type": "iteration",
      "repetitions": 20,
      "repetition_index": 12,
      "threads": 1,
      "iterations": 4280,
      "real_time": 1.5435232546721389e+02,
      "cpu_time": 1.5659635747663813e+02,
      "time_unit": "us",
      "code_size": 4.9600000000000000e+02,
      "execution_time_ns": 1.5431590560747663e+05,
      "gas_rate": 1.1096528859295055e+10,
      "gas_used": 1.7376760000000000e+06,
      "input_size": 3.6000000000000000e+01
    },
    {
      "name": "external/total/main/structarray_alloc/nfts_rank",
      "family_index": 8,
      "per_family_instance_index": 0,
      "run_name": "external/total/main/structarray_alloc/nfts_rank",
      "run_type": "iteration",
      "repetitions": 20,
      "repetition_index": 13,
      "threads": 1,
      "iterations": 4280,
      "real_time": 1.5170215584108331e+02,
      "cpu_time": 1.5382868364485475e+02,
      "time_unit": "us",
      "code_size": 4.9600000000000000e+02,
      "execution_time_ns": 1.5166695864485981e+05,
      "gas_rate": 1.1296176752131506e+10,
      "gas_used": 1.7376760000000000e+06,
      "input_size": 3.6000000000000000e+01
    },
    {
      "name": "external/total/main/structarray_alloc/nfts_rank",
      "family_index": 8,
      "per_family_instance_index": 0,
      "run_name": "external/total/main/structarray_alloc/nfts_rank",
      "run_type": "iteration",
      "repetitions": 20,
      "repetition_index": 14,
      "threads": 1,
      "iterations": 4280,
      "real_time": 1.4870530911215712e+02,
      "cpu_time": 1.5078997803738366e+02,
      "time_unit": "us",
      "code_size": 4.9600000000000000e+02,
      "execution_time_ns": 1.4866643855140186e+05,
      "gas_rate": 1.1523816255011309e+10,
      "gas_used": 1.7376760000000000e+06,
      "input_size": 3.6000000000000000e+01
    },
    {
      "name": "external/total/main/structarray_alloc/nfts_rank",
      "family_index": 8,
      "per_family_instance_index": 0,
      "run_name": "external/total/main/structarray_alloc/nfts_rank",
      "run_type": "iteration",
      "repetitions": 20,
      "repetition_index": 15,
      "threads": 1,
      "iterations": 4280,
      "real_time": 1.5167562336454100e+02,
      "cpu_time": 1.5379394228971458e+02,
      "time_unit": "us",
      "code_size": 4.9600000000000000e+02,
      "execution_time_ns": 1.5163986635514020e+05,
      "gas_rate": 1.1298728507307484e+10,
      "gas_used": 1.7376760000000000e+06,
      "input_size": 3.6000000000000000e+01
    },
    {
      "name": "external/total/main/structarray_alloc/nfts_rank",
      "family_index": 8,
      "per_family_instance_index": 0,
      "run_name": "external/total/main/structarray_alloc/nfts_rank",
      "run_type": "iteration",
      "repetitions": 20,
      "repetition_index": 16,
      "threads": 1,
      "iterations": 4280,
      "real_time": 1.4938717406536605e+02,
      "cpu_time": 1.5147657827103200e+02,
      "time_unit": "us",
      "code_size": 4.9600000000000000e+02,
      "execution_time_ns": 1.4935252032710280e+05,
      "gas_rate": 1.1471582074496256e+10,
      "gas_used": 1.7376760000000000e+06,
      "input_size": 3.6000000000000000e+01
    },
    {
      "name": "external/total/main/structarray_alloc/nfts_rank",
      "family_index": 8,
      "per_family_instance_index": 0,
      "run_name": "external/total/main/structarray_alloc/nfts_rank",
      "run_type": "iteration",
      "repetitions": 20,
      "repetition_index": 17,
      "threads": 1,
      "iterations": 4280,
      "real_time": 1.4952247686918969e+02,
      "cpu_time": 1.5161501635514276e+02,
      "time_unit": "us",
      "code_size": 4.9600000000000000e+02,
      "execution_time_ns": 1.4948639672897197e+05,
      "gas_rate": 1.1461107493004986e+10,
      "gas_used": 1.7376760000000000e+06,
      "input_size": 3.6000000000000000e+01
    },
    {
      "name": "external/total/main/structarray_alloc/nfts_rank",
      "family_index": 8,
      "per_family_instance_index": 0,
      "run_name": "external/total/main/structarray_alloc/nfts_rank",
      "run_type": "iteration",
      "repetitions": 20,
      "repetition_index": 18,
      "threads": 1,
      "iterations": 4280,
      "real_time": 1.4969503154208519e+02,
      "cpu_time": 1.5178428925233973e+02,
      "time_unit": "us",
      "code_size": 4.9600000000000000e+02,
      "execution_time_ns": 1.4966012476635515e+05,
      "gas_rate": 1.1448325835035091e+10,
      "gas_used": 1.7376760000000000e+06,
      "input_size": 3.6000000000000000e+01
    },
    {
      "name": "external/total/main/structarray_alloc/nfts_rank",
      "family_index": 8,
      "per_family_instance_index": 0,
      "run_name": "external/total/main/structarray_alloc/nfts_rank",
      "run_type": "iteration",
      "repetitions": 20,
      "repetition_index": 19,
      "threads": 1,
      "iterations": 4280,
      "real_time": 1.5261599742996486e+02,
      "cpu_time": 1.5475240934579389e+02,
      "time_unit": "us",
      "code_size": 4.9600000000000000e+02,
      "execution_time_ns": 1.5257952710280372e+05,
      "gas_rate": 1.1228749247562067e+10,
      "gas_used": 1.7376760000000000e+06,
      "input_size": 3.6000000000000000e+01
    },
    {
      "name": "external/total/main/structarray_alloc/nfts_rank_mean",
      "family_index": 8,
      "per_family_instance_index": 0,
      "run_name": "external/total/main/structarray_alloc/nfts_rank",
      "run_type": "aggregate",
      "repetitions": 20,
      "threads": 1,
      "aggregate_name": "mean",
      "aggregate_unit": "time",
      "iterations": 20,
      "real_time": 1.5267886984811710e+02,
      "cpu_time": 1.5492175987149568e+02,
      "time_unit": "us",
      "code_size": 4.9600000000000000e+02,
      "execution_time_ns": 1.5263796108644860e+05,
      "gas_rate": 1.1223431243493860e+10,
      "gas_used": 1.7376760000000000e+06,
      "input_size": 3.6000000000000000e+01
    },
    {
      "name": "external/total/main/structarray_alloc/nfts_rank_median",
      "family_index": 8,
      "per_family_instance_index": 0,
      "run_name": "external/total/main/structarray_alloc/nfts_rank",
      "run_type": "aggregate",
      "repetitions": 20,
      "threads": 1,
      "aggregate_name": "median",
      "aggregate_unit": "time",
      "iterations": 20,
      "real_time": 1.5172941518685377e+02,
      "cpu_time": 1.5403396904205763e+02,
      "time_unit": "us",
      "code_size": 4.9600000000000000e+02,
      "execution_time_ns": 1.5169133703271026e+05,
      "gas_rate": 1.1281122869088778e+10,
      "gas_used": 1.7376760000000000e+06,
      "input_size": 3.6000000000000000e+01
    },
    {
      "name": "external/total/main/structarray_alloc/nfts_rank_stddev",
      "family_index": 8,
      "per_family_instance_index": 0,
      "run_name": "external/total/main/structarray_alloc/nfts_rank",
      "run_type": "aggregate",
      "repetitions": 20,
      "threads": 1,
      "aggregate_name": "stddev",
      "aggregate_unit": "time",
      "iterations": 20,
      "real_time": 3.9939882280785755e+00,
      "cpu_time": 4.0859463985975681e+00,
      "time_unit": "us",
      "code_size": 0.0000000000000000e+00,
      "execution_time_ns": 3.9931184986542157e+03,
      "gas_rate": 2.7788637804039150e+08,
      "gas_used": 0.0000000000000000e+00,
      "input_size": 0.0000000000000000e+00
    },
    {
      "name": "external/total/main/structarray_alloc/nfts_rank_cv",
      "family_index": 8,
      "per_family_instance_index": 0,
      "run_name": "external/total/main/structarray_alloc/nfts_rank",
      "run_type": "aggregate",
      "repetitions": 20,
      "threads": 1,
      "aggregate_name": "cv",
      "aggregate_unit": "percentage",
      "iterations": 20,
      "real_time": 2.6159403930954832e-02,
      "cpu_time": 2.6374257573544054e-02,
      "time_unit": "us",
      "code_size": 0.0000000000000000e+00,
      "execution_time_ns": 2.6160716968648828e-02,
      "gas_rate": 2.4759485046204580e-02,
      "gas_used": 0.0000000000000000e+00,
      "input_size": 0.0000000000000000e+00
    },
    {
      "name": "external/total/main/swap_math/spent",
      "family_index": 9,
      "per_family_instance_index": 0,
      "run_name": "external/total/main/swap_math/spent",
      "run_type": "iteration",
      "repetitions": 20,
      "repetition_index": 0,
      "threads": 1,
      "iterations": 554727,
      "real_time": 1.3090480362409167e+00,
      "cpu_time": 1.3273612227275964e+00,
      "time_unit": "us",
      "code_size": 1.9210000000000000e+03,
      "execution_time_ns": 1.2893894528299506e+03,
      "gas_rate": 2.3949773020093722e+09,
      "gas_used": 3.1790000000000000e+03,
      "input_size": 1.6400000000000000e+02
    },
    {
      "name": "external/total/main/swap_math/spent",
      "family_index": 9,
      "per_family_instance_index": 0,
      "run_name": "external/total/main/swap_math/spent",
      "run_type": "iteration",
      "repetitions": 20,
      "repetition_index": 1,
      "threads": 1,
      "iterations": 554727,
      "real_time": 1.3356840031228847e+00,
      "cpu_time": 1.3543841601364508e+00,
      "time_unit": "us",
      "code_size": 1.9210000000000000e+03,
      "execution_time_ns": 1.3162728423170315e+03,
      "gas_rate": 2.3471922469026241e+09,
      "gas_used": 3.1790000000000000e+03,
      "input_size": 1.6400000000000000e+02
    },
    {
      "name": "external/total/main/swap_math/spent",
      "family_index": 9,
      "per_family_instance_index": 0,
      "run_name": "external/total/main/swap_math/spent",
      "run_type": "iteration",
      "repetitions": 20,
      "repetition_index": 2,
      "threads": 1,
      "iterations": 554727,
      "real_time": 1.3090617006205643e+00,
      "cpu_time": 1.3273608531764107e+00,
      "time_unit": "us",
      "code_size": 1.9210000000000000e+03,
      "execution_time_ns": 1.2902737761096901e+03,
      "gas_rate": 2.3949779687961764e+09,
      "gas_used": 3.1790000000000000e+03,
      "input_size": 1.6400000000000000e+02
    },
    {
      "name": "external/total/main/swap_math/spent",
      "family_index": 9,
      "per_family_instance_index": 0,
      "run_name": "external/total/main/swap_math/spent",
      "run_type": "iteration",
      "repetitions": 20,
      "repetition_index": 3,
      "threads": 1,
      "iterations": 554727,
      "real_time": 1.3190862370138488e+00,
      "cpu_time": 1.3372619234325729e+00,
      "time_unit": "us",
      "code_size": 1.9210000000000000e+03,
      "execution_time_ns": 1.2990281778244073e+03,
      "gas_rate": 2.3772455824061241e+09,
      "gas_used": 3.1790000000000000e+03,
      "input_size": 1.6400000000000000e+02
    },
    {
      "name": "external/total/main/swap_math/spent",
      "family_index": 9,
      "per_family_instance_index": 0,
      "run_name": "external/total/main/swap_math/spent",
      "run_type": "iteration",
      "repetitions": 20,
      "repetition_index": 4,
      "threads": 1,
      "iterations": 554727,
      "real_time": 1.3089763631473521e+00,
      "cpu_time": 1.3261532573680272e+00,
      "time_unit": "us",
      "code_size": 1.9210000000000000e+03,
      "execution_time_ns": 1.2894935454737195e+03,
      "gas_rate": 2.3971588369124522e+09,
      "gas_used": 3.1790000000000000e+03,
      "input_size": 1.6400000000000000e+02
    },
    {
      "name": "external/total/main/swap_math/spent",
      "family_index": 9,
      "per_family_instance_index": 0,
      "run_name": "external/total/main/swap_math/spent",
      "run_type": "iteration",
      "repetitions": 20,
      "repetition_index": 5,
      "threads": 1,
      "iterations": 554727,
      "real_time": 1.3153197464702990e+00,
      "cpu_time": 1.3325830129054772e+00,
      "time_unit": "us",
      "code_size": 1.9210000000000000e+03,
      "execution_time_ns": 1.2949331527039426e+03,
      "gas_rate": 2.3855924690715632e+09,
      "gas_used": 3.1790000000000000e+03,
      "input_size": 1.6400000000000000e+02
    },
    {
      "name": "external/total/main/swap_math/spent",
      "family_index": 9,
      "per_family_instance_index": 0,
      "run_name": "external/total/main/swap_math/spent",
      "run_type": "iteration",
      "repetitions": 20,
      "repetition_index": 6,
      "threads": 1,
      "iterations": 554727,
      "real_time": 1.3105446534966412e+00,
      "cpu_time": 1.3277117050368481e+00,
      "time_unit": "us",
      "code_size": 1.9210000000000000e+03,
      "execution_time_ns": 1.2911211370638171e+03,
      "gas_rate": 2.3943450885761175e+09,
      "gas_used": 3.1790000000000000e+03,
      "input_size": 1.6400000000000000e+02
    },
    {
      "name": "external/total/main/swap_math/spent",
      "family_index": 9,
      "per_family_instance_index": 0,
      "run_name": "external/total/main/swap_math/spent",
      "run_type": "iteration",
      "repetitions": 20,
      "repetition_index": 7,
      "threads": 1,
      "iterations": 554727,
      "real_time": 1.3226781804384331e+00,
      "cpu_time": 1.3400591083541868e+00,
      "time_unit": "us",
      "code_size": 1.9210000000000000e+03,
      "execution_time_ns": 1.3035719335817439e+03,
      "gas_rate": 2.3722834165907316e+09,
      "gas_used": 3.1790000000000000e+03,
      "input_size": 1.6400000000000000e+02
    },
    {
      "name": "external/total/main/swap_math/spent",
      "family_index": 9,
      "per_family_instance_index": 0,
      "run_name": "external/total/main/swap_math/spent",
      "run_type": "iteration",
      "repetitions": 20,
      "repetition_index": 8,
      "threads": 1,
      "iterations": 554727,
      "real_time": 1.2908074908922695e+00,
      "cpu_time": 1.3076988879214524e+00,
      "time_unit": "us",
      "code_size": 1.9210000000000000e+03,
      "execution_time_ns": 1.2723551332457228e+03,
      "gas_rate": 2.4309877674155736e+09,
      "gas_used": 3.1790000000000000e+03,
      "input_size": 1.6400000000000000e+02
    },
    {
      "name": "external/total/main/swap_math/spent",
      "family_index": 9,
      "per_family_instance_index": 0,
      "run_name": "external/total/main/swap_math/spent",
      "run_type": "iteration",
      "repetitions": 20,
      "repetition_index": 9,
      "threads": 1,
      "iterations": 554727,
      "real_time": 1.3115306772523210e+00,
      "cpu_time": 1.3286862799178367e+00,
      "time_unit": "us",
      "code_size": 1.9210000000000000e+03,
      "execution_time_ns": 1.2928659520809335e+03,
      "gas_rate": 2.3925888661969047e+09,
      "gas_used": 3.1790000000000000e+03,
      "input_size": 1.6400000000000000e+02
    },
    {
      "name": "external/total/main/swap_math/spent",
      "family_index": 9,
      "per_family_instance_index": 0,
      "run_name": "external/total/main/swap_math/spent",
      "run_type": "iteration",
      "repetitions": 20,
      "repetition_index": 10,
      "threads": 1,
      "iterations": 554727,
      "real_time": 1.3342451115595122e+00,
      "cpu_time": 1.3517260922940055e+00,
      "time_unit": "us",
      "code_size": 1.9210000000000000e+03,
      "execution_time_ns": 1.3147169364390052e+03,
      "gas_rate": 2.3518078241760798e+09,
      "gas_used": 3.1790000000000000e+03,
      "input_size": 1.6400000000000000e+02
    },
    {
      "name": "external/total/main/swap_math/spent",
      "family_index": 9,
      "per_family_instance_index": 0,
      "run_name": "external/total/main/swap_math/spent",
      "run_type": "iteration",
      "repetitions": 20,
      "repetition_index": 11,
      "threads": 1,
      "iterations": 554727,
      "real_time": 1.3054911154492439e+00,
      "cpu_time": 1.3225978364132325e+00,
      "time_unit": "us",
      "code_size": 1.9210000000000000e+03,
      "execution_time_ns": 1.2868658925922120e+03,
      "gas_rate": 2.4036029036771789e+09,
      "gas_used": 3.1790000000000000e+03,
      "input_size": 1.6400000000000000e+02
    },
    {
      "name": "external/total/main/swap_math/spent",
      "family_index": 9,
      "per_family_instance_index": 0,
      "run_name": "external/total/main/swap_math/spent",
      "run_type": "iteration",
      "repetitions": 20,
      "repetition_index": 12,
      "threads": 1,
      "iterations": 554727,
      "real_time": 1.3095856015659635e+00,
      "cpu_time": 1.3267759510534005e+00,
      "time_unit": "us",
      "code_size": 1.9210000000000000e+03,
      "execution_time_ns": 1.2911744587878361e+03,
      "gas_rate": 2.3960337820986404e+09,
      "gas_used": 3.1790000000000000e+03,
      "input_size": 1.6400000000000000e+02
    },
    {
      "name": "external/total/main/swap_math/spent",
      "family_index": 9,
      "per_family_instance_index": 0,
      "run_name": "external/total/main/swap_math/spent",
      "run_type": "iteration",
      "repetitions": 20,
      "repetition_index": 13,
      "threads": 1,
      "iterations": 554727,
      "real_time": 1.3182449403040453e+00,
      "cpu_time": 1.3355573714638016e+00,
      "time_unit": "us",
      "code_size": 1.9210000000000000e+03,
      "execution_time_ns": 1.2992711910543385e+03,
      "gas_rate": 2.3802796255137601e+09,
      "gas_used": 3.1790000000000000e+03,
      "input_size": 1.6400000000000000e+02
    },
    {
      "name": "external/total/main/swap_math/spent",
      "family_index": 9,
      "per_family_instance_index": 0,
      "run_name": "external/total/main/swap_math/spent",
      "run_type": "iteration",
      "repetitions": 20,
      "repetition_index": 14,
      "threads": 1,
      "iterations": 554727,
      "real_time": 1.3450950737933933e+00,
      "cpu_time": 1.3620701245838069e+00,
      "time_unit": "us",
      "code_size": 1.9210000000000000e+03,
      "execution_time_ns": 1.3253310078651300e+03,
      "gas_rate": 2.3339473809921298e+09,
      "gas_used": 3.1790000000000000e+03,
      "input_size": 1.6400000000000000e+02
    },
    {
      "name": "external/total/main/swap_math/spent",
      "family_index": 9,
      "per_family_instance_index": 0,
      "run_name": "external/total/main/swap_math/spent",
      "run_type": "iteration",
      "repetitions": 20,
      "repetition_index": 15,
      "threads": 1,
      "iterations": 554727,
      "real_time": 1.3596334647494530e+00,
      "cpu_time": 1.3671435480876313e+00,
      "time_unit": "us",
      "code_size": 1.9210000000000000e+03,
      "execution_time_ns": 1.3387487178377833e+03,
      "gas_rate": 2.3252861811378946e+09,
      "gas_used": 3.1790000000000000e+03,
      "input_size": 1.6400000000000000e+02
    },
    {
      "name": "external/total/main/swap_math/spent",
      "family_index": 9,
      "per_family_instance_index": 0,
      "run_name": "external/total/main/swap_math/spent",
      "run_type": "iteration",
      "repetitions": 20,
      "repetition_index": 16,
      "threads": 1,
      "iterations": 554727,
      "real_time": 1.3336910786751071e+00,
      "cpu_time": 1.3410968674681043e+00,
      "time_unit": "us",
      "code_size": 1.9210000000000000e+03,
      "execution_time_ns": 1.3138006839400282e+03,
      "gas_rate": 2.3704477112095017e+09,
      "gas_used": 3.1790000000000000e+03,
      "input_size": 1.6400000000000000e+02
    },
    {
      "name": "external/total/main/swap_math/spent",
      "family_index": 9,
      "per_family_instance_index": 0,
      "run_name": "external/total/main/swap_math/spent",
      "run_type": "iteration",
      "repetitions": 20,
      "repetition_index": 17,
      "threads": 1,
      "iterations": 554727,
      "real_time": 1.3797559303942917e+00,
      "cpu_time": 1.3873016925442399e+00,
      "time_unit": "us",
      "code_size": 1.9210000000000000e+03,
      "execution_time_ns": 1.3596925064040511e+03,
      "gas_rate": 2.2914986819989223e+09,
      "gas_used": 3.1790000000000000e+03,
      "input_size": 1.6400000000000000e+02
    },
    {
      "name": "external/total/main/swap_math/spent",
      "family_index": 9,
      "per_family_instance_index": 0,
      "run_name": "external/total/main/swap_math/spent",
      "run_type": "iteration",
      "repetitions": 20,
      "repetition_index": 18,
      "threads": 1,
      "iterations": 554727,
      "real_time": 1.3590207002724772e+00,
      "cpu_time": 1.3665323663712003e+00,
      "time_unit": "us",
      "code_size": 1.9210000000000000e+03,
      "execution_time_ns": 1.3388157327838740e+03,
      "gas_rate": 2.3263261655790648e+09,
      "gas_used": 3.1790000000000000e+03,
      "input_size": 1.6400000000000000e+02
    },
    {
      "name": "external/total/main/swap_math/spent",
      "family_index": 9,
      "per_family_instance_index": 0,
      "run_name": "external/total/main/swap_math/spent",
      "run_type": "iteration",
      "repetitions": 20,
      "repetition_index": 19,
      "threads": 1,
      "iterations": 554727,
      "real_time": 1.3474011468704075e+00,
      "cpu_time": 1.3548369576385997e+00,
      "time_unit": "us",
      "code_size": 1.9210000000000000e+03,
      "execution_time_ns": 1.3277121106418113e+03,
      "gas_rate": 2.3464077962124743e+09,
      "gas_used": 3.1790000000000000e+03,
      "input_size": 1.6400000000000000e+02
    },
    {
      "name": "external/total/main/swap_math/spent_mean",
      "family_index": 9,
      "per_family_instance_index": 0,
      "run_name": "external/total/main/swap_math/spent",
      "run_type": "aggregate",
      "repetitions": 20,
      "threads": 1,
      "aggregate_name": "mean",
      "aggregate_unit": "time",
      "iterations": 20,
      "real_time": 1.3262450626164715e+00,
      "cpu_time": 1.3412449609447443e+00,
      "time_unit": "us",
      "code_size": 1.9210000000000000e+03,
      "execution_time_ns": 1.3067717170788517e+03,
      "gas_rate": 2.3706493798736644e+09,
      "gas_used": 3.1790000000000000e+03,
      "input_size": 1.6400000000000000e+02
    },
    {
      "name": "external/total/main/swap_math/spent_median",
      "family_index": 9,
      "per_family_instance_index": 0,
      "run_name": "external/total/main/swap_math/spent",
      "run_type": "aggregate",
      "repetitions": 20,
      "threads": 1,
      "aggregate_name": "median",
      "aggregate_unit": "time",
      "iterations": 20,
      "real_time": 1.3186655886589471e+00,
      "cpu_time": 1.3364096474481872e+00,
      "time_unit": "us",
      "code_size": 1.9210000000000000e+03,
      "execution_time_ns": 1.2991496844393728e+03,
      "gas_rate": 2.3787626039599419e+09,
      "gas_used": 3.1790000000000000e+03,
      "input_size": 1.6400000000000000e+02
    },
    {
      "name": "external/total/main/swap_math/spent_stddev",
      "family_index": 9,
      "per_family_instance_index": 0,
      "run_name": "external/total/main/swap_math/spent",
      "run_type": "aggregate",
      "repetitions": 20,
      "threads": 1,
      "aggregate_name": "stddev",
      "aggregate_unit": "time",
      "iterations": 20,
      "real_time": 2.2510269162168448e-02,
      "cpu_time": 1.9322154772198039e-02,
      "time_unit": "us",
      "code_size": 0.0000000000000000e+00,
      "execution_time_ns": 2.2049595403009175e+01,
      "gas_rate": 3.3864840736492842e+07,
      "gas_used": 0.0000000000000000e+00,
      "input_size": 0.0000000000000000e+00
    },
    {
      "name": "external/total/main/swap_math/spent_cv",
      "family_index": 9,
      "per_family_instance_index": 0,
      "run_name": "external/total/main/swap_math/spent",
      "run_type": "aggregate",
      "repetitions": 20,
      "threads": 1,
      "aggregate_name": "cv",
      "aggregate_unit": "percentage",
      "iterations": 20,
      "real_time": 1.6972933431894748e-02,
      "cpu_time": 1.4406134102891934e-02,
      "time_unit": "us",
      "code_size": 0.0000000000000000e+00,
      "execution_time_ns": 1.6873333815563964e-02,
      "gas_rate": 1.4285048233618399e-02,
      "gas_used": 0.0000000000000000e+00,
      "input_size": 0.0000000000000000e+00
    },
    {
      "name": "external/total/main/swap_math/received",
      "family_index": 10,
      "per_family_instance_index": 0,
      "run_name": "external/total/main/swap_math/received",
      "run_type": "iteration",
      "repetitions": 20,
      "repetition_index": 0,
      "threads": 1,
      "iterations": 437187,
      "real_time": 1.5639196636686388e+00,
      "cpu_time": 1.5725814285419883e+00,
      "time_unit": "us",
      "code_size": 1.9210000000000000e+03,
      "execution_time_ns": 1.5447878047608917e+03,
      "gas_rate": 2.2288194025346241e+09,
      "gas_used": 3.5050000000000000e+03,
      "input_size": 1.6400000000000000e+02
    },
    {
      "name": "external/total/main/swap_math/received",
      "family_index": 10,
      "per_family_instance_index": 0,
      "run_name": "external/total/main/swap_math/received",
      "run_type": "iteration",
      "repetitions": 20,
      "repetition_index": 1,
      "threads": 1,
      "iterations": 437187,
      "real_time": 1.6258547692405130e+00,
      "cpu_time": 1.6348839832840016e+00,
      "time_unit": "us",
      "code_size": 1.9210000000000000e+03,
      "execution_time_ns": 1.6064334278009183e+03,
      "gas_rate": 2.1438830130071275e+09,
      "gas_used": 3.5050000000000000e+03,
      "input_size": 1.6400000000000000e+02
    },
    {
      "name": "external/total/main/swap_math/received",
      "family_index": 10,
      "per_family_instance_index": 0,
      "run_name": "external/total/main/swap_math/received",
      "run_type": "iteration",
      "repetitions": 20,
      "repetition_index": 2,
      "threads": 1,
      "iterations": 437187,
      "real_time": 1.6032504351681887e+00,
      "cpu_time": 1.6121024687376371e+00,
      "time_unit": "us",
      "code_size": 1.9210000000000000e+03,
      "execution_time_ns": 1.5840640229467024e+03,
      "gas_rate": 2.1741794135112286e+09,
      "gas_used": 3.5050000000000000e+03,
      "input_size": 1.6400000000000000e+02
    },
    {
      "name": "external/total/main/swap_math/received",
      "family_index": 10,
      "per_family_instance_index": 0,
      "run_name": "external/total/main/swap_math/received",
      "run_type": "iteration",
      "repetitions": 20,
      "repetition_index": 3,
      "threads": 1,
      "iterations": 437187,
      "real_time": 1.5677601987248710e+00,
      "cpu_time": 1.5764646021039279e+00,
      "time_unit": "us",
      "code_size": 1.9210000000000000e+03,
      "execution_time_ns": 1.5485231788685392e+03,
      "gas_rate": 2.2233293378882565e+09,
      "gas_used": 3.5050000000000000e+03,
      "input_size": 1.6400000000000000e+02
    },
    {
      "name": "external/total/main/swap_math/received",
      "family_index": 10,
      "per_family_instance_index": 0,
      "run_name": "external/total/main/swap_math/received",
      "run_type": "iteration",
      "repetitions": 20,
      "repetition_index": 4,
      "threads": 1,
      "iterations": 437187,
      "real_time": 1.5499966284455664e+00,
      "cpu_time": 1.5585649710535310e+00,
      "time_unit": "us",
      "code_size": 1.9210000000000000e+03,
      "execution_time_ns": 1.5299963173653380e+03,
      "gas_rate": 2.2488635797009811e+09,
      "gas_used": 3.5050000000000000e+03,
      "input_size": 1.6400000000000000e+02
    },
    {
      "name": "external/total/main/swap_math/received",
      "family_index": 10,
      "per_family_instance_index": 0,
      "run_name": "external/total/main/swap_math/received",
      "run_type": "iteration",
      "repetitions": 20,
      "repetition_index": 5,
      "threads": 1,
      "iterations": 437187,
      "real_time": 1.6132379965551857e+00,
      "cpu_time": 1.6047782321981334e+00,
      "time_unit": "us",
      "code_size": 1.9210000000000000e+03,
      "execution_time_ns": 1.5936051506563554e+03,
      "gas_rate": 2.1841024072211223e+09,
      "gas_used": 3.5050000000000000e+03,
      "input_size": 1.6400000000000000e+02
    },
    {
      "name": "external/total/main/swap_math/received",
      "family_index": 10,
      "per_family_instance_index": 0,
      "run_name": "external/total/main/swap_math/received",
      "run_type": "iteration",
      "repetitions": 20,
      "repetition_index": 6,
      "threads": 1,
      "iterations": 437187,
      "real_time": 1.7348379091780208e+00,
      "cpu_time": 1.6013493081907406e+00,
      "time_unit": "us",
      "code_size": 1.9210000000000000e+03,
      "execution_time_ns": 1.7131510543543152e+03,
      "gas_rate": 2.1887791639664607e+09,
      "gas_used": 3.5050000000000000e+03,
      "input_size": 1.6400000000000000e+02
    },
    {
      "name": "external/total/main/swap_math/received",
      "family_index": 10,
      "per_family_instance_index": 0,
      "run_name": "external/total/main/swap_math/received",
      "run_type": "iteration",
      "repetitions": 20,
      "repetition_index": 7,
      "threads": 1,
      "iterations": 437187,
      "real_time": 1.7473816742032922e+00,
      "cpu_time": 1.6129507876492195e+00,
      "time_unit": "us",
      "code_size": 1.9210000000000000e+03,
      "execution_time_ns": 1.7260604935645388e+03,
      "gas_rate": 2.1730359207724686e+09,
      "gas_used": 3.5050000000000000e+03,
      "input_size": 1.6400000000000000e+02
    },
    {
      "name": "external/total/main/swap_math/received",
      "family_index": 10,
      "per_family_instance_index": 0,
      "run_name": "external/total/main/swap_math/received",
      "run_type": "iteration",
      "repetitions": 20,
      "repetition_index": 8,
      "threads": 1,
      "iterations": 437187,
      "real_time": 1.7094522549848821e+00,
      "cpu_time": 1.5778680930585838e+00,
      "time_unit": "us",
      "code_size": 1.9210000000000000e+03,
      "execution_time_ns": 1.6885445267128255e+03,
      "gas_rate": 2.2213517184480290e+09,
      "gas_used": 3.5050000000000000e+03,
      "input_size": 1.6400000000000000e+02
    },
    {
      "name": "external/total/main/swap_math/received",
      "family_index": 10,
      "per_family_instance_index": 0,
      "run_name": "external/total/main/swap_math/received",
      "run_type": "iteration",
      "repetitions": 20,
      "repetition_index": 9,
      "threads": 1,
      "iterations": 437187,
      "real_time": 1.6836280973588200e+00,
      "cpu_time": 1.5540850254010172e+00,
      "time_unit": "us",
      "code_size": 1.9210000000000000e+03,
      "execution_time_ns": 1.6624726833140053e+03,
      "gas_rate": 2.2553463566741252e+09,
      "gas_used": 3.5050000000000000e+03,
      "input_size": 1.6400000000000000e+02
    },
    {
      "name": "external/total/main/swap_math/received",
      "family_index": 10,
      "per_family_instance_index": 0,
      "run_name": "external/total/main/swap_math/received",
      "run_type": "iteration",
      "repetitions": 20,
      "repetition_index": 10,
      "threads": 1,
      "iterations": 437187,
      "real_time": 1.7069400851356724e+00,
      "cpu_time": 1.5756416842221082e+00,
      "time_unit": "us",
      "code_size": 1.9210000000000000e+03,
      "execution_time_ns": 1.6858471386386145e+03,
      "gas_rate": 2.2244905266836815e+09,
      "gas_used": 3.5050000000000000e+03,
      "input_size": 1.6400000000000000e+02
    },
    {
      "name": "external/total/main/swap_math/received",
      "family_index": 10,
      "per_family_instance_index": 0,
      "run_name": "external/total/main/swap_math/received",
      "run_type": "iteration",
      "repetitions": 20,
      "repetition_index": 11,
      "threads": 1,
      "iterations": 437187,
      "real_time": 1.6844752886060699e+00,
      "cpu_time": 1.5873420412775452e+00,
      "time_unit": "us",
      "code_size": 1.9210000000000000e+03,
      "execution_time_ns": 1.6631969408971447e+03,
      "gas_rate": 2.2080937245126204e+09,
      "gas_used": 3.5050000000000000e+03,
      "input_size": 1.6400000000000000e+02
    },
    {
      "name": "external/total/main/swap_math/received",
      "family_index": 10,
      "per_family_instance_index": 0,
      "run_name": "external/total/main/swap_math/received",
      "run_type": "iteration",
      "repetitions": 20,
      "repetition_index": 12,
      "threads": 1,
      "iterations": 437187,
      "real_time": 1.5614560679984675e+00,
      "cpu_time": 1.5614875305075751e+00,
      "time_unit": "us",
      "code_size": 1.9210000000000000e+03,
      "execution_time_ns": 1.5419990736229577e+03,
      "gas_rate": 2.2446544922844625e+09,
      "gas_used": 3.5050000000000000e+03,
      "input_size": 1.6400000000000000e+02
    },
    {
      "name": "external/total/main/swap_math/received",
      "family_index": 10,
      "per_family_instance_index": 0,
      "run_name": "external/total/main/swap_math/received",
      "run_type": "iteration",
      "repetitions": 20,
      "repetition_index": 13,
      "threads": 1,
      "iterations": 437187,
      "real_time": 1.5459986664744139e+00,
      "cpu_time": 1.5458162822773844e+00,
      "time_unit": "us",
      "code_size": 1.9210000000000000e+03,
      "execution_time_ns": 1.5275219917335146e+03,
      "gas_rate": 2.2674104550355978e+09,
      "gas_used": 3.5050000000000000e+03,
      "input_size": 1.6400000000000000e+02
    },
    {
      "name": "external/total/main/swap_math/received",
      "family_index": 10,
      "per_family_instance_index": 0,
      "run_name": "external/total/main/swap_math/received",
      "run_type": "iteration",
      "repetitions": 20,
      "repetition_index": 14,
      "threads": 1,
      "iterations": 437187,
      "real_time": 1.5784313508864372e+00,
      "cpu_time": 1.5781824917025786e+00,
      "time_unit": "us",
      "code_size": 1.9210000000000000e+03,
      "execution_time_ns": 1.5595328360632864e+03,
      "gas_rate": 2.2209091904312840e+09,
      "gas_used": 3.5050000000000000e+03,
      "input_size": 1.6400000000000000e+02
    },
    {
      "name": "external/total/main/swap_math/received",
      "family_index": 10,
      "per_family_instance_index": 0,
      "run_name": "external/total/main/swap_math/received",
      "run_type": "iteration",
      "repetitions": 20,
      "repetition_index": 15,
      "threads": 1,
      "iterations": 437187,
      "real_time": 1.6252874353537425e+00,
      "cpu_time": 1.6252260954694566e+00,
      "time_unit": "us",
      "code_size": 1.9210000000000000e+03,
      "execution_time_ns": 1.6055738711352351e+03,
      "gas_rate": 2.1566230137275510e+09,
      "gas_used": 3.5050000000000000e+03,
      "input_size": 1.6400000000000000e+02
    },
    {
      "name": "external/total/main/swap_math/received",
      "family_index": 10,
      "per_family_instance_index": 0,
      "run_name": "external/total/main/swap_math/received",
      "run_type": "iteration",
      "repetitions": 20,
      "repetition_index": 16,
      "threads": 1,
      "iterations": 437187,
      "real_time": 1.6306062485852066e+00,
      "cpu_time": 1.6305390507951969e+00,
      "time_unit": "us",
      "code_size": 1.9210000000000000e+03,
      "execution_time_ns": 1.6100222238996128e+03,
      "gas_rate": 2.1495958641963511e+09,
      "gas_used": 3.5050000000000000e+03,
      "input_size": 1.6400000000000000e+02
    },
    {
      "name": "external/total/main/swap_math/received",
      "family_index": 10,
      "per_family_instance_index": 0,
      "run_name": "external/total/main/swap_math/received",
      "run_type": "iteration",
      "repetitions": 20,
      "repetition_index": 17,
      "threads": 1,
      "iterations": 437187,
      "real_time": 1.7337453126465765e+00,
      "cpu_time": 1.7335836404101856e+00,
      "time_unit": "us",
      "code_size": 1.9210000000000000e+03,
      "execution_time_ns": 1.7132747771548559e+03,
      "gas_rate": 2.0218234172829857e+09,
      "gas_used": 3.5050000000000000e+03,
      "input_size": 1.6400000000000000e+02
    },
    {
      "name": "external/total/main/swap_math/received",
      "family_index": 10,
      "per_family_instance_index": 0,
      "run_name": "external/total/main/swap_math/received",
      "run_type": "iteration",
      "repetitions": 20,
      "repetition_index": 18,
      "threads": 1,
      "iterations": 437187,
      "real_time": 1.6930806725720384e+00,
      "cpu_time": 1.6930389535828436e+00,
      "time_unit": "us",
      "code_size": 1.9210000000000000e+03,
      "execution_time_ns": 1.6727707159636493e+03,
      "gas_rate": 2.0702417936590576e+09,
      "gas_used": 3.5050000000000000e+03,
      "input_size": 1.6400000000000000e+02
    },
    {
      "name": "external/total/main/swap_math/received",
      "family_index": 10,
      "per_family_instance_index": 0,
      "run_name": "external/total/main/swap_math/received",
      "run_type": "iteration",
      "repetitions": 20,
      "repetition_index": 19,
      "threads": 1,
      "iterations": 437187,
      "real_time": 1.9059129251333675e+00,
      "cpu_time": 1.9054679164751354e+00,
      "time_unit": "us",
      "code_size": 1.9210000000000000e+03,
      "execution_time_ns": 1.8757245252031739e+03,
      "gas_rate": 1.8394431990667090e+09,
      "gas_used": 3.5050000000000000e+03,
      "input_size": 1.6400000000000000e+02
    },
    {
      "name": "external/total/main/swap_math/received_mean",
      "family_index": 10,
      "per_family_instance_index": 0,
      "run_name": "external/total/main/swap_math/received",
      "run_type": "aggregate",
      "repetitions": 20,
      "threads": 1,
      "aggregate_name": "mean",
      "aggregate_unit": "time",
      "iterations": 20,
      "real_time": 1.6532626840459983e+00,
      "cpu_time": 1.6170977293469395e+00,
      "time_unit": "us",
      "code_size": 1.9210000000000000e+03,
      "execution_time_ns": 1.6326551377328240e+03,
      "gas_rate": 2.1722487995302367e+09,
      "gas_used": 3.5050000000000000e+03,
      "input_size": 1.6400000000000000e+02
    },
    {
      "name": "external/total/main/swap_math/received_median",
      "family_index": 10,
      "per_family_instance_index": 0,
      "run_name": "external/total/main/swap_math/received",
      "run_type": "aggregate",
      "repetitions": 20,
      "threads": 1,
      "aggregate_name": "median",
      "aggregate_unit": "time",
      "iterations": 20,
      "real_time": 1.6282305089128599e+00,
      "cpu_time": 1.5943456747341429e+00,
      "time_unit": "us",
      "code_size": 1.9210000000000000e+03,
      "execution_time_ns": 1.6082278258502656e+03,
      "gas_rate": 2.1984364442395406e+09,
      "gas_used": 3.5050000000000000e+03,
      "input_size": 1.6400000000000000e+02
    },
    {
      "name": "external/total/main/swap_math/received_stddev",
      "family_index": 10,
      "per_family_instance_index": 0,
      "run_name": "external/total/main/swap_math/received",
      "run_type": "aggregate",
      "repetitions": 20,
      "threads": 1,
      "aggregate_name": "stddev",
      "aggregate_unit": "time",
      "iterations": 20,
      "real_time": 8.9731644418895931e-02,
      "cpu_time": 8.2193214287550137e-02,
      "time_unit": "us",
      "code_size": 0.0000000000000000e+00,
      "execution_time_ns": 8.7643370020118127e+01,
      "gas_rate": 9.9326318649225980e+07,
      "gas_used": 0.0000000000000000e+00,
      "input_size": 0.0000000000000000e+00
    },
    {
      "name": "external/total/main/swap_math/received_cv",
      "family_index": 10,
      "per_family_instance_index": 0,
      "run_name": "external/total/main/swap_math/received",
      "run_type": "aggregate",
      "repetitions": 20,
      "threads": 1,
      "aggregate_name": "cv",
      "aggregate_unit": "percentage",
      "iterations": 20,
      "real_time": 5.4275491296578091e-02,
      "cpu_time": 5.0827610969897061e-02,
      "time_unit": "us",
      "code_size": 0.0000000000000000e+00,
      "execution_time_ns": 5.3681495861902302e-02,
      "gas_rate": 4.5725111539113732e-02,
      "gas_used": 0.0000000000000000e+00,
      "input_size": 0.0000000000000000e+00
    },
    {
      "name": "external/total/main/swap_math/insufficient_liquidity",
      "family_index": 11,
      "per_family_instance_index": 0,
      "run_name": "external/total/main/swap_math/insufficient_liquidity",
      "run_type": "iteration",
      "repetitions": 20,
      "repetition_index": 0,
      "threads": 1,
      "iterations": 635243,
      "real_time": 1.1163581653010550e+00,
      "cpu_time": 1.1163366569958153e+00,
      "time_unit": "us",
      "code_size": 1.9210000000000000e+03,
      "execution_time_ns": 1.0956404934804477e+03,
      "gas_rate": 1.9993968539979305e+09,
      "gas_used": 2.2320000000000000e+03,
      "input_size": 1.6400000000000000e+02
    },
    {
      "name": "external/total/main/swap_math/insufficient_liquidity",
      "family_index": 11,
      "per_family_instance_index": 0,
      "run_name": "external/total/main/swap_math/insufficient_liquidity",
      "run_type": "iteration",
      "repetitions": 20,
      "repetition_index": 1,
      "threads": 1,
      "iterations": 635243,
      "real_time": 1.1498565194736612e+00,
      "cpu_time": 1.1498108204261983e+00,
      "time_unit": "us",
      "code_size": 1.9210000000000000e+03,
      "execution_time_ns": 1.1285508569161723e+03,
      "gas_rate": 1.9411888985117295e+09,
      "gas_used": 2.2320000000000000e+03,
      "input_size": 1.6400000000000000e+02
    },
    {
      "name": "external/total/main/swap_math/insufficient_liquidity",
      "family_index": 11,
      "per_family_instance_index": 0,
      "run_name": "external/total/main/swap_math/insufficient_liquidity",
      "run_type": "iteration",
      "repetitions": 20,
      "repetition_index": 2,
      "threads": 1,
      "iterations": 635243,
      "real_time": 1.1519825956363785e+00,
      "cpu_time": 1.1500100953493388e+00,
      "time_unit": "us",
      "code_size": 1.9210000000000000e+03,
      "execution_time_ns": 1.1318407743178595e+03,
      "gas_rate": 1.9408525273180187e+09,
      "gas_used": 2.2320000000000000e+03,
      "input_size": 1.6400000000000000e+02
    },
    {
      "name": "external/total/main/swap_math/insufficient_liquidity",
      "family_index": 11,
      "per_family_instance_index": 0,
      "run_name": "external/total/main/swap_math/insufficient_liquidity",
      "run_type": "iteration",
      "repetitions": 20,
      "repetition_index": 3,
      "threads": 1,
      "iterations": 635243,
      "real_time": 1.1160122630235645e+00,
      "cpu_time": 1.1160021582291753e+00,
      "time_unit": "us",
      "code_size": 1.9210000000000000e+03,
      "execution_time_ns": 1.0963672657549946e+03,
      "gas_rate": 1.9999961322132590e+09,
      "gas_used": 2.2320000000000000e+03,
      "input_size": 1.6400000000000000e+02
    },
    {
      "name": "external/total/main/swap_math/insufficient_liquidity",
      "family_index": 11,
      "per_family_instance_index": 0,
      "run_name": "external/total/main/swap_math/insufficient_liquidity",
      "run_type": "iteration",
      "repetitions": 20,
      "repetition_index": 4,
      "threads": 1,
      "iterations": 635243,
      "real_time": 1.1197770711361981e+00,
      "cpu_time": 1.1196605771334880e+00,
      "time_unit": "us",
      "code_size": 1.9210000000000000e+03,
      "execution_time_ns": 1.1003550877380783e+03,
      "gas_rate": 1.9934612735176234e+09,
      "gas_used": 2.2320000000000000e+03,
      "input_size": 1.6400000000000000e+02
    },
    {
      "name": "external/total/main/swap_math/insufficient_liquidity",
      "family_index": 11,
      "per_family_instance_index": 0,
      "run_name": "external/total/main/swap_math/insufficient_liquidity",
      "run_type": "iteration",
      "repetitions": 20,
      "repetition_index": 5,
      "threads": 1,
      "iterations": 635243,
      "real_time": 1.0957994562710958e+00,
      "cpu_time": 1.0957493038097263e+00,
      "time_unit": "us",
      "code_size": 1.9210000000000000e+03,
      "execution_time_ns": 1.0765006666740130e+03,
      "gas_rate": 2.0369622798205130e+09,
      "gas_used": 2.2320000000000000e+03,
      "input_size": 1.6400000000000000e+02
    },
    {
      "name": "external/total/main/swap_math/insufficient_liquidity",
      "family_index": 11,
      "per_family_instance_index": 0,
      "run_name": "external/total/main/swap_math/insufficient_liquidity",
      "run_type": "iteration",
      "repetitions": 20,
      "repetition_index": 6,
      "threads": 1,
      "iterations": 635243,
      "real_time": 1.0640007729323184e+00,
      "cpu_time": 1.0639831623489009e+00,
      "time_unit": "us",
      "code_size": 1.9210000000000000e+03,
      "execution_time_ns": 1.0445135593780649e+03,
      "gas_rate": 2.0977775579385378e+09,
      "gas_used": 2.2320000000000000e+03,
      "input_size": 1.6400000000000000e+02
    },
    {
      "name": "external/total/main/swap_math/insufficient_liquidity",
      "family_index": 11,
      "per_family_instance_index": 0,
      "run_name": "external/total/main/swap_math/insufficient_liquidity",
      "run_type": "iteration",
      "repetitions": 20,
      "repetition_index": 7,
      "threads": 1,
      "iterations": 635243,
      "real_time": 1.0760190698679233e+00,
      "cpu_time": 1.0759202588615913e+00,
      "time_unit": "us",
      "code_size": 1.9210000000000000e+03,
      "execution_time_ns": 1.0566231363431002e+03,
      "gas_rate": 2.0745031814547601e+09,
      "gas_used": 2.2320000000000000e+03,
      "input_size": 1.6400000000000000e+02
    },
    {
      "name": "external/total/main/swap_math/insufficient_liquidity",
      "family_index": 11,
      "per_family_instance_index": 0,
      "run_name": "external/total/main/swap_math/insufficient_liquidity",
      "run_type": "iteration",
      "repetitions": 20,
      "repetition_index": 8,
      "threads": 1,
      "iterations": 635243,
      "real_time": 1.1082507575847373e+00,
      "cpu_time": 1.0692985046666958e+00,
      "time_unit": "us",
      "code_size": 1.9210000000000000e+03,
      "execution_time_ns": 1.0884701775541014e+03,
      "gas_rate": 2.0873497814305110e+09,
      "gas_used": 2.2320000000000000e+03,
      "input_size": 1.6400000000000000e+02
    },
    {
      "name": "external/total/main/swap_math/insufficient_liquidity",
      "family_index": 11,
      "per_family_instance_index": 0,
      "run_name": "external/total/main/swap_math/insufficient_liquidity",
      "run_type": "iteration",
      "repetitions": 20,
      "repetition_index": 9,
      "threads": 1,
      "iterations": 635243,
      "real_time": 1.1218572813873127e+00,
      "cpu_time": 1.0754703696066086e+00,
      "time_unit": "us",
      "code_size": 1.9210000000000000e+03,
      "execution_time_ns": 1.1023446901421976e+03,
      "gas_rate": 2.0753709847128873e+09,
      "gas_used": 2.2320000000000000e+03,
      "input_size": 1.6400000000000000e+02
    },
    {
      "name": "external/total/main/swap_math/insufficient_liquidity",
      "family_index": 11,
      "per_family_instance_index": 0,
      "run_name": "external/total/main/swap_math/insufficient_liquidity",
      "run_type": "iteration",
      "repetitions": 20,
      "repetition_index": 10,
      "threads": 1,
      "iterations": 635243,
      "real_time": 1.1160337335473123e+00,
      "cpu_time": 1.0733346546124669e+00,
      "time_unit": "us",
      "code_size": 1.9210000000000000e+03,
      "execution_time_ns": 1.0961812062470583e+03,
      "gas_rate": 2.0795005457136528e+09,
      "gas_used": 2.2320000000000000e+03,
      "input_size": 1.6400000000000000e+02
    },
    {
      "name": "external/total/main/swap_math/insufficient_liquidity",
      "family_index": 11,
      "per_family_instance_index": 0,
      "run_name": "external/total/main/swap_math/insufficient_liquidity",
      "run_type": "iteration",
      "repetitions": 20,
      "repetition_index": 11,
      "threads": 1,
      "iterations": 635243,
      "real_time": 1.0903669084111935e+00,
      "cpu_time": 1.0536279612683699e+00,
      "time_unit": "us",
      "code_size": 1.9210000000000000e+03,
      "execution_time_ns": 1.0705577629348138e+03,
      "gas_rate": 2.1183948054236257e+09,
      "gas_used": 2.2320000000000000e+03,
      "input_size": 1.6400000000000000e+02
    },
    {
      "name": "external/total/main/swap_math/insufficient_liquidity",
      "family_index": 11,
      "per_family_instance_index": 0,
      "run_name": "external/total/main/swap_math/insufficient_liquidity",
      "run_type": "iteration",
      "repetitions": 20,
      "repetition_index": 12,
      "threads": 1,
      "iterations": 635243,
      "real_time": 1.1465173657955143e+00,
      "cpu_time": 1.1106725882851436e+00,
      "time_unit": "us",
      "code_size": 1.9210000000000000e+03,
      "execution_time_ns": 1.1253573514387408e+03,
      "gas_rate": 2.0095931272114706e+09,
      "gas_used": 2.2320000000000000e+03,
      "input_size": 1.6400000000000000e+02
    },
    {
      "name": "external/total/main/swap_math/insufficient_liquidity",
      "family_index": 11,
      "per_family_instance_index": 0,
      "run_name": "external/total/main/swap_math/insufficient_liquidity",
      "run_type": "iteration",
      "repetitions": 20,
      "repetition_index": 13,
      "threads": 1,
      "iterations": 635243,
      "real_time": 1.1821321935069451e+00,
      "cpu_time": 1.1480792342458155e+00,
      "time_unit": "us",
      "code_size": 1.9210000000000000e+03,
      "execution_time_ns": 1.1609118841136385e+03,
      "gas_rate": 1.9441166893556983e+09,
      "gas_used": 2.2320000000000000e+03,
      "input_size": 1.6400000000000000e+02
    },
    {
      "name": "external/total/main/swap_math/insufficient_liquidity",
      "family_index": 11,
      "per_family_instance_index": 0,
      "run_name": "external/total/main/swap_math/insufficient_liquidity",
      "run_type": "iteration",
      "repetitions": 20,
      "repetition_index": 14,
      "threads": 1,
      "iterations": 635243,
      "real_time": 1.1595962190847708e+00,
      "cpu_time": 1.1295139828380663e+00,
      "time_unit": "us",
      "code_size": 1.9210000000000000e+03,
      "execution_time_ns": 1.1389538617505427e+03,
      "gas_rate": 1.9760711544196906e+09,
      "gas_used": 2.2320000000000000e+03,
      "input_size": 1.6400000000000000e+02
    },
    {
      "name": "external/total/main/swap_math/insufficient_liquidity",
      "family_index": 11,
      "per_family_instance_index": 0,
      "run_name": "external/total/main/swap_math/insufficient_liquidity",
      "run_type": "iteration",
      "repetitions": 20,
      "repetition_index": 15,
      "threads": 1,
      "iterations": 635243,
      "real_time": 1.1837593487846425e+00,
      "cpu_time": 1.1562844722413066e+00,
      "time_unit": "us",
      "code_size": 1.9210000000000000e+03,
      "execution_time_ns": 1.1632235695631437e+03,
      "gas_rate": 1.9303208281207469e+09,
      "gas_used": 2.2320000000000000e+03,
      "input_size": 1.6400000000000000e+02
    },
    {
      "name": "external/total/main/swap_math/insufficient_liquidity",
      "family_index": 11,
      "per_family_instance_index": 0,
      "run_name": "external/total/main/swap_math/insufficient_liquidity",
      "run_type": "iteration",
      "repetitions": 20,
      "repetition_index": 16,
      "threads": 1,
      "iterations": 635243,
      "real_time": 1.1535823881569949e+00,
      "cpu_time": 1.1287374170199640e+00,
      "time_unit": "us",
      "code_size": 1.9210000000000000e+03,
      "execution_time_ns": 1.1314507786783954e+03,
      "gas_rate": 1.9774306817016969e+09,
      "gas_used": 2.2320000000000000e+03,
      "input_size": 1.6400000000000000e+02
    },
    {
      "name": "external/total/main/swap_math/insufficient_liquidity",
      "family_index": 11,
      "per_family_instance_index": 0,
      "run_name": "external/total/main/swap_math/insufficient_liquidity",
      "run_type": "iteration",
      "repetitions": 20,
      "repetition_index": 17,
      "threads": 1,
      "iterations": 635243,
      "real_time": 1.1586013808887587e+00,
      "cpu_time": 1.1359172600091512e+00,
      "time_unit": "us",
      "code_size": 1.9210000000000000e+03,
      "execution_time_ns": 1.1387279702413093e+03,
      "gas_rate": 1.9649318472210016e+09,
      "gas_used": 2.2320000000000000e+03,
      "input_size": 1.6400000000000000e+02
    },
    {
      "name": "external/total/main/swap_math/insufficient_liquidity",
      "family_index": 11,
      "per_family_instance_index": 0,
      "run_name": "external/total/main/swap_math/insufficient_liquidity",
      "run_type": "iteration",
      "repetitions": 20,
      "repetition_index": 18,
      "threads": 1,
      "iterations": 635243,
      "real_time": 1.1618814437944442e+00,
      "cpu_time": 1.1453680985071883e+00,
      "time_unit": "us",
      "code_size": 1.9210000000000000e+03,
      "execution_time_ns": 1.1416408004495918e+03,
      "gas_rate": 1.9487184974935744e+09,
      "gas_used": 2.2320000000000000e+03,
      "input_size": 1.6400000000000000e+02
    },
    {
      "name": "external/total/main/swap_math/insufficient_liquidity",
      "family_index": 11,
      "per_family_instance_index": 0,
      "run_name": "external/total/main/swap_math/insufficient_liquidity",
      "run_type": "iteration",
      "repetitions": 20,
      "repetition_index": 19,
      "threads": 1,
      "iterations": 635243,
      "real_time": 1.1231262902540875e+00,
      "cpu_time": 1.1350106305775847e+00,
      "time_unit": "us",
      "code_size": 1.9210000000000000e+03,
      "execution_time_ns": 1.1031830701007332e+03,
      "gas_rate": 1.9665014052460275e+09,
      "gas_used": 2.2320000000000000e+03,
      "input_size": 1.6400000000000000e+02
    },
    {
      "name": "external/total/main/swap_math/insufficient_liquidity_mean",
      "family_index": 11,
      "per_family_instance_index": 0,
      "run_name": "external/total/main/swap_math/insufficient_liquidity",
      "run_type": "aggregate",
      "repetitions": 20,
      "threads": 1,
      "aggregate_name": "mean",
      "aggregate_unit": "time",
      "iterations": 20,
      "real_time": 1.1297755612419453e+00,
      "cpu_time": 1.1124394103516297e+00,
      "time_unit": "us",
      "code_size": 1.9210000000000000e+03,
      "execution_time_ns": 1.1095697481908501e+03,
      "gas_rate": 2.0081219526411476e+09,
      "gas_used": 2.2320000000000000e+03,
      "input_size": 1.6400000000000000e+02
    },
    {
      "name": "external/total/main/swap_math/insufficient_liquidity_median",
      "family_index": 11,
      "per_family_instance_index": 0,
      "run_name": "external/total/main/swap_math/insufficient_liquidity",
      "run_type": "aggregate",
      "repetitions": 20,
      "threads": 1,
      "aggregate_name": "median",
      "aggregate_unit": "time",
      "iterations": 20,
      "real_time": 1.1224917858207000e+00,
      "cpu_time": 1.1179986170646516e+00,
      "time_unit": "us",
      "code_size": 1.9210000000000000e+03,
      "execution_time_ns": 1.1027638801214653e+03,
      "gas_rate": 1.9964290637577770e+09,
      "gas_used": 2.2320000000000000e+03,
      "input_size": 1.6400000000000000e+02
    },
    {
      "name": "external/total/main/swap_math/insufficient_liquidity_stddev",
      "family_index": 11,
      "per_family_instance_index": 0,
      "run_name": "external/total/main/swap_math/insufficient_liquidity",
      "run_type": "aggregate",
      "repetitions": 20,
      "threads": 1,
      "aggregate_name": "stddev",
      "aggregate_unit": "time",
      "iterations": 20,
      "real_time": 3.3483614359189798e-02,
      "cpu_time": 3.3215468786081066e-02,
      "time_unit": "us",
      "code_size": 0.0000000000000000e+00,
      "execution_time_ns": 3.2977714299720887e+01,
      "gas_rate": 6.0671953972862840e+07,
      "gas_used": 0.0000000000000000e+00,
      "input_size": 0.0000000000000000e+00
    },
    {
      "name": "external/total/main/swap_math/insufficient_liquidity_cv",
      "family_index": 11,
      "per_family_instance_index": 0,
      "run_name": "external/total/main/swap_math/insufficient_liquidity",
      "run_type": "aggregate",
      "repetitions": 20,
      "threads": 1,
      "aggregate_name": "cv",
      "aggregate_unit": "percentage",
      "iterations": 20,
      "real_time": 2.9637403664832116e-02,
      "cpu_time": 2.9858227312876323e-02,
      "time_unit": "us",
      "code_size": 0.0000000000000000e+00,
      "execution_time_ns": 2.9721172872179458e-02,
      "gas_rate": 3.0213281565427390e-02,
      "gas_used": 0.0000000000000000e+00,
      "input_size": 0.0000000000000000e+00
    },
    {
      "name": "external/total/main/weierstrudel/1",
      "family_index": 12,
      "per_family_instance_index": 0,
      "run_name": "external/total/main/weierstrudel/1",
      "run_type": "iteration",
      "repetitions": 20,
      "repetition_index": 0,
      "threads": 1,
      "iterations": 4840,
      "real_time": 1.5050532747935461e+02,
      "cpu_time": 1.4945010123967009e+02,
      "time_unit": "us",
      "code_size": 1.4658000000000000e+04,
      "execution_time_ns": 1.5043976859504133e+05,
      "gas_rate": 3.1823999853788918e+08,
      "gas_used": 4.7561000000000000e+04,
      "input_size": 9.6000000000000000e+01
    },
    {
      "name": "external/total/main/weierstrudel/1",
      "family_index": 12,
      "per_family_instance_index": 0,
      "run_name": "external/total/main/weierstrudel/1",
      "run_type": "iteration",
      "repetitions": 20,
      "repetition_index": 1,
      "threads": 1,
      "iterations": 4840,
      "real_time": 1.4618543698342671e+02,
      "cpu_time": 1.4528092024793173e+02,
      "time_unit": "us",
      "code_size": 1.4658000000000000e+04,
      "execution_time_ns": 1.4614591136363638e+05,
      "gas_rate": 3.2737265099115515e+08,
      "gas_used": 4.7561000000000000e+04,
      "input_size": 9.6000000000000000e+01
    },
    {
      "name": "external/total/main/weierstrudel/1",
      "family_index": 12,
      "per_family_instance_index": 0,
      "run_name": "external/total/main/weierstrudel/1",
      "run_type": "iteration",
      "repetitions": 20,
      "repetition_index": 2,
      "threads": 1,
      "iterations": 4840,
      "real_time": 1.4275120227265620e+02,
      "cpu_time": 1.4599776322314042e+02,
      "time_unit": "us",
      "code_size": 1.4658000000000000e+04,
      "execution_time_ns": 1.4271778842975208e+05,
      "gas_rate": 3.2576526482332879e+08,
      "gas_used": 4.7561000000000000e+04,
      "input_size": 9.6000000000000000e+01
    },
    {
      "name": "external/total/main/weierstrudel/1",
      "family_index": 12,
      "per_family_instance_index": 0,
      "run_name": "external/total/main/weierstrudel/1",
      "run_type": "iteration",
      "repetitions": 20,
      "repetition_index": 3,
      "threads": 1,
      "iterations": 4840,
      "real_time": 1.4129904690085553e+02,
      "cpu_time": 1.4519838471074206e+02,
      "time_unit": "us",
      "code_size": 1.4658000000000000e+04,
      "execution_time_ns": 1.4126651942148761e+05,
      "gas_rate": 3.2755874037269056e+08,
      "gas_used": 4.7561000000000000e+04,
      "input_size": 9.6000000000000000e+01
    },
    {
      "name": "external/total/main/weierstrudel/1",
      "family_index": 12,
      "per_family_instance_index": 0,
      "run_name": "external/total/main/weierstrudel/1",
      "run_type": "iteration",
      "repetitions": 20,
      "repetition_index": 4,
      "threads": 1,
      "iterations": 4840,
      "real_time": 1.4220979504126103e+02,
      "cpu_time": 1.4622491962810363e+02,
      "time_unit": "us",
      "code_size": 1.4658000000000000e+04,
      "execution_time_ns": 1.4216663016528924e+05,
      "gas_rate": 3.2525919741288090e+08,
      "gas_used": 4.7561000000000000e+04,
      "input_size": 9.6000000000000000e+01
    },
    {
      "name": "external/total/main/weierstrudel/1",
      "family_index": 12,
      "per_family_instance_index": 0,
      "run_name": "external/total/main/weierstrudel/1",
      "run_type": "iteration",
      "repetitions": 20,
      "repetition_index": 5,
      "threads": 1,
      "iterations": 4840,
      "real_time": 1.3820038429743408e+02,
      "cpu_time": 1.4214536157025054e+02,
      "time_unit": "us",
      "code_size": 1.4658000000000000e+04,
      "execution_time_ns": 1.3816441983471074e+05,
      "gas_rate": 3.3459410475729507e+08,
      "gas_used": 4.7561000000000000e+04,
      "input_size": 9.6000000000000000e+01
    },
    {
      "name": "external/total/main/weierstrudel/1",
      "family_index": 12,
      "per_family_instance_index": 0,
      "run_name": "external/total/main/weierstrudel/1",
      "run_type": "iteration",
      "repetitions": 20,
      "repetition_index": 6,
      "threads": 1,
      "iterations": 4840,
      "real_time": 1.3875624545455349e+02,
      "cpu_time": 1.4277311570247807e+02,
      "time_unit": "us",
      "code_size": 1.4658000000000000e+04,
      "execution_time_ns": 1.3872320805785124e+05,
      "gas_rate": 3.3312293960938263e+08,
      "gas_used": 4.7561000000000000e+04,
      "input_size": 9.6000000000000000e+01
    },
    {
      "name": "external/total/main/weierstrudel/1",
      "family_index": 12,
      "per_family_instance_index": 0,
      "run_name": "external/total/main/weierstrudel/1",
      "run_type": "iteration",
      "repetitions": 20,
      "repetition_index": 7,
      "threads": 1,
      "iterations": 4840,
      "real_time": 1.3799978884292591e+02,
      "cpu_time": 1.4205755475206973e+02,
      "time_unit": "us",
      "code_size": 1.4658000000000000e+04,
      "execution_time_ns": 1.3796405785123966e+05,
      "gas_rate": 3.3480091983145338e+08,
      "gas_used": 4.7561000000000000e+04,
      "input_size": 9.6000000000000000e+01
    },
    {
      "name": "external/total/main/weierstrudel/1",
      "family_index": 12,
      "per_family_instance_index": 0,
      "run_name": "external/total/main/weierstrudel/1",
      "run_type": "iteration",
      "repetitions": 20,
      "repetition_index": 8,
      "threads": 1,
      "iterations": 4840,
      "real_time": 1.4278710082650406e+02,
      "cpu_time": 1.4359052500000146e+02,
      "time_unit": "us",
      "code_size": 1.4658000000000000e+04,
      "execution_time_ns": 1.4275424958677686e+05,
      "gas_rate": 3.3122659033386439e+08,
      "gas_used": 4.7561000000000000e+04,
      "input_size": 9.6000000000000000e+01
    },
    {
      "name": "external/total/main/weierstrudel/1",
      "family_index": 12,
      "per_family_instance_index": 0,
      "run_name": "external/total/main/weierstrudel/1",
      "run_type": "iteration",
      "repetitions": 20,
      "repetition_index": 9,
      "threads": 1,
      "iterations": 4840,
      "real_time": 1.4248088884296371e+02,
      "cpu_time": 1.4204453636363380e+02,
      "time_unit": "us",
      "code_size": 1.4658000000000000e+04,
      "execution_time_ns": 1.4244894793388431e+05,
      "gas_rate": 3.3483160435149658e+08,
      "gas_used": 4.7561000000000000e+04,
      "input_size": 9.6000000000000000e+01
    },
    {
      "name": "external/total/main/weierstrudel/1",
      "family_index": 12,
      "per_family_instance_index": 0,
      "run_name": "external/total/main/weierstrudel/1",
      "run_type": "iteration",
      "repetitions": 20,
      "repetition_index": 10,
      "threads": 1,
      "iterations": 4840,
      "real_time": 1.4417036880168095e+02,
      "cpu_time": 1.4376751528925431e+02,
      "time_unit": "us",
      "code_size": 1.4658000000000000e+04,
      "execution_time_ns": 1.4413744359504132e+05,
      "gas_rate": 3.3081882165320331e+08,
      "gas_used": 4.7561000000000000e+04,
      "input_size": 9.6000000000000000e+01
    },
    {
      "name": "external/total/main/weierstrudel/1",
      "family_index": 12,
      "per_family_instance_index": 0,
      "run_name": "external/total/main/weierstrudel/1",
      "run_type": "iteration",
      "repetitions": 20,
      "repetition_index": 11,
      "threads": 1,
      "iterations": 4840,
      "real_time": 1.4363640578517146e+02,
      "cpu_time": 1.4326566198347277e+02,
      "time_unit": "us",
      "code_size": 1.4658000000000000e+04,
      "execution_time_ns": 1.4359458450413222e+05,
      "gas_rate": 3.3197766541913354e+08,
      "gas_used": 4.7561000000000000e+04,
      "input_size": 9.6000000000000000e+01
    },
    {
      "name": "external/total/main/weierstrudel/1",
      "family_index": 12,
      "per_family_instance_index": 0,
      "run_name": "external/total/main/weierstrudel/1",
      "run_type": "iteration",
      "repetitions": 20,
      "repetition_index": 12,
      "threads": 1,
      "iterations": 4840,
      "real_time": 1.4541717066117411e+02,
      "cpu_time": 1.4507869793388318e+02,
      "time_unit": "us",
      "code_size": 1.4658000000000000e+04,
      "execution_time_ns": 1.4538449442148762e+05,
      "gas_rate": 3.2782896922382778e+08,
      "gas_used": 4.7561000000000000e+04,
      "input_size": 9.6000000000000000e+01
    },
    {
      "name": "external/total/main/weierstrudel/1",
      "family_index": 12,
      "per_family_instance_index": 0,
      "run_name": "external/total/main/weierstrudel/1",
      "run_type": "iteration",
      "repetitions": 20,
      "repetition_index": 13,
      "threads": 1,
      "iterations": 4840,
      "real_time": 1.4635440847113318e+02,
      "cpu_time": 1.4693402086777027e+02,
      "time_unit": "us",
      "code_size": 1.4658000000000000e+04,
      "execution_time_ns": 1.4629460681818181e+05,
      "gas_rate": 3.2368950171724612e+08,
      "gas_used": 4.7561000000000000e+04,
      "input_size": 9.6000000000000000e+01
    },
    {
      "name": "external/total/main/weierstrudel/1",
      "family_index": 12,
      "per_family_instance_index": 0,
      "run_name": "external/total/main/weierstrudel/1",
      "run_type": "iteration",
      "repetitions": 20,
      "repetition_index": 14,
      "threads": 1,
      "iterations": 4840,
      "real_time": 1.5977496074382475e+02,
      "cpu_time": 1.6392105578511888e+02,
      "time_unit": "us",
      "code_size": 1.4658000000000000e+04,
      "execution_time_ns": 1.5973163925619834e+05,
      "gas_rate": 2.9014576420461106e+08,
      "gas_used": 4.7561000000000000e+04,
      "input_size": 9.6000000000000000e+01
    },
    {
      "name": "external/total/main/weierstrudel/1",
      "family_index": 12,
      "per_family_instance_index": 0,
      "run_name": "external/total/main/weierstrudel/1",
      "run_type": "iteration",
      "repetitions": 20,
      "repetition_index": 15,
      "threads": 1,
      "iterations": 4840,
      "real_time": 1.7919649421489436e+02,
      "cpu_time": 1.8388532417355731e+02,
      "time_unit": "us",
      "code_size": 1.4658000000000000e+04,
      "execution_time_ns": 1.7913490454545454e+05,
      "gas_rate": 2.5864489302642930e+08,
      "gas_used": 4.7561000000000000e+04,
      "input_size": 9.6000000000000000e+01
    },
    {
      "name": "external/total/main/weierstrudel/1",
      "family_index": 12,
      "per_family_instance_index": 0,
      "run_name": "external/total/main/weierstrudel/1",
      "run_type": "iteration",
      "repetitions": 20,
      "repetition_index": 16,
      "threads": 1,
      "iterations": 4840,
      "real_time": 1.4595057231397070e+02,
      "cpu_time": 1.4968640041322070e+02,
      "time_unit": "us",
      "code_size": 1.4658000000000000e+04,
      "execution_time_ns": 1.4591082417355373e+05,
      "gas_rate": 3.1773761590033728e+08,
      "gas_used": 4.7561000000000000e+04,
      "input_size": 9.6000000000000000e+01
    },
    {
      "name": "external/total/main/weierstrudel/1",
      "family_index": 12,
      "per_family_instance_index": 0,
      "run_name": "external/total/main/weierstrudel/1",
      "run_type": "iteration",
      "repetitions": 20,
      "repetition_index": 17,
      "threads": 1,
      "iterations": 4840,
      "real_time": 1.4378433409092395e+02,
      "cpu_time": 1.4758259628099393e+02,
      "time_unit": "us",
      "code_size": 1.4658000000000000e+04,
      "execution_time_ns": 1.4374822293388430e+05,
      "gas_rate": 3.2226699623473853e+08,
      "gas_used": 4.7561000000000000e+04,
      "input_size": 9.6000000000000000e+01
    },
    {
      "name": "external/total/main/weierstrudel/1",
      "family_index": 12,
      "per_family_instance_index": 0,
      "run_name": "external/total/main/weierstrudel/1",
      "run_type": "iteration",
      "repetitions": 20,
      "repetition_index": 18,
      "threads": 1,
      "iterations": 4840,
      "real_time": 1.4351053822311837e+02,
      "cpu_time": 1.4733005785123581e+02,
      "time_unit": "us",
      "code_size": 1.4658000000000000e+04,
      "execution_time_ns": 1.4347495309917355e+05,
      "gas_rate": 3.2281939404397690e+08,
      "gas_used": 4.7561000000000000e+04,
      "input_size": 9.6000000000000000e+01
    },
    {
      "name": "external/total/main/weierstrudel/1",
      "family_index": 12,
      "per_family_instance_index": 0,
      "run_name": "external/total/main/weierstrudel/1",
      "run_type": "iteration",
      "repetitions": 20,
      "repetition_index": 19,
      "threads": 1,
      "iterations": 4840,
      "real_time": 1.4103457458682252e+02,
      "cpu_time": 1.4248991983471097e+02,
      "time_unit": "us",
      "code_size": 1.4658000000000000e+04,
      "execution_time_ns": 1.4100271177685951e+05,
      "gas_rate": 3.3378501479382539e+08,
      "gas_used": 4.7561000000000000e+04,
      "input_size": 9.6000000000000000e+01
    },
    {
      "name": "external/total/main/weierstrudel/1_mean",
      "family_index": 12,
      "per_family_instance_index": 0,
      "run_name": "external/total/main/weierstrudel/1",
      "run_type": "aggregate",
      "repetitions": 20,
      "threads": 1,
      "aggregate_name": "mean",
      "aggregate_unit": "time",
      "iterations": 20,
      "real_time": 1.4580025224173249e+02,
      "cpu_time": 1.4793522164256200e+02,
      "time_unit": "us",
      "code_size": 1.4658000000000000e+04,
      "execution_time_ns": 1.4576029431818184e+05,
      "gas_rate": 3.2262433236193830e+08,
      "gas_used": 4.7561000000000000e+04,
      "input_size": 9.6000000000000000e+01
    },
    {
      "name": "external/total/main/weierstrudel/1_median",
      "family_index": 12,
      "per_family_instance_index": 0,
      "run_name": "external/total/main/weierstrudel/1",
      "run_type": "aggregate",
      "repetitions": 20,
      "threads": 1,
      "aggregate_name": "median",
      "aggregate_unit": "time",
      "iterations": 20,
      "real_time": 1.4357347200414492e+02,
      "cpu_time": 1.4523965247933691e+02,
      "time_unit": "us",
      "code_size": 1.4658000000000000e+04,
      "execution_time_ns": 1.4353476880165288e+05,
      "gas_rate": 3.2746569568192285e+08,
      "gas_used": 4.7561000000000000e+04,
      "input_size": 9.6000000000000000e+01
    },
    {
      "name": "external/total/main/weierstrudel/1_stddev",
      "family_index": 12,
      "per_family_instance_index": 0,
      "run_name": "external/total/main/weierstrudel/1",
      "run_type": "aggregate",
      "repetitions": 20,
      "threads": 1,
      "aggregate_name": "stddev",
      "aggregate_unit": "time",
      "iterations": 20,
      "real_time": 9.1866338562565701e+00,
      "cpu_time": 9.7368119831828750e+00,
      "time_unit": "us",
      "code_size": 0.0000000000000000e+00,
      "execution_time_ns": 9.1799386097946499e+03,
      "gas_rate": 1.8045843704900380e+07,
      "gas_used": 0.0000000000000000e+00,
      "input_size": 0.0000000000000000e+00
    },
    {
      "name": "external/total/main/weierstrudel/1_cv",
      "family_index": 12,
      "per_family_instance_index": 0,
      "run_name": "external/total/main/weierstrudel/1",
      "run_type": "aggregate",
      "repetitions": 20,
      "threads": 1,
      "aggregate_name": "cv",
      "aggregate_unit": "percentage",
      "iterations": 20,
      "real_time": 6.3008353655145954e-02,
      "cpu_time": 6.5818078176870937e-02,
      "time_unit": "us",
      "code_size": 0.0000000000000000e+00,
      "execution_time_ns": 6.2979693151247726e-02,
      "gas_rate": 5.5934540252393389e-02,
      "gas_used": 0.0000000000000000e+00,
      "input_size": 0.0000000000000000e+00
    },
    {
      "name": "external/total/main/weierstrudel/15",
      "family_index": 13,
      "per_family_instance_index": 0,
      "run_name": "external/total/main/weierstrudel/15",
      "run_type": "iteration",
      "repetitions": 20,
      "repetition_index": 0,
      "threads": 1,
      "iterations": 458,
      "real_time": 1.5778364672491375e+03,
      "cpu_time": 1.5761617379912973e+03,
      "time_unit": "us",
      "code_size": 1.4658000000000000e+04,
      "execution_time_ns": 1.5775729039301311e+06,
      "gas_rate": 3.7957589350091386e+08,
      "gas_used": 5.9827300000000000e+05,
      "input_size": 1.4400000000000000e+03
    },
    {
      "name": "external/total/main/weierstrudel/15",
      "family_index": 13,
      "per_family_instance_index": 0,
      "run_name": "external/total/main/weierstrudel/15",
      "run_type": "iteration",
      "repetitions": 20,
      "repetition_index": 1,
      "threads": 1,
      "iterations": 458,
      "real_time": 1.5338347554578668e+03,
      "cpu_time": 1.5322766921397092e+03,
      "time_unit": "us",
      "code_size": 1.4658000000000000e+04,
      "execution_time_ns": 1.5337185349344979e+06,
      "gas_rate": 3.9044710597572082e+08,
      "gas_used": 5.9827300000000000e+05,
      "input_size": 1.4400000000000000e+03
    },
    {
      "name": "external/total/main/weierstrudel/15",
      "family_index": 13,
      "per_family_instance_index": 0,
      "run_name": "external/total/main/weierstrudel/15",
      "run_type": "iteration",
      "repetitions": 20,
      "repetition_index": 2,
      "threads": 1,
      "iterations": 458,
      "real_time": 1.5528872838428456e+03,
      "cpu_time": 1.5515110917030520e+03,
      "time_unit": "us",
      "code_size": 1.4658000000000000e+04,
      "execution_time_ns": 1.5527217641921397e+06,
      "gas_rate": 3.8560665353883600e+08,
      "gas_used": 5.9827300000000000e+05,
      "input_size": 1.4400000000000000e+03
    },
    {
      "name": "external/total/main/weierstrudel/15",
      "family_index": 13,
      "per_family_instance_index": 0,
      "run_name": "external/total/main/weierstrudel/15",
      "run_type": "iteration",
      "repetitions": 20,
      "repetition_index": 3,
      "threads": 1,
      "iterations": 458,
      "real_time": 1.5311746550210305e+03,
      "cpu_time": 1.5299342598253329e+03,
      "time_unit": "us",
      "code_size": 1.4658000000000000e+04,
      "execution_time_ns": 1.5310697576419213e+06,
      "gas_rate": 3.9104490677155155e+08,
      "gas_used": 5.9827300000000000e+05,
      "input_size": 1.4400000000000000e+03
    },
    {
      "name": "external/total/main/weierstrudel/15",
      "family_index": 13,
      "per_family_instance_index": 0,
      "run_name": "external/total/main/weierstrudel/15",
      "run_type": "iteration",
      "repetitions": 20,
      "repetition_index": 4,
      "threads": 1,
      "iterations": 458,
      "real_time": 1.5526920371175390e+03,
      "cpu_time": 1.5559296441047957e+03,
      "time_unit": "us",
      "code_size": 1.4658000000000000e+04,
      "execution_time_ns": 1.5525741419213973e+06,
      "gas_rate": 3.8451160196527815e+08,
      "gas_used": 5.9827300000000000e+05,
      "input_size": 1.4400000000000000e+03
    },
    {
      "name": "external/total/main/weierstrudel/15",
      "family_index": 13,
      "per_family_instance_index": 0,
      "run_name": "external/total/main/weierstrudel/15",
      "run_type": "iteration",
      "repetitions": 20,
      "repetition_index": 5,
      "threads": 1,
      "iterations": 458,
      "real_time": 1.5820773122268849e+03,
      "cpu_time": 1.5920394323143773e+03,
      "time_unit": "us",
      "code_size": 1.4658000000000000e+04,
      "execution_time_ns": 1.5819423668122271e+06,
      "gas_rate": 3.7579031514959365e+08,
      "gas_used": 5.9827300000000000e+05,
      "input_size": 1.4400000000000000e+03
    },
    {
      "name": "external/total/main/weierstrudel/15",
      "family_index": 13,
      "per_family_instance_index": 0,
      "run_name": "external/total/main/weierstrudel/15",
      "run_type": "iteration",
      "repetitions": 20,
      "repetition_index": 6,
      "threads": 1,
      "iterations": 458,
      "real_time": 1.5573815720525954e+03,
      "cpu_time": 1.5672786637554934e+03,
      "time_unit": "us",
      "code_size": 1.4658000000000000e+04,
      "execution_time_ns": 1.5572534279475983e+06,
      "gas_rate": 3.8172726639845002e+08,
      "gas_used": 5.9827300000000000e+05,
      "input_size": 1.4400000000000000e+03
    },
    {
      "name": "external/total/main/weierstrudel/15",
      "family_index": 13,
      "per_family_instance_index": 0,
      "run_name": "external/total/main/weierstrudel/15",
      "run_type": "iteration",
      "repetitions": 20,
      "repetition_index": 7,
      "threads": 1,
      "iterations": 458,
      "real_time": 1.5628566724887514e+03,
      "cpu_time": 1.5725133668122162e+03,
      "time_unit": "us",
      "code_size": 1.4658000000000000e+04,
      "execution_time_ns": 1.5627329978165939e+06,
      "gas_rate": 3.8045654340783972e+08,
      "gas_used": 5.9827300000000000e+05,
      "input_size": 1.4400000000000000e+03
    },
    {
      "name": "external/total/main/weierstrudel/15",
      "family_index": 13,
      "per_family_instance_index": 0,
      "run_name": "external/total/main/weierstrudel/15",
      "run_type": "iteration",
      "repetitions": 20,
      "repetition_index": 8,
      "threads": 1,
      "iterations": 458,
      "real_time": 1.5627521331878909e+03,
      "cpu_time": 1.5728378187772796e+03,
      "time_unit": "us",
      "code_size": 1.4658000000000000e+04,
      "execution_time_ns": 1.5626185043668123e+06,
      "gas_rate": 3.8037806114370769e+08,
      "gas_used": 5.9827300000000000e+05,
      "input_size": 1.4400000000000000e+03
    },
    {
      "name": "external/total/main/weierstrudel/15",
      "family_index": 13,
      "per_family_instance_index": 0,
      "run_name": "external/total/main/weierstrudel/15",
      "run_type": "iteration",
      "repetitions": 20,
      "repetition_index": 9,
      "threads": 1,
      "iterations": 458,
      "real_time": 1.5660148951968054e+03,
      "cpu_time": 1.5761584126637674e+03,
      "time_unit": "us",
      "code_size": 1.4658000000000000e+04,
      "execution_time_ns": 1.5658238624454148e+06,
      "gas_rate": 3.7957669431773424e+08,
      "gas_used": 5.9827300000000000e+05,
      "input_size": 1.4400000000000000e+03
    },
    {
      "name": "external/total/main/weierstrudel/15",
      "family_index": 13,
      "per_family_instance_index": 0,
      "run_name": "external/total/main/weierstrudel/15",
      "run_type": "iteration",
      "repetitions": 20,
      "repetition_index": 10,
      "threads": 1,
      "iterations": 458,
      "real_time": 1.5406037270749709e+03,
      "cpu_time": 1.5504838122271044e+03,
      "time_unit": "us",
      "code_size": 1.4658000000000000e+04,
      "execution_time_ns": 1.5404867794759825e+06,
      "gas_rate": 3.8586213882532877e+08,
      "gas_used": 5.9827300000000000e+05,
      "input_size": 1.4400000000000000e+03
    },
    {
      "name": "external/total/main/weierstrudel/15",
      "family_index": 13,
      "per_family_instance_index": 0,
      "run_name": "external/total/main/weierstrudel/15",
      "run_type": "iteration",
      "repetitions": 20,
      "repetition_index": 11,
      "threads": 1,
      "iterations": 458,
      "real_time": 1.5405603122272271e+03,
      "cpu_time": 1.5506761986899951e+03,
      "time_unit": "us",
      "code_size": 1.4658000000000000e+04,
      "execution_time_ns": 1.5404168275109171e+06,
      "gas_rate": 3.8581426638612151e+08,
      "gas_used": 5.9827300000000000e+05,
      "input_size": 1.4400000000000000e+03
    },
    {
      "name": "external/total/main/weierstrudel/15",
      "family_index": 13,
      "per_family_instance_index": 0,
      "run_name": "external/total/main/weierstrudel/15",
      "run_type": "iteration",
      "repetitions": 20,
      "repetition_index": 12,
      "threads": 1,
      "iterations": 458,
      "real_time": 1.5345382707415395e+03,
      "cpu_time": 1.5446005938864662e+03,
      "time_unit": "us",
      "code_size": 1.4658000000000000e+04,
      "execution_time_ns": 1.5344122074235808e+06,
      "gas_rate": 3.8733184641257185e+08,
      "gas_used": 5.9827300000000000e+05,
      "input_size": 1.4400000000000000e+03
    },
    {
      "name": "external/total/main/weierstrudel/15",
      "family_index": 13,
      "per_family_instance_index": 0,
      "run_name": "external/total/main/weierstrudel/15",
      "run_type": "iteration",
      "repetitions": 20,
      "repetition_index": 13,
      "threads": 1,
      "iterations": 458,
      "real_time": 1.5170768144103756e+03,
      "cpu_time": 1.5271045371179071e+03,
      "time_unit": "us",
      "code_size": 1.4658000000000000e+04,
      "execution_time_ns": 1.5169526877729257e+06,
      "gas_rate": 3.9176951247169769e+08,
      "gas_used": 5.9827300000000000e+05,
      "input_size": 1.4400000000000000e+03
    },
    {
      "name": "external/total/main/weierstrudel/15",
      "family_index": 13,
      "per_family_instance_index": 0,
      "run_name": "external/total/main/weierstrudel/15",
      "run_type": "iteration",
      "repetitions": 20,
      "repetition_index": 14,
      "threads": 1,
      "iterations": 458,
      "real_time": 1.5169357379907756e+03,
      "cpu_time": 1.5270508711790160e+03,
      "time_unit": "us",
      "code_size": 1.4658000000000000e+04,
      "execution_time_ns": 1.5168236550218340e+06,
      "gas_rate": 3.9178328063038355e+08,
      "gas_used": 5.9827300000000000e+05,
      "input_size": 1.4400000000000000e+03
    },
    {
      "name": "external/total/main/weierstrudel/15",
      "family_index": 13,
      "per_family_instance_index": 0,
      "run_name": "external/total/main/weierstrudel/15",
      "run_type": "iteration",
      "repetitions": 20,
      "repetition_index": 15,
      "threads": 1,
      "iterations": 458,
      "real_time": 1.5243676768564976e+03,
      "cpu_time": 1.5327873493449799e+03,
      "time_unit": "us",
      "code_size": 1.4658000000000000e+04,
      "execution_time_ns": 1.5242530633187774e+06,
      "gas_rate": 3.9031702620436257e+08,
      "gas_used": 5.9827300000000000e+05,
      "input_size": 1.4400000000000000e+03
    },
    {
      "name": "external/total/main/weierstrudel/15",
      "family_index": 13,
      "per_family_instance_index": 0,
      "run_name": "external/total/main/weierstrudel/15",
      "run_type": "iteration",
      "repetitions": 20,
      "repetition_index": 16,
      "threads": 1,
      "iterations": 458,
      "real_time": 1.5328863711786705e+03,
      "cpu_time": 1.5324942685589449e+03,
      "time_unit": "us",
      "code_size": 1.4658000000000000e+04,
      "execution_time_ns": 1.5327717379912664e+06,
      "gas_rate": 3.9039167210887903e+08,
      "gas_used": 5.9827300000000000e+05,
      "input_size": 1.4400000000000000e+03
    },
    {
      "name": "external/total/main/weierstrudel/15",
      "family_index": 13,
      "per_family_instance_index": 0,
      "run_name": "external/total/main/weierstrudel/15",
      "run_type": "iteration",
      "repetitions": 20,
      "repetition_index": 17,
      "threads": 1,
      "iterations": 458,
      "real_time": 1.5575278362438751e+03,
      "cpu_time": 1.5572087423580901e+03,
      "time_unit": "us",
      "code_size": 1.4658000000000000e+04,
      "execution_time_ns": 1.5574148842794760e+06,
      "gas_rate": 3.8419576240885454e+08,
      "gas_used": 5.9827300000000000e+05,
      "input_size": 1.4400000000000000e+03
    },
    {
      "name": "external/total/main/weierstrudel/15",
      "family_index": 13,
      "per_family_instance_index": 0,
      "run_name": "external/total/main/weierstrudel/15",
      "run_type": "iteration",
      "repetitions": 20,
      "repetition_index": 18,
      "threads": 1,
      "iterations": 458,
      "real_time": 1.5824895371180869e+03,
      "cpu_time": 1.5818792860261958e+03,
      "time_unit": "us",
      "code_size": 1.4658000000000000e+04,
      "execution_time_ns": 1.5823767314410480e+06,
      "gas_rate": 3.7820395354117602e+08,
      "gas_used": 5.9827300000000000e+05,
      "input_size": 1.4400000000000000e+03
    },
    {
      "name": "external/total/main/weierstrudel/15",
      "family_index": 13,
      "per_family_instance_index": 0,
      "run_name": "external/total/main/weierstrudel/15",
      "run_type": "iteration",
      "repetitions": 20,
      "repetition_index": 19,
      "threads": 1,
      "iterations": 458,
      "real_time": 1.5574322248915146e+03,
      "cpu_time": 1.5571459061135702e+03,
      "time_unit": "us",
      "code_size": 1.4658000000000000e+04,
      "execution_time_ns": 1.5573202336244541e+06,
      "gas_rate": 3.8421126604199225e+08,
      "gas_used": 5.9827300000000000e+05,
      "input_size": 1.4400000000000000e+03
    },
    {
      "name": "external/total/main/weierstrudel/15_mean",
      "family_index": 13,
      "per_family_instance_index": 0,
      "run_name": "external/total/main/weierstrudel/15",
      "run_type": "aggregate",
      "repetitions": 20,
      "threads": 1,
      "aggregate_name": "mean",
      "aggregate_unit": "time",
      "iterations": 20,
      "real_time": 1.5491963146287439e+03,
      "cpu_time": 1.5544036342794795e+03,
      "time_unit": "us",
      "code_size": 1.4658000000000000e+04,
      "execution_time_ns": 1.5490628534934497e+06,
      "gas_rate": 3.8494978836004972e+08,
      "gas_used": 5.9827300000000000e+05,
      "input_size": 1.4400000000000000e+03
    },
    {
      "name": "external/total/main/weierstrudel/15_median",
      "family_index": 13,
      "per_family_instance_index": 0,
      "run_name": "external/total/main/weierstrudel/15",
      "run_type": "aggregate",
      "repetitions": 20,
      "threads": 1,
      "aggregate_name": "median",
      "aggregate_unit": "time",
      "iterations": 20,
      "real_time": 1.5527896604801922e+03,
      "cpu_time": 1.5537203679039237e+03,
      "time_unit": "us",
      "code_size": 1.4658000000000000e+04,
      "execution_time_ns": 1.5526479530567685e+06,
      "gas_rate": 3.8505912775205708e+08,
      "gas_used": 5.9827300000000000e+05,
      "input_size": 1.4400000000000000e+03
    },
    {
      "name": "external/total/main/weierstrudel/15_stddev",
      "family_index": 13,
      "per_family_instance_index": 0,
      "run_name": "external/total/main/weierstrudel/15",
      "run_type": "aggregate",
      "repetitions": 20,
      "threads": 1,
      "aggregate_name": "stddev",
      "aggregate_unit": "time",
      "iterations": 20,
      "real_time": 2.0225160419764656e+01,
      "cpu_time": 2.0042180538199535e+01,
      "time_unit": "us",
      "code_size": 0.0000000000000000e+00,
      "execution_time_ns": 2.0208780591705690e+04,
      "gas_rate": 4.9556699568146979e+06,
      "gas_used": 0.0000000000000000e+00,
      "input_size": 0.0000000000000000e+00
    },
    {
      "name": "external/total/main/weierstrudel/15_cv",
      "family_index": 13,
      "per_family_instance_index": 0,
      "run_name": "external/total/main/weierstrudel/15",
      "run_type": "aggregate",
      "repetitions": 20,
      "threads": 1,
      "aggregate_name": "cv",
      "aggregate_unit": "percentage",
      "iterations": 20,
      "real_time": 1.3055259832974425e-02,
      "cpu_time": 1.2893807049987879e-02,
      "time_unit": "us",
      "code_size": 0.0000000000000000e+00,
      "execution_time_ns": 1.3045810598408454e-02,
      "gas_rate": 1.2873548983951070e-02,
      "gas_used": 0.0000000000000000e+00,
      "input_size": 0.0000000000000000e+00
    },
    {
      "name": "external/total/micro/JUMPDEST_n0/empty",
      "family_index": 14,
      "per_family_instance_index": 0,
      "run_name": "external/total/micro/JUMPDEST_n0/empty",
      "run_type": "iteration",
      "repetitions": 20,
      "repetition_index": 0,
      "threads": 1,
      "iterations": 859771,
      "real_time": 8.4737623390411199e-01,
      "cpu_time": 8.4722614975385047e-01,
      "time_unit": "us",
      "code_size": 2.0870000000000000e+03,
      "execution_time_ns": 8.3145663670907720e+02,
      "gas_rate": 6.2273573608803992e+11,
      "gas_used": 5.2759800000000000e+05,
      "input_size": 0.0000000000000000e+00
    },
    {
      "name": "external/total/micro/JUMPDEST_n0/empty",
      "family_index": 14,
      "per_family_instance_index": 0,
      "run_name": "external/total/micro/JUMPDEST_n0/empty",
      "run_type": "iteration",
      "repetitions": 20,
      "repetition_index": 1,
      "threads": 1,
      "iterations": 859771,
      "real_time": 8.4212951937207503e-01,
      "cpu_time": 8.4185576973404275e-01,
      "time_unit": "us",
      "code_size": 2.0870000000000000e+03,
      "execution_time_ns": 8.2582058710982346e+02,
      "gas_rate": 6.2670830202503406e+11,
      "gas_used": 5.2759800000000000e+05,
      "input_size": 0.0000000000000000e+00
    },
    {
      "name": "external/total/micro/JUMPDEST_n0/empty",
      "family_index": 14,
      "per_family_instance_index": 0,
      "run_name": "external/total/micro/JUMPDEST_n0/empty",
      "run_type": "iteration",
      "repetitions": 20,
      "repetition_index": 2,
      "threads": 1,
      "iterations": 859771,
      "real_time": 8.3286536647535458e-01,
      "cpu_time": 8.3275151755526911e-01,
      "time_unit": "us",
      "code_size": 2.0870000000000000e+03,
      "execution_time_ns": 8.1634919763518428e+02,
      "gas_rate": 6.3355993820207446e+11,
      "gas_used": 5.2759800000000000e+05,
      "input_size": 0.0000000000000000e+00
    },
    {
      "name": "external/total/micro/JUMPDEST_n0/empty",
      "family_index": 14,
      "per_family_instance_index": 0,
      "run_name": "external/total/micro/JUMPDEST_n0/empty",
      "run_type": "iteration",
      "repetitions": 20,
      "repetition_index": 3,
      "threads": 1,
      "iterations": 859771,
      "real_time": 8.2107851044027191e-01,
      "cpu_time": 8.2096403926160311e-01,
      "time_unit": "us",
      "code_size": 2.0870000000000000e+03,
      "execution_time_ns": 8.0454278639312099e+02,
      "gas_rate": 6.4265665092290234e+11,
      "gas_used": 5.2759800000000000e+05,
      "input_size": 0.0000000000000000e+00
    },
    {
      "name": "external/total/micro/JUMPDEST_n0/empty",
      "family_index": 14,
      "per_family_instance_index": 0,
      "run_name": "external/total/micro/JUMPDEST_n0/empty",
      "run_type": "iteration",
      "repetitions": 20,
      "repetition_index": 4,
      "threads": 1,
      "iterations": 859771,
      "real_time": 8.1345465594919319e-01,
      "cpu_time": 8.1332415957274162e-01,
      "time_unit": "us",
      "code_size": 2.0870000000000000e+03,
      "execution_time_ns": 7.9768615945408715e+02,
      "gas_rate": 6.4869338232514783e+11,
      "gas_used": 5.2759800000000000e+05,
      "input_size": 0.0000000000000000e+00
    },
    {
      "name": "external/total/micro/JUMPDEST_n0/empty",
      "family_index": 14,
      "per_family_instance_index": 0,
      "run_name": "external/total/micro/JUMPDEST_n0/empty",
      "run_type": "iteration",
      "repetitions": 20,
      "repetition_index": 5,
      "threads": 1,
      "iterations": 859771,
      "real_time": 8.1118304060029511e-01,
      "cpu_time": 8.1109278633495974e-01,
      "time_unit": "us",
      "code_size": 2.0870000000000000e+03,
      "execution_time_ns": 7.9542169135734980e+02,
      "gas_rate": 6.5047798339327856e+11,
      "gas_used": 5.2759800000000000e+05,
      "input_size": 0.0000000000000000e+00
    },
    {
      "name": "external/total/micro/JUMPDEST_n0/empty",
      "family_index": 14,
      "per_family_instance_index": 0,
      "run_name": "external/total/micro/JUMPDEST_n0/empty",
      "run_type": "iteration",
      "repetitions": 20,
      "repetition_index": 6,
      "threads": 1,
      "iterations": 859771,
      "real_time": 8.1298175560732733e-01,
      "cpu_time": 8.1283299739115999e-01,
      "time_unit": "us",
      "code_size": 2.0870000000000000e+03,
      "execution_time_ns": 7.9656615656959821e+02,
      "gas_rate": 6.4908536156056628e+11,
      "gas_used": 5.2759800000000000e+05,
      "input_size": 0.0000000000000000e+00
    },
    {
      "name": "external/total/micro/JUMPDEST_n0/empty",
      "family_index": 14,
      "per_family_instance_index": 0,
      "run_name": "external/total/micro/JUMPDEST_n0/empty",
      "run_type": "iteration",
      "repetitions": 20,
      "repetition_index": 7,
      "threads": 1,
      "iterations": 859771,
      "real_time": 8.0879709364449115e-01,
      "cpu_time": 8.0792620709467777e-01,
      "time_unit": "us",
      "code_size": 2.0870000000000000e+03,
      "execution_time_ns": 7.9302436579042558e+02,
      "gas_rate": 6.5302746137825537e+11,
      "gas_used": 5.2759800000000000e+05,
      "input_size": 0.0000000000000000e+00
    },
    {
      "name": "external/total/micro/JUMPDEST_n0/empty",
      "family_index": 14,
      "per_family_instance_index": 0,
      "run_name": "external/total/micro/JUMPDEST_n0/empty",
      "run_type": "iteration",
      "repetitions": 20,
      "repetition_index": 8,
      "threads": 1,
      "iterations": 859771,
      "real_time": 8.0079691220094473e-01,
      "cpu_time": 7.9997915724071011e-01,
      "time_unit": "us",
      "code_size": 2.0870000000000000e+03,
      "execution_time_ns": 7.8471090208904468e+02,
      "gas_rate": 6.5951468263222278e+11,
      "gas_used": 5.2759800000000000e+05,
      "input_size": 0.0000000000000000e+00
    },
    {
      "name": "external/total/micro/JUMPDEST_n0/empty",
      "family_index": 14,
      "per_family_instance_index": 0,
      "run_name": "external/total/micro/JUMPDEST_n0/empty",
      "run_type": "iteration",
      "repetitions": 20,
      "repetition_index": 9,
      "threads": 1,
      "iterations": 859771,
      "real_time": 8.0802863087940058e-01,
      "cpu_time": 8.0713389262955559e-01,
      "time_unit": "us",
      "code_size": 2.0870000000000000e+03,
      "execution_time_ns": 7.9214430237819136e+02,
      "gas_rate": 6.5366849889197729e+11,
      "gas_used": 5.2759800000000000e+05,
      "input_size": 0.0000000000000000e+00
    },
    {
      "name": "external/total/micro/JUMPDEST_n0/empty",
      "family_index": 14,
      "per_family_instance_index": 0,
      "run_name": "external/total/micro/JUMPDEST_n0/empty",
      "run_type": "iteration",
      "repetitions": 20,
      "repetition_index": 10,
      "threads": 1,
      "iterations": 859771,
      "real_time": 8.1538290544803615e-01,
      "cpu_time": 8.1453841546180838e-01,
      "time_unit": "us",
      "code_size": 2.0870000000000000e+03,
      "execution_time_ns": 7.9978459264152900e+02,
      "gas_rate": 6.4772635640625317e+11,
      "gas_used": 5.2759800000000000e+05,
      "input_size": 0.0000000000000000e+00
    },
    {
      "name": "external/total/micro/JUMPDEST_n0/empty",
      "family_index": 14,
      "per_family_instance_index": 0,
      "run_name": "external/total/micro/JUMPDEST_n0/empty",
      "run_type": "iteration",
      "repetitions": 20,
      "repetition_index": 11,
      "threads": 1,
      "iterations": 859771,
      "real_time": 8.1806449159140882e-01,
      "cpu_time": 8.1722088207206778e-01,
      "time_unit": "us",
      "code_size": 2.0870000000000000e+03,
      "execution_time_ns": 8.0215251270396425e+02,
      "gas_rate": 6.4560024293832593e+11,
      "gas_used": 5.2759800000000000e+05,
      "input_size": 0.0000000000000000e+00
    },
    {
      "name": "external/total/micro/JUMPDEST_n0/empty",
      "family_index": 14,
      "per_family_instance_index": 0,
      "run_name": "external/total/micro/JUMPDEST_n0/empty",
      "run_type": "iteration",
      "repetitions": 20,
      "repetition_index": 12,
      "threads": 1,
      "iterations": 859771,
      "real_time": 8.2115268716866141e-01,
      "cpu_time": 8.2026325847228720e-01,
      "time_unit": "us",
      "code_size": 2.0870000000000000e+03,
      "execution_time_ns": 8.0514101196714012e+02,
      "gas_rate": 6.4320569591600818e+11,
      "gas_used": 5.2759800000000000e+05,
      "input_size": 0.0000000000000000e+00
    },
    {
      "name": "external/total/micro/JUMPDEST_n0/empty",
      "family_index": 14,
      "per_family_instance_index": 0,
      "run_name": "external/total/micro/JUMPDEST_n0/empty",
      "run_type": "iteration",
      "repetitions": 20,
      "repetition_index": 13,
      "threads": 1,
      "iterations": 859771,
      "real_time": 8.1683635758821216e-01,
      "cpu_time": 8.1600166672288510e-01,
      "time_unit": "us",
      "code_size": 2.0870000000000000e+03,
      "execution_time_ns": 8.0029853530765752e+02,
      "gas_rate": 6.4656485582788977e+11,
      "gas_used": 5.2759800000000000e+05,
      "input_size": 0.0000000000000000e+00
    },
    {
      "name": "external/total/micro/JUMPDEST_n0/empty",
      "family_index": 14,
      "per_family_instance_index": 0,
      "run_name": "external/total/micro/JUMPDEST_n0/empty",
      "run_type": "iteration",
      "repetitions": 20,
      "repetition_index": 14,
      "threads": 1,
      "iterations": 859771,
      "real_time": 8.2036614633418925e-01,
      "cpu_time": 8.1953819098339276e-01,
      "time_unit": "us",
      "code_size": 2.0870000000000000e+03,
      "execution_time_ns": 8.0449370239284644e+02,
      "gas_rate": 6.4377475730193445e+11,
      "gas_used": 5.2759800000000000e+05,
      "input_size": 0.0000000000000000e+00
    },
    {
      "name": "external/total/micro/JUMPDEST_n0/empty",
      "family_index": 14,
      "per_family_instance_index": 0,
      "run_name": "external/total/micro/JUMPDEST_n0/empty",
      "run_type": "iteration",
      "repetitions": 20,
      "repetition_index": 15,
      "threads": 1,
      "iterations": 859771,
      "real_time": 8.3515171946915445e-01,
      "cpu_time": 8.3423458572109133e-01,
      "time_unit": "us",
      "code_size": 2.0870000000000000e+03,
      "execution_time_ns": 8.1906555931753917e+02,
      "gas_rate": 6.3243362122652539e+11,
      "gas_used": 5.2759800000000000e+05,
      "input_size": 0.0000000000000000e+00
    },
    {
      "name": "external/total/micro/JUMPDEST_n0/empty",
      "family_index": 14,
      "per_family_instance_index": 0,
      "run_name": "external/total/micro/JUMPDEST_n0/empty",
      "run_type": "iteration",
      "repetitions": 20,
      "repetition_index": 16,
      "threads": 1,
      "iterations": 859771,
      "real_time": 8.1377578448236820e-01,
      "cpu_time": 8.1295530670375216e-01,
      "time_unit": "us",
      "code_size": 2.0870000000000000e+03,
      "execution_time_ns": 7.9818950046000623e+02,
      "gas_rate": 6.4898770651885437e+11,
      "gas_used": 5.2759800000000000e+05,
      "input_size": 0.0000000000000000e+00
    },
    {
      "name": "external/total/micro/JUMPDEST_n0/empty",
      "family_index": 14,
      "per_family_instance_index": 0,
      "run_name": "external/total/micro/JUMPDEST_n0/empty",
      "run_type": "iteration",
      "repetitions": 20,
      "repetition_index": 17,
      "threads": 1,
      "iterations": 859771,
      "real_time": 8.2321496189115528e-01,
      "cpu_time": 8.2239593798811050e-01,
      "time_unit": "us",
      "code_size": 2.0870000000000000e+03,
      "execution_time_ns": 8.0704466887112960e+02,
      "gas_rate": 6.4153770176771899e+11,
      "gas_used": 5.2759800000000000e+05,
      "input_size": 0.0000000000000000e+00
    },
    {
      "name": "external/total/micro/JUMPDEST_n0/empty",
      "family_index": 14,
      "per_family_instance_index": 0,
      "run_name": "external/total/micro/JUMPDEST_n0/empty",
      "run_type": "iteration",
      "repetitions": 20,
      "repetition_index": 18,
      "threads": 1,
      "iterations": 859771,
      "real_time": 8.4900515951312439e-01,
      "cpu_time": 8.3827473013162490e-01,
      "time_unit": "us",
      "code_size": 2.0870000000000000e+03,
      "execution_time_ns": 8.3277914118992146e+02,
      "gas_rate": 6.2938554752468469e+11,
      "gas_used": 5.2759800000000000e+05,
      "input_size": 0.0000000000000000e+00
    },
    {
      "name": "external/total/micro/JUMPDEST_n0/empty",
      "family_index": 14,
      "per_family_instance_index": 0,
      "run_name": "external/total/micro/JUMPDEST_n0/empty",
      "run_type": "iteration",
      "repetitions": 20,
      "repetition_index": 19,
      "threads": 1,
      "iterations": 859771,
      "real_time": 8.5674016802107966e-01,
      "cpu_time": 8.4020036265472386e-01,
      "time_unit": "us",
      "code_size": 2.0870000000000000e+03,
      "execution_time_ns": 8.4027174328978299e+02,
      "gas_rate": 6.2794307578371484e+11,
      "gas_used": 5.2759800000000000e+05,
      "input_size": 0.0000000000000000e+00
    },
    {
      "name": "external/total/micro/JUMPDEST_n0/empty_mean",
      "family_index": 14,
      "per_family_instance_index": 0,
      "run_name": "external/total/micro/JUMPDEST_n0/empty",
      "run_type": "aggregate",
      "repetitions": 20,
      "threads": 1,
      "aggregate_name": "mean",
      "aggregate_unit": "time",
      "iterations": 20,
      "real_time": 8.2341910502904292e-01,
      "cpu_time": 8.2153550067401571e-01,
      "time_unit": "us",
      "code_size": 2.0870000000000000e+03,
      "execution_time_ns": 8.0734718768137100e+02,
      "gas_rate": 6.4236437793157043e+11,
      "gas_used": 5.2759800000000000e+05,
      "input_size": 0.0000000000000000e+00
    },
    {
      "name": "external/total/micro/JUMPDEST_n0/empty_median",
      "family_index": 14,
      "per_family_instance_index": 0,
      "run_name": "external/total/micro/JUMPDEST_n0/empty",
      "run_type": "aggregate",
      "repetitions": 20,
      "threads": 1,
      "aggregate_name": "median",
      "aggregate_unit": "time",
      "iterations": 20,
      "real_time": 8.1921531896279909e-01,
      "cpu_time": 8.1837953652773032e-01,
      "time_unit": "us",
      "code_size": 2.0870000000000000e+03,
      "execution_time_ns": 8.0332310754840535e+02,
      "gas_rate": 6.4468750012013013e+11,
      "gas_used": 5.2759800000000000e+05,
      "input_size": 0.0000000000000000e+00
    },
    {
      "name": "external/total/micro/JUMPDEST_n0/empty_stddev",
      "family_index": 14,
      "per_family_instance_index": 0,
      "run_name": "external/total/micro/JUMPDEST_n0/empty",
      "run_type": "aggregate",
      "repetitions": 20,
      "threads": 1,
      "aggregate_name": "stddev",
      "aggregate_unit": "time",
      "iterations": 20,
      "real_time": 1.5365354565649964e-02,
      "cpu_time": 1.3132052995827473e-02,
      "time_unit": "us",
      "code_size": 0.0000000000000000e+00,
      "execution_time_ns": 1.5236460759467167e+01,
      "gas_rate": 1.0192448886442640e+10,
      "gas_used": 0.0000000000000000e+00,
      "input_size": 0.0000000000000000e+00
    },
    {
      "name": "external/total/micro/JUMPDEST_n0/empty_cv",
      "family_index": 14,
      "per_family_instance_index": 0,
      "run_name": "external/total/micro/JUMPDEST_n0/empty",
      "run_type": "aggregate",
      "repetitions": 20,
      "threads": 1,
      "aggregate_name": "cv",
      "aggregate_unit": "percentage",
      "iterations": 20,
      "real_time": 1.8660429994647756e-02,
      "cpu_time": 1.5984766312659025e-02,
      "time_unit": "us",
      "code_size": 0.0000000000000000e+00,
      "execution_time_ns": 1.8872253464119845e-02,
      "gas_rate": 1.5867082977519060e-02,
      "gas_used": 0.0000000000000000e+00,
      "input_size": 0.0000000000000000e+00
    },
    {
      "name": "external/total/micro/jump_around/empty",
      "family_index": 15,
      "per_family_instance_index": 0,
      "run_name": "external/total/micro/jump_around/empty",
      "run_type": "iteration",
      "repetitions": 20,
      "repetition_index": 0,
      "threads": 1,
      "iterations": 74230,
      "real_time": 9.5399904216606402e+00,
      "cpu_time": 9.5314256634785099e+00,
      "time_unit": "us",
      "code_size": 2.0481000000000000e+04,
      "execution_time_ns": 9.5223988144954874e+03,
      "gas_rate": 5.1569410217759113e+09,
      "gas_used": 4.9153000000000000e+04,
      "input_size": 0.0000000000000000e+00
    },
    {
      "name": "external/total/micro/jump_around/empty",
      "family_index": 15,
      "per_family_instance_index": 0,
      "run_name": "external/total/micro/jump_around/empty",
      "run_type": "iteration",
      "repetitions": 20,
      "repetition_index": 1,
      "threads": 1,
      "iterations": 74230,
      "real_time": 9.6150138084324457e+00,
      "cpu_time": 9.6146977367640556e+00,
      "time_unit": "us",
      "code_size": 2.0481000000000000e+04,
      "execution_time_ns": 9.5951408999056985e+03,
      "gas_rate": 5.1122771974465675e+09,
      "gas_used": 4.9153000000000000e+04,
      "input_size": 0.0000000000000000e+00
    },
    {
      "name": "external/total/micro/jump_around/empty",
      "family_index": 15,
      "per_family_instance_index": 0,
      "run_name": "external/total/micro/jump_around/empty",
      "run_type": "iteration",
      "repetitions": 20,
      "repetition_index": 2,
      "threads": 1,
      "iterations": 74230,
      "real_time": 9.5353626566105163e+00,
      "cpu_time": 9.5348180654720558e+00,
      "time_unit": "us",
      "code_size": 2.0481000000000000e+04,
      "execution_time_ns": 9.5190617270645289e+03,
      "gas_rate": 5.1551062288220491e+09,
      "gas_used": 4.9153000000000000e+04,
      "input_size": 0.0000000000000000e+00
    },
    {
      "name": "external/total/micro/jump_around/empty",
      "family_index": 15,
      "per_family_instance_index": 0,
      "run_name": "external/total/micro/jump_around/empty",
      "run_type": "iteration",
      "repetitions": 20,
      "repetition_index": 3,
      "threads": 1,
      "iterations": 74230,
      "real_time": 9.6531015088215337e+00,
      "cpu_time": 9.6523744038800263e+00,
      "time_unit": "us",
      "code_size": 2.0481000000000000e+04,
      "execution_time_ns": 9.6323467331267675e+03,
      "gas_rate": 5.0923221523858061e+09,
      "gas_used": 4.9153000000000000e+04,
      "input_size": 0.0000000000000000e+00
    },
    {
      "name": "external/total/micro/jump_around/empty",
      "family_index": 15,
      "per_family_instance_index": 0,
      "run_name": "external/total/micro/jump_around/empty",
      "run_type": "iteration",
      "repetitions": 20,
      "repetition_index": 4,
      "threads": 1,
      "iterations": 74230,
      "real_time": 9.6996021554653300e+00,
      "cpu_time": 9.6993252728008592e+00,
      "time_unit": "us",
      "code_size": 2.0481000000000000e+04,
      "execution_time_ns": 9.6817943957968473e+03,
      "gas_rate": 5.0676720923914499e+09,
      "gas_used": 4.9153000000000000e+04,
      "input_size": 0.0000000000000000e+00
    },
    {
      "name": "external/total/micro/jump_around/empty",
      "family_index": 15,
      "per_family_instance_index": 0,
      "run_name": "external/total/micro/jump_around/empty",
      "run_type": "iteration",
      "repetitions": 20,
      "repetition_index": 5,
      "threads": 1,
      "iterations": 74230,
      "real_time": 9.6150529570272276e+00,
      "cpu_time": 9.6142766267007858e+00,
      "time_unit": "us",
      "code_size": 2.0481000000000000e+04,
      "execution_time_ns": 9.5983286137680188e+03,
      "gas_rate": 5.1125011177119865e+09,
      "gas_used": 4.9153000000000000e+04,
      "input_size": 0.0000000000000000e+00
    },
    {
      "name": "external/total/micro/jump_around/empty",
      "family_index": 15,
      "per_family_instance_index": 0,
      "run_name": "external/total/micro/jump_around/empty",
      "run_type": "iteration",
      "repetitions": 20,
      "repetition_index": 6,
      "threads": 1,
      "iterations": 74230,
      "real_time": 9.4583151421224567e+00,
      "cpu_time": 9.4577846692711631e+00,
      "time_unit": "us",
      "code_size": 2.0481000000000000e+04,
      "execution_time_ns": 9.4429193183349053e+03,
      "gas_rate": 5.1970944273769178e+09,
      "gas_used": 4.9153000000000000e+04,
      "input_size": 0.0000000000000000e+00
    },
    {
      "name": "external/total/micro/jump_around/empty",
      "family_index": 15,
      "per_family_instance_index": 0,
      "run_name": "external/total/micro/jump_around/empty",
      "run_type": "iteration",
      "repetitions": 20,
      "repetition_index": 7,
      "threads": 1,
      "iterations": 74230,
      "real_time": 9.4294098208243362e+00,
      "cpu_time": 9.4288872019400838e+00,
      "time_unit": "us",
      "code_size": 2.0481000000000000e+04,
      "execution_time_ns": 9.4130910413579422e+03,
      "gas_rate": 5.2130223797656946e+09,
      "gas_used": 4.9153000000000000e+04,
      "input_size": 0.0000000000000000e+00
    },
    {
      "name": "external/total/micro/jump_around/empty",
      "family_index": 15,
      "per_family_instance_index": 0,
      "run_name": "external/total/micro/jump_around/empty",
      "run_type": "iteration",
      "repetitions": 20,
      "repetition_index": 8,
      "threads": 1,
      "iterations": 74230,
      "real_time": 9.5248419237502180e+00,
      "cpu_time": 9.5130773676411540e+00,
      "time_unit": "us",
      "code_size": 2.0481000000000000e+04,
      "execution_time_ns": 9.5091287350127986e+03,
      "gas_rate": 5.1668874435095549e+09,
      "gas_used": 4.9153000000000000e+04,
      "input_size": 0.0000000000000000e+00
    },
    {
      "name": "external/total/micro/jump_around/empty",
      "family_index": 15,
      "per_family_instance_index": 0,
      "run_name": "external/total/micro/jump_around/empty",
      "run_type": "iteration",
      "repetitions": 20,
      "repetition_index": 9,
      "threads": 1,
      "iterations": 74230,
      "real_time": 9.6213078674371371e+00,
      "cpu_time": 9.5967175266065041e+00,
      "time_unit": "us",
      "code_size": 2.0481000000000000e+04,
      "execution_time_ns": 9.6053700390677623e+03,
      "gas_rate": 5.1218554535678825e+09,
      "gas_used": 4.9153000000000000e+04,
      "input_size": 0.0000000000000000e+00
    },
    {
      "name": "external/total/micro/jump_around/empty",
      "family_index": 15,
      "per_family_instance_index": 0,
      "run_name": "external/total/micro/jump_around/empty",
      "run_type": "iteration",
      "repetitions": 20,
      "repetition_index": 10,
      "threads": 1,
      "iterations": 74230,
      "real_time": 9.4954438501993845e+00,
      "cpu_time": 9.4703287754280296e+00,
      "time_unit": "us",
      "code_size": 2.0481000000000000e+04,
      "execution_time_ns": 9.4800454263774755e+03,
      "gas_rate": 5.1902105159784632e+09,
      "gas_used": 4.9153000000000000e+04,
      "input_size": 0.0000000000000000e+00
    },
    {
      "name": "external/total/micro/jump_around/empty",
      "family_index": 15,
      "per_family_instance_index": 0,
      "run_name": "external/total/micro/jump_around/empty",
      "run_type": "iteration",
      "repetitions": 20,
      "repetition_index": 11,
      "threads": 1,
      "iterations": 74230,
      "real_time": 9.5310855583984573e+00,
      "cpu_time": 9.5057808837397690e+00,
      "time_unit": "us",
      "code_size": 2.0481000000000000e+04,
      "execution_time_ns": 9.5143166374781085e+03,
      "gas_rate": 5.1708534628732367e+09,
      "gas_used": 4.9153000000000000e+04,
      "input_size": 0.0000000000000000e+00
    },
    {
      "name": "external/total/micro/jump_around/empty",
      "family_index": 15,
      "per_family_instance_index": 0,
      "run_name": "external/total/micro/jump_around/empty",
      "run_type": "iteration",
      "repetitions": 20,
      "repetition_index": 12,
      "threads": 1,
      "iterations": 74230,
      "real_time": 9.5510068435912210e+00,
      "cpu_time": 9.5382718307962300e+00,
      "time_unit": "us",
      "code_size": 2.0481000000000000e+04,
      "execution_time_ns": 9.5346836588980204e+03,
      "gas_rate": 5.1532395880456715e+09,
      "gas_used": 4.9153000000000000e+04,
      "input_size": 0.0000000000000000e+00
    },
    {
      "name": "external/total/micro/jump_around/empty",
      "family_index": 15,
      "per_family_instance_index": 0,
      "run_name": "external/total/micro/jump_around/empty",
      "run_type": "iteration",
      "repetitions": 20,
      "repetition_index": 13,
      "threads": 1,
      "iterations": 74230,
      "real_time": 9.4373599622826543e+00,
      "cpu_time": 9.4368134177556762e+00,
      "time_unit": "us",
      "code_size": 2.0481000000000000e+04,
      "execution_time_ns": 9.4171883066145765e+03,
      "gas_rate": 5.2086438317745056e+09,
      "gas_used": 4.9153000000000000e+04,
      "input_size": 0.0000000000000000e+00
    },
    {
      "name": "external/total/micro/jump_around/empty",
      "family_index": 15,
      "per_family_instance_index": 0,
      "run_name": "external/total/micro/jump_around/empty",
      "run_type": "iteration",
      "repetitions": 20,
      "repetition_index": 14,
      "threads": 1,
      "iterations": 74230,
      "real_time": 9.4807611343112921e+00,
      "cpu_time": 9.4796172302304580e+00,
      "time_unit": "us",
      "code_size": 2.0481000000000000e+04,
      "execution_time_ns": 9.4630966186178102e+03,
      "gas_rate": 5.1851249693132429e+09,
      "gas_used": 4.9153000000000000e+04,
      "input_size": 0.0000000000000000e+00
    },
    {
      "name": "external/total/micro/jump_around/empty",
      "family_index": 15,
      "per_family_instance_index": 0,
      "run_name": "external/total/micro/jump_around/empty",
      "run_type": "iteration",
      "repetitions": 20,
      "repetition_index": 15,
      "threads": 1,
      "iterations": 74230,
      "real_time": 9.4142515290355924e+00,
      "cpu_time": 9.4139832412771600e+00,
      "time_unit": "us",
      "code_size": 2.0481000000000000e+04,
      "execution_time_ns": 9.3938431496699450e+03,
      "gas_rate": 5.2212754941479578e+09,
      "gas_used": 4.9153000000000000e+04,
      "input_size": 0.0000000000000000e+00
    },
    {
      "name": "external/total/micro/jump_around/empty",
      "family_index": 15,
      "per_family_instance_index": 0,
      "run_name": "external/total/micro/jump_around/empty",
      "run_type": "iteration",
      "repetitions": 20,
      "repetition_index": 16,
      "threads": 1,
      "iterations": 74230,
      "real_time": 9.3840832547485089e+00,
      "cpu_time": 9.3837070187252234e+00,
      "time_unit": "us",
      "code_size": 2.0481000000000000e+04,
      "execution_time_ns": 9.3686268355112479e+03,
      "gas_rate": 5.2381217680725756e+09,
      "gas_used": 4.9153000000000000e+04,
      "input_size": 0.0000000000000000e+00
    },
    {
      "name": "external/total/micro/jump_around/empty",
      "family_index": 15,
      "per_family_instance_index": 0,
      "run_name": "external/total/micro/jump_around/empty",
      "run_type": "iteration",
      "repetitions": 20,
      "repetition_index": 17,
      "threads": 1,
      "iterations": 74230,
      "real_time": 9.7092223359857677e+00,
      "cpu_time": 9.4054688535631836e+00,
      "time_unit": "us",
      "code_size": 2.0481000000000000e+04,
      "execution_time_ns": 9.6906856122861373e+03,
      "gas_rate": 5.2260021021045427e+09,
      "gas_used": 4.9153000000000000e+04,
      "input_size": 0.0000000000000000e+00
    },
    {
      "name": "external/total/micro/jump_around/empty",
      "family_index": 15,
      "per_family_instance_index": 0,
      "run_name": "external/total/micro/jump_around/empty",
      "run_type": "iteration",
      "repetitions": 20,
      "repetition_index": 18,
      "threads": 1,
      "iterations": 74230,
      "real_time": 9.7332600161672875e+00,
      "cpu_time": 9.3262010912028774e+00,
      "time_unit": "us",
      "code_size": 2.0481000000000000e+04,
      "execution_time_ns": 9.7169877408056036e+03,
      "gas_rate": 5.2704203479340086e+09,
      "gas_used": 4.9153000000000000e+04,
      "input_size": 0.0000000000000000e+00
    },
    {
      "name": "external/total/micro/jump_around/empty",
      "family_index": 15,
      "per_family_instance_index": 0,
      "run_name": "external/total/micro/jump_around/empty",
      "run_type": "iteration",
      "repetitions": 20,
      "repetition_index": 19,
      "threads": 1,
      "iterations": 74230,
      "real_time": 9.7937080829862815e+00,
      "cpu_time": 9.4172473258792575e+00,
      "time_unit": "us",
      "code_size": 2.0481000000000000e+04,
      "execution_time_ns": 9.7763401993803036e+03,
      "gas_rate": 5.2194657630923738e+09,
      "gas_used": 4.9153000000000000e+04,
      "input_size": 0.0000000000000000e+00
    },
    {
      "name": "external/total/micro/jump_around/empty_mean",
      "family_index": 15,
      "per_family_instance_index": 0,
      "run_name": "external/total/micro/jump_around/empty",
      "run_type": "aggregate",
      "repetitions": 20,
      "threads": 1,
      "aggregate_name": "mean",
      "aggregate_unit": "time",
      "iterations": 20,
      "real_time": 9.5611090414929158e+00,
      "cpu_time": 9.5010402101576528e+00,
      "time_unit": "us",
      "code_size": 2.0481000000000000e+04,
      "execution_time_ns": 9.5437697251784975e+03,
      "gas_rate": 5.1739518679045200e+09,
      "gas_used": 4.9153000000000000e+04,
      "input_size": 0.0000000000000000e+00
    },
    {
      "name": "external/total/micro/jump_around/empty_median",
      "family_index": 15,
      "per_family_instance_index": 0,
      "run_name": "external/total/micro/jump_around/empty",
      "run_type": "aggregate",
      "repetitions": 20,
      "threads": 1,
      "aggregate_name": "median",
      "aggregate_unit": "time",
      "iterations": 20,
      "real_time": 9.5376765391355782e+00,
      "cpu_time": 9.4926990569851135e+00,
      "time_unit": "us",
      "code_size": 2.0481000000000000e+04,
      "execution_time_ns": 9.5207302707800081e+03,
      "gas_rate": 5.1779892160932398e+09,
      "gas_used": 4.9153000000000000e+04,
      "input_size": 0.0000000000000000e+00
    },
    {
      "name": "external/total/micro/jump_around/empty_stddev",
      "family_index": 15,
      "per_family_instance_index": 0,
      "run_name": "external/total/micro/jump_around/empty",
      "run_type": "aggregate",
      "repetitions": 20,
      "threads": 1,
      "aggregate_name": "stddev",
      "aggregate_unit": "time",
      "iterations": 20,
      "real_time": 1.1541322837136778e-01,
      "cpu_time": 9.7712147311811451e-02,
      "time_unit": "us",
      "code_size": 0.0000000000000000e+00,
      "execution_time_ns": 1.1521022291158899e+02,
      "gas_rate": 5.3056492707792848e+07,
      "gas_used": 0.0000000000000000e+00,
      "input_size": 0.0000000000000000e+00
    },
    {
      "name": "external/total/micro/jump_around/empty_cv",
      "family_index": 15,
      "per_family_instance_index": 0,
      "run_name": "external/total/micro/jump_around/empty",
      "run_type": "aggregate",
      "repetitions": 20,
      "threads": 1,
      "aggregate_name": "cv",
      "aggregate_unit": "percentage",
      "iterations": 20,
      "real_time": 1.2071113075951975e-02,
      "cpu_time": 1.0284363096089886e-02,
      "time_unit": "us",
      "code_size": 0.0000000000000000e+00,
      "execution_time_ns": 1.2071773128351984e-02,
      "gas_rate": 1.0254539288801120e-02,
      "gas_used": 0.0000000000000000e+00,
      "input_size": 0.0000000000000000e+00
    },
    {
      "name": "external/total/micro/loop_with_many_jumpdests/empty",
      "family_index": 16,
      "per_family_instance_index": 0,
      "run_name": "external/total/micro/loop_with_many_jumpdests/empty",
      "run_type": "iteration",
      "repetitions": 20,
      "repetition_index": 0,
      "threads": 1,
      "iterations": 370056,
      "real_time": 1.9330110442746771e+00,
      "cpu_time": 1.8899921471345023e+00,
      "time_unit": "us",
      "code_size": 2.4576000000000000e+04,
      "execution_time_ns": 1.9155759993082129e+03,
      "gas_rate": 4.2264101531378149e+12,
      "gas_used": 7.9878820000000000e+06,
      "input_size": 0.0000000000000000e+00
    },
    {
      "name": "external/total/micro/loop_with_many_jumpdests/empty",
      "family_index": 16,
      "per_family_instance_index": 0,
      "run_name": "external/total/micro/loop_with_many_jumpdests/empty",
      "run_type": "iteration",
      "repetitions": 20,
      "repetition_index": 1,
      "threads": 1,
      "iterations": 370056,
      "real_time": 1.9461828425963474e+00,
      "cpu_time": 1.9073336657154785e+00,
      "time_unit": "us",
      "code_size": 2.4576000000000000e+04,
      "execution_time_ns": 1.9300096607000021e+03,
      "gas_rate": 4.1879835414133413e+12,
      "gas_used": 7.9878820000000000e+06,
      "input_size": 0.0000000000000000e+00
    },
    {
      "name": "external/total/micro/loop_with_many_jumpdests/empty",
      "family_index": 16,
      "per_family_instance_index": 0,
      "run_name": "external/total/micro/loop_with_many_jumpdests/empty",
      "run_type": "iteration",
      "repetitions": 20,
      "repetition_index": 2,
      "threads": 1,
      "iterations": 370056,
      "real_time": 1.9530863869248811e+00,
      "cpu_time": 1.9012108978100495e+00,
      "time_unit": "us",
      "code_size": 2.4576000000000000e+04,
      "execution_time_ns": 1.9367272980305684e+03,
      "gas_rate": 4.2014707622394829e+12,
      "gas_used": 7.9878820000000000e+06,
      "input_size": 0.0000000000000000e+00
    },
    {
      "name": "external/total/micro/loop_with_many_jumpdests/empty",
      "family_index": 16,
      "per_family_instance_index": 0,
      "run_name": "external/total/micro/loop_with_many_jumpdests/empty",
      "run_type": "iteration",
      "repetitions": 20,
      "repetition_index": 3,
      "threads": 1,
      "iterations": 370056,
      "real_time": 1.9707885238999105e+00,
      "cpu_time": 1.9381441862853592e+00,
      "time_unit": "us",
      "code_size": 2.4576000000000000e+04,
      "execution_time_ns": 1.9546525931210410e+03,
      "gas_rate": 4.1214075075134365e+12,
      "gas_used": 7.9878820000000000e+06,
      "input_size": 0.0000000000000000e+00
    },
    {
      "name": "external/total/micro/loop_with_many_jumpdests/empty",
      "family_index": 16,
      "per_family_instance_index": 0,
      "run_name": "external/total/micro/loop_with_many_jumpdests/empty",
      "run_type": "iteration",
      "repetitions": 20,
      "repetition_index": 4,
      "threads": 1,
      "iterations": 370056,
      "real_time": 1.9464697126919757e+00,
      "cpu_time": 1.9167650571805361e+00,
      "time_unit": "us",
      "code_size": 2.4576000000000000e+04,
      "execution_time_ns": 1.9296178064941523e+03,
      "gas_rate": 4.1673766798262524e+12,
      "gas_used": 7.9878820000000000e+06,
      "input_size": 0.0000000000000000e+00
    },
    {
      "name": "external/total/micro/loop_with_many_jumpdests/empty",
      "family_index": 16,
      "per_family_instance_index": 0,
      "run_name": "external/total/micro/loop_with_many_jumpdests/empty",
      "run_type": "iteration",
      "repetitions": 20,
      "repetition_index": 5,
      "threads": 1,
      "iterations": 370056,
      "real_time": 2.1441161175609094e+00,
      "cpu_time": 2.1031767219015713e+00,
      "time_unit": "us",
      "code_size": 2.4576000000000000e+04,
      "execution_time_ns": 2.1247620062909396e+03,
      "gas_rate": 3.7980079927747656e+12,
      "gas_used": 7.9878820000000000e+06,
      "input_size": 0.0000000000000000e+00
    },
    {
      "name": "external/total/micro/loop_with_many_jumpdests/empty",
      "family_index": 16,
      "per_family_instance_index": 0,
      "run_name": "external/total/micro/loop_with_many_jumpdests/empty",
      "run_type": "iteration",
      "repetitions": 20,
      "repetition_index": 6,
      "threads": 1,
      "iterations": 370056,
      "real_time": 1.8759493941452807e+00,
      "cpu_time": 1.9550116198629479e+00,
      "time_unit": "us",
      "code_size": 2.4576000000000000e+04,
      "execution_time_ns": 1.8606895415828956e+03,
      "gas_rate": 4.0858488608676274e+12,
      "gas_used": 7.9878820000000000e+06,
      "input_size": 0.0000000000000000e+00
    },
    {
      "name": "external/total/micro/loop_with_many_jumpdests/empty",
      "family_index": 16,
      "per_family_instance_index": 0,
      "run_name": "external/total/micro/loop_with_many_jumpdests/empty",
      "run_type": "iteration",
      "repetitions": 20,
      "repetition_index": 7,
      "threads": 1,
      "iterations": 370056,
      "real_time": 1.8208227403416239e+00,
      "cpu_time": 1.9229489482673001e+00,
      "time_unit": "us",
      "code_size": 2.4576000000000000e+04,
      "execution_time_ns": 1.8052714589143266e+03,
      "gas_rate": 4.1539750741680332e+12,
      "gas_used": 7.9878820000000000e+06,
      "input_size": 0.0000000000000000e+00
    },
    {
      "name": "external/total/micro/loop_with_many_jumpdests/empty",
      "family_index": 16,
      "per_family_instance_index": 0,
      "run_name": "external/total/micro/loop_with_many_jumpdests/empty",
      "run_type": "iteration",
      "repetitions": 20,
      "repetition_index": 8,
      "threads": 1,
      "iterations": 370056,
      "real_time": 1.8049251951052194e+00,
      "cpu_time": 1.9145949748146762e+00,
      "time_unit": "us",
      "code_size": 2.4576000000000000e+04,
      "execution_time_ns": 1.7883591699634651e+03,
      "gas_rate": 4.1721001596033066e+12,
      "gas_used": 7.9878820000000000e+06,
      "input_size": 0.0000000000000000e+00
    },
    {
      "name": "external/total/micro/loop_with_many_jumpdests/empty",
      "family_index": 16,
      "per_family_instance_index": 0,
      "run_name": "external/total/micro/loop_with_many_jumpdests/empty",
      "run_type": "iteration",
      "repetitions": 20,
      "repetition_index": 9,
      "threads": 1,
      "iterations": 370056,
      "real_time": 1.8326394707823148e+00,
      "cpu_time": 1.9017131109886265e+00,
      "time_unit": "us",
      "code_size": 2.4576000000000000e+04,
      "execution_time_ns": 1.8168398350519922e+03,
      "gas_rate": 4.2003612184423608e+12,
      "gas_used": 7.9878820000000000e+06,
      "input_size": 0.0000000000000000e+00
    },
    {
      "name": "external/total/micro/loop_with_many_jumpdests/empty",
      "family_index": 16,
      "per_family_instance_index": 0,
      "run_name": "external/total/micro/loop_with_many_jumpdests/empty",
      "run_type": "iteration",
      "repetitions": 20,
      "repetition_index": 10,
      "threads": 1,
      "iterations": 370056,
      "real_time": 1.9392127083475947e+00,
      "cpu_time": 1.9222203423265356e+00,
      "time_unit": "us",
      "code_size": 2.4576000000000000e+04,
      "execution_time_ns": 1.9227183372246363e+03,
      "gas_rate": 4.1555496131790830e+12,
      "gas_used": 7.9878820000000000e+06,
      "input_size": 0.0000000000000000e+00
    },
    {
      "name": "external/total/micro/loop_with_many_jumpdests/empty",
      "family_index": 16,
      "per_family_instance_index": 0,
      "run_name": "external/total/micro/loop_with_many_jumpdests/empty",
      "run_type": "iteration",
      "repetitions": 20,
      "repetition_index": 11,
      "threads": 1,
      "iterations": 370056,
      "real_time": 1.9802737342460106e+00,
      "cpu_time": 1.9643348898545485e+00,
      "time_unit": "us",
      "code_size": 2.4576000000000000e+04,
      "execution_time_ns": 1.9636077458546815e+03,
      "gas_rate": 4.0664563060280786e+12,
      "gas_used": 7.9878820000000000e+06,
      "input_size": 0.0000000000000000e+00
    },
    {
      "name": "external/total/micro/loop_with_many_jumpdests/empty",
      "family_index": 16,
      "per_family_instance_index": 0,
      "run_name": "external/total/micro/loop_with_many_jumpdests/empty",
      "run_type": "iteration",
      "repetitions": 20,
      "repetition_index": 12,
      "threads": 1,
      "iterations": 370056,
      "real_time": 1.9222251578139933e+00,
      "cpu_time": 1.9085669655403221e+00,
      "time_unit": "us",
      "code_size": 2.4576000000000000e+04,
      "execution_time_ns": 1.9059112215448472e+03,
      "gas_rate": 4.1852773018831973e+12,
      "gas_used": 7.9878820000000000e+06,
      "input_size": 0.0000000000000000e+00
    },
    {
      "name": "external/total/micro/loop_with_many_jumpdests/empty",
      "family_index": 16,
      "per_family_instance_index": 0,
      "run_name": "external/total/micro/loop_with_many_jumpdests/empty",
      "run_type": "iteration",
      "repetitions": 20,
      "repetition_index": 13,
      "threads": 1,
      "iterations": 370056,
      "real_time": 1.9297587338134559e+00,
      "cpu_time": 1.9172630034373139e+00,
      "time_unit": "us",
      "code_size": 2.4576000000000000e+04,
      "execution_time_ns": 1.9128097720345029e+03,
      "gas_rate": 4.1662943402543823e+12,
      "gas_used": 7.9878820000000000e+06,
      "input_size": 0.0000000000000000e+00
    },
    {
      "name": "external/total/micro/loop_with_many_jumpdests/empty",
      "family_index": 16,
      "per_family_instance_index": 0,
      "run_name": "external/total/micro/loop_with_many_jumpdests/empty",
      "run_type": "iteration",
      "repetitions": 20,
      "repetition_index": 14,
      "threads": 1,
      "iterations": 370056,
      "real_time": 1.9381855151646425e+00,
      "cpu_time": 1.9264052629872515e+00,
      "time_unit": "us",
      "code_size": 2.4576000000000000e+04,
      "execution_time_ns": 1.9215627607713427e+03,
      "gas_rate": 4.1465221017997505e+12,
      "gas_used": 7.9878820000000000e+06,
      "input_size": 0.0000000000000000e+00
    },
    {
      "name": "external/total/micro/loop_with_many_jumpdests/empty",
      "family_index": 16,
      "per_family_instance_index": 0,
      "run_name": "external/total/micro/loop_with_many_jumpdests/empty",
      "run_type": "iteration",
      "repetitions": 20,
      "repetition_index": 15,
      "threads": 1,
      "iterations": 370056,
      "real_time": 1.9264163234747058e+00,
      "cpu_time": 1.9159367555180793e+00,
      "time_unit": "us",
      "code_size": 2.4576000000000000e+04,
      "execution_time_ns": 1.9099264057331864e+03,
      "gas_rate": 4.1691783285612866e+12,
      "gas_used": 7.9878820000000000e+06,
      "input_size": 0.0000000000000000e+00
    },
    {
      "name": "external/total/micro/loop_with_many_jumpdests/empty",
      "family_index": 16,
      "per_family_instance_index": 0,
      "run_name": "external/total/micro/loop_with_many_jumpdests/empty",
      "run_type": "iteration",
      "repetitions": 20,
      "repetition_index": 16,
      "threads": 1,
      "iterations": 370056,
      "real_time": 1.9161997427415052e+00,
      "cpu_time": 1.9069087462437337e+00,
      "time_unit": "us",
      "code_size": 2.4576000000000000e+04,
      "execution_time_ns": 1.8988619425168083e+03,
      "gas_rate": 4.1889167563653403e+12,
      "gas_used": 7.9878820000000000e+06,
      "input_size": 0.0000000000000000e+00
    },
    {
      "name": "external/total/micro/loop_with_many_jumpdests/empty",
      "family_index": 16,
      "per_family_instance_index": 0,
      "run_name": "external/total/micro/loop_with_many_jumpdests/empty",
      "run_type": "iteration",
      "repetitions": 20,
      "repetition_index": 17,
      "threads": 1,
      "iterations": 370056,
      "real_time": 1.8927278790241862e+00,
      "cpu_time": 1.9135900944720647e+00,
      "time_unit": "us",
      "code_size": 2.4576000000000000e+04,
      "execution_time_ns": 1.8755210265473333e+03,
      "gas_rate": 4.1742910475316582e+12,
      "gas_used": 7.9878820000000000e+06,
      "input_size": 0.0000000000000000e+00
    },
    {
      "name": "external/total/micro/loop_with_many_jumpdests/empty",
      "family_index": 16,
      "per_family_instance_index": 0,
      "run_name": "external/total/micro/loop_with_many_jumpdests/empty",
      "run_type": "iteration",
      "repetitions": 20,
      "repetition_index": 18,
      "threads": 1,
      "iterations": 370056,
      "real_time": 1.8339452326127121e+00,
      "cpu_time": 1.9084282162700106e+00,
      "time_unit": "us",
      "code_size": 2.4576000000000000e+04,
      "execution_time_ns": 1.8179603789696694e+03,
      "gas_rate": 4.1855815858833691e+12,
      "gas_used": 7.9878820000000000e+06,
      "input_size": 0.0000000000000000e+00
    },
    {
      "name": "external/total/micro/loop_with_many_jumpdests/empty",
      "family_index": 16,
      "per_family_instance_index": 0,
      "run_name": "external/total/micro/loop_with_many_jumpdests/empty",
      "run_type": "iteration",
      "repetitions": 20,
      "repetition_index": 19,
      "threads": 1,
      "iterations": 370056,
      "real_time": 1.8223588105577777e+00,
      "cpu_time": 1.8973162602417641e+00,
      "time_unit": "us",
      "code_size": 2.4576000000000000e+04,
      "execution_time_ns": 1.8072183345223425e+03,
      "gas_rate": 4.2100951577688745e+12,
      "gas_used": 7.9878820000000000e+06,
      "input_size": 0.0000000000000000e+00
    },
    {
      "name": "external/total/micro/loop_with_many_jumpdests/empty_mean",
      "family_index": 16,
      "per_family_instance_index": 0,
      "run_name": "external/total/micro/loop_with_many_jumpdests/empty",
      "run_type": "aggregate",
      "repetitions": 20,
      "threads": 1,
      "aggregate_name": "mean",
      "aggregate_unit": "time",
      "iterations": 20,
      "real_time": 1.9164647633059864e+00,
      "cpu_time": 1.9265930933426336e+00,
      "time_unit": "us",
      "code_size": 2.4576000000000000e+04,
      "execution_time_ns": 1.8999301647588477e+03,
      "gas_rate": 4.1481552244620728e+12,
      "gas_used": 7.9878820000000000e+06,
      "input_size": 0.0000000000000000e+00
    },
    {
      "name": "external/total/micro/loop_with_many_jumpdests/empty_median",
      "family_index": 16,
      "per_family_instance_index": 0,
      "run_name": "external/total/micro/loop_with_many_jumpdests/empty",
      "run_type": "aggregate",
      "repetitions": 20,
      "threads": 1,
      "aggregate_name": "median",
      "aggregate_unit": "time",
      "iterations": 20,
      "real_time": 1.9280875286440806e+00,
      "cpu_time": 1.9152658651663781e+00,
      "time_unit": "us",
      "code_size": 2.4576000000000000e+04,
      "execution_time_ns": 1.9113680888838446e+03,
      "gas_rate": 4.1706392440822969e+12,
      "gas_used": 7.9878820000000000e+06,
      "input_size": 0.0000000000000000e+00
    },
    {
      "name": "external/total/micro/loop_with_many_jumpdests/empty_stddev",
      "family_index": 16,
      "per_family_instance_index": 0,
      "run_name": "external/total/micro/loop_with_many_jumpdests/empty",
      "run_type": "aggregate",
      "repetitions": 20,
      "threads": 1,
      "aggregate_name": "stddev",
      "aggregate_unit": "time",
      "iterations": 20,
      "real_time": 7.6098946681152232e-02,
      "cpu_time": 4.5342708718951900e-02,
      "time_unit": "us",
      "code_size": 0.0000000000000000e+00,
      "execution_time_ns": 7.5406339321451725e+01,
      "gas_rate": 9.1167405057848740e+10,
      "gas_used": 0.0000000000000000e+00,
      "input_size": 0.0000000000000000e+00
    },
    {
      "name": "external/total/micro/loop_with_many_jumpdests/empty_cv",
      "family_index": 16,
      "per_family_instance_index": 0,
      "run_name": "external/total/micro/loop_with_many_jumpdests/empty",
      "run_type": "aggregate",
      "repetitions": 20,
      "threads": 1,
      "aggregate_name": "cv",
      "aggregate_unit": "percentage",
      "iterations": 20,
      "real_time": 3.9707981142256009e-02,
      "cpu_time": 2.3535176615982999e-02,
      "time_unit": "us",
      "code_size": 0.0000000000000000e+00,
      "execution_time_ns": 3.9689005796180316e-02,
      "gas_rate": 2.1977819084547687e-02,
      "gas_used": 0.0000000000000000e+00,
      "input_size": 0.0000000000000000e+00
    },
    {
      "name": "external/total/micro/memory_grow_mload/nogrow",
      "family_index": 17,
      "per_family_instance_index": 0,
      "run_name": "external/total/micro/memory_grow_mload/nogrow",
      "run_type": "iteration",
      "repetitions": 20,
      "repetition_index": 0,
      "threads": 1,
      "iterations": 127930,
      "real_time": 5.1793904010000942e+00,
      "cpu_time": 5.3948991010705525e+00,
      "time_unit": "us",
      "code_size": 2.0485000000000000e+04,
      "execution_time_ns": 5.1614938560150085e+03,
      "gas_rate": 1.0631524135199932e+10,
      "gas_used": 5.7356000000000000e+04,
      "input_size": 3.2000000000000000e+01
    },
    {
      "name": "external/total/micro/memory_grow_mload/nogrow",
      "family_index": 17,
      "per_family_instance_index": 0,
      "run_name": "external/total/micro/memory_grow_mload/nogrow",
      "run_type": "iteration",
      "repetitions": 20,
      "repetition_index": 1,
      "threads": 1,
      "iterations": 127930,
      "real_time": 5.3001779176112418e+00,
      "cpu_time": 5.3794176190102831e+00,
      "time_unit": "us",
      "code_size": 2.0485000000000000e+04,
      "execution_time_ns": 5.2816322129289456e+03,
      "gas_rate": 1.0662120709370111e+10,
      "gas_used": 5.7356000000000000e+04,
      "input_size": 3.2000000000000000e+01
    },
    {
      "name": "external/total/micro/memory_grow_mload/nogrow",
      "family_index": 17,
      "per_family_instance_index": 0,
      "run_name": "external/total/micro/memory_grow_mload/nogrow",
      "run_type": "iteration",
      "repetitions": 20,
      "repetition_index": 2,
      "threads": 1,
      "iterations": 127930,
      "real_time": 5.3359502931298914e+00,
      "cpu_time": 5.3208407332136600e+00,
      "time_unit": "us",
      "code_size": 2.0485000000000000e+04,
      "execution_time_ns": 5.3192951066989763e+03,
      "gas_rate": 1.0779499495629210e+10,
      "gas_used": 5.7356000000000000e+04,
      "input_size": 3.2000000000000000e+01
    },
    {
      "name": "external/total/micro/memory_grow_mload/nogrow",
      "family_index": 17,
      "per_family_instance_index": 0,
      "run_name": "external/total/micro/memory_grow_mload/nogrow",
      "run_type": "iteration",
      "repetitions": 20,
      "repetition_index": 3,
      "threads": 1,
      "iterations": 127930,
      "real_time": 5.3920942312179694e+00,
      "cpu_time": 5.3788538732115887e+00,
      "time_unit": "us",
      "code_size": 2.0485000000000000e+04,
      "execution_time_ns": 5.3758448995544441e+03,
      "gas_rate": 1.0663238182701191e+10,
      "gas_used": 5.7356000000000000e+04,
      "input_size": 3.2000000000000000e+01
    },
    {
      "name": "external/total/micro/memory_grow_mload/nogrow",
      "family_index": 17,
      "per_family_instance_index": 0,
      "run_name": "external/total/micro/memory_grow_mload/nogrow",
      "run_type": "iteration",
      "repetitions": 20,
      "repetition_index": 4,
      "threads": 1,
      "iterations": 127930,
      "real_time": 5.3205781521131126e+00,
      "cpu_time": 5.3086779957787718e+00,
      "time_unit": "us",
      "code_size": 2.0485000000000000e+04,
      "execution_time_ns": 5.3036847885562420e+03,
      "gas_rate": 1.0804196458253256e+10,
      "gas_used": 5.7356000000000000e+04,
      "input_size": 3.2000000000000000e+01
    },
    {
      "name": "external/total/micro/memory_grow_mload/nogrow",
      "family_index": 17,
      "per_family_instance_index": 0,
      "run_name": "external/total/micro/memory_grow_mload/nogrow",
      "run_type": "iteration",
      "repetitions": 20,
      "repetition_index": 5,
      "threads": 1,
      "iterations": 127930,
      "real_time": 5.3809901352301237e+00,
      "cpu_time": 5.3691732666302396e+00,
      "time_unit": "us",
      "code_size": 2.0485000000000000e+04,
      "execution_time_ns": 5.3638608614085824e+03,
      "gas_rate": 1.0682463975687143e+10,
      "gas_used": 5.7356000000000000e+04,
      "input_size": 3.2000000000000000e+01
    },
    {
      "name": "external/total/micro/memory_grow_mload/nogrow",
      "family_index": 17,
      "per_family_instance_index": 0,
      "run_name": "external/total/micro/memory_grow_mload/nogrow",
      "run_type": "iteration",
      "repetitions": 20,
      "repetition_index": 6,
      "threads": 1,
      "iterations": 127930,
      "real_time": 5.3721246619226921e+00,
      "cpu_time": 5.3620081216287092e+00,
      "time_unit": "us",
      "code_size": 2.0485000000000000e+04,
      "execution_time_ns": 5.3553509810052374e+03,
      "gas_rate": 1.0696738740219982e+10,
      "gas_used": 5.7356000000000000e+04,
      "input_size": 3.2000000000000000e+01
    },
    {
      "name": "external/total/micro/memory_grow_mload/nogrow",
      "family_index": 17,
      "per_family_instance_index": 0,
      "run_name": "external/total/micro/memory_grow_mload/nogrow",
      "run_type": "iteration",
      "repetitions": 20,
      "repetition_index": 7,
      "threads": 1,
      "iterations": 127930,
      "real_time": 5.3808519815523974e+00,
      "cpu_time": 5.3716858829043517e+00,
      "time_unit": "us",
      "code_size": 2.0485000000000000e+04,
      "execution_time_ns": 5.3638252247322753e+03,
      "gas_rate": 1.0677467232873432e+10,
      "gas_used": 5.7356000000000000e+04,
      "input_size": 3.2000000000000000e+01
    },
    {
      "name": "external/total/micro/memory_grow_mload/nogrow",
      "family_index": 17,
      "per_family_instance_index": 0,
      "run_name": "external/total/micro/memory_grow_mload/nogrow",
      "run_type": "iteration",
      "repetitions": 20,
      "repetition_index": 8,
      "threads": 1,
      "iterations": 127930,
      "real_time": 5.3510610880963663e+00,
      "cpu_time": 5.3682257875399477e+00,
      "time_unit": "us",
      "code_size": 2.0485000000000000e+04,
      "execution_time_ns": 5.3352855936840460e+03,
      "gas_rate": 1.0684349405184772e+10,
      "gas_used": 5.7356000000000000e+04,
      "input_size": 3.2000000000000000e+01
    },
    {
      "name": "external/total/micro/memory_grow_mload/nogrow",
      "family_index": 17,
      "per_family_instance_index": 0,
      "run_name": "external/total/micro/memory_grow_mload/nogrow",
      "run_type": "iteration",
      "repetitions": 20,
      "repetition_index": 9,
      "threads": 1,
      "iterations": 127930,
      "real_time": 5.2455392089448578e+00,
      "cpu_time": 5.3611613304152943e+00,
      "time_unit": "us",
      "code_size": 2.0485000000000000e+04,
      "execution_time_ns": 5.2291542562338782e+03,
      "gas_rate": 1.0698428281686686e+10,
      "gas_used": 5.7356000000000000e+04,
      "input_size": 3.2000000000000000e+01
    },
    {
      "name": "external/total/micro/memory_grow_mload/nogrow",
      "family_index": 17,
      "per_family_instance_index": 0,
      "run_name": "external/total/micro/memory_grow_mload/nogrow",
      "run_type": "iteration",
      "repetitions": 20,
      "repetition_index": 10,
      "threads": 1,
      "iterations": 127930,
      "real_time": 5.2815475885242078e+00,
      "cpu_time": 5.3988244508717029e+00,
      "time_unit": "us",
      "code_size": 2.0485000000000000e+04,
      "execution_time_ns": 5.2661644336746658e+03,
      "gas_rate": 1.0623794220747297e+10,
      "gas_used": 5.7356000000000000e+04,
      "input_size": 3.2000000000000000e+01
    },
    {
      "name": "external/total/micro/memory_grow_mload/nogrow",
      "family_index": 17,
      "per_family_instance_index": 0,
      "run_name": "external/total/micro/memory_grow_mload/nogrow",
      "run_type": "iteration",
      "repetitions": 20,
      "repetition_index": 11,
      "threads": 1,
      "iterations": 127930,
      "real_time": 5.2523809036194731e+00,
      "cpu_time": 5.3692290627687589e+00,
      "time_unit": "us",
      "code_size": 2.0485000000000000e+04,
      "execution_time_ns": 5.2346139920268897e+03,
      "gas_rate": 1.0682352965292028e+10,
      "gas_used": 5.7356000000000000e+04,
      "input_size": 3.2000000000000000e+01
    },
    {
      "name": "external/total/micro/memory_grow_mload/nogrow",
      "family_index": 17,
      "per_family_instance_index": 0,
      "run_name": "external/total/micro/memory_grow_mload/nogrow",
      "run_type": "iteration",
      "repetitions": 20,
      "repetition_index": 12,
      "threads": 1,
      "iterations": 127930,
      "real_time": 5.2382157429866174e+00,
      "cpu_time": 5.3555957789417477e+00,
      "time_unit": "us",
      "code_size": 2.0485000000000000e+04,
      "execution_time_ns": 5.2219596185413902e+03,
      "gas_rate": 1.0709546120998213e+10,
      "gas_used": 5.7356000000000000e+04,
      "input_size": 3.2000000000000000e+01
    },
    {
      "name": "external/total/micro/memory_grow_mload/nogrow",
      "family_index": 17,
      "per_family_instance_index": 0,
      "run_name": "external/total/micro/memory_grow_mload/nogrow",
      "run_type": "iteration",
      "repetitions": 20,
      "repetition_index": 13,
      "threads": 1,
      "iterations": 127930,
      "real_time": 5.3189106620792197e+00,
      "cpu_time": 5.3893163839597946e+00,
      "time_unit": "us",
      "code_size": 2.0485000000000000e+04,
      "execution_time_ns": 5.3032148831392169e+03,
      "gas_rate": 1.0642537181656006e+10,
      "gas_used": 5.7356000000000000e+04,
      "input_size": 3.2000000000000000e+01
    },
    {
      "name": "external/total/micro/memory_grow_mload/nogrow",
      "family_index": 17,
      "per_family_instance_index": 0,
      "run_name": "external/total/micro/memory_grow_mload/nogrow",
      "run_type": "iteration",
      "repetitions": 20,
      "repetition_index": 14,
      "threads": 1,
      "iterations": 127930,
      "real_time": 5.4323811772076143e+00,
      "cpu_time": 5.4266428828266333e+00,
      "time_unit": "us",
      "code_size": 2.0485000000000000e+04,
      "execution_time_ns": 5.4124944188227937e+03,
      "gas_rate": 1.0569333792262440e+10,
      "gas_used": 5.7356000000000000e+04,
      "input_size": 3.2000000000000000e+01
    },
    {
      "name": "external/total/micro/memory_grow_mload/nogrow",
      "family_index": 17,
      "per_family_instance_index": 0,
      "run_name": "external/total/micro/memory_grow_mload/nogrow",
      "run_type": "iteration",
      "repetitions": 20,
      "repetition_index": 15,
      "threads": 1,
      "iterations": 127930,
      "real_time": 5.3802455796141784e+00,
      "cpu_time": 5.3757338075509598e+00,
      "time_unit": "us",
      "code_size": 2.0485000000000000e+04,
      "execution_time_ns": 5.3641590948174780e+03,
      "gas_rate": 1.0669427105827969e+10,
      "gas_used": 5.7356000000000000e+04,
      "input_size": 3.2000000000000000e+01
    },
    {
      "name": "external/total/micro/memory_grow_mload/nogrow",
      "family_index": 17,
      "per_family_instance_index": 0,
      "run_name": "external/total/micro/memory_grow_mload/nogrow",
      "run_type": "iteration",
      "repetitions": 20,
      "repetition_index": 16,
      "threads": 1,
      "iterations": 127930,
      "real_time": 5.4071911670435506e+00,
      "cpu_time": 5.4032334714295498e+00,
      "time_unit": "us",
      "code_size": 2.0485000000000000e+04,
      "execution_time_ns": 8.6422150316579373e+03,
      "gas_rate": 1.0615125239965830e+10,
      "gas_used": 5.7356000000000000e+04,
      "input_size": 3.2000000000000000e+01
    },
    {
      "name": "external/total/micro/memory_grow_mload/nogrow",
      "family_index": 17,
      "per_family_instance_index": 0,
      "run_name": "external/total/micro/memory_grow_mload/nogrow",
      "run_type": "iteration",
      "repetitions": 20,
      "repetition_index": 17,
      "threads": 1,
      "iterations": 127930,
      "real_time": 5.3668053154068289e+00,
      "cpu_time": 5.3661051590714148e+00,
      "time_unit": "us",
      "code_size": 2.0485000000000000e+04,
      "execution_time_ns": 5.3487396701321031e+03,
      "gas_rate": 1.0688571747991098e+10,
      "gas_used": 5.7356000000000000e+04,
      "input_size": 3.2000000000000000e+01
    },
    {
      "name": "external/total/micro/memory_grow_mload/nogrow",
      "family_index": 17,
      "per_family_instance_index": 0,
      "run_name": "external/total/micro/memory_grow_mload/nogrow",
      "run_type": "iteration",
      "repetitions": 20,
      "repetition_index": 18,
      "threads": 1,
      "iterations": 127930,
      "real_time": 5.3289211912778844e+00,
      "cpu_time": 5.3285607441569800e+00,
      "time_unit": "us",
      "code_size": 2.0485000000000000e+04,
      "execution_time_ns": 5.3100096615336515e+03,
      "gas_rate": 1.0763882172666153e+10,
      "gas_used": 5.7356000000000000e+04,
      "input_size": 3.2000000000000000e+01
    },
    {
      "name": "external/total/micro/memory_grow_mload/nogrow",
      "family_index": 17,
      "per_family_instance_index": 0,
      "run_name": "external/total/micro/memory_grow_mload/nogrow",
      "run_type": "iteration",
      "repetitions": 20,
      "repetition_index": 19,
      "threads": 1,
      "iterations": 127930,
      "real_time": 5.3750880950521074e+00,
      "cpu_time": 5.3748215899321199e+00,
      "time_unit": "us",
      "code_size": 2.0485000000000000e+04,
      "execution_time_ns": 5.3586112014382861e+03,
      "gas_rate": 1.0671237926750305e+10,
      "gas_used": 5.7356000000000000e+04,
      "input_size": 3.2000000000000000e+01
    },
    {
      "name": "external/total/micro/memory_grow_mload/nogrow_mean",
      "family_index": 17,
      "per_family_instance_index": 0,
      "run_name": "external/total/micro/memory_grow_mload/nogrow",
      "run_type": "aggregate",
      "repetitions": 20,
      "threads": 1,
      "aggregate_name": "mean",
      "aggregate_unit": "time",
      "iterations": 20,
      "real_time": 5.3320222746815213e+00,
      "cpu_time": 5.3701503521456537e+00,
      "time_unit": "us",
      "code_size": 2.0485000000000000e+04,
      "execution_time_ns": 5.4775804893301020e+03,
      "gas_rate": 1.0680791754548155e+10,
      "gas_used": 5.7356000000000000e+04,
      "input_size": 3.2000000000000000e+01
    },
    {
      "name": "external/total/micro/memory_grow_mload/nogrow_median",
      "family_index": 17,
      "per_family_instance_index": 0,
      "run_name": "external/total/micro/memory_grow_mload/nogrow",
      "run_type": "aggregate",
      "repetitions": 20,
      "threads": 1,
      "aggregate_name": "median",
      "aggregate_unit": "time",
      "iterations": 20,
      "real_time": 5.3435056906131297e+00,
      "cpu_time": 5.3704574728365557e+00,
      "time_unit": "us",
      "code_size": 2.0485000000000000e+04,
      "execution_time_ns": 5.3272903501915116e+03,
      "gas_rate": 1.0679910099082729e+10,
      "gas_used": 5.7356000000000000e+04,
      "input_size": 3.2000000000000000e+01
    },
    {
      "name": "external/total/micro/memory_grow_mload/nogrow_stddev",
      "family_index": 17,
      "per_family_instance_index": 0,
      "run_name": "external/total/micro/memory_grow_mload/nogrow",
      "run_type": "aggregate",
      "repetitions": 20,
      "threads": 1,
      "aggregate_name": "stddev",
      "aggregate_unit": "time",
      "iterations": 20,
      "real_time": 6.5406301567649691e-02,
      "cpu_time": 2.7744811314175121e-02,
      "time_unit": "us",
      "code_size": 0.0000000000000000e+00,
      "execution_time_ns": 7.4752389081076797e+02,
      "gas_rate": 5.5302593295028836e+07,
      "gas_used": 0.0000000000000000e+00,
      "input_size": 0.0000000000000000e+00
    },
    {
      "name": "external/total/micro/memory_grow_mload/nogrow_cv",
      "family_index": 17,
      "per_family_instance_index": 0,
      "run_name": "external/total/micro/memory_grow_mload/nogrow",
      "run_type": "aggregate",
      "repetitions": 20,
      "threads": 1,
      "aggregate_name": "cv",
      "aggregate_unit": "percentage",
      "iterations": 20,
      "real_time": 1.2266696986286761e-02,
      "cpu_time": 5.1664868755657142e-03,
      "time_unit": "us",
      "code_size": 0.0000000000000000e+00,
      "execution_time_ns": 1.3646972276662772e-01,
      "gas_rate": 5.1777615897697447e-03,
      "gas_used": 0.0000000000000000e+00,
      "input_size": 0.0000000000000000e+00
    },
    {
      "name": "external/total/micro/memory_grow_mload/by1",
      "family_index": 18,
      "per_family_instance_index": 0,
      "run_name": "external/total/micro/memory_grow_mload/by1",
      "run_type": "iteration",
      "repetitions": 20,
      "repetition_index": 0,
      "threads": 1,
      "iterations": 129159,
      "real_time": 5.2618336623868558e+00,
      "cpu_time": 5.3171338505251162e+00,
      "time_unit": "us",
      "code_size": 2.0485000000000000e+04,
      "execution_time_ns": 5.2454788361631790e+03,
      "gas_rate": 1.0865252149763821e+10,
      "gas_used": 5.7772000000000000e+04,
      "input_size": 3.2000000000000000e+01
    },
    {
      "name": "external/total/micro/memory_grow_mload/by1",
      "family_index": 18,
      "per_family_instance_index": 0,
      "run_name": "external/total/micro/memory_grow_mload/by1",
      "run_type": "iteration",
      "repetitions": 20,
      "repetition_index": 1,
      "threads": 1,
      "iterations": 129159,
      "real_time": 5.2538171788236827e+00,
      "cpu_time": 5.3566645762202025e+00,
      "time_unit": "us",
      "code_size": 2.0485000000000000e+04,
      "execution_time_ns": 5.2380877290781127e+03,
      "gas_rate": 1.0785069548029341e+10,
      "gas_used": 5.7772000000000000e+04,
      "input_size": 3.2000000000000000e+01
    },
    {
      "name": "external/total/micro/memory_grow_mload/by1",
      "family_index": 18,
      "per_family_instance_index": 0,
      "run_name": "external/total/micro/memory_grow_mload/by1",
      "run_type": "iteration",
      "repetitions": 20,
      "repetition_index": 2,
      "threads": 1,
      "iterations": 129159,
      "real_time": 5.3230217870993908e+00,
      "cpu_time": 5.4270425754305611e+00,
      "time_unit": "us",
      "code_size": 2.0485000000000000e+04,
      "execution_time_ns": 5.3056868975448870e+03,
      "gas_rate": 1.0645208545358904e+10,
      "gas_used": 5.7772000000000000e+04,
      "input_size": 3.2000000000000000e+01
    },
    {
      "name": "external/total/micro/memory_grow_mload/by1",
      "family_index": 18,
      "per_family_instance_index": 0,
      "run_name": "external/total/micro/memory_grow_mload/by1",
      "run_type": "iteration",
      "repetitions": 20,
      "repetition_index": 3,
      "threads": 1,
      "iterations": 129159,
      "real_time": 5.1555168900324286e+00,
      "cpu_time": 5.2560340278262379e+00,
      "time_unit": "us",
      "code_size": 2.0485000000000000e+04,
      "execution_time_ns": 5.1395103554533562e+03,
      "gas_rate": 1.0991557454564852e+10,
      "gas_used": 5.7772000000000000e+04,
      "input_size": 3.2000000000000000e+01
    },
    {
      "name": "external/total/micro/memory_grow_mload/by1",
      "family_index": 18,
      "per_family_instance_index": 0,
      "run_name": "external/total/micro/memory_grow_mload/by1",
      "run_type": "iteration",
      "repetitions": 20,
      "repetition_index": 4,
      "threads": 1,
      "iterations": 129159,
      "real_time": 5.0979257117192294e+00,
      "cpu_time": 5.1977576243239332e+00,
      "time_unit": "us",
      "code_size": 2.0485000000000000e+04,
      "execution_time_ns": 5.0825237962511319e+03,
      "gas_rate": 1.1114792988738935e+10,
      "gas_used": 5.7772000000000000e+04,
      "input_size": 3.2000000000000000e+01
    },
    {
      "name": "external/total/micro/memory_grow_mload/by1",
      "family_index": 18,
      "per_family_instance_index": 0,
      "run_name": "external/total/micro/memory_grow_mload/by1",
      "run_type": "iteration",
      "repetitions": 20,
      "repetition_index": 5,
      "threads": 1,
      "iterations": 129159,
      "real_time": 5.2997240920119566e+00,
      "cpu_time": 5.4034357419926771e+00,
      "time_unit": "us",
      "code_size": 2.0485000000000000e+04,
      "execution_time_ns": 5.2835160074017294e+03,
      "gas_rate": 1.0691715930112062e+10,
      "gas_used": 5.7772000000000000e+04,
      "input_size": 3.2000000000000000e+01
    },
    {
      "name": "external/total/micro/memory_grow_mload/by1",
      "family_index": 18,
      "per_family_instance_index": 0,
      "run_name": "external/total/micro/memory_grow_mload/by1",
      "run_type": "iteration",
      "repetitions": 20,
      "repetition_index": 6,
      "threads": 1,
      "iterations": 129159,
      "real_time": 5.4504014973795680e+00,
      "cpu_time": 5.4952999481259583e+00,
      "time_unit": "us",
      "code_size": 2.0485000000000000e+04,
      "execution_time_ns": 5.4344388312080455e+03,
      "gas_rate": 1.0512983921778786e+10,
      "gas_used": 5.7772000000000000e+04,
      "input_size": 3.2000000000000000e+01
    },
    {
      "name": "external/total/micro/memory_grow_mload/by1",
      "family_index": 18,
      "per_family_instance_index": 0,
      "run_name": "external/total/micro/memory_grow_mload/by1",
      "run_type": "iteration",
      "repetitions": 20,
      "repetition_index": 7,
      "threads": 1,
      "iterations": 129159,
      "real_time": 5.4187192452711201e+00,
      "cpu_time": 5.4187356823757860e+00,
      "time_unit": "us",
      "code_size": 2.0485000000000000e+04,
      "execution_time_ns": 5.3993858964532092e+03,
      "gas_rate": 1.0661527593586275e+10,
      "gas_used": 5.7772000000000000e+04,
      "input_size": 3.2000000000000000e+01
    },
    {
      "name": "external/total/micro/memory_grow_mload/by1",
      "family_index": 18,
      "per_family_instance_index": 0,
      "run_name": "external/total/micro/memory_grow_mload/by1",
      "run_type": "iteration",
      "repetitions": 20,
      "repetition_index": 8,
      "threads": 1,
      "iterations": 129159,
      "real_time": 5.5301778815246898e+00,
      "cpu_time": 5.5296268862411440e+00,
      "time_unit": "us",
      "code_size": 2.0485000000000000e+04,
      "execution_time_ns": 5.5107507181071396e+03,
      "gas_rate": 1.0447721191415047e+10,
      "gas_used": 5.7772000000000000e+04,
      "input_size": 3.2000000000000000e+01
    },
    {
      "name": "external/total/micro/memory_grow_mload/by1",
      "family_index": 18,
      "per_family_instance_index": 0,
      "run_name": "external/total/micro/memory_grow_mload/by1",
      "run_type": "iteration",
      "repetitions": 20,
      "repetition_index": 9,
      "threads": 1,
      "iterations": 129159,
      "real_time": 5.4826837851019583e+00,
      "cpu_time": 5.4824148065562976e+00,
      "time_unit": "us",
      "code_size": 2.0485000000000000e+04,
      "execution_time_ns": 5.4637469475607586e+03,
      "gas_rate": 1.0537692246655937e+10,
      "gas_used": 5.7772000000000000e+04,
      "input_size": 3.2000000000000000e+01
    },
    {
      "name": "external/total/micro/memory_grow_mload/by1",
      "family_index": 18,
      "per_family_instance_index": 0,
      "run_name": "external/total/micro/memory_grow_mload/by1",
      "run_type": "iteration",
      "repetitions": 20,
      "repetition_index": 10,
      "threads": 1,
      "iterations": 129159,
      "real_time": 5.5520284300744249e+00,
      "cpu_time": 5.5518957563931730e+00,
      "time_unit": "us",
      "code_size": 2.0485000000000000e+04,
      "execution_time_ns": 5.5332581469351726e+03,
      "gas_rate": 1.0405814974727116e+10,
      "gas_used": 5.7772000000000000e+04,
      "input_size": 3.2000000000000000e+01
    },
    {
      "name": "external/total/micro/memory_grow_mload/by1",
      "family_index": 18,
      "per_family_instance_index": 0,
      "run_name": "external/total/micro/memory_grow_mload/by1",
      "run_type": "iteration",
      "repetitions": 20,
      "repetition_index": 11,
      "threads": 1,
      "iterations": 129159,
      "real_time": 5.5273406266688339e+00,
      "cpu_time": 5.5269789329430479e+00,
      "time_unit": "us",
      "code_size": 2.0485000000000000e+04,
      "execution_time_ns": 5.5112533621350431e+03,
      "gas_rate": 1.0452726652467468e+10,
      "gas_used": 5.7772000000000000e+04,
      "input_size": 3.2000000000000000e+01
    },
    {
      "name": "external/total/micro/memory_grow_mload/by1",
      "family_index": 18,
      "per_family_instance_index": 0,
      "run_name": "external/total/micro/memory_grow_mload/by1",
      "run_type": "iteration",
      "repetitions": 20,
      "repetition_index": 12,
      "threads": 1,
      "iterations": 129159,
      "real_time": 5.3434803381854357e+00,
      "cpu_time": 5.4058352650607535e+00,
      "time_unit": "us",
      "code_size": 2.0485000000000000e+04,
      "execution_time_ns": 5.3270518121075575e+03,
      "gas_rate": 1.0686970129000172e+10,
      "gas_used": 5.7772000000000000e+04,
      "input_size": 3.2000000000000000e+01
    },
    {
      "name": "external/total/micro/memory_grow_mload/by1",
      "family_index": 18,
      "per_family_instance_index": 0,
      "run_name": "external/total/micro/memory_grow_mload/by1",
      "run_type": "iteration",
      "repetitions": 20,
      "repetition_index": 13,
      "threads": 1,
      "iterations": 129159,
      "real_time": 5.2131446356814646e+00,
      "cpu_time": 5.2744487647007512e+00,
      "time_unit": "us",
      "code_size": 2.0485000000000000e+04,
      "execution_time_ns": 5.1955849069751239e+03,
      "gas_rate": 1.0953182517695332e+10,
      "gas_used": 5.7772000000000000e+04,
      "input_size": 3.2000000000000000e+01
    },
    {
      "name": "external/total/micro/memory_grow_mload/by1",
      "family_index": 18,
      "per_family_instance_index": 0,
      "run_name": "external/total/micro/memory_grow_mload/by1",
      "run_type": "iteration",
      "repetitions": 20,
      "repetition_index": 14,
      "threads": 1,
      "iterations": 129159,
      "real_time": 5.2579046833776575e+00,
      "cpu_time": 5.3193907354501677e+00,
      "time_unit": "us",
      "code_size": 2.0485000000000000e+04,
      "execution_time_ns": 5.2389432172748320e+03,
      "gas_rate": 1.0860642294048529e+10,
      "gas_used": 5.7772000000000000e+04,
      "input_size": 3.2000000000000000e+01
    },
    {
      "name": "external/total/micro/memory_grow_mload/by1",
      "family_index": 18,
      "per_family_instance_index": 0,
      "run_name": "external/total/micro/memory_grow_mload/by1",
      "run_type": "iteration",
      "repetitions": 20,
      "repetition_index": 15,
      "threads": 1,
      "iterations": 129159,
      "real_time": 5.0939885954508872e+00,
      "cpu_time": 5.1538198809222528e+00,
      "time_unit": "us",
      "code_size": 2.0485000000000000e+04,
      "execution_time_ns": 5.0783999643849829e+03,
      "gas_rate": 1.1209549680587976e+10,
      "gas_used": 5.7772000000000000e+04,
      "input_size": 3.2000000000000000e+01
    },
    {
      "name": "external/total/micro/memory_grow_mload/by1",
      "family_index": 18,
      "per_family_instance_index": 0,
      "run_name": "external/total/micro/memory_grow_mload/by1",
      "run_type": "iteration",
      "repetitions": 20,
      "repetition_index": 16,
      "threads": 1,
      "iterations": 129159,
      "real_time": 5.1502026107378782e+00,
      "cpu_time": 5.2107028313936707e+00,
      "time_unit": "us",
      "code_size": 2.0485000000000000e+04,
      "execution_time_ns": 5.1347356514064059e+03,
      "gas_rate": 1.1087179958130163e+10,
      "gas_used": 5.7772000000000000e+04,
      "input_size": 3.2000000000000000e+01
    },
    {
      "name": "external/total/micro/memory_grow_mload/by1",
      "family_index": 18,
      "per_family_instance_index": 0,
      "run_name": "external/total/micro/memory_grow_mload/by1",
      "run_type": "iteration",
      "repetitions": 20,
      "repetition_index": 17,
      "threads": 1,
      "iterations": 129159,
      "real_time": 5.2845389403774696e+00,
      "cpu_time": 5.3461274940186767e+00,
      "time_unit": "us",
      "code_size": 2.0485000000000000e+04,
      "execution_time_ns": 5.2670028337165822e+03,
      "gas_rate": 1.0806326647584843e+10,
      "gas_used": 5.7772000000000000e+04,
      "input_size": 3.2000000000000000e+01
    },
    {
      "name": "external/total/micro/memory_grow_mload/by1",
      "family_index": 18,
      "per_family_instance_index": 0,
      "run_name": "external/total/micro/memory_grow_mload/by1",
      "run_type": "iteration",
      "repetitions": 20,
      "repetition_index": 18,
      "threads": 1,
      "iterations": 129159,
      "real_time": 5.2768514002095221e+00,
      "cpu_time": 5.3383896902264922e+00,
      "time_unit": "us",
      "code_size": 2.0485000000000000e+04,
      "execution_time_ns": 5.2603758235972718e+03,
      "gas_rate": 1.0821990029272087e+10,
      "gas_used": 5.7772000000000000e+04,
      "input_size": 3.2000000000000000e+01
    },
    {
      "name": "external/total/micro/memory_grow_mload/by1",
      "family_index": 18,
      "per_family_instance_index": 0,
      "run_name": "external/total/micro/memory_grow_mload/by1",
      "run_type": "iteration",
      "repetitions": 20,
      "repetition_index": 19,
      "threads": 1,
      "iterations": 129159,
      "real_time": 5.3342394103390713e+00,
      "cpu_time": 5.3967835071497428e+00,
      "time_unit": "us",
      "code_size": 2.0485000000000000e+04,
      "execution_time_ns": 5.3171800881084555e+03,
      "gas_rate": 1.0704894855141541e+10,
      "gas_used": 5.7772000000000000e+04,
      "input_size": 3.2000000000000000e+01
    },
    {
      "name": "external/total/micro/memory_grow_mload/by1_mean",
      "family_index": 18,
      "per_family_instance_index": 0,
      "run_name": "external/total/micro/memory_grow_mload/by1",
      "run_type": "aggregate",
      "repetitions": 20,
      "threads": 1,
      "aggregate_name": "mean",
      "aggregate_unit": "time",
      "iterations": 20,
      "real_time": 5.3153770701226772e+00,
      "cpu_time": 5.3704259288938330e+00,
      "time_unit": "us",
      "code_size": 2.0485000000000000e+04,
      "execution_time_ns": 5.2983455910931498e+03,
      "gas_rate": 1.0762139965432961e+10,
      "gas_used": 5.7772000000000000e+04,
      "input_size": 3.2000000000000000e+01
    },
    {
      "name": "external/total/micro/memory_grow_mload/by1_median",
      "family_index": 18,
      "per_family_instance_index": 0,
      "run_name": "external/total/micro/memory_grow_mload/by1",
      "run_type": "aggregate",
      "repetitions": 20,
      "threads": 1,
      "aggregate_name": "median",
      "aggregate_unit": "time",
      "iterations": 20,
      "real_time": 5.2921315161947131e+00,
      "cpu_time": 5.3767240416849731e+00,
      "time_unit": "us",
      "code_size": 2.0485000000000000e+04,
      "execution_time_ns": 5.2752594205591558e+03,
      "gas_rate": 1.0744982201585442e+10,
      "gas_used": 5.7772000000000000e+04,
      "input_size": 3.2000000000000000e+01
    },
    {
      "name": "external/total/micro/memory_grow_mload/by1_stddev",
      "family_index": 18,
      "per_family_instance_index": 0,
      "run_name": "external/total/micro/memory_grow_mload/by1",
      "run_type": "aggregate",
      "repetitions": 20,
      "threads": 1,
      "aggregate_name": "stddev",
      "aggregate_unit": "time",
      "iterations": 20,
      "real_time": 1.4093777841947525e-01,
      "cpu_time": 1.1500330513037152e-01,
      "time_unit": "us",
      "code_size": 0.0000000000000000e+00,
      "execution_time_ns": 1.4012412364264304e+02,
      "gas_rate": 2.3140497304173458e+08,
      "gas_used": 0.0000000000000000e+00,
      "input_size": 0.0000000000000000e+00
    },
    {
      "name": "external/total/micro/memory_grow_mload/by1_cv",
      "family_index": 18,
      "per_family_instance_index": 0,
      "run_name": "external/total/micro/memory_grow_mload/by1",
      "run_type": "aggregate",
      "repetitions": 20,
      "threads": 1,
      "aggregate_name": "cv",
      "aggregate_unit": "percentage",
      "iterations": 20,
      "real_time": 2.6515104490267598e-02,
      "cpu_time": 2.1414187003610568e-02,
      "time_unit": "us",
      "code_size": 0.0000000000000000e+00,
      "execution_time_ns": 2.6446769323277147e-02,
      "gas_rate": 2.1501762083097491e-02,
      "gas_used": 0.0000000000000000e+00,
      "input_size": 0.0000000000000000e+00
    },
    {
      "name": "external/total/micro/memory_grow_mload/by16",
      "family_index": 19,
      "per_family_instance_index": 0,
      "run_name": "external/total/micro/memory_grow_mload/by16",
      "run_type": "iteration",
      "repetitions": 20,
      "repetition_index": 0,
      "threads": 1,
      "iterations": 112070,
      "real_time": 6.2639795306510875e+00,
      "cpu_time": 6.3372629874187201e+00,
      "time_unit": "us",
      "code_size": 2.0485000000000000e+04,
      "execution_time_ns": 6.2455806906397784e+03,
      "gas_rate": 1.1314032594567245e+10,
      "gas_used": 7.1700000000000000e+04,
      "input_size": 3.2000000000000000e+01
    },
    {
      "name": "external/total/micro/memory_grow_mload/by16",
      "family_index": 19,
      "per_family_instance_index": 0,
      "run_name": "external/total/micro/memory_grow_mload/by16",
      "run_type": "iteration",
      "repetitions": 20,
      "repetition_index": 1,
      "threads": 1,
      "iterations": 112070,
      "real_time": 6.1937016507533942e+00,
      "cpu_time": 6.2297371285804486e+00,
      "time_unit": "us",
      "code_size": 2.0485000000000000e+04,
      "execution_time_ns": 6.1730215311858656e+03,
      "gas_rate": 1.1509313879563015e+10,
      "gas_used": 7.1700000000000000e+04,
      "input_size": 3.2000000000000000e+01
    },
    {
      "name": "external/total/micro/memory_grow_mload/by16",
      "family_index": 19,
      "per_family_instance_index": 0,
      "run_name": "external/total/micro/memory_grow_mload/by16",
      "run_type": "iteration",
      "repetitions": 20,
      "repetition_index": 2,
      "threads": 1,
      "iterations": 112070,
      "real_time": 9.7416975729434512e+00,
      "cpu_time": 9.8173233871687078e+00,
      "time_unit": "us",
      "code_size": 2.0485000000000000e+04,
      "execution_time_ns": 9.7216353261354507e+03,
      "gas_rate": 7.3034163358326645e+09,
      "gas_used": 7.1700000000000000e+04,
      "input_size": 3.2000000000000000e+01
    },
    {
      "name": "external/total/micro/memory_grow_mload/by16",
      "family_index": 19,
      "per_family_instance_index": 0,
      "run_name": "external/total/micro/memory_grow_mload/by16",
      "run_type": "iteration",
      "repetitions": 20,
      "repetition_index": 3,
      "threads": 1,
      "iterations": 112070,
      "real_time": 6.7292302132583135e+00,
      "cpu_time": 6.9157264299097934e+00,
      "time_unit": "us",
      "code_size": 2.0485000000000000e+04,
      "execution_time_ns": 6.7096097528330511e+03,
      "gas_rate": 1.0367674419552658e+10,
      "gas_used": 7.1700000000000000e+04,
      "input_size": 3.2000000000000000e+01
    },
    {
      "name": "external/total/micro/memory_grow_mload/by16",
      "family_index": 19,
      "per_family_instance_index": 0,
      "run_name": "external/total/micro/memory_grow_mload/by16",
      "run_type": "iteration",
      "repetitions": 20,
      "repetition_index": 4,
      "threads": 1,
      "iterations": 112070,
      "real_time": 5.9550140447948818e+00,
      "cpu_time": 6.1192851253681777e+00,
      "time_unit": "us",
      "code_size": 2.0485000000000000e+04,
      "execution_time_ns": 5.9348495583117692e+03,
      "gas_rate": 1.1717054938780296e+10,
      "gas_used": 7.1700000000000000e+04,
      "input_size": 3.2000000000000000e+01
    },
    {
      "name": "external/total/micro/memory_grow_mload/by16",
      "family_index": 19,
      "per_family_instance_index": 0,
      "run_name": "external/total/micro/memory_grow_mload/by16",
      "run_type": "iteration",
      "repetitions": 20,
      "repetition_index": 5,
      "threads": 1,
      "iterations": 112070,
      "real_time": 5.8480494423121154e+00,
      "cpu_time": 6.0095961631122465e+00,
      "time_unit": "us",
      "code_size": 2.0485000000000000e+04,
      "execution_time_ns": 5.8291942714374945e+03,
      "gas_rate": 1.1930918160542095e+10,
      "gas_used": 7.1700000000000000e+04,
      "input_size": 3.2000000000000000e+01
    },
    {
      "name": "external/total/micro/memory_grow_mload/by16",
      "family_index": 19,
      "per_family_instance_index": 0,
      "run_name": "external/total/micro/memory_grow_mload/by16",
      "run_type": "iteration",
      "repetitions": 20,
      "repetition_index": 6,
      "threads": 1,
      "iterations": 112070,
      "real_time": 5.6384594092968872e+00,
      "cpu_time": 5.7946900508609476e+00,
      "time_unit": "us",
      "code_size": 2.0485000000000000e+04,
      "execution_time_ns": 5.6199577763897560e+03,
      "gas_rate": 1.2373396915223646e+10,
      "gas_used": 7.1700000000000000e+04,
      "input_size": 3.2000000000000000e+01
    },
    {
      "name": "external/total/micro/memory_grow_mload/by16",
      "family_index": 19,
      "per_family_instance_index": 0,
      "run_name": "external/total/micro/memory_grow_mload/by16",
      "run_type": "iteration",
      "repetitions": 20,
      "repetition_index": 7,
      "threads": 1,
      "iterations": 112070,
      "real_time": 5.7015661996995828e+00,
      "cpu_time": 5.8591842509145247e+00,
      "time_unit": "us",
      "code_size": 2.0485000000000000e+04,
      "execution_time_ns": 5.6803776478986347e+03,
      "gas_rate": 1.2237198376004097e+10,
      "gas_used": 7.1700000000000000e+04,
      "input_size": 3.2000000000000000e+01
    },
    {
      "name": "external/total/micro/memory_grow_mload/by16",
      "family_index": 19,
      "per_family_instance_index": 0,
      "run_name": "external/total/micro/memory_grow_mload/by16",
      "run_type": "iteration",
      "repetitions": 20,
      "repetition_index": 8,
      "threads": 1,
      "iterations": 112070,
      "real_time": 5.7337810207900182e+00,
      "cpu_time": 5.8915838315336888e+00,
      "time_unit": "us",
      "code_size": 2.0485000000000000e+04,
      "execution_time_ns": 5.7154432051396452e+03,
      "gas_rate": 1.2169902364155134e+10,
      "gas_used": 7.1700000000000000e+04,
      "input_size": 3.2000000000000000e+01
    },
    {
      "name": "external/total/micro/memory_grow_mload/by16",
      "family_index": 19,
      "per_family_instance_index": 0,
      "run_name": "external/total/micro/memory_grow_mload/by16",
      "run_type": "iteration",
      "repetitions": 20,
      "repetition_index": 9,
      "threads": 1,
      "iterations": 112070,
      "real_time": 5.6374444097444254e+00,
      "cpu_time": 5.7936898367093130e+00,
      "time_unit": "us",
      "code_size": 2.0485000000000000e+04,
      "execution_time_ns": 5.6189549924154544e+03,
      "gas_rate": 1.2375533040395550e+10,
      "gas_used": 7.1700000000000000e+04,
      "input_size": 3.2000000000000000e+01
    },
    {
      "name": "external/total/micro/memory_grow_mload/by16",
      "family_index": 19,
      "per_family_instance_index": 0,
      "run_name": "external/total/micro/memory_grow_mload/by16",
      "run_type": "iteration",
      "repetitions": 20,
      "repetition_index": 10,
      "threads": 1,
      "iterations": 112070,
      "real_time": 5.8105642277174629e+00,
      "cpu_time": 5.9711516106003382e+00,
      "time_unit": "us",
      "code_size": 2.0485000000000000e+04,
      "execution_time_ns": 5.7922684929062198e+03,
      "gas_rate": 1.2007733964201138e+10,
      "gas_used": 7.1700000000000000e+04,
      "input_size": 3.2000000000000000e+01
    },
    {
      "name": "external/total/micro/memory_grow_mload/by16",
      "family_index": 19,
      "per_family_instance_index": 0,
      "run_name": "external/total/micro/memory_grow_mload/by16",
      "run_type": "iteration",
      "repetitions": 20,
      "repetition_index": 11,
      "threads": 1,
      "iterations": 112070,
      "real_time": 5.8361516106027169e+00,
      "cpu_time": 5.8931398679398335e+00,
      "time_unit": "us",
      "code_size": 2.0485000000000000e+04,
      "execution_time_ns": 5.8172729633264926e+03,
      "gas_rate": 1.2166688998858839e+10,
      "gas_used": 7.1700000000000000e+04,
      "input_size": 3.2000000000000000e+01
    },
    {
      "name": "external/total/micro/memory_grow_mload/by16",
      "family_index": 19,
      "per_family_instance_index": 0,
      "run_name": "external/total/micro/memory_grow_mload/by16",
      "run_type": "iteration",
      "repetitions": 20,
      "repetition_index": 12,
      "threads": 1,
      "iterations": 112070,
      "real_time": 5.9937398500946575e+00,
      "cpu_time": 5.9936204336574015e+00,
      "time_unit": "us",
      "code_size": 2.0485000000000000e+04,
      "execution_time_ns": 5.9713179976800211e+03,
      "gas_rate": 1.1962719493774738e+10,
      "gas_used": 7.1700000000000000e+04,
      "input_size": 3.2000000000000000e+01
    },
    {
      "name": "external/total/micro/memory_grow_mload/by16",
      "family_index": 19,
      "per_family_instance_index": 0,
      "run_name": "external/total/micro/memory_grow_mload/by16",
      "run_type": "iteration",
      "repetitions": 20,
      "repetition_index": 13,
      "threads": 1,
      "iterations": 112070,
      "real_time": 6.1588806192564549e+00,
      "cpu_time": 6.1583060765590201e+00,
      "time_unit": "us",
      "code_size": 2.0485000000000000e+04,
      "execution_time_ns": 6.1389971357187469e+03,
      "gas_rate": 1.1642812018213730e+10,
      "gas_used": 7.1700000000000000e+04,
      "input_size": 3.2000000000000000e+01
    },
    {
      "name": "external/total/micro/memory_grow_mload/by16",
      "family_index": 19,
      "per_family_instance_index": 0,
      "run_name": "external/total/micro/memory_grow_mload/by16",
      "run_type": "iteration",
      "repetitions": 20,
      "repetition_index": 14,
      "threads": 1,
      "iterations": 112070,
      "real_time": 6.2255177835284181e+00,
      "cpu_time": 6.2494862585883197e+00,
      "time_unit": "us",
      "code_size": 2.0485000000000000e+04,
      "execution_time_ns": 6.2049829570803959e+03,
      "gas_rate": 1.1472943060154217e+10,
      "gas_used": 7.1700000000000000e+04,
      "input_size": 3.2000000000000000e+01
    },
    {
      "name": "external/total/micro/memory_grow_mload/by16",
      "family_index": 19,
      "per_family_instance_index": 0,
      "run_name": "external/total/micro/memory_grow_mload/by16",
      "run_type": "iteration",
      "repetitions": 20,
      "repetition_index": 15,
      "threads": 1,
      "iterations": 112070,
      "real_time": 6.2234865352012383e+00,
      "cpu_time": 6.2817115463548046e+00,
      "time_unit": "us",
      "code_size": 2.0485000000000000e+04,
      "execution_time_ns": 6.2042208351922909e+03,
      "gas_rate": 1.1414086665855675e+10,
      "gas_used": 7.1700000000000000e+04,
      "input_size": 3.2000000000000000e+01
    },
    {
      "name": "external/total/micro/memory_grow_mload/by16",
      "family_index": 19,
      "per_family_instance_index": 0,
      "run_name": "external/total/micro/memory_grow_mload/by16",
      "run_type": "iteration",
      "repetitions": 20,
      "repetition_index": 16,
      "threads": 1,
      "iterations": 112070,
      "real_time": 6.1519861782846395e+00,
      "cpu_time": 6.2090156509324288e+00,
      "time_unit": "us",
      "code_size": 2.0485000000000000e+04,
      "execution_time_ns": 6.1310892388685643e+03,
      "gas_rate": 1.1547724153221062e+10,
      "gas_used": 7.1700000000000000e+04,
      "input_size": 3.2000000000000000e+01
    },
    {
      "name": "external/total/micro/memory_grow_mload/by16",
      "family_index": 19,
      "per_family_instance_index": 0,
      "run_name": "external/total/micro/memory_grow_mload/by16",
      "run_type": "iteration",
      "repetitions": 20,
      "repetition_index": 17,
      "threads": 1,
      "iterations": 112070,
      "real_time": 6.3025491210857023e+00,
      "cpu_time": 6.3611991255464604e+00,
      "time_unit": "us",
      "code_size": 2.0485000000000000e+04,
      "execution_time_ns": 6.2834917997680022e+03,
      "gas_rate": 1.1271459764882080e+10,
      "gas_used": 7.1700000000000000e+04,
      "input_size": 3.2000000000000000e+01
    },
    {
      "name": "external/total/micro/memory_grow_mload/by16",
      "family_index": 19,
      "per_family_instance_index": 0,
      "run_name": "external/total/micro/memory_grow_mload/by16",
      "run_type": "iteration",
      "repetitions": 20,
      "repetition_index": 18,
      "threads": 1,
      "iterations": 112070,
      "real_time": 6.0977313107900253e+00,
      "cpu_time": 6.1545460961899030e+00,
      "time_unit": "us",
      "code_size": 2.0485000000000000e+04,
      "execution_time_ns": 6.0755038458106537e+03,
      "gas_rate": 1.1649924930188978e+10,
      "gas_used": 7.1700000000000000e+04,
      "input_size": 3.2000000000000000e+01
    },
    {
      "name": "external/total/micro/memory_grow_mload/by16",
      "family_index": 19,
      "per_family_instance_index": 0,
      "run_name": "external/total/micro/memory_grow_mload/by16",
      "run_type": "iteration",
      "repetitions": 20,
      "repetition_index": 19,
      "threads": 1,
      "iterations": 112070,
      "real_time": 5.9955638083322409e+00,
      "cpu_time": 6.0510598732937577e+00,
      "time_unit": "us",
      "code_size": 2.0485000000000000e+04,
      "execution_time_ns": 5.9765914250022306e+03,
      "gas_rate": 1.1849163865729811e+10,
      "gas_used": 7.1700000000000000e+04,
      "input_size": 3.2000000000000000e+01
    },
    {
      "name": "external/total/micro/memory_grow_mload/by16_mean",
      "family_index": 19,
      "per_family_instance_index": 0,
      "run_name": "external/total/micro/memory_grow_mload/by16",
      "run_type": "aggregate",
      "repetitions": 20,
      "threads": 1,
      "aggregate_name": "mean",
      "aggregate_unit": "time",
      "iterations": 20,
      "real_time": 6.2119547269568862e+00,
      "cpu_time": 6.3045657865619420e+00,
      "time_unit": "us",
      "code_size": 2.0485000000000000e+04,
      "execution_time_ns": 6.1922180721870263e+03,
      "gas_rate": 1.1514184896984833e+10,
      "gas_used": 7.1700000000000000e+04,
      "input_size": 3.2000000000000000e+01
    },
    {
      "name": "external/total/micro/memory_grow_mload/by16_median",
      "family_index": 19,
      "per_family_instance_index": 0,
      "run_name": "external/total/micro/memory_grow_mload/by16",
      "run_type": "aggregate",
      "repetitions": 20,
      "threads": 1,
      "aggregate_name": "median",
      "aggregate_unit": "time",
      "iterations": 20,
      "real_time": 6.0466475595611318e+00,
      "cpu_time": 6.1369156107790399e+00,
      "time_unit": "us",
      "code_size": 2.0485000000000000e+04,
      "execution_time_ns": 6.0260476354064422e+03,
      "gas_rate": 1.1683489934484638e+10,
      "gas_used": 7.1700000000000000e+04,
      "input_size": 3.2000000000000000e+01
    },
    {
      "name": "external/total/micro/memory_grow_mload/by16_stddev",
      "family_index": 19,
      "per_family_instance_index": 0,
      "run_name": "external/total/micro/memory_grow_mload/by16",
      "run_type": "aggregate",
      "repetitions": 20,
      "threads": 1,
      "aggregate_name": "stddev",
      "aggregate_unit": "time",
      "iterations": 20,
      "real_time": 8.7361977686371295e-01,
      "cpu_time": 8.6547989862356878e-01,
      "time_unit": "us",
      "code_size": 0.0000000000000000e+00,
      "execution_time_ns": 8.7346234877310621e+02,
      "gas_rate": 1.0959812517696342e+09,
      "gas_used": 0.0000000000000000e+00,
      "input_size": 0.0000000000000000e+00
    },
    {
      "name": "external/total/micro/memory_grow_mload/by16_cv",
      "family_index": 19,
      "per_family_instance_index": 0,
      "run_name": "external/total/micro/memory_grow_mload/by16",
      "run_type": "aggregate",
      "repetitions": 20,
      "threads": 1,
      "aggregate_name": "cv",
      "aggregate_unit": "percentage",
      "iterations": 20,
      "real_time": 1.4063524530734661e-01,
      "cpu_time": 1.3727827227504269e-01,
      "time_unit": "us",
      "code_size": 0.0000000000000000e+00,
      "execution_time_ns": 1.4105807298621323e-01,
      "gas_rate": 9.5185309387956232e-02,
      "gas_used": 0.0000000000000000e+00,
      "input_size": 0.0000000000000000e+00
    },
    {
      "name": "external/total/micro/memory_grow_mload/by32",
      "family_index": 20,
      "per_family_instance_index": 0,
      "run_name": "external/total/micro/memory_grow_mload/by32",
      "run_type": "iteration",
      "repetitions": 20,
      "repetition_index": 0,
      "threads": 1,
      "iterations": 99141,
      "real_time": 6.5286188761438195e+00,
      "cpu_time": 6.5897012840296156e+00,
      "time_unit": "us",
      "code_size": 2.0485000000000000e+04,
      "execution_time_ns": 6.5100957323408074e+03,
      "gas_rate": 1.5540765140324642e+10,
      "gas_used": 1.0240900000000000e+05,
      "input_size": 3.2000000000000000e+01
    },
    {
      "name": "external/total/micro/memory_grow_mload/by32",
      "family_index": 20,
      "per_family_instance_index": 0,
      "run_name": "external/total/micro/memory_grow_mload/by32",
      "run_type": "iteration",
      "repetitions": 20,
      "repetition_index": 1,
      "threads": 1,
      "iterations": 99141,
      "real_time": 6.3961919488414765e+00,
      "cpu_time": 6.4556314642780324e+00,
      "time_unit": "us",
      "code_size": 2.0485000000000000e+04,
      "execution_time_ns": 6.3761852815686752e+03,
      "gas_rate": 1.5863513982586510e+10,
      "gas_used": 1.0240900000000000e+05,
      "input_size": 3.2000000000000000e+01
    },
    {
      "name": "external/total/micro/memory_grow_mload/by32",
      "family_index": 20,
      "per_family_instance_index": 0,
      "run_name": "external/total/micro/memory_grow_mload/by32",
      "run_type": "iteration",
      "repetitions": 20,
      "repetition_index": 2,
      "threads": 1,
      "iterations": 99141,
      "real_time": 6.4348429711229986e+00,
      "cpu_time": 6.4942897085967362e+00,
      "time_unit": "us",
      "code_size": 2.0485000000000000e+04,
      "execution_time_ns": 6.4165557942728037e+03,
      "gas_rate": 1.5769084009978390e+10,
      "gas_used": 1.0240900000000000e+05,
      "input_size": 3.2000000000000000e+01
    },
    {
      "name": "external/total/micro/memory_grow_mload/by32",
      "family_index": 20,
      "per_family_instance_index": 0,
      "run_name": "external/total/micro/memory_grow_mload/by32",
      "run_type": "iteration",
      "repetitions": 20,
      "repetition_index": 3,
      "threads": 1,
      "iterations": 99141,
      "real_time": 6.4912918873111556e+00,
      "cpu_time": 6.4705512552833273e+00,
      "time_unit": "us",
      "code_size": 2.0485000000000000e+04,
      "execution_time_ns": 6.4705245155889088e+03,
      "gas_rate": 1.5826935906949368e+10,
      "gas_used": 1.0240900000000000e+05,
      "input_size": 3.2000000000000000e+01
    },
    {
      "name": "external/total/micro/memory_grow_mload/by32",
      "family_index": 20,
      "per_family_instance_index": 0,
      "run_name": "external/total/micro/memory_grow_mload/by32",
      "run_type": "iteration",
      "repetitions": 20,
      "repetition_index": 4,
      "threads": 1,
      "iterations": 99141,
      "real_time": 6.8911498976238157e+00,
      "cpu_time": 6.6601278784762323e+00,
      "time_unit": "us",
      "code_size": 2.0485000000000000e+04,
      "execution_time_ns": 6.8695958685105052e+03,
      "gas_rate": 1.5376431484290073e+10,
      "gas_used": 1.0240900000000000e+05,
      "input_size": 3.2000000000000000e+01
    },
    {
      "name": "external/total/micro/memory_grow_mload/by32",
      "family_index": 20,
      "per_family_instance_index": 0,
      "run_name": "external/total/micro/memory_grow_mload/by32",
      "run_type": "iteration",
      "repetitions": 20,
      "repetition_index": 5,
      "threads": 1,
      "iterations": 99141,
      "real_time": 6.8743408277116025e+00,
      "cpu_time": 6.6718957242712973e+00,
      "time_unit": "us",
      "code_size": 2.0485000000000000e+04,
      "execution_time_ns": 6.8538841851504421e+03,
      "gas_rate": 1.5349310635574284e+10,
      "gas_used": 1.0240900000000000e+05,
      "input_size": 3.2000000000000000e+01
    },
    {
      "name": "external/total/micro/memory_grow_mload/by32",
      "family_index": 20,
      "per_family_instance_index": 0,
      "run_name": "external/total/micro/memory_grow_mload/by32",
      "run_type": "iteration",
      "repetitions": 20,
      "repetition_index": 6,
      "threads": 1,
      "iterations": 99141,
      "real_time": 7.0735433574415003e+00,
      "cpu_time": 6.8889706276921610e+00,
      "time_unit": "us",
      "code_size": 2.0485000000000000e+04,
      "execution_time_ns": 7.0520765273701090e+03,
      "gas_rate": 1.4865646195142439e+10,
      "gas_used": 1.0240900000000000e+05,
      "input_size": 3.2000000000000000e+01
    },
    {
      "name": "external/total/micro/memory_grow_mload/by32",
      "family_index": 20,
      "per_family_instance_index": 0,
      "run_name": "external/total/micro/memory_grow_mload/by32",
      "run_type": "iteration",
      "repetitions": 20,
      "repetition_index": 7,
      "threads": 1,
      "iterations": 99141,
      "real_time": 7.1640062839786589e+00,
      "cpu_time": 6.9975260790184439e+00,
      "time_unit": "us",
      "code_size": 2.0485000000000000e+04,
      "execution_time_ns": 7.1437320987280746e+03,
      "gas_rate": 1.4635029415190847e+10,
      "gas_used": 1.0240900000000000e+05,
      "input_size": 3.2000000000000000e+01
    },
    {
      "name": "external/total/micro/memory_grow_mload/by32",
      "family_index": 20,
      "per_family_instance_index": 0,
      "run_name": "external/total/micro/memory_grow_mload/by32",
      "run_type": "iteration",
      "repetitions": 20,
      "repetition_index": 8,
      "threads": 1,
      "iterations": 99141,
      "real_time": 7.0329032993417497e+00,
      "cpu_time": 6.8956958574152729e+00,
      "time_unit": "us",
      "code_size": 2.0485000000000000e+04,
      "execution_time_ns": 7.0101278583028216e+03,
      "gas_rate": 1.4851148037492792e+10,
      "gas_used": 1.0240900000000000e+05,
      "input_size": 3.2000000000000000e+01
    },
    {
      "name": "external/total/micro/memory_grow_mload/by32",
      "family_index": 20,
      "per_family_instance_index": 0,
      "run_name": "external/total/micro/memory_grow_mload/by32",
      "run_type": "iteration",
      "repetitions": 20,
      "repetition_index": 9,
      "threads": 1,
      "iterations": 99141,
      "real_time": 7.0148103307403842e+00,
      "cpu_time": 6.8931023895258487e+00,
      "time_unit": "us",
      "code_size": 2.0485000000000000e+04,
      "execution_time_ns": 6.9941660463380440e+03,
      "gas_rate": 1.4856735648611818e+10,
      "gas_used": 1.0240900000000000e+05,
      "input_size": 3.2000000000000000e+01
    },
    {
      "name": "external/total/micro/memory_grow_mload/by32",
      "family_index": 20,
      "per_family_instance_index": 0,
      "run_name": "external/total/micro/memory_grow_mload/by32",
      "run_type": "iteration",
      "repetitions": 20,
      "repetition_index": 10,
      "threads": 1,
      "iterations": 99141,
      "real_time": 6.9943132407402562e+00,
      "cpu_time": 6.8857489333370596e+00,
      "time_unit": "us",
      "code_size": 2.0485000000000000e+04,
      "execution_time_ns": 6.9743249715052298e+03,
      "gas_rate": 1.4872601512406471e+10,
      "gas_used": 1.0240900000000000e+05,
      "input_size": 3.2000000000000000e+01
    },
    {
      "name": "external/total/micro/memory_grow_mload/by32",
      "family_index": 20,
      "per_family_instance_index": 0,
      "run_name": "external/total/micro/memory_grow_mload/by32",
      "run_type": "iteration",
      "repetitions": 20,
      "repetition_index": 11,
      "threads": 1,
      "iterations": 99141,
      "real_time": 7.0586203084472920e+00,
      "cpu_time": 6.9692555350455514e+00,
      "time_unit": "us",
      "code_size": 2.0485000000000000e+04,
      "execution_time_ns": 7.0384785406643068e+03,
      "gas_rate": 1.4694395905707117e+10,
      "gas_used": 1.0240900000000000e+05,
      "input_size": 3.2000000000000000e+01
    },
    {
      "name": "external/total/micro/memory_grow_mload/by32",
      "family_index": 20,
      "per_family_instance_index": 0,
      "run_name": "external/total/micro/memory_grow_mload/by32",
      "run_type": "iteration",
      "repetitions": 20,
      "repetition_index": 12,
      "threads": 1,
      "iterations": 99141,
      "real_time": 7.0852235603819089e+00,
      "cpu_time": 7.0092548693276600e+00,
      "time_unit": "us",
      "code_size": 2.0485000000000000e+04,
      "execution_time_ns": 7.0621992515709944e+03,
      "gas_rate": 1.4610540194242252e+10,
      "gas_used": 1.0240900000000000e+05,
      "input_size": 3.2000000000000000e+01
    },
    {
      "name": "external/total/micro/memory_grow_mload/by32",
      "family_index": 20,
      "per_family_instance_index": 0,
      "run_name": "external/total/micro/memory_grow_mload/by32",
      "run_type": "iteration",
      "repetitions": 20,
      "repetition_index": 13,
      "threads": 1,
      "iterations": 99141,
      "real_time": 6.8188331769885080e+00,
      "cpu_time": 6.7550741973555937e+00,
      "time_unit": "us",
      "code_size": 2.0485000000000000e+04,
      "execution_time_ns": 6.7995893323650153e+03,
      "gas_rate": 1.5160307201376116e+10,
      "gas_used": 1.0240900000000000e+05,
      "input_size": 3.2000000000000000e+01
    },
    {
      "name": "external/total/micro/memory_grow_mload/by32",
      "family_index": 20,
      "per_family_instance_index": 0,
      "run_name": "external/total/micro/memory_grow_mload/by32",
      "run_type": "iteration",
      "repetitions": 20,
      "repetition_index": 14,
      "threads": 1,
      "iterations": 99141,
      "real_time": 6.5832826983779791e+00,
      "cpu_time": 6.5346935475736396e+00,
      "time_unit": "us",
      "code_size": 2.0485000000000000e+04,
      "execution_time_ns": 6.5634927023128676e+03,
      "gas_rate": 1.5671584176739998e+10,
      "gas_used": 1.0240900000000000e+05,
      "input_size": 3.2000000000000000e+01
    },
    {
      "name": "external/total/micro/memory_grow_mload/by32",
      "family_index": 20,
      "per_family_instance_index": 0,
      "run_name": "external/total/micro/memory_grow_mload/by32",
      "run_type": "iteration",
      "repetitions": 20,
      "repetition_index": 15,
      "threads": 1,
      "iterations": 99141,
      "real_time": 6.8077858706288525e+00,
      "cpu_time": 6.7676967753002684e+00,
      "time_unit": "us",
      "code_size": 2.0485000000000000e+04,
      "execution_time_ns": 6.7855188569814709e+03,
      "gas_rate": 1.5132031383816887e+10,
      "gas_used": 1.0240900000000000e+05,
      "input_size": 3.2000000000000000e+01
    },
    {
      "name": "external/total/micro/memory_grow_mload/by32",
      "family_index": 20,
      "per_family_instance_index": 0,
      "run_name": "external/total/micro/memory_grow_mload/by32",
      "run_type": "iteration",
      "repetitions": 20,
      "repetition_index": 16,
      "threads": 1,
      "iterations": 99141,
      "real_time": 6.7231089357598535e+00,
      "cpu_time": 6.6898400863419907e+00,
      "time_unit": "us",
      "code_size": 2.0485000000000000e+04,
      "execution_time_ns": 6.7013499258631646e+03,
      "gas_rate": 1.5308138711578279e+10,
      "gas_used": 1.0240900000000000e+05,
      "input_size": 3.2000000000000000e+01
    },
    {
      "name": "external/total/micro/memory_grow_mload/by32",
      "family_index": 20,
      "per_family_instance_index": 0,
      "run_name": "external/total/micro/memory_grow_mload/by32",
      "run_type": "iteration",
      "repetitions": 20,
      "repetition_index": 17,
      "threads": 1,
      "iterations": 99141,
      "real_time": 6.6132698984270872e+00,
      "cpu_time": 6.6163650154830025e+00,
      "time_unit": "us",
      "code_size": 2.0485000000000000e+04,
      "execution_time_ns": 6.5916506692488474e+03,
      "gas_rate": 1.5478136372517534e+10,
      "gas_used": 1.0240900000000000e+05,
      "input_size": 3.2000000000000000e+01
    },
    {
      "name": "external/total/micro/memory_grow_mload/by32",
      "family_index": 20,
      "per_family_instance_index": 0,
      "run_name": "external/total/micro/memory_grow_mload/by32",
      "run_type": "iteration",
      "repetitions": 20,
      "repetition_index": 18,
      "threads": 1,
      "iterations": 99141,
      "real_time": 6.5372362897305072e+00,
      "cpu_time": 6.5907454736183606e+00,
      "time_unit": "us",
      "code_size": 2.0485000000000000e+04,
      "execution_time_ns": 6.5156669894392835e+03,
      "gas_rate": 1.5538302974970877e+10,
      "gas_used": 1.0240900000000000e+05,
      "input_size": 3.2000000000000000e+01
    },
    {
      "name": "external/total/micro/memory_grow_mload/by32",
      "family_index": 20,
      "per_family_instance_index": 0,
      "run_name": "external/total/micro/memory_grow_mload/by32",
      "run_type": "iteration",
      "repetitions": 20,
      "repetition_index": 19,
      "threads": 1,
      "iterations": 99141,
      "real_time": 6.4687181690736946e+00,
      "cpu_time": 6.5261567363655422e+00,
      "time_unit": "us",
      "code_size": 2.0485000000000000e+04,
      "execution_time_ns": 6.4494705217821083e+03,
      "gas_rate": 1.5692084045323160e+10,
      "gas_used": 1.0240900000000000e+05,
      "input_size": 3.2000000000000000e+01
    },
    {
      "name": "external/total/micro/memory_grow_mload/by32_mean",
      "family_index": 20,
      "per_family_instance_index": 0,
      "run_name": "external/total/micro/memory_grow_mload/by32",
      "run_type": "aggregate",
      "repetitions": 20,
      "threads": 1,
      "aggregate_name": "mean",
      "aggregate_unit": "time",
      "iterations": 20,
      "real_time": 6.7796045914406546e+00,
      "cpu_time": 6.7181161719167815e+00,
      "time_unit": "us",
      "code_size": 2.0485000000000000e+04,
      "execution_time_ns": 6.7589342834952249e+03,
      "gas_rate": 1.5254636146740995e+10,
      "gas_used": 1.0240900000000000e+05,
      "input_size": 3.2000000000000000e+01
    },
    {
      "name": "external/total/micro/memory_grow_mload/by32_median",
      "family_index": 20,
      "per_family_instance_index": 0,
      "run_name": "external/total/micro/memory_grow_mload/by32",
      "run_type": "aggregate",
      "repetitions": 20,
      "threads": 1,
      "aggregate_name": "median",
      "aggregate_unit": "time",
      "iterations": 20,
      "real_time": 6.8133095238086812e+00,
      "cpu_time": 6.6808679053066440e+00,
      "time_unit": "us",
      "code_size": 2.0485000000000000e+04,
      "execution_time_ns": 6.7925540946732435e+03,
      "gas_rate": 1.5328724673576283e+10,
      "gas_used": 1.0240900000000000e+05,
      "input_size": 3.2000000000000000e+01
    },
    {
      "name": "external/total/micro/memory_grow_mload/by32_stddev",
      "family_index": 20,
      "per_family_instance_index": 0,
      "run_name": "external/total/micro/memory_grow_mload/by32",
      "run_type": "aggregate",
      "repetitions": 20,
      "threads": 1,
      "aggregate_name": "stddev",
      "aggregate_unit": "time",
      "iterations": 20,
      "real_time": 2.5459229012260154e-01,
      "cpu_time": 1.8486355169153731e-01,
      "time_unit": "us",
      "code_size": 0.0000000000000000e+00,
      "execution_time_ns": 2.5400242152202640e+02,
      "gas_rate": 4.1814334480927140e+08,
      "gas_used": 0.0000000000000000e+00,
      "input_size": 0.0000000000000000e+00
    },
    {
      "name": "external/total/micro/memory_grow_mload/by32_cv",
      "family_index": 20,
      "per_family_instance_index": 0,
      "run_name": "external/total/micro/memory_grow_mload/by32",
      "run_type": "aggregate",
      "repetitions": 20,
      "threads": 1,
      "aggregate_name": "cv",
      "aggregate_unit": "percentage",
      "iterations": 20,
      "real_time": 3.7552675335081907e-02,
      "cpu_time": 2.7517171028436215e-02,
      "time_unit": "us",
      "code_size": 0.0000000000000000e+00,
      "execution_time_ns": 3.7580247250262502e-02,
      "gas_rate": 2.7410902547066233e-02,
      "gas_used": 0.0000000000000000e+00,
      "input_size": 0.0000000000000000e+00
    },
    {
      "name": "external/total/micro/memory_grow_mstore/nogrow",
      "family_index": 21,
      "per_family_instance_index": 0,
      "run_name": "external/total/micro/memory_grow_mstore/nogrow",
      "run_type": "iteration",
      "repetitions": 20,
      "repetition_index": 0,
      "threads": 1,
      "iterations": 112145,
      "real_time": 6.2964396986037006e+00,
      "cpu_time": 6.3621469169380269e+00,
      "time_unit": "us",
      "code_size": 2.0485000000000000e+04,
      "execution_time_ns": 6.2794184582460211e+03,
      "gas_rate": 9.6590036040185642e+09,
      "gas_used": 6.1452000000000000e+04,
      "input_size": 3.2000000000000000e+01
    },
    {
      "name": "external/total/micro/memory_grow_mstore/nogrow",
      "family_index": 21,
      "per_family_instance_index": 0,
      "run_name": "external/total/micro/memory_grow_mstore/nogrow",
      "run_type": "iteration",
      "repetitions": 20,
      "repetition_index": 1,
      "threads": 1,
      "iterations": 112145,
      "real_time": 6.3561230638903163e+00,
      "cpu_time": 6.4292105131747430e+00,
      "time_unit": "us",
      "code_size": 2.0485000000000000e+04,
      "execution_time_ns": 6.3390815016273573e+03,
      "gas_rate": 9.5582497841799564e+09,
      "gas_used": 6.1452000000000000e+04,
      "input_size": 3.2000000000000000e+01
    },
    {
      "name": "external/total/micro/memory_grow_mstore/nogrow",
      "family_index": 21,
      "per_family_instance_index": 0,
      "run_name": "external/total/micro/memory_grow_mstore/nogrow",
      "run_type": "iteration",
      "repetitions": 20,
      "repetition_index": 2,
      "threads": 1,
      "iterations": 112145,
      "real_time": 6.3510219358852193e+00,
      "cpu_time": 6.4294234161129058e+00,
      "time_unit": "us",
      "code_size": 2.0485000000000000e+04,
      "execution_time_ns": 6.3285106513888268e+03,
      "gas_rate": 9.5579332737666531e+09,
      "gas_used": 6.1452000000000000e+04,
      "input_size": 3.2000000000000000e+01
    },
    {
      "name": "external/total/micro/memory_grow_mstore/nogrow",
      "family_index": 21,
      "per_family_instance_index": 0,
      "run_name": "external/total/micro/memory_grow_mstore/nogrow",
      "run_type": "iteration",
      "repetitions": 20,
      "repetition_index": 3,
      "threads": 1,
      "iterations": 112145,
      "real_time": 6.2517282268493757e+00,
      "cpu_time": 6.3332458156852658e+00,
      "time_unit": "us",
      "code_size": 2.0485000000000000e+04,
      "execution_time_ns": 6.2342057782335369e+03,
      "gas_rate": 9.7030814511896229e+09,
      "gas_used": 6.1452000000000000e+04,
      "input_size": 3.2000000000000000e+01
    },
    {
      "name": "external/total/micro/memory_grow_mstore/nogrow",
      "family_index": 21,
      "per_family_instance_index": 0,
      "run_name": "external/total/micro/memory_grow_mstore/nogrow",
      "run_type": "iteration",
      "repetitions": 20,
      "repetition_index": 4,
      "threads": 1,
      "iterations": 112145,
      "real_time": 6.2338060189935085e+00,
      "cpu_time": 6.3186919434658977e+00,
      "time_unit": "us",
      "code_size": 2.0485000000000000e+04,
      "execution_time_ns": 6.2170301395514734e+03,
      "gas_rate": 9.7254306033303223e+09,
      "gas_used": 6.1452000000000000e+04,
      "input_size": 3.2000000000000000e+01
    },
    {
      "name": "external/total/micro/memory_grow_mstore/nogrow",
      "family_index": 21,
      "per_family_instance_index": 0,
      "run_name": "external/total/micro/memory_grow_mstore/nogrow",
      "run_type": "iteration",
      "repetitions": 20,
      "repetition_index": 5,
      "threads": 1,
      "iterations": 112145,
      "real_time": 6.6870460386101689e+00,
      "cpu_time": 6.6870470640690955e+00,
      "time_unit": "us",
      "code_size": 2.0485000000000000e+04,
      "execution_time_ns": 6.6688318248695887e+03,
      "gas_rate": 9.1897065193685379e+09,
      "gas_used": 6.1452000000000000e+04,
      "input_size": 3.2000000000000000e+01
    },
    {
      "name": "external/total/micro/memory_grow_mstore/nogrow",
      "family_index": 21,
      "per_family_instance_index": 0,
      "run_name": "external/total/micro/memory_grow_mstore/nogrow",
      "run_type": "iteration",
      "repetitions": 20,
      "repetition_index": 6,
      "threads": 1,
      "iterations": 112145,
      "real_time": 6.6040666458586923e+00,
      "cpu_time": 6.5682783093316628e+00,
      "time_unit": "us",
      "code_size": 2.0485000000000000e+04,
      "execution_time_ns": 6.5856130188595125e+03,
      "gas_rate": 9.3558763965123272e+09,
      "gas_used": 6.1452000000000000e+04,
      "input_size": 3.2000000000000000e+01
    },
    {
      "name": "external/total/micro/memory_grow_mstore/nogrow",
      "family_index": 21,
      "per_family_instance_index": 0,
      "run_name": "external/total/micro/memory_grow_mstore/nogrow",
      "run_type": "iteration",
      "repetitions": 20,
      "repetition_index": 7,
      "threads": 1,
      "iterations": 112145,
      "real_time": 6.6453885416216822e+00,
      "cpu_time": 6.6116407151455077e+00,
      "time_unit": "us",
      "code_size": 2.0485000000000000e+04,
      "execution_time_ns": 6.6269952918097106e+03,
      "gas_rate": 9.2945159375084972e+09,
      "gas_used": 6.1452000000000000e+04,
      "input_size": 3.2000000000000000e+01
    },
    {
      "name": "external/total/micro/memory_grow_mstore/nogrow",
      "family_index": 21,
      "per_family_instance_index": 0,
      "run_name": "external/total/micro/memory_grow_mstore/nogrow",
      "run_type": "iteration",
      "repetitions": 20,
      "repetition_index": 8,
      "threads": 1,
      "iterations": 112145,
      "real_time": 6.2225733380883606e+00,
      "cpu_time": 6.2404979178741931e+00,
      "time_unit": "us",
      "code_size": 2.0485000000000000e+04,
      "execution_time_ns": 6.2033907173748275e+03,
      "gas_rate": 9.8472911630957546e+09,
      "gas_used": 6.1452000000000000e+04,
      "input_size": 3.2000000000000000e+01
    },
    {
      "name": "external/total/micro/memory_grow_mstore/nogrow",
      "family_index": 21,
      "per_family_instance_index": 0,
      "run_name": "external/total/micro/memory_grow_mstore/nogrow",
      "run_type": "iteration",
      "repetitions": 20,
      "repetition_index": 9,
      "threads": 1,
      "iterations": 112145,
      "real_time": 6.3994798876479893e+00,
      "cpu_time": 6.4639611485131478e+00,
      "time_unit": "us",
      "code_size": 2.0485000000000000e+04,
      "execution_time_ns": 6.3820722100851572e+03,
      "gas_rate": 9.5068640711331158e+09,
      "gas_used": 6.1452000000000000e+04,
      "input_size": 3.2000000000000000e+01
    },
    {
      "name": "external/total/micro/memory_grow_mstore/nogrow",
      "family_index": 21,
      "per_family_instance_index": 0,
      "run_name": "external/total/micro/memory_grow_mstore/nogrow",
      "run_type": "iteration",
      "repetitions": 20,
      "repetition_index": 10,
      "threads": 1,
      "iterations": 112145,
      "real_time": 6.0779452672876664e+00,
      "cpu_time": 6.1406572651475537e+00,
      "time_unit": "us",
      "code_size": 2.0485000000000000e+04,
      "execution_time_ns": 6.0618532970707565e+03,
      "gas_rate": 1.0007397799056837e+10,
      "gas_used": 6.1452000000000000e+04,
      "input_size": 3.2000000000000000e+01
    },
    {
      "name": "external/total/micro/memory_grow_mstore/nogrow",
      "family_index": 21,
      "per_family_instance_index": 0,
      "run_name": "external/total/micro/memory_grow_mstore/nogrow",
      "run_type": "iteration",
      "repetitions": 20,
      "repetition_index": 11,
      "threads": 1,
      "iterations": 112145,
      "real_time": 6.1229883097773854e+00,
      "cpu_time": 6.1882652904721596e+00,
      "time_unit": "us",
      "code_size": 2.0485000000000000e+04,
      "execution_time_ns": 6.1070686165232510e+03,
      "gas_rate": 9.9304081379018040e+09,
      "gas_used": 6.1452000000000000e+04,
      "input_size": 3.2000000000000000e+01
    },
    {
      "name": "external/total/micro/memory_grow_mstore/nogrow",
      "family_index": 21,
      "per_family_instance_index": 0,
      "run_name": "external/total/micro/memory_grow_mstore/nogrow",
      "run_type": "iteration",
      "repetitions": 20,
      "repetition_index": 12,
      "threads": 1,
      "iterations": 112145,
      "real_time": 5.9931708948236269e+00,
      "cpu_time": 6.0595804538762383e+00,
      "time_unit": "us",
      "code_size": 2.0485000000000000e+04,
      "execution_time_ns": 5.9756804672522185e+03,
      "gas_rate": 1.0141296161962816e+10,
      "gas_used": 6.1452000000000000e+04,
      "input_size": 3.2000000000000000e+01
    },
    {
      "name": "external/total/micro/memory_grow_mstore/nogrow",
      "family_index": 21,
      "per_family_instance_index": 0,
      "run_name": "external/total/micro/memory_grow_mstore/nogrow",
      "run_type": "iteration",
      "repetitions": 20,
      "repetition_index": 13,
      "threads": 1,
      "iterations": 112145,
      "real_time": 6.8786112800387693e+00,
      "cpu_time": 6.9556394489277977e+00,
      "time_unit": "us",
      "code_size": 2.0485000000000000e+04,
      "execution_time_ns": 6.8611353515537921e+03,
      "gas_rate": 8.8348455165359001e+09,
      "gas_used": 6.1452000000000000e+04,
      "input_size": 3.2000000000000000e+01
    },
    {
      "name": "external/total/micro/memory_grow_mstore/nogrow",
      "family_index": 21,
      "per_family_instance_index": 0,
      "run_name": "external/total/micro/memory_grow_mstore/nogrow",
      "run_type": "iteration",
      "repetitions": 20,
      "repetition_index": 14,
      "threads": 1,
      "iterations": 112145,
      "real_time": 6.4058518435977856e+00,
      "cpu_time": 6.4800121004056477e+00,
      "time_unit": "us",
      "code_size": 2.0485000000000000e+04,
      "execution_time_ns": 6.3889476927192472e+03,
      "gas_rate": 9.4833156246966133e+09,
      "gas_used": 6.1452000000000000e+04,
      "input_size": 3.2000000000000000e+01
    },
    {
      "name": "external/total/micro/memory_grow_mstore/nogrow",
      "family_index": 21,
      "per_family_instance_index": 0,
      "run_name": "external/total/micro/memory_grow_mstore/nogrow",
      "run_type": "iteration",
      "repetitions": 20,
      "repetition_index": 15,
      "threads": 1,
      "iterations": 112145,
      "real_time": 6.0801878995949821e+00,
      "cpu_time": 6.1522053680505255e+00,
      "time_unit": "us",
      "code_size": 2.0485000000000000e+04,
      "execution_time_ns": 6.0640918097106423e+03,
      "gas_rate": 9.9886132408925991e+09,
      "gas_used": 6.1452000000000000e+04,
      "input_size": 3.2000000000000000e+01
    },
    {
      "name": "external/total/micro/memory_grow_mstore/nogrow",
      "family_index": 21,
      "per_family_instance_index": 0,
      "run_name": "external/total/micro/memory_grow_mstore/nogrow",
      "run_type": "iteration",
      "repetitions": 20,
      "repetition_index": 16,
      "threads": 1,
      "iterations": 112145,
      "real_time": 6.3839352445492974e+00,
      "cpu_time": 6.4601825404609166e+00,
      "time_unit": "us",
      "code_size": 2.0485000000000000e+04,
      "execution_time_ns": 6.3674968210798515e+03,
      "gas_rate": 9.5124247055123558e+09,
      "gas_used": 6.1452000000000000e+04,
      "input_size": 3.2000000000000000e+01
    },
    {
      "name": "external/total/micro/memory_grow_mstore/nogrow",
      "family_index": 21,
      "per_family_instance_index": 0,
      "run_name": "external/total/micro/memory_grow_mstore/nogrow",
      "run_type": "iteration",
      "repetitions": 20,
      "repetition_index": 17,
      "threads": 1,
      "iterations": 112145,
      "real_time": 6.3640249676751219e+00,
      "cpu_time": 6.4420001605065380e+00,
      "time_unit": "us",
      "code_size": 2.0485000000000000e+04,
      "execution_time_ns": 6.3464838022203394e+03,
      "gas_rate": 9.5392732798640594e+09,
      "gas_used": 6.1452000000000000e+04,
      "input_size": 3.2000000000000000e+01
    },
    {
      "name": "external/total/micro/memory_grow_mstore/nogrow",
      "family_index": 21,
      "per_family_instance_index": 0,
      "run_name": "external/total/micro/memory_grow_mstore/nogrow",
      "run_type": "iteration",
      "repetitions": 20,
      "repetition_index": 18,
      "threads": 1,
      "iterations": 112145,
      "real_time": 6.4161946408653154e+00,
      "cpu_time": 6.4291754068394278e+00,
      "time_unit": "us",
      "code_size": 2.0485000000000000e+04,
      "execution_time_ns": 6.3937971822194477e+03,
      "gas_rate": 9.5583019767397671e+09,
      "gas_used": 6.1452000000000000e+04,
      "input_size": 3.2000000000000000e+01
    },
    {
      "name": "external/total/micro/memory_grow_mstore/nogrow",
      "family_index": 21,
      "per_family_instance_index": 0,
      "run_name": "external/total/micro/memory_grow_mstore/nogrow",
      "run_type": "iteration",
      "repetitions": 20,
      "repetition_index": 19,
      "threads": 1,
      "iterations": 112145,
      "real_time": 6.3209704935560014e+00,
      "cpu_time": 6.3264817958890500e+00,
      "time_unit": "us",
      "code_size": 2.0485000000000000e+04,
      "execution_time_ns": 6.3027329082883771e+03,
      "gas_rate": 9.7134555954830265e+09,
      "gas_used": 6.1452000000000000e+04,
      "input_size": 3.2000000000000000e+01
    },
    {
      "name": "external/total/micro/memory_grow_mstore/nogrow_mean",
      "family_index": 21,
      "per_family_instance_index": 0,
      "run_name": "external/total/micro/memory_grow_mstore/nogrow",
      "run_type": "aggregate",
      "repetitions": 20,
      "threads": 1,
      "aggregate_name": "mean",
      "aggregate_unit": "time",
      "iterations": 20,
      "real_time": 6.3545777118907472e+00,
      "cpu_time": 6.4039171795443171e+00,
      "time_unit": "us",
      "code_size": 2.0485000000000000e+04,
      "execution_time_ns": 6.3367218770341970e+03,
      "gas_rate": 9.6053642421374588e+09,
      "gas_used": 6.1452000000000000e+04,
      "input_size": 3.2000000000000000e+01
    },
    {
      "name": "external/total/micro/memory_grow_mstore/nogrow_median",
      "family_index": 21,
      "per_family_instance_index": 0,
      "run_name": "external/total/micro/memory_grow_mstore/nogrow",
      "run_type": "aggregate",
      "repetitions": 20,
      "threads": 1,
      "aggregate_name": "median",
      "aggregate_unit": "time",
      "iterations": 20,
      "real_time": 6.3535724998877665e+00,
      "cpu_time": 6.4291929600070858e+00,
      "time_unit": "us",
      "code_size": 2.0485000000000000e+04,
      "execution_time_ns": 6.3337960765080916e+03,
      "gas_rate": 9.5582758804598618e+09,
      "gas_used": 6.1452000000000000e+04,
      "input_size": 3.2000000000000000e+01
    },
    {
      "name": "external/total/micro/memory_grow_mstore/nogrow_stddev",
      "family_index": 21,
      "per_family_instance_index": 0,
      "run_name": "external/total/micro/memory_grow_mstore/nogrow",
      "run_type": "aggregate",
      "repetitions": 20,
      "threads": 1,
      "aggregate_name": "stddev",
      "aggregate_unit": "time",
      "iterations": 20,
      "real_time": 2.2058920316348507e-01,
      "cpu_time": 2.0712398120245915e-01,
      "time_unit": "us",
      "code_size": 0.0000000000000000e+00,
      "execution_time_ns": 2.2013062281281975e+02,
      "gas_rate": 3.0505142133705491e+08,
      "gas_used": 0.0000000000000000e+00,
      "input_size": 0.0000000000000000e+00
    },
    {
      "name": "external/total/micro/memory_grow_mstore/nogrow_cv",
      "family_index": 21,
      "per_family_instance_index": 0,
      "run_name": "external/total/micro/memory_grow_mstore/nogrow",
      "run_type": "aggregate",
      "repetitions": 20,
      "threads": 1,
      "aggregate_name": "cv",
      "aggregate_unit": "percentage",
      "iterations": 20,
      "real_time": 3.4713432294756014e-02,
      "cpu_time": 3.2343326029272208e-02,
      "time_unit": "us",
      "code_size": 0.0000000000000000e+00,
      "execution_time_ns": 3.4738880305071621e-02,
      "gas_rate": 3.1758443891053582e-02,
      "gas_used": 0.0000000000000000e+00,
      "input_size": 0.0000000000000000e+00
    },
    {
      "name": "external/total/micro/memory_grow_mstore/by1",
      "family_index": 22,
      "per_family_instance_index": 0,
      "run_name": "external/total/micro/memory_grow_mstore/by1",
      "run_type": "iteration",
      "repetitions": 20,
      "repetition_index": 0,
      "threads": 1,
      "iterations": 115395,
      "real_time": 6.1167844447321755e+00,
      "cpu_time": 6.1811806750726204e+00,
      "time_unit": "us",
      "code_size": 2.0485000000000000e+04,
      "execution_time_ns": 6.1005279258200098e+03,
      "gas_rate": 1.0009091021962908e+10,
      "gas_used": 6.1868000000000000e+04,
      "input_size": 3.2000000000000000e+01
    },
    {
      "name": "external/total/micro/memory_grow_mstore/by1",
      "family_index": 22,
      "per_family_instance_index": 0,
      "run_name": "external/total/micro/memory_grow_mstore/by1",
      "run_type": "iteration",
      "repetitions": 20,
      "repetition_index": 1,
      "threads": 1,
      "iterations": 115395,
      "real_time": 5.9170761904749138e+00,
      "cpu_time": 5.9793909181505684e+00,
      "time_unit": "us",
      "code_size": 2.0485000000000000e+04,
      "execution_time_ns": 5.8996260236578710e+03,
      "gas_rate": 1.0346873259648966e+10,
      "gas_used": 6.1868000000000000e+04,
      "input_size": 3.2000000000000000e+01
    },
    {
      "name": "external/total/micro/memory_grow_mstore/by1",
      "family_index": 22,
      "per_family_instance_index": 0,
      "run_name": "external/total/micro/memory_grow_mstore/by1",
      "run_type": "iteration",
      "repetitions": 20,
      "repetition_index": 2,
      "threads": 1,
      "iterations": 115395,
      "real_time": 6.2333982581562370e+00,
      "cpu_time": 6.3002360067595617e+00,
      "time_unit": "us",
      "code_size": 2.0485000000000000e+04,
      "execution_time_ns": 6.2149263659603967e+03,
      "gas_rate": 9.8199495913520451e+09,
      "gas_used": 6.1868000000000000e+04,
      "input_size": 3.2000000000000000e+01
    },
    {
      "name": "external/total/micro/memory_grow_mstore/by1",
      "family_index": 22,
      "per_family_instance_index": 0,
      "run_name": "external/total/micro/memory_grow_mstore/by1",
      "run_type": "iteration",
      "repetitions": 20,
      "repetition_index": 3,
      "threads": 1,
      "iterations": 115395,
      "real_time": 6.2283987001191639e+00,
      "cpu_time": 6.2957774600286376e+00,
      "time_unit": "us",
      "code_size": 2.0485000000000000e+04,
      "execution_time_ns": 6.2117816543177778e+03,
      "gas_rate": 9.8269038880098190e+09,
      "gas_used": 6.1868000000000000e+04,
      "input_size": 3.2000000000000000e+01
    },
    {
      "name": "external/total/micro/memory_grow_mstore/by1",
      "family_index": 22,
      "per_family_instance_index": 0,
      "run_name": "external/total/micro/memory_grow_mstore/by1",
      "run_type": "iteration",
      "repetitions": 20,
      "repetition_index": 4,
      "threads": 1,
      "iterations": 115395,
      "real_time": 5.9884786689229932e+00,
      "cpu_time": 6.0535776853416756e+00,
      "time_unit": "us",
      "code_size": 2.0485000000000000e+04,
      "execution_time_ns": 5.9717737596949610e+03,
      "gas_rate": 1.0220072032743402e+10,
      "gas_used": 6.1868000000000000e+04,
      "input_size": 3.2000000000000000e+01
    },
    {
      "name": "external/total/micro/memory_grow_mstore/by1",
      "family_index": 22,
      "per_family_instance_index": 0,
      "run_name": "external/total/micro/memory_grow_mstore/by1",
      "run_type": "iteration",
      "repetitions": 20,
      "repetition_index": 5,
      "threads": 1,
      "iterations": 115395,
      "real_time": 6.1269566012391188e+00,
      "cpu_time": 6.1944835911435456e+00,
      "time_unit": "us",
      "code_size": 2.0485000000000000e+04,
      "execution_time_ns": 6.1103755015381948e+03,
      "gas_rate": 9.9875960747486172e+09,
      "gas_used": 6.1868000000000000e+04,
      "input_size": 3.2000000000000000e+01
    },
    {
      "name": "external/total/micro/memory_grow_mstore/by1",
      "family_index": 22,
      "per_family_instance_index": 0,
      "run_name": "external/total/micro/memory_grow_mstore/by1",
      "run_type": "iteration",
      "repetitions": 20,
      "repetition_index": 6,
      "threads": 1,
      "iterations": 115395,
      "real_time": 6.1621602582447652e+00,
      "cpu_time": 6.2309212617533856e+00,
      "time_unit": "us",
      "code_size": 2.0485000000000000e+04,
      "execution_time_ns": 6.1457027080896050e+03,
      "gas_rate": 9.9291898261911774e+09,
      "gas_used": 6.1868000000000000e+04,
      "input_size": 3.2000000000000000e+01
    },
    {
      "name": "external/total/micro/memory_grow_mstore/by1",
      "family_index": 22,
      "per_family_instance_index": 0,
      "run_name": "external/total/micro/memory_grow_mstore/by1",
      "run_type": "iteration",
      "repetitions": 20,
      "repetition_index": 7,
      "threads": 1,
      "iterations": 115395,
      "real_time": 6.3171026387622389e+00,
      "cpu_time": 6.3873005156205718e+00,
      "time_unit": "us",
      "code_size": 2.0485000000000000e+04,
      "execution_time_ns": 6.2998322630963212e+03,
      "gas_rate": 9.6860950645265007e+09,
      "gas_used": 6.1868000000000000e+04,
      "input_size": 3.2000000000000000e+01
    },
    {
      "name": "external/total/micro/memory_grow_mstore/by1",
      "family_index": 22,
      "per_family_instance_index": 0,
      "run_name": "external/total/micro/memory_grow_mstore/by1",
      "run_type": "iteration",
      "repetitions": 20,
      "repetition_index": 8,
      "threads": 1,
      "iterations": 115395,
      "real_time": 6.3849015815259929e+00,
      "cpu_time": 6.4583155076045635e+00,
      "time_unit": "us",
      "code_size": 2.0485000000000000e+04,
      "execution_time_ns": 9.8515885090341872e+03,
      "gas_rate": 9.5795877310656967e+09,
      "gas_used": 6.1868000000000000e+04,
      "input_size": 3.2000000000000000e+01
    },
    {
      "name": "external/total/micro/memory_grow_mstore/by1",
      "family_index": 22,
      "per_family_instance_index": 0,
      "run_name": "external/total/micro/memory_grow_mstore/by1",
      "run_type": "iteration",
      "repetitions": 20,
      "repetition_index": 9,
      "threads": 1,
      "iterations": 115395,
      "real_time": 6.4918650028168878e+00,
      "cpu_time": 6.5666106677068337e+00,
      "time_unit": "us",
      "code_size": 2.0485000000000000e+04,
      "execution_time_ns": 6.4741645651891331e+03,
      "gas_rate": 9.4216031878139820e+09,
      "gas_used": 6.1868000000000000e+04,
      "input_size": 3.2000000000000000e+01
    },
    {
      "name": "external/total/micro/memory_grow_mstore/by1",
      "family_index": 22,
      "per_family_instance_index": 0,
      "run_name": "external/total/micro/memory_grow_mstore/by1",
      "run_type": "iteration",
      "repetitions": 20,
      "repetition_index": 10,
      "threads": 1,
      "iterations": 115395,
      "real_time": 6.4859472334152457e+00,
      "cpu_time": 6.4970037956585394e+00,
      "time_unit": "us",
      "code_size": 2.0485000000000000e+04,
      "execution_time_ns": 6.4673049265566096e+03,
      "gas_rate": 9.5225433054759407e+09,
      "gas_used": 6.1868000000000000e+04,
      "input_size": 3.2000000000000000e+01
    },
    {
      "name": "external/total/micro/memory_grow_mstore/by1",
      "family_index": 22,
      "per_family_instance_index": 0,
      "run_name": "external/total/micro/memory_grow_mstore/by1",
      "run_type": "iteration",
      "repetitions": 20,
      "repetition_index": 11,
      "threads": 1,
      "iterations": 115395,
      "real_time": 6.4275400407294461e+00,
      "cpu_time": 6.5065154556086613e+00,
      "time_unit": "us",
      "code_size": 2.0485000000000000e+04,
      "execution_time_ns": 6.4111855712985835e+03,
      "gas_rate": 9.5086226140705395e+09,
      "gas_used": 6.1868000000000000e+04,
      "input_size": 3.2000000000000000e+01
    },
    {
      "name": "external/total/micro/memory_grow_mstore/by1",
      "family_index": 22,
      "per_family_instance_index": 0,
      "run_name": "external/total/micro/memory_grow_mstore/by1",
      "run_type": "iteration",
      "repetitions": 20,
      "repetition_index": 12,
      "threads": 1,
      "iterations": 115395,
      "real_time": 6.4291540534709650e+00,
      "cpu_time": 6.5074643355432338e+00,
      "time_unit": "us",
      "code_size": 2.0485000000000000e+04,
      "execution_time_ns": 6.4108142553836824e+03,
      "gas_rate": 9.5072361229983368e+09,
      "gas_used": 6.1868000000000000e+04,
      "input_size": 3.2000000000000000e+01
    },
    {
      "name": "external/total/micro/memory_grow_mstore/by1",
      "family_index": 22,
      "per_family_instance_index": 0,
      "run_name": "external/total/micro/memory_grow_mstore/by1",
      "run_type": "iteration",
      "repetitions": 20,
      "repetition_index": 13,
      "threads": 1,
      "iterations": 115395,
      "real_time": 6.6589250140826461e+00,
      "cpu_time": 6.7405211144332879e+00,
      "time_unit": "us",
      "code_size": 2.0485000000000000e+04,
      "execution_time_ns": 6.6409898869101780e+03,
      "gas_rate": 9.1785188340295811e+09,
      "gas_used": 6.1868000000000000e+04,
      "input_size": 3.2000000000000000e+01
    },
    {
      "name": "external/total/micro/memory_grow_mstore/by1",
      "family_index": 22,
      "per_family_instance_index": 0,
      "run_name": "external/total/micro/memory_grow_mstore/by1",
      "run_type": "iteration",
      "repetitions": 20,
      "repetition_index": 14,
      "threads": 1,
      "iterations": 115395,
      "real_time": 6.4172040383007580e+00,
      "cpu_time": 6.4957747649382478e+00,
      "time_unit": "us",
      "code_size": 2.0485000000000000e+04,
      "execution_time_ns": 6.4007005676155813e+03,
      "gas_rate": 9.5243450148456841e+09,
      "gas_used": 6.1868000000000000e+04,
      "input_size": 3.2000000000000000e+01
    },
    {
      "name": "external/total/micro/memory_grow_mstore/by1",
      "family_index": 22,
      "per_family_instance_index": 0,
      "run_name": "external/total/micro/memory_grow_mstore/by1",
      "run_type": "iteration",
      "repetitions": 20,
      "repetition_index": 15,
      "threads": 1,
      "iterations": 115395,
      "real_time": 6.2243446423152005e+00,
      "cpu_time": 6.3001335846441489e+00,
      "time_unit": "us",
      "code_size": 2.0485000000000000e+04,
      "execution_time_ns": 6.2073047185753285e+03,
      "gas_rate": 9.8201092355876598e+09,
      "gas_used": 6.1868000000000000e+04,
      "input_size": 3.2000000000000000e+01
    },
    {
      "name": "external/total/micro/memory_grow_mstore/by1",
      "family_index": 22,
      "per_family_instance_index": 0,
      "run_name": "external/total/micro/memory_grow_mstore/by1",
      "run_type": "iteration",
      "repetitions": 20,
      "repetition_index": 16,
      "threads": 1,
      "iterations": 115395,
      "real_time": 6.2884765371124685e+00,
      "cpu_time": 6.3655909788118548e+00,
      "time_unit": "us",
      "code_size": 2.0485000000000000e+04,
      "execution_time_ns": 6.2692387278478272e+03,
      "gas_rate": 9.7191290181744823e+09,
      "gas_used": 6.1868000000000000e+04,
      "input_size": 3.2000000000000000e+01
    },
    {
      "name": "external/total/micro/memory_grow_mstore/by1",
      "family_index": 22,
      "per_family_instance_index": 0,
      "run_name": "external/total/micro/memory_grow_mstore/by1",
      "run_type": "iteration",
      "repetitions": 20,
      "repetition_index": 17,
      "threads": 1,
      "iterations": 115395,
      "real_time": 6.2869455868956976e+00,
      "cpu_time": 6.3640063174316026e+00,
      "time_unit": "us",
      "code_size": 2.0485000000000000e+04,
      "execution_time_ns": 6.2705145543567742e+03,
      "gas_rate": 9.7215491176584511e+09,
      "gas_used": 6.1868000000000000e+04,
      "input_size": 3.2000000000000000e+01
    },
    {
      "name": "external/total/micro/memory_grow_mstore/by1",
      "family_index": 22,
      "per_family_instance_index": 0,
      "run_name": "external/total/micro/memory_grow_mstore/by1",
      "run_type": "iteration",
      "repetitions": 20,
      "repetition_index": 18,
      "threads": 1,
      "iterations": 115395,
      "real_time": 6.1538162832012500e+00,
      "cpu_time": 6.2285880584081541e+00,
      "time_unit": "us",
      "code_size": 2.0485000000000000e+04,
      "execution_time_ns": 6.1349385501971492e+03,
      "gas_rate": 9.9329092596648064e+09,
      "gas_used": 6.1868000000000000e+04,
      "input_size": 3.2000000000000000e+01
    },
    {
      "name": "external/total/micro/memory_grow_mstore/by1",
      "family_index": 22,
      "per_family_instance_index": 0,
      "run_name": "external/total/micro/memory_grow_mstore/by1",
      "run_type": "iteration",
      "repetitions": 20,
      "repetition_index": 19,
      "threads": 1,
      "iterations": 115395,
      "real_time": 6.1702533125353103e+00,
      "cpu_time": 6.2460204168295999e+00,
      "time_unit": "us",
      "code_size": 2.0485000000000000e+04,
      "execution_time_ns": 6.1525142597166259e+03,
      "gas_rate": 9.9051869624536724e+09,
      "gas_used": 6.1868000000000000e+04,
      "input_size": 3.2000000000000000e+01
    },
    {
      "name": "external/total/micro/memory_grow_mstore/by1_mean",
      "family_index": 22,
      "per_family_instance_index": 0,
      "run_name": "external/total/micro/memory_grow_mstore/by1",
      "run_type": "aggregate",
      "repetitions": 20,
      "threads": 1,
      "aggregate_name": "mean",
      "aggregate_unit": "time",
      "iterations": 20,
      "real_time": 6.2754864543526736e+00,
      "cpu_time": 6.3449706555744658e+00,
      "time_unit": "us",
      "code_size": 2.0485000000000000e+04,
      "execution_time_ns": 6.4322902647428409e+03,
      "gas_rate": 9.7583555581511135e+09,
      "gas_used": 6.1868000000000000e+04,
      "input_size": 3.2000000000000000e+01
    },
    {
      "name": "external/total/micro/memory_grow_mstore/by1_median",
      "family_index": 22,
      "per_family_instance_index": 0,
      "run_name": "external/total/micro/memory_grow_mstore/by1",
      "run_type": "aggregate",
      "repetitions": 20,
      "threads": 1,
      "aggregate_name": "median",
      "aggregate_unit": "time",
      "iterations": 20,
      "real_time": 6.2601719225259682e+00,
      "cpu_time": 6.3321211620955822e+00,
      "time_unit": "us",
      "code_size": 2.0485000000000000e+04,
      "execution_time_ns": 6.2420825469041120e+03,
      "gas_rate": 9.7707493545052490e+09,
      "gas_used": 6.1868000000000000e+04,
      "input_size": 3.2000000000000000e+01
    },
    {
      "name": "external/total/micro/memory_grow_mstore/by1_stddev",
      "family_index": 22,
      "per_family_instance_index": 0,
      "run_name": "external/total/micro/memory_grow_mstore/by1",
      "run_type": "aggregate",
      "repetitions": 20,
      "threads": 1,
      "aggregate_name": "stddev",
      "aggregate_unit": "time",
      "iterations": 20,
      "real_time": 1.8098611954666891e-01,
      "cpu_time": 1.8211831429248565e-01,
      "time_unit": "us",
      "code_size": 0.0000000000000000e+00,
      "execution_time_ns": 8.2446662316752406e+02,
      "gas_rate": 2.8040903360186505e+08,
      "gas_used": 0.0000000000000000e+00,
      "input_size": 0.0000000000000000e+00
    },
    {
      "name": "external/total/micro/memory_grow_mstore/by1_cv",
      "family_index": 22,
      "per_family_instance_index": 0,
      "run_name": "external/total/micro/memory_grow_mstore/by1",
      "run_type": "aggregate",
      "repetitions": 20,
      "threads": 1,
      "aggregate_name": "cv",
      "aggregate_unit": "percentage",
      "iterations": 20,
      "real_time": 2.8840173724084296e-02,
      "cpu_time": 2.8702782751640146e-02,
      "time_unit": "us",
      "code_size": 0.0000000000000000e+00,
      "execution_time_ns": 1.2817621550548694e-01,
      "gas_rate": 2.8735275316714666e-02,
      "gas_used": 0.0000000000000000e+00,
      "input_size": 0.0000000000000000e+00
    },
    {
      "name": "external/total/micro/memory_grow_mstore/by16",
      "family_index": 23,
      "per_family_instance_index": 0,
      "run_name": "external/total/micro/memory_grow_mstore/by16",
      "run_type": "iteration",
      "repetitions": 20,
      "repetition_index": 0,
      "threads": 1,
      "iterations": 92304,
      "real_time": 7.2751929602226602e+00,
      "cpu_time": 7.3630790648293436e+00,
      "time_unit": "us",
      "code_size": 2.0485000000000000e+04,
      "execution_time_ns": 7.2562750043335063e+03,
      "gas_rate": 1.0294063031598961e+10,
      "gas_used": 7.5796000000000000e+04,
      "input_size": 3.2000000000000000e+01
    },
    {
      "name": "external/total/micro/memory_grow_mstore/by16",
      "family_index": 23,
      "per_family_instance_index": 0,
      "run_name": "external/total/micro/memory_grow_mstore/by16",
      "run_type": "iteration",
      "repetitions": 20,
      "repetition_index": 1,
      "threads": 1,
      "iterations": 92304,
      "real_time": 7.1786119994832669e+00,
      "cpu_time": 7.2493239512914949e+00,
      "time_unit": "us",
      "code_size": 2.0485000000000000e+04,
      "execution_time_ns": 7.1588871988212859e+03,
      "gas_rate": 1.0455595654060493e+10,
      "gas_used": 7.5796000000000000e+04,
      "input_size": 3.2000000000000000e+01
    },
    {
      "name": "external/total/micro/memory_grow_mstore/by16",
      "family_index": 23,
      "per_family_instance_index": 0,
      "run_name": "external/total/micro/memory_grow_mstore/by16",
      "run_type": "iteration",
      "repetitions": 20,
      "repetition_index": 2,
      "threads": 1,
      "iterations": 92304,
      "real_time": 7.1355213858561086e+00,
      "cpu_time": 7.2328360201078077e+00,
      "time_unit": "us",
      "code_size": 2.0485000000000000e+04,
      "execution_time_ns": 7.1155057527301096e+03,
      "gas_rate": 1.0479430169477316e+10,
      "gas_used": 7.5796000000000000e+04,
      "input_size": 3.2000000000000000e+01
    },
    {
      "name": "external/total/micro/memory_grow_mstore/by16",
      "family_index": 23,
      "per_family_instance_index": 0,
      "run_name": "external/total/micro/memory_grow_mstore/by16",
      "run_type": "iteration",
      "repetitions": 20,
      "repetition_index": 3,
      "threads": 1,
      "iterations": 92304,
      "real_time": 7.0639204693200845e+00,
      "cpu_time": 7.1584832726647285e+00,
      "time_unit": "us",
      "code_size": 2.0485000000000000e+04,
      "execution_time_ns": 7.0386009815392617e+03,
      "gas_rate": 1.0588276470440800e+10,
      "gas_used": 7.5796000000000000e+04,
      "input_size": 3.2000000000000000e+01
    },
    {
      "name": "external/total/micro/memory_grow_mstore/by16",
      "family_index": 23,
      "per_family_instance_index": 0,
      "run_name": "external/total/micro/memory_grow_mstore/by16",
      "run_type": "iteration",
      "repetitions": 20,
      "repetition_index": 4,
      "threads": 1,
      "iterations": 92304,
      "real_time": 7.1047365552967925e+00,
      "cpu_time": 7.2015083636680233e+00,
      "time_unit": "us",
      "code_size": 2.0485000000000000e+04,
      "execution_time_ns": 7.0826896342520367e+03,
      "gas_rate": 1.0525017284211554e+10,
      "gas_used": 7.5796000000000000e+04,
      "input_size": 3.2000000000000000e+01
    },
    {
      "name": "external/total/micro/memory_grow_mstore/by16",
      "family_index": 23,
      "per_family_instance_index": 0,
      "run_name": "external/total/micro/memory_grow_mstore/by16",
      "run_type": "iteration",
      "repetitions": 20,
      "repetition_index": 5,
      "threads": 1,
      "iterations": 92304,
      "real_time": 6.6415110287750867e+00,
      "cpu_time": 6.7319855910906483e+00,
      "time_unit": "us",
      "code_size": 2.0485000000000000e+04,
      "execution_time_ns": 6.6191360287744847e+03,
      "gas_rate": 1.1259085298743235e+10,
      "gas_used": 7.5796000000000000e+04,
      "input_size": 3.2000000000000000e+01
    },
    {
      "name": "external/total/micro/memory_grow_mstore/by16",
      "family_index": 23,
      "per_family_instance_index": 0,
      "run_name": "external/total/micro/memory_grow_mstore/by16",
      "run_type": "iteration",
      "repetitions": 20,
      "repetition_index": 6,
      "threads": 1,
      "iterations": 92304,
      "real_time": 6.6462650372694414e+00,
      "cpu_time": 6.7362437597501046e+00,
      "time_unit": "us",
      "code_size": 2.0485000000000000e+04,
      "execution_time_ns": 6.6267077916449989e+03,
      "gas_rate": 1.1251968115062960e+10,
      "gas_used": 7.5796000000000000e+04,
      "input_size": 3.2000000000000000e+01
    },
    {
      "name": "external/total/micro/memory_grow_mstore/by16",
      "family_index": 23,
      "per_family_instance_index": 0,
      "run_name": "external/total/micro/memory_grow_mstore/by16",
      "run_type": "iteration",
      "repetitions": 20,
      "repetition_index": 7,
      "threads": 1,
      "iterations": 92304,
      "real_time": 6.6692457423313085e+00,
      "cpu_time": 6.7602189612584143e+00,
      "time_unit": "us",
      "code_size": 2.0485000000000000e+04,
      "execution_time_ns": 6.6496906309585720e+03,
      "gas_rate": 1.1212062868728527e+10,
      "gas_used": 7.5796000000000000e+04,
      "input_size": 3.2000000000000000e+01
    },
    {
      "name": "external/total/micro/memory_grow_mstore/by16",
      "family_index": 23,
      "per_family_instance_index": 0,
      "run_name": "external/total/micro/memory_grow_mstore/by16",
      "run_type": "iteration",
      "repetitions": 20,
      "repetition_index": 8,
      "threads": 1,
      "iterations": 92304,
      "real_time": 6.6848724540664737e+00,
      "cpu_time": 6.7760362606171487e+00,
      "time_unit": "us",
      "code_size": 2.0485000000000000e+04,
      "execution_time_ns": 6.6639222135552091e+03,
      "gas_rate": 1.1185890553823074e+10,
      "gas_used": 7.5796000000000000e+04,
      "input_size": 3.2000000000000000e+01
    },
    {
      "name": "external/total/micro/memory_grow_mstore/by16",
      "family_index": 23,
      "per_family_instance_index": 0,
      "run_name": "external/total/micro/memory_grow_mstore/by16",
      "run_type": "iteration",
      "repetitions": 20,
      "repetition_index": 9,
      "threads": 1,
      "iterations": 92304,
      "real_time": 6.5429121814847093e+00,
      "cpu_time": 6.6314854935863634e+00,
      "time_unit": "us",
      "code_size": 2.0485000000000000e+04,
      "execution_time_ns": 6.5228841436990815e+03,
      "gas_rate": 1.1429716625830828e+10,
      "gas_used": 7.5796000000000000e+04,
      "input_size": 3.2000000000000000e+01
    },
    {
      "name": "external/total/micro/memory_grow_mstore/by16",
      "family_index": 23,
      "per_family_instance_index": 0,
      "run_name": "external/total/micro/memory_grow_mstore/by16",
      "run_type": "iteration",
      "repetitions": 20,
      "repetition_index": 10,
      "threads": 1,
      "iterations": 92304,
      "real_time": 6.5331060842436628e+00,
      "cpu_time": 6.6221196914540217e+00,
      "time_unit": "us",
      "code_size": 2.0485000000000000e+04,
      "execution_time_ns": 6.5141661466458654e+03,
      "gas_rate": 1.1445881912677637e+10,
      "gas_used": 7.5796000000000000e+04,
      "input_size": 3.2000000000000000e+01
    },
    {
      "name": "external/total/micro/memory_grow_mstore/by16",
      "family_index": 23,
      "per_family_instance_index": 0,
      "run_name": "external/total/micro/memory_grow_mstore/by16",
      "run_type": "iteration",
      "repetitions": 20,
      "repetition_index": 11,
      "threads": 1,
      "iterations": 92304,
      "real_time": 6.2980641359013108e+00,
      "cpu_time": 6.3839267529034425e+00,
      "time_unit": "us",
      "code_size": 2.0485000000000000e+04,
      "execution_time_ns": 6.2775042685040735e+03,
      "gas_rate": 1.1872943242265049e+10,
      "gas_used": 7.5796000000000000e+04,
      "input_size": 3.2000000000000000e+01
    },
    {
      "name": "external/total/micro/memory_grow_mstore/by16",
      "family_index": 23,
      "per_family_instance_index": 0,
      "run_name": "external/total/micro/memory_grow_mstore/by16",
      "run_type": "iteration",
      "repetitions": 20,
      "repetition_index": 12,
      "threads": 1,
      "iterations": 92304,
      "real_time": 6.4094891337309878e+00,
      "cpu_time": 6.4426813030854744e+00,
      "time_unit": "us",
      "code_size": 2.0485000000000000e+04,
      "execution_time_ns": 6.3907791536661471e+03,
      "gas_rate": 1.1764666981696024e+10,
      "gas_used": 7.5796000000000000e+04,
      "input_size": 3.2000000000000000e+01
    },
    {
      "name": "external/total/micro/memory_grow_mstore/by16",
      "family_index": 23,
      "per_family_instance_index": 0,
      "run_name": "external/total/micro/memory_grow_mstore/by16",
      "run_type": "iteration",
      "repetitions": 20,
      "repetition_index": 13,
      "threads": 1,
      "iterations": 92304,
      "real_time": 6.4947662614816943e+00,
      "cpu_time": 6.4940650351017144e+00,
      "time_unit": "us",
      "code_size": 2.0485000000000000e+04,
      "execution_time_ns": 6.4746441649332637e+03,
      "gas_rate": 1.1671580064306028e+10,
      "gas_used": 7.5796000000000000e+04,
      "input_size": 3.2000000000000000e+01
    },
    {
      "name": "external/total/micro/memory_grow_mstore/by16",
      "family_index": 23,
      "per_family_instance_index": 0,
      "run_name": "external/total/micro/memory_grow_mstore/by16",
      "run_type": "iteration",
      "repetitions": 20,
      "repetition_index": 14,
      "threads": 1,
      "iterations": 92304,
      "real_time": 6.6576053258768368e+00,
      "cpu_time": 6.7239450186343470e+00,
      "time_unit": "us",
      "code_size": 2.0485000000000000e+04,
      "execution_time_ns": 6.6377922300225346e+03,
      "gas_rate": 1.1272549045232138e+10,
      "gas_used": 7.5796000000000000e+04,
      "input_size": 3.2000000000000000e+01
    },
    {
      "name": "external/total/micro/memory_grow_mstore/by16",
      "family_index": 23,
      "per_family_instance_index": 0,
      "run_name": "external/total/micro/memory_grow_mstore/by16",
      "run_type": "iteration",
      "repetitions": 20,
      "repetition_index": 15,
      "threads": 1,
      "iterations": 92304,
      "real_time": 6.5452698366247581e+00,
      "cpu_time": 6.6276772945916411e+00,
      "time_unit": "us",
      "code_size": 2.0485000000000000e+04,
      "execution_time_ns": 6.5262460998439938e+03,
      "gas_rate": 1.1436284029980085e+10,
      "gas_used": 7.5796000000000000e+04,
      "input_size": 3.2000000000000000e+01
    },
    {
      "name": "external/total/micro/memory_grow_mstore/by16",
      "family_index": 23,
      "per_family_instance_index": 0,
      "run_name": "external/total/micro/memory_grow_mstore/by16",
      "run_type": "iteration",
      "repetitions": 20,
      "repetition_index": 16,
      "threads": 1,
      "iterations": 92304,
      "real_time": 6.6714206968259662e+00,
      "cpu_time": 6.7547502925113561e+00,
      "time_unit": "us",
      "code_size": 2.0485000000000000e+04,
      "execution_time_ns": 6.6524098413936554e+03,
      "gas_rate": 1.1221140192855259e+10,
      "gas_used": 7.5796000000000000e+04,
      "input_size": 3.2000000000000000e+01
    },
    {
      "name": "external/total/micro/memory_grow_mstore/by16",
      "family_index": 23,
      "per_family_instance_index": 0,
      "run_name": "external/total/micro/memory_grow_mstore/by16",
      "run_type": "iteration",
      "repetitions": 20,
      "repetition_index": 17,
      "threads": 1,
      "iterations": 92304,
      "real_time": 6.6072393395738844e+00,
      "cpu_time": 6.6905645475821336e+00,
      "time_unit": "us",
      "code_size": 2.0485000000000000e+04,
      "execution_time_ns": 6.5869513238862892e+03,
      "gas_rate": 1.1328789889246565e+10,
      "gas_used": 7.5796000000000000e+04,
      "input_size": 3.2000000000000000e+01
    },
    {
      "name": "external/total/micro/memory_grow_mstore/by16",
      "family_index": 23,
      "per_family_instance_index": 0,
      "run_name": "external/total/micro/memory_grow_mstore/by16",
      "run_type": "iteration",
      "repetitions": 20,
      "repetition_index": 18,
      "threads": 1,
      "iterations": 92304,
      "real_time": 6.5940621316519250e+00,
      "cpu_time": 6.6770152864447967e+00,
      "time_unit": "us",
      "code_size": 2.0485000000000000e+04,
      "execution_time_ns": 6.5745064027561102e+03,
      "gas_rate": 1.1351778713742901e+10,
      "gas_used": 7.5796000000000000e+04,
      "input_size": 3.2000000000000000e+01
    },
    {
      "name": "external/total/micro/memory_grow_mstore/by16",
      "family_index": 23,
      "per_family_instance_index": 0,
      "run_name": "external/total/micro/memory_grow_mstore/by16",
      "run_type": "iteration",
      "repetitions": 20,
      "repetition_index": 19,
      "threads": 1,
      "iterations": 92304,
      "real_time": 6.5612306617234673e+00,
      "cpu_time": 6.6432116593001096e+00,
      "time_unit": "us",
      "code_size": 2.0485000000000000e+04,
      "execution_time_ns": 6.5419377925117005e+03,
      "gas_rate": 1.1409541632455744e+10,
      "gas_used": 7.5796000000000000e+04,
      "input_size": 3.2000000000000000e+01
    },
    {
      "name": "external/total/micro/memory_grow_mstore/by16_mean",
      "family_index": 23,
      "per_family_instance_index": 0,
      "run_name": "external/total/micro/memory_grow_mstore/by16",
      "run_type": "aggregate",
      "repetitions": 20,
      "threads": 1,
      "aggregate_name": "mean",
      "aggregate_unit": "time",
      "iterations": 20,
      "real_time": 6.7157521710870212e+00,
      "cpu_time": 6.7950578810236566e+00,
      "time_unit": "us",
      "code_size": 2.0485000000000000e+04,
      "execution_time_ns": 6.6955618402236087e+03,
      "gas_rate": 1.1172813088821758e+10,
      "gas_used": 7.5796000000000000e+04,
      "input_size": 3.2000000000000000e+01
    },
    {
      "name": "external/total/micro/memory_grow_mstore/by16_median",
      "family_index": 23,
      "per_family_instance_index": 0,
      "run_name": "external/total/micro/memory_grow_mstore/by16",
      "run_type": "aggregate",
      "repetitions": 20,
      "threads": 1,
      "aggregate_name": "median",
      "aggregate_unit": "time",
      "iterations": 20,
      "real_time": 6.6438880330222627e+00,
      "cpu_time": 6.7279653048624981e+00,
      "time_unit": "us",
      "code_size": 2.0485000000000000e+04,
      "execution_time_ns": 6.6229219102097413e+03,
      "gas_rate": 1.1265817171987686e+10,
      "gas_used": 7.5796000000000000e+04,
      "input_size": 3.2000000000000000e+01
    },
    {
      "name": "external/total/micro/memory_grow_mstore/by16_stddev",
      "family_index": 23,
      "per_family_instance_index": 0,
      "run_name": "external/total/micro/memory_grow_mstore/by16",
      "run_type": "aggregate",
      "repetitions": 20,
      "threads": 1,
      "aggregate_name": "stddev",
      "aggregate_unit": "time",
      "iterations": 20,
      "real_time": 2.7669148396204496e-01,
      "cpu_time": 2.8562164017452346e-01,
      "time_unit": "us",
      "code_size": 0.0000000000000000e+00,
      "execution_time_ns": 2.7623052986468946e+02,
      "gas_rate": 4.5699419323671281e+08,
      "gas_used": 0.0000000000000000e+00,
      "input_size": 0.0000000000000000e+00
    },
    {
      "name": "external/total/micro/memory_grow_mstore/by16_cv",
      "family_index": 23,
      "per_family_instance_index": 0,
      "run_name": "external/total/micro/memory_grow_mstore/by16",
      "run_type": "aggregate",
      "repetitions": 20,
      "threads": 1,
      "aggregate_name": "cv",
      "aggregate_unit": "percentage",
      "iterations": 20,
      "real_time": 4.1200371442125336e-02,
      "cpu_time": 4.2033731746740521e-02,
      "time_unit": "us",
      "code_size": 0.0000000000000000e+00,
      "execution_time_ns": 4.1255765603602328e-02,
      "gas_rate": 4.0902339420134846e-02,
      "gas_used": 0.0000000000000000e+00,
      "input_size": 0.0000000000000000e+00
    },
    {
      "name": "external/total/micro/memory_grow_mstore/by32",
      "family_index": 24,
      "per_family_instance_index": 0,
      "run_name": "external/total/micro/memory_grow_mstore/by32",
      "run_type": "iteration",
      "repetitions": 20,
      "repetition_index": 0,
      "threads": 1,
      "iterations": 93379,
      "real_time": 7.5835205024640748e+00,
      "cpu_time": 7.6792179397940883e+00,
      "time_unit": "us",
      "code_size": 2.0485000000000000e+04,
      "execution_time_ns": 7.5617952858779809e+03,
      "gas_rate": 1.3869250857966383e+10,
      "gas_used": 1.0650500000000000e+05,
      "input_size": 3.2000000000000000e+01
    },
    {
      "name": "external/total/micro/memory_grow_mstore/by32",
      "family_index": 24,
      "per_family_instance_index": 0,
      "run_name": "external/total/micro/memory_grow_mstore/by32",
      "run_type": "iteration",
      "repetitions": 20,
      "repetition_index": 1,
      "threads": 1,
      "iterations": 93379,
      "real_time": 7.1797654718966939e+00,
      "cpu_time": 7.2694218935737291e+00,
      "time_unit": "us",
      "code_size": 2.0485000000000000e+04,
      "execution_time_ns": 7.1600872465972006e+03,
      "gas_rate": 1.4651096271376396e+10,
      "gas_used": 1.0650500000000000e+05,
      "input_size": 3.2000000000000000e+01
    },
    {
      "name": "external/total/micro/memory_grow_mstore/by32",
      "family_index": 24,
      "per_family_instance_index": 0,
      "run_name": "external/total/micro/memory_grow_mstore/by32",
      "run_type": "iteration",
      "repetitions": 20,
      "repetition_index": 2,
      "threads": 1,
      "iterations": 93379,
      "real_time": 7.3563387057076026e+00,
      "cpu_time": 7.4482987288363933e+00,
      "time_unit": "us",
      "code_size": 2.0485000000000000e+04,
      "execution_time_ns": 7.3331004508508340e+03,
      "gas_rate": 1.4299238507669079e+10,
      "gas_used": 1.0650500000000000e+05,
      "input_size": 3.2000000000000000e+01
    },
    {
      "name": "external/total/micro/memory_grow_mstore/by32",
      "family_index": 24,
      "per_family_instance_index": 0,
      "run_name": "external/total/micro/memory_grow_mstore/by32",
      "run_type": "iteration",
      "repetitions": 20,
      "repetition_index": 3,
      "threads": 1,
      "iterations": 93379,
      "real_time": 7.1019022157008029e+00,
      "cpu_time": 7.1915873911688841e+00,
      "time_unit": "us",
      "code_size": 2.0485000000000000e+04,
      "execution_time_ns": 7.0814171923023378e+03,
      "gas_rate": 1.4809664988676336e+10,
      "gas_used": 1.0650500000000000e+05,
      "input_size": 3.2000000000000000e+01
    },
    {
      "name": "external/total/micro/memory_grow_mstore/by32",
      "family_index": 24,
      "per_family_instance_index": 0,
      "run_name": "external/total/micro/memory_grow_mstore/by32",
      "run_type": "iteration",
      "repetitions": 20,
      "repetition_index": 4,
      "threads": 1,
      "iterations": 93379,
      "real_time": 7.2168167146827171e+00,
      "cpu_time": 7.3072123710898325e+00,
      "time_unit": "us",
      "code_size": 2.0485000000000000e+04,
      "execution_time_ns": 7.1980034376037438e+03,
      "gas_rate": 1.4575325663364475e+10,
      "gas_used": 1.0650500000000000e+05,
      "input_size": 3.2000000000000000e+01
    },
    {
      "name": "external/total/micro/memory_grow_mstore/by32",
      "family_index": 24,
      "per_family_instance_index": 0,
      "run_name": "external/total/micro/memory_grow_mstore/by32",
      "run_type": "iteration",
      "repetitions": 20,
      "repetition_index": 5,
      "threads": 1,
      "iterations": 93379,
      "real_time": 7.3116689940966619e+00,
      "cpu_time": 7.3314909455016561e+00,
      "time_unit": "us",
      "code_size": 2.0485000000000000e+04,
      "execution_time_ns": 7.2924326990008458e+03,
      "gas_rate": 1.4527058792229391e+10,
      "gas_used": 1.0650500000000000e+05,
      "input_size": 3.2000000000000000e+01
    },
    {
      "name": "external/total/micro/memory_grow_mstore/by32",
      "family_index": 24,
      "per_family_instance_index": 0,
      "run_name": "external/total/micro/memory_grow_mstore/by32",
      "run_type": "iteration",
      "repetitions": 20,
      "repetition_index": 6,
      "threads": 1,
      "iterations": 93379,
      "real_time": 7.2522392722174356e+00,
      "cpu_time": 7.3699687510038903e+00,
      "time_unit": "us",
      "code_size": 2.0485000000000000e+04,
      "execution_time_ns": 7.2316581137086496e+03,
      "gas_rate": 1.4451214597822084e+10,
      "gas_used": 1.0650500000000000e+05,
      "input_size": 3.2000000000000000e+01
    },
    {
      "name": "external/total/micro/memory_grow_mstore/by32",
      "family_index": 24,
      "per_family_instance_index": 0,
      "run_name": "external/total/micro/memory_grow_mstore/by32",
      "run_type": "iteration",
      "repetitions": 20,
      "repetition_index": 7,
      "threads": 1,
      "iterations": 93379,
      "real_time": 7.1927134901893996e+00,
      "cpu_time": 7.3084691954291330e+00,
      "time_unit": "us",
      "code_size": 2.0485000000000000e+04,
      "execution_time_ns": 7.1719768042065134e+03,
      "gas_rate": 1.4572819170751984e+10,
      "gas_used": 1.0650500000000000e+05,
      "input_size": 3.2000000000000000e+01
    },
    {
      "name": "external/total/micro/memory_grow_mstore/by32",
      "family_index": 24,
      "per_family_instance_index": 0,
      "run_name": "external/total/micro/memory_grow_mstore/by32",
      "run_type": "iteration",
      "repetitions": 20,
      "repetition_index": 8,
      "threads": 1,
      "iterations": 93379,
      "real_time": 7.2739826513473957e+00,
      "cpu_time": 7.3919243620085302e+00,
      "time_unit": "us",
      "code_size": 2.0485000000000000e+04,
      "execution_time_ns": 7.2553087203761015e+03,
      "gas_rate": 1.4408291370971296e+10,
      "gas_used": 1.0650500000000000e+05,
      "input_size": 3.2000000000000000e+01
    },
    {
      "name": "external/total/micro/memory_grow_mstore/by32",
      "family_index": 24,
      "per_family_instance_index": 0,
      "run_name": "external/total/micro/memory_grow_mstore/by32",
      "run_type": "iteration",
      "repetitions": 20,
      "repetition_index": 9,
      "threads": 1,
      "iterations": 93379,
      "real_time": 7.4259008235250334e+00,
      "cpu_time": 7.5462729521621910e+00,
      "time_unit": "us",
      "code_size": 2.0485000000000000e+04,
      "execution_time_ns": 7.4066175585517085e+03,
      "gas_rate": 1.4113589672035879e+10,
      "gas_used": 1.0650500000000000e+05,
      "input_size": 3.2000000000000000e+01
    },
    {
      "name": "external/total/micro/memory_grow_mstore/by32",
      "family_index": 24,
      "per_family_instance_index": 0,
      "run_name": "external/total/micro/memory_grow_mstore/by32",
      "run_type": "iteration",
      "repetitions": 20,
      "repetition_index": 10,
      "threads": 1,
      "iterations": 93379,
      "real_time": 7.4184870259885809e+00,
      "cpu_time": 7.5363341115240603e+00,
      "time_unit": "us",
      "code_size": 2.0485000000000000e+04,
      "execution_time_ns": 7.3962272887908421e+03,
      "gas_rate": 1.4132202530291172e+10,
      "gas_used": 1.0650500000000000e+05,
      "input_size": 3.2000000000000000e+01
    },
    {
      "name": "external/total/micro/memory_grow_mstore/by32",
      "family_index": 24,
      "per_family_instance_index": 0,
      "run_name": "external/total/micro/memory_grow_mstore/by32",
      "run_type": "iteration",
      "repetitions": 20,
      "repetition_index": 11,
      "threads": 1,
      "iterations": 93379,
      "real_time": 7.2798351342390326e+00,
      "cpu_time": 7.3979458764820416e+00,
      "time_unit": "us",
      "code_size": 2.0485000000000000e+04,
      "execution_time_ns": 7.2607761381038563e+03,
      "gas_rate": 1.4396563827072294e+10,
      "gas_used": 1.0650500000000000e+05,
      "input_size": 3.2000000000000000e+01
    },
    {
      "name": "external/total/micro/memory_grow_mstore/by32",
      "family_index": 24,
      "per_family_instance_index": 0,
      "run_name": "external/total/micro/memory_grow_mstore/by32",
      "run_type": "iteration",
      "repetitions": 20,
      "repetition_index": 12,
      "threads": 1,
      "iterations": 93379,
      "real_time": 7.3946580815814960e+00,
      "cpu_time": 7.5147381424089676e+00,
      "time_unit": "us",
      "code_size": 2.0485000000000000e+04,
      "execution_time_ns": 7.3753509996894372e+03,
      "gas_rate": 1.4172815869517197e+10,
      "gas_used": 1.0650500000000000e+05,
      "input_size": 3.2000000000000000e+01
    },
    {
      "name": "external/total/micro/memory_grow_mstore/by32",
      "family_index": 24,
      "per_family_instance_index": 0,
      "run_name": "external/total/micro/memory_grow_mstore/by32",
      "run_type": "iteration",
      "repetitions": 20,
      "repetition_index": 13,
      "threads": 1,
      "iterations": 93379,
      "real_time": 7.4161232182811734e+00,
      "cpu_time": 7.5358370083209820e+00,
      "time_unit": "us",
      "code_size": 2.0485000000000000e+04,
      "execution_time_ns": 7.3970094025423277e+03,
      "gas_rate": 1.4133134764246948e+10,
      "gas_used": 1.0650500000000000e+05,
      "input_size": 3.2000000000000000e+01
    },
    {
      "name": "external/total/micro/memory_grow_mstore/by32",
      "family_index": 24,
      "per_family_instance_index": 0,
      "run_name": "external/total/micro/memory_grow_mstore/by32",
      "run_type": "iteration",
      "repetitions": 20,
      "repetition_index": 14,
      "threads": 1,
      "iterations": 93379,
      "real_time": 7.1847383565923097e+00,
      "cpu_time": 7.2928942695896435e+00,
      "time_unit": "us",
      "code_size": 2.0485000000000000e+04,
      "execution_time_ns": 7.1662038038531146e+03,
      "gas_rate": 1.4603941324655022e+10,
      "gas_used": 1.0650500000000000e+05,
      "input_size": 3.2000000000000000e+01
    },
    {
      "name": "external/total/micro/memory_grow_mstore/by32",
      "family_index": 24,
      "per_family_instance_index": 0,
      "run_name": "external/total/micro/memory_grow_mstore/by32",
      "run_type": "iteration",
      "repetitions": 20,
      "repetition_index": 15,
      "threads": 1,
      "iterations": 93379,
      "real_time": 7.2526854217758334e+00,
      "cpu_time": 7.2524724188519141e+00,
      "time_unit": "us",
      "code_size": 2.0485000000000000e+04,
      "execution_time_ns": 7.2310248449865603e+03,
      "gas_rate": 1.4685336785721972e+10,
      "gas_used": 1.0650500000000000e+05,
      "input_size": 3.2000000000000000e+01
    },
    {
      "name": "external/total/micro/memory_grow_mstore/by32",
      "family_index": 24,
      "per_family_instance_index": 0,
      "run_name": "external/total/micro/memory_grow_mstore/by32",
      "run_type": "iteration",
      "repetitions": 20,
      "repetition_index": 16,
      "threads": 1,
      "iterations": 93379,
      "real_time": 7.3510992407311404e+00,
      "cpu_time": 7.0814341340132012e+00,
      "time_unit": "us",
      "code_size": 2.0485000000000000e+04,
      "execution_time_ns": 7.3304080789042500e+03,
      "gas_rate": 1.5040032567476740e+10,
      "gas_used": 1.0650500000000000e+05,
      "input_size": 3.2000000000000000e+01
    },
    {
      "name": "external/total/micro/memory_grow_mstore/by32",
      "family_index": 24,
      "per_family_instance_index": 0,
      "run_name": "external/total/micro/memory_grow_mstore/by32",
      "run_type": "iteration",
      "repetitions": 20,
      "repetition_index": 17,
      "threads": 1,
      "iterations": 93379,
      "real_time": 7.6427409803064945e+00,
      "cpu_time": 7.3240151318816666e+00,
      "time_unit": "us",
      "code_size": 2.0485000000000000e+04,
      "execution_time_ns": 7.6217404876899518e+03,
      "gas_rate": 1.4541886940727419e+10,
      "gas_used": 1.0650500000000000e+05,
      "input_size": 3.2000000000000000e+01
    },
    {
      "name": "external/total/micro/memory_grow_mstore/by32",
      "family_index": 24,
      "per_family_instance_index": 0,
      "run_name": "external/total/micro/memory_grow_mstore/by32",
      "run_type": "iteration",
      "repetitions": 20,
      "repetition_index": 18,
      "threads": 1,
      "iterations": 93379,
      "real_time": 7.8001369794067710e+00,
      "cpu_time": 7.5575357200227931e+00,
      "time_unit": "us",
      "code_size": 2.0485000000000000e+04,
      "execution_time_ns": 7.7791723513852148e+03,
      "gas_rate": 1.4092556614430237e+10,
      "gas_used": 1.0650500000000000e+05,
      "input_size": 3.2000000000000000e+01
    },
    {
      "name": "external/total/micro/memory_grow_mstore/by32",
      "family_index": 24,
      "per_family_instance_index": 0,
      "run_name": "external/total/micro/memory_grow_mstore/by32",
      "run_type": "iteration",
      "repetitions": 20,
      "repetition_index": 19,
      "threads": 1,
      "iterations": 93379,
      "real_time": 7.5070129151067917e+00,
      "cpu_time": 7.3095376904865539e+00,
      "time_unit": "us",
      "code_size": 2.0485000000000000e+04,
      "execution_time_ns": 7.4862839610619094e+03,
      "gas_rate": 1.4570688942286659e+10,
      "gas_used": 1.0650500000000000e+05,
      "input_size": 3.2000000000000000e+01
    },
    {
      "name": "external/total/micro/memory_grow_mstore/by32_mean",
      "family_index": 24,
      "per_family_instance_index": 0,
      "run_name": "external/total/micro/memory_grow_mstore/by32",
      "run_type": "aggregate",
      "repetitions": 20,
      "threads": 1,
      "aggregate_name": "mean",
      "aggregate_unit": "time",
      "iterations": 20,
      "real_time": 7.3571183097918738e+00,
      "cpu_time": 7.3823304517075083e+00,
      "time_unit": "us",
      "code_size": 2.0485000000000000e+04,
      "execution_time_ns": 7.3368297433041698e+03,
      "gas_rate": 1.4432335502964451e+10,
      "gas_used": 1.0650500000000000e+05,
      "input_size": 3.2000000000000000e+01
    },
    {
      "name": "external/total/micro/memory_grow_mstore/by32_median",
      "family_index": 24,
      "per_family_instance_index": 0,
      "run_name": "external/total/micro/memory_grow_mstore/by32",
      "run_type": "aggregate",
      "repetitions": 20,
      "threads": 1,
      "aggregate_name": "median",
      "aggregate_unit": "time",
      "iterations": 20,
      "real_time": 7.3313841174138998e+00,
      "cpu_time": 7.3507298482527732e+00,
      "time_unit": "us",
      "code_size": 2.0485000000000000e+04,
      "execution_time_ns": 7.3114203889525479e+03,
      "gas_rate": 1.4489136695025738e+10,
      "gas_used": 1.0650500000000000e+05,
      "input_size": 3.2000000000000000e+01
    },
    {
      "name": "external/total/micro/memory_grow_mstore/by32_stddev",
      "family_index": 24,
      "per_family_instance_index": 0,
      "run_name": "external/total/micro/memory_grow_mstore/by32",
      "run_type": "aggregate",
      "repetitions": 20,
      "threads": 1,
      "aggregate_name": "stddev",
      "aggregate_unit": "time",
      "iterations": 20,
      "real_time": 1.7394347591920958e-01,
      "cpu_time": 1.4550891216522377e-01,
      "time_unit": "us",
      "code_size": 0.0000000000000000e+00,
      "execution_time_ns": 1.7351456882533950e+02,
      "gas_rate": 2.8416808278656000e+08,
      "gas_used": 0.0000000000000000e+00,
      "input_size": 0.0000000000000000e+00
    },
    {
      "name": "external/total/micro/memory_grow_mstore/by32_cv",
      "family_index": 24,
      "per_family_instance_index": 0,
      "run_name": "external/total/micro/memory_grow_mstore/by32",
      "run_type": "aggregate",
      "repetitions": 20,
      "threads": 1,
      "aggregate_name": "cv",
      "aggregate_unit": "percentage",
      "iterations": 20,
      "real_time": 2.3642881437383096e-02,
      "cpu_time": 1.9710430617687676e-02,
      "time_unit": "us",
      "code_size": 0.0000000000000000e+00,
      "execution_time_ns": 2.3649801739463090e-02,
      "gas_rate": 1.9689681044914104e-02,
      "gas_used": 0.0000000000000000e+00,
      "input_size": 0.0000000000000000e+00
    },
    {
      "name": "external/total/micro/signextend/zero",
      "family_index": 25,
      "per_family_instance_index": 0,
      "run_name": "external/total/micro/signextend/zero",
      "run_type": "iteration",
      "repetitions": 20,
      "repetition_index": 0,
      "threads": 1,
      "iterations": 11744,
      "real_time": 6.1499119805874862e+01,
      "cpu_time": 6.0661672087872944e+01,
      "time_unit": "us",
      "code_size": 2.4041000000000000e+04,
      "execution_time_ns": 6.1465195929836511e+04,
      "gas_rate": 1.5836358724309685e+09,
      "gas_used": 9.6066000000000000e+04,
      "input_size": 3.2000000000000000e+01
    },
    {
      "name": "external/total/micro/signextend/zero",
      "family_index": 25,
      "per_family_instance_index": 0,
      "run_name": "external/total/micro/signextend/zero",
      "run_type": "iteration",
      "repetitions": 20,
      "repetition_index": 1,
      "threads": 1,
      "iterations": 11744,
      "real_time": 6.0979829189355897e+01,
      "cpu_time": 6.0307722326296556e+01,
      "time_unit": "us",
      "code_size": 2.4041000000000000e+04,
      "execution_time_ns": 6.0946871253405996e+04,
      "gas_rate": 1.5929303295560117e+09,
      "gas_used": 9.6066000000000000e+04,
      "input_size": 3.2000000000000000e+01
    },
    {
      "name": "external/total/micro/signextend/zero",
      "family_index": 25,
      "per_family_instance_index": 0,
      "run_name": "external/total/micro/signextend/zero",
      "run_type": "iteration",
      "repetitions": 20,
      "repetition_index": 2,
      "threads": 1,
      "iterations": 11744,
      "real_time": 6.1883218920295391e+01,
      "cpu_time": 6.0895320929836402e+01,
      "time_unit": "us",
      "code_size": 2.4041000000000000e+04,
      "execution_time_ns": 6.1849845367847411e+04,
      "gas_rate": 1.5775596307421923e+09,
      "gas_used": 9.6066000000000000e+04,
      "input_size": 3.2000000000000000e+01
    },
    {
      "name": "external/total/micro/signextend/zero",
      "family_index": 25,
      "per_family_instance_index": 0,
      "run_name": "external/total/micro/signextend/zero",
      "run_type": "iteration",
      "repetitions": 20,
      "repetition_index": 3,
      "threads": 1,
      "iterations": 11744,
      "real_time": 6.2040053559275044e+01,
      "cpu_time": 6.1586202060626270e+01,
      "time_unit": "us",
      "code_size": 2.4041000000000000e+04,
      "execution_time_ns": 6.1996401311307905e+04,
      "gas_rate": 1.5598623845229385e+09,
      "gas_used": 9.6066000000000000e+04,
      "input_size": 3.2000000000000000e+01
    },
    {
      "name": "external/total/micro/signextend/zero",
      "family_index": 25,
      "per_family_instance_index": 0,
      "run_name": "external/total/micro/signextend/zero",
      "run_type": "iteration",
      "repetitions": 20,
      "repetition_index": 4,
      "threads": 1,
      "iterations": 11744,
      "real_time": 5.7847428218649824e+01,
      "cpu_time": 5.7046517626021569e+01,
      "time_unit": "us",
      "code_size": 2.4041000000000000e+04,
      "execution_time_ns": 5.7815664679836511e+04,
      "gas_rate": 1.6839941156404583e+09,
      "gas_used": 9.6066000000000000e+04,
      "input_size": 3.2000000000000000e+01
    },
    {
      "name": "external/total/micro/signextend/zero",
      "family_index": 25,
      "per_family_instance_index": 0,
      "run_name": "external/total/micro/signextend/zero",
      "run_type": "iteration",
      "repetitions": 20,
      "repetition_index": 5,
      "threads": 1,
      "iterations": 11744,
      "real_time": 5.5122804070141768e+01,
      "cpu_time": 5.5102502213897196e+01,
      "time_unit": "us",
      "code_size": 2.4041000000000000e+04,
      "execution_time_ns": 5.5090125000000000e+04,
      "gas_rate": 1.7434054015748770e+09,
      "gas_used": 9.6066000000000000e+04,
      "input_size": 3.2000000000000000e+01
    },
    {
      "name": "external/total/micro/signextend/zero",
      "family_index": 25,
      "per_family_instance_index": 0,
      "run_name": "external/total/micro/signextend/zero",
      "run_type": "iteration",
      "repetitions": 20,
      "repetition_index": 6,
      "threads": 1,
      "iterations": 11744,
      "real_time": 5.5896035252035652e+01,
      "cpu_time": 5.6189651907355383e+01,
      "time_unit": "us",
      "code_size": 2.4041000000000000e+04,
      "execution_time_ns": 5.5860712448910082e+04,
      "gas_rate": 1.7096742325151277e+09,
      "gas_used": 9.6066000000000000e+04,
      "input_size": 3.2000000000000000e+01
    },
    {
      "name": "external/total/micro/signextend/zero",
      "family_index": 25,
      "per_family_instance_index": 0,
      "run_name": "external/total/micro/signextend/zero",
      "run_type": "iteration",
      "repetitions": 20,
      "repetition_index": 7,
      "threads": 1,
      "iterations": 11744,
      "real_time": 5.5503033889632434e+01,
      "cpu_time": 5.5858910677793155e+01,
      "time_unit": "us",
      "code_size": 2.4041000000000000e+04,
      "execution_time_ns": 5.5471536869891010e+04,
      "gas_rate": 1.7197972326050260e+09,
      "gas_used": 9.6066000000000000e+04,
      "input_size": 3.2000000000000000e+01
    },
    {
      "name": "external/total/micro/signextend/zero",
      "family_index": 25,
      "per_family_instance_index": 0,
      "run_name": "external/total/micro/signextend/zero",
      "run_type": "iteration",
      "repetitions": 20,
      "repetition_index": 8,
      "threads": 1,
      "iterations": 11744,
      "real_time": 5.5457743273165441e+01,
      "cpu_time": 5.5895873722753414e+01,
      "time_unit": "us",
      "code_size": 2.4041000000000000e+04,
      "execution_time_ns": 5.5426648586512259e+04,
      "gas_rate": 1.7186599582733531e+09,
      "gas_used": 9.6066000000000000e+04,
      "input_size": 3.2000000000000000e+01
    },
    {
      "name": "external/total/micro/signextend/zero",
      "family_index": 25,
      "per_family_instance_index": 0,
      "run_name": "external/total/micro/signextend/zero",
      "run_type": "iteration",
      "repetitions": 20,
      "repetition_index": 9,
      "threads": 1,
      "iterations": 11744,
      "real_time": 5.6760087874644519e+01,
      "cpu_time": 5.7247443715937194e+01,
      "time_unit": "us",
      "code_size": 2.4041000000000000e+04,
      "execution_time_ns": 5.6709256811989100e+04,
      "gas_rate": 1.6780836621575832e+09,
      "gas_used": 9.6066000000000000e+04,
      "input_size": 3.2000000000000000e+01
    },
    {
      "name": "external/total/micro/signextend/zero",
      "family_index": 25,
      "per_family_instance_index": 0,
      "run_name": "external/total/micro/signextend/zero",
      "run_type": "iteration",
      "repetitions": 20,
      "repetition_index": 10,
      "threads": 1,
      "iterations": 11744,
      "real_time": 5.6735246594009219e+01,
      "cpu_time": 5.7274932220706603e+01,
      "time_unit": "us",
      "code_size": 2.4041000000000000e+04,
      "execution_time_ns": 5.6704279036103544e+04,
      "gas_rate": 1.6772782834524117e+09,
      "gas_used": 9.6066000000000000e+04,
      "input_size": 3.2000000000000000e+01
    },
    {
      "name": "external/total/micro/signextend/zero",
      "family_index": 25,
      "per_family_instance_index": 0,
      "run_name": "external/total/micro/signextend/zero",
      "run_type": "iteration",
      "repetitions": 20,
      "repetition_index": 11,
      "threads": 1,
      "iterations": 11744,
      "real_time": 5.6844826464592686e+01,
      "cpu_time": 5.7448955040872811e+01,
      "time_unit": "us",
      "code_size": 2.4041000000000000e+04,
      "execution_time_ns": 5.6810362823569485e+04,
      "gas_rate": 1.6721975174596751e+09,
      "gas_used": 9.6066000000000000e+04,
      "input_size": 3.2000000000000000e+01
    },
    {
      "name": "external/total/micro/signextend/zero",
      "family_index": 25,
      "per_family_instance_index": 0,
      "run_name": "external/total/micro/signextend/zero",
      "run_type": "iteration",
      "repetitions": 20,
      "repetition_index": 12,
      "threads": 1,
      "iterations": 11744,
      "real_time": 5.7739112823568568e+01,
      "cpu_time": 5.8364455381473043e+01,
      "time_unit": "us",
      "code_size": 2.4041000000000000e+04,
      "execution_time_ns": 5.7706524182561305e+04,
      "gas_rate": 1.6459675563167300e+09,
      "gas_used": 9.6066000000000000e+04,
      "input_size": 3.2000000000000000e+01
    },
    {
      "name": "external/total/micro/signextend/zero",
      "family_index": 25,
      "per_family_instance_index": 0,
      "run_name": "external/total/micro/signextend/zero",
      "run_type": "iteration",
      "repetitions": 20,
      "repetition_index": 13,
      "threads": 1,
      "iterations": 11744,
      "real_time": 5.9582698739755777e+01,
      "cpu_time": 5.9123574591283131e+01,
      "time_unit": "us",
      "code_size": 2.4041000000000000e+04,
      "execution_time_ns": 5.9550291638283379e+04,
      "gas_rate": 1.6248340981426969e+09,
      "gas_used": 9.6066000000000000e+04,
      "input_size": 3.2000000000000000e+01
    },
    {
      "name": "external/total/micro/signextend/zero",
      "family_index": 25,
      "per_family_instance_index": 0,
      "run_name": "external/total/micro/signextend/zero",
      "run_type": "iteration",
      "repetitions": 20,
      "repetition_index": 14,
      "threads": 1,
      "iterations": 11744,
      "real_time": 5.8120945844699698e+01,
      "cpu_time": 5.7727903610358503e+01,
      "time_unit": "us",
      "code_size": 2.4041000000000000e+04,
      "execution_time_ns": 5.8088927707765666e+04,
      "gas_rate": 1.6641172464603796e+09,
      "gas_used": 9.6066000000000000e+04,
      "input_size": 3.2000000000000000e+01
    },
    {
      "name": "external/total/micro/signextend/zero",
      "family_index": 25,
      "per_family_instance_index": 0,
      "run_name": "external/total/micro/signextend/zero",
      "run_type": "iteration",
      "repetitions": 20,
      "repetition_index": 15,
      "threads": 1,
      "iterations": 11744,
      "real_time": 5.7562750170297612e+01,
      "cpu_time": 5.7194502639648981e+01,
      "time_unit": "us",
      "code_size": 2.4041000000000000e+04,
      "execution_time_ns": 5.7529248211852864e+04,
      "gas_rate": 1.6796369505170605e+09,
      "gas_used": 9.6066000000000000e+04,
      "input_size": 3.2000000000000000e+01
    },
    {
      "name": "external/total/micro/signextend/zero",
      "family_index": 25,
      "per_family_instance_index": 0,
      "run_name": "external/total/micro/signextend/zero",
      "run_type": "iteration",
      "repetitions": 20,
      "repetition_index": 16,
      "threads": 1,
      "iterations": 11744,
      "real_time": 5.8766582935979820e+01,
      "cpu_time": 5.8419062329701788e+01,
      "time_unit": "us",
      "code_size": 2.4041000000000000e+04,
      "execution_time_ns": 5.8723856948228880e+04,
      "gas_rate": 1.6444289957587614e+09,
      "gas_used": 9.6066000000000000e+04,
      "input_size": 3.2000000000000000e+01
    },
    {
      "name": "external/total/micro/signextend/zero",
      "family_index": 25,
      "per_family_instance_index": 0,
      "run_name": "external/total/micro/signextend/zero",
      "run_type": "iteration",
      "repetitions": 20,
      "repetition_index": 17,
      "threads": 1,
      "iterations": 11744,
      "real_time": 5.7149947547675858e+01,
      "cpu_time": 5.7819044873977347e+01,
      "time_unit": "us",
      "code_size": 2.4041000000000000e+04,
      "execution_time_ns": 5.7109234758174389e+04,
      "gas_rate": 1.6614940666935241e+09,
      "gas_used": 9.6066000000000000e+04,
      "input_size": 3.2000000000000000e+01
    },
    {
      "name": "external/total/micro/signextend/zero",
      "family_index": 25,
      "per_family_instance_index": 0,
      "run_name": "external/total/micro/signextend/zero",
      "run_type": "iteration",
      "repetitions": 20,
      "repetition_index": 18,
      "threads": 1,
      "iterations": 11744,
      "real_time": 5.6514786273831177e+01,
      "cpu_time": 5.7351221559943632e+01,
      "time_unit": "us",
      "code_size": 2.4041000000000000e+04,
      "execution_time_ns": 5.6474885303133517e+04,
      "gas_rate": 1.6750471461116409e+09,
      "gas_used": 9.6066000000000000e+04,
      "input_size": 3.2000000000000000e+01
    },
    {
      "name": "external/total/micro/signextend/zero",
      "family_index": 25,
      "per_family_instance_index": 0,
      "run_name": "external/total/micro/signextend/zero",
      "run_type": "iteration",
      "repetitions": 20,
      "repetition_index": 19,
      "threads": 1,
      "iterations": 11744,
      "real_time": 5.5626069141693385e+01,
      "cpu_time": 5.6469908378745316e+01,
      "time_unit": "us",
      "code_size": 2.4041000000000000e+04,
      "execution_time_ns": 5.5595197377384196e+04,
      "gas_rate": 1.7011892308321545e+09,
      "gas_used": 9.6066000000000000e+04,
      "input_size": 3.2000000000000000e+01
    },
    {
      "name": "external/total/micro/signextend/zero_mean",
      "family_index": 25,
      "per_family_instance_index": 0,
      "run_name": "external/total/micro/signextend/zero",
      "run_type": "aggregate",
      "repetitions": 20,
      "threads": 1,
      "aggregate_name": "mean",
      "aggregate_unit": "time",
      "iterations": 20,
      "real_time": 5.7881616029458733e+01,
      "cpu_time": 5.7899268894755060e+01,
      "time_unit": "us",
      "code_size": 2.4041000000000000e+04,
      "execution_time_ns": 5.7846253312329703e+04,
      "gas_rate": 1.6606896955881786e+09,
      "gas_used": 9.6066000000000000e+04,
      "input_size": 3.2000000000000000e+01
    },
    {
      "name": "external/total/micro/signextend/zero_median",
      "family_index": 25,
      "per_family_instance_index": 0,
      "run_name": "external/total/micro/signextend/zero",
      "run_type": "aggregate",
      "repetitions": 20,
      "threads": 1,
      "aggregate_name": "median",
      "aggregate_unit": "time",
      "iterations": 20,
      "real_time": 5.7356348858986735e+01,
      "cpu_time": 5.7400088300408221e+01,
      "time_unit": "us",
      "code_size": 2.4041000000000000e+04,
      "execution_time_ns": 5.7319241485013627e+04,
      "gas_rate": 1.6736223317856579e+09,
      "gas_used": 9.6066000000000000e+04,
      "input_size": 3.2000000000000000e+01
    },
    {
      "name": "external/total/micro/signextend/zero_stddev",
      "family_index": 25,
      "per_family_instance_index": 0,
      "run_name": "external/total/micro/signextend/zero",
      "run_type": "aggregate",
      "repetitions": 20,
      "threads": 1,
      "aggregate_name": "stddev",
      "aggregate_unit": "time",
      "iterations": 20,
      "real_time": 2.2251236193221651e+00,
      "cpu_time": 1.7995429804950742e+00,
      "time_unit": "us",
      "code_size": 0.0000000000000000e+00,
      "execution_time_ns": 2.2243893139647803e+03,
      "gas_rate": 5.0751602550320029e+07,
      "gas_used": 0.0000000000000000e+00,
      "input_size": 0.0000000000000000e+00
    },
    {
      "name": "external/total/micro/signextend/zero_cv",
      "family_index": 25,
      "per_family_instance_index": 0,
      "run_name": "external/total/micro/signextend/zero",
      "run_type": "aggregate",
      "repetitions": 20,
      "threads": 1,
      "aggregate_name": "cv",
      "aggregate_unit": "percentage",
      "iterations": 20,
      "real_time": 3.8442665771282074e-02,
      "cpu_time": 3.1080582101410435e-02,
      "time_unit": "us",
      "code_size": 0.0000000000000000e+00,
      "execution_time_ns": 3.8453472551707342e-02,
      "gas_rate": 3.0560557270360472e-02,
      "gas_used": 0.0000000000000000e+00,
      "input_size": 0.0000000000000000e+00
    },
    {
      "name": "external/total/micro/signextend/one",
      "family_index": 26,
      "per_family_instance_index": 0,
      "run_name": "external/total/micro/signextend/one",
      "run_type": "iteration",
      "repetitions": 20,
      "repetition_index": 0,
      "threads": 1,
      "iterations": 11431,
      "real_time": 5.7857524276109530e+01,
      "cpu_time": 5.8824877088622920e+01,
      "time_unit": "us",
      "code_size": 2.4041000000000000e+04,
      "execution_time_ns": 5.7821204793981276e+04,
      "gas_rate": 1.6330845852048492e+09,
      "gas_used": 9.6066000000000000e+04,
      "input_size": 3.2000000000000000e+01
    },
    {
      "name": "external/total/micro/signextend/one",
      "family_index": 26,
      "per_family_instance_index": 0,
      "run_name": "external/total/micro/signextend/one",
      "run_type": "iteration",
      "repetitions": 20,
      "repetition_index": 1,
      "threads": 1,
      "iterations": 11431,
      "real_time": 6.0289319657074522e+01,
      "cpu_time": 6.0402276003849366e+01,
      "time_unit": "us",
      "code_size": 2.4041000000000000e+04,
      "execution_time_ns": 6.0255713760825827e+04,
      "gas_rate": 1.5904367576128726e+09,
      "gas_used": 9.6066000000000000e+04,
      "input_size": 3.2000000000000000e+01
    },
    {
      "name": "external/total/micro/signextend/one",
      "family_index": 26,
      "per_family_instance_index": 0,
      "run_name": "external/total/micro/signextend/one",
      "run_type": "iteration",
      "repetitions": 20,
      "repetition_index": 2,
      "threads": 1,
      "iterations": 11431,
      "real_time": 6.3041666083464825e+01,
      "cpu_time": 6.2887569241537285e+01,
      "time_unit": "us",
      "code_size": 2.4041000000000000e+04,
      "execution_time_ns": 6.2994937275828888e+04,
      "gas_rate": 1.5275832912388723e+09,
      "gas_used": 9.6066000000000000e+04,
      "input_size": 3.2000000000000000e+01
    },
    {
      "name": "external/total/micro/signextend/one",
      "family_index": 26,
      "per_family_instance_index": 0,
      "run_name": "external/total/micro/signextend/one",
      "run_type": "iteration",
      "repetitions": 20,
      "repetition_index": 3,
      "threads": 1,
      "iterations": 11431,
      "real_time": 6.5064280202923200e+01,
      "cpu_time": 6.4914754089753345e+01,
      "time_unit": "us",
      "code_size": 2.4041000000000000e+04,
      "execution_time_ns": 6.5025266118449828e+04,
      "gas_rate": 1.4798792870288913e+09,
      "gas_used": 9.6066000000000000e+04,
      "input_size": 3.2000000000000000e+01
    },
    {
      "name": "external/total/micro/signextend/one",
      "family_index": 26,
      "per_family_instance_index": 0,
      "run_name": "external/total/micro/signextend/one",
      "run_type": "iteration",
      "repetitions": 20,
      "repetition_index": 4,
      "threads": 1,
      "iterations": 11431,
      "real_time": 6.4734508179505511e+01,
      "cpu_time": 6.4596961333216626e+01,
      "time_unit": "us",
      "code_size": 2.4041000000000000e+04,
      "execution_time_ns": 6.4701071647274955e+04,
      "gas_rate": 1.4871597365772927e+09,
      "gas_used": 9.6066000000000000e+04,
      "input_size": 3.2000000000000000e+01
    },
    {
      "name": "external/total/micro/signextend/one",
      "family_index": 26,
      "per_family_instance_index": 0,
      "run_name": "external/total/micro/signextend/one",
      "run_type": "iteration",
      "repetitions": 20,
      "repetition_index": 5,
      "threads": 1,
      "iterations": 11431,
      "real_time": 6.0943177937193873e+01,
      "cpu_time": 6.1611751990198314e+01,
      "time_unit": "us",
      "code_size": 2.4041000000000000e+04,
      "execution_time_ns": 6.0910113550870439e+04,
      "gas_rate": 1.5592155213388987e+09,
      "gas_used": 9.6066000000000000e+04,
      "input_size": 3.2000000000000000e+01
    },
    {
      "name": "external/total/micro/signextend/one",
      "family_index": 26,
      "per_family_instance_index": 0,
      "run_name": "external/total/micro/signextend/one",
      "run_type": "iteration",
      "repetitions": 20,
      "repetition_index": 6,
      "threads": 1,
      "iterations": 11431,
      "real_time": 6.1357799055187222e+01,
      "cpu_time": 6.2292269967629615e+01,
      "time_unit": "us",
      "code_size": 2.4041000000000000e+04,
      "execution_time_ns": 6.1326147581139005e+04,
      "gas_rate": 1.5421817193356578e+09,
      "gas_used": 9.6066000000000000e+04,
      "input_size": 3.2000000000000000e+01
    },
    {
      "name": "external/total/micro/signextend/one",
      "family_index": 26,
      "per_family_instance_index": 0,
      "run_name": "external/total/micro/signextend/one",
      "run_type": "iteration",
      "repetitions": 20,
      "repetition_index": 7,
      "threads": 1,
      "iterations": 11431,
      "real_time": 5.9877879975496697e+01,
      "cpu_time": 6.0795141982330172e+01,
      "time_unit": "us",
      "code_size": 2.4041000000000000e+04,
      "execution_time_ns": 5.9847036917155106e+04,
      "gas_rate": 1.5801591519914722e+09,
      "gas_used": 9.6066000000000000e+04,
      "input_size": 3.2000000000000000e+01
    },
    {
      "name": "external/total/micro/signextend/one",
      "family_index": 26,
      "per_family_instance_index": 0,
      "run_name": "external/total/micro/signextend/one",
      "run_type": "iteration",
      "repetitions": 20,
      "repetition_index": 8,
      "threads": 1,
      "iterations": 11431,
      "real_time": 5.8365995450983448e+01,
      "cpu_time": 5.9280682792405841e+01,
      "time_unit": "us",
      "code_size": 2.4041000000000000e+04,
      "execution_time_ns": 5.8332002799405127e+04,
      "gas_rate": 1.6205278933174932e+09,
      "gas_used": 9.6066000000000000e+04,
      "input_size": 3.2000000000000000e+01
    },
    {
      "name": "external/total/micro/signextend/one",
      "family_index": 26,
      "per_family_instance_index": 0,
      "run_name": "external/total/micro/signextend/one",
      "run_type": "iteration",
      "repetitions": 20,
      "repetition_index": 9,
      "threads": 1,
      "iterations": 11431,
      "real_time": 5.9411610182846111e+01,
      "cpu_time": 6.0342722508966290e+01,
      "time_unit": "us",
      "code_size": 2.4041000000000000e+04,
      "execution_time_ns": 5.9367164640013994e+04,
      "gas_rate": 1.5920063929121792e+09,
      "gas_used": 9.6066000000000000e+04,
      "input_size": 3.2000000000000000e+01
    },
    {
      "name": "external/total/micro/signextend/one",
      "family_index": 26,
      "per_family_instance_index": 0,
      "run_name": "external/total/micro/signextend/one",
      "run_type": "iteration",
      "repetitions": 20,
      "repetition_index": 10,
      "threads": 1,
      "iterations": 11431,
      "real_time": 6.1291035080037865e+01,
      "cpu_time": 6.2260241448690927e+01,
      "time_unit": "us",
      "code_size": 2.4041000000000000e+04,
      "execution_time_ns": 6.1253923278803253e+04,
      "gas_rate": 1.5429750634547188e+09,
      "gas_used": 9.6066000000000000e+04,
      "input_size": 3.2000000000000000e+01
    },
    {
      "name": "external/total/micro/signextend/one",
      "family_index": 26,
      "per_family_instance_index": 0,
      "run_name": "external/total/micro/signextend/one",
      "run_type": "iteration",
      "repetitions": 20,
      "repetition_index": 11,
      "threads": 1,
      "iterations": 11431,
      "real_time": 5.9809017846195594e+01,
      "cpu_time": 6.0765351150378876e+01,
      "time_unit": "us",
      "code_size": 2.4041000000000000e+04,
      "execution_time_ns": 5.9777796080832821e+04,
      "gas_rate": 1.5809338411006784e+09,
      "gas_used": 9.6066000000000000e+04,
      "input_size": 3.2000000000000000e+01
    },
    {
      "name": "external/total/micro/signextend/one",
      "family_index": 26,
      "per_family_instance_index": 0,
      "run_name": "external/total/micro/signextend/one",
      "run_type": "iteration",
      "repetitions": 20,
      "repetition_index": 12,
      "threads": 1,
      "iterations": 11431,
      "real_time": 5.8962884262092452e+01,
      "cpu_time": 5.9905421135509840e+01,
      "time_unit": "us",
      "code_size": 2.4041000000000000e+04,
      "execution_time_ns": 5.8928969031580789e+04,
      "gas_rate": 1.6036278216405933e+09,
      "gas_used": 9.6066000000000000e+04,
      "input_size": 3.2000000000000000e+01
    },
    {
      "name": "external/total/micro/signextend/one",
      "family_index": 26,
      "per_family_instance_index": 0,
      "run_name": "external/total/micro/signextend/one",
      "run_type": "iteration",
      "repetitions": 20,
      "repetition_index": 13,
      "threads": 1,
      "iterations": 11431,
      "real_time": 6.2312568191773401e+01,
      "cpu_time": 6.2334850581748753e+01,
      "time_unit": "us",
      "code_size": 2.4041000000000000e+04,
      "execution_time_ns": 6.2280084069635202e+04,
      "gas_rate": 1.5411282629773002e+09,
      "gas_used": 9.6066000000000000e+04,
      "input_size": 3.2000000000000000e+01
    },
    {
      "name": "external/total/micro/signextend/one",
      "family_index": 26,
      "per_family_instance_index": 0,
      "run_name": "external/total/micro/signextend/one",
      "run_type": "iteration",
      "repetitions": 20,
      "repetition_index": 14,
      "threads": 1,
      "iterations": 11431,
      "real_time": 6.3630965794775136e+01,
      "cpu_time": 6.3574490595746582e+01,
      "time_unit": "us",
      "code_size": 2.4041000000000000e+04,
      "execution_time_ns": 6.3595734231475813e+04,
      "gas_rate": 1.5110777782060161e+09,
      "gas_used": 9.6066000000000000e+04,
      "input_size": 3.2000000000000000e+01
    },
    {
      "name": "external/total/micro/signextend/one",
      "family_index": 26,
      "per_family_instance_index": 0,
      "run_name": "external/total/micro/signextend/one",
      "run_type": "iteration",
      "repetitions": 20,
      "repetition_index": 15,
      "threads": 1,
      "iterations": 11431,
      "real_time": 5.8268072697077343e+01,
      "cpu_time": 5.8217246085210576e+01,
      "time_unit": "us",
      "code_size": 2.4041000000000000e+04,
      "execution_time_ns": 5.8237277665995978e+04,
      "gas_rate": 1.6501295828969908e+09,
      "gas_used": 9.6066000000000000e+04,
      "input_size": 3.2000000000000000e+01
    },
    {
      "name": "external/total/micro/signextend/one",
      "family_index": 26,
      "per_family_instance_index": 0,
      "run_name": "external/total/micro/signextend/one",
      "run_type": "iteration",
      "repetitions": 20,
      "repetition_index": 16,
      "threads": 1,
      "iterations": 11431,
      "real_time": 6.0554530837190555e+01,
      "cpu_time": 5.9879943836930316e+01,
      "time_unit": "us",
      "code_size": 2.4041000000000000e+04,
      "execution_time_ns": 6.0515352987490158e+04,
      "gas_rate": 1.6043101219602733e+09,
      "gas_used": 9.6066000000000000e+04,
      "input_size": 3.2000000000000000e+01
    },
    {
      "name": "external/total/micro/signextend/one",
      "family_index": 26,
      "per_family_instance_index": 0,
      "run_name": "external/total/micro/signextend/one",
      "run_type": "iteration",
      "repetitions": 20,
      "repetition_index": 17,
      "threads": 1,
      "iterations": 11431,
      "real_time": 6.2302670982391270e+01,
      "cpu_time": 6.0168026244422286e+01,
      "time_unit": "us",
      "code_size": 2.4041000000000000e+04,
      "execution_time_ns": 6.2268756364272595e+04,
      "gas_rate": 1.5966287411481366e+09,
      "gas_used": 9.6066000000000000e+04,
      "input_size": 3.2000000000000000e+01
    },
    {
      "name": "external/total/micro/signextend/one",
      "family_index": 26,
      "per_family_instance_index": 0,
      "run_name": "external/total/micro/signextend/one",
      "run_type": "iteration",
      "repetitions": 20,
      "repetition_index": 18,
      "threads": 1,
      "iterations": 11431,
      "real_time": 6.0917977254807191e+01,
      "cpu_time": 5.9110630915933847e+01,
      "time_unit": "us",
      "code_size": 2.4041000000000000e+04,
      "execution_time_ns": 6.0886098329105065e+04,
      "gas_rate": 1.6251898941262100e+09,
      "gas_used": 9.6066000000000000e+04,
      "input_size": 3.2000000000000000e+01
    },
    {
      "name": "external/total/micro/signextend/one",
      "family_index": 26,
      "per_family_instance_index": 0,
      "run_name": "external/total/micro/signextend/one",
      "run_type": "iteration",
      "repetitions": 20,
      "repetition_index": 19,
      "threads": 1,
      "iterations": 11431,
      "real_time": 6.2097819700807690e+01,
      "cpu_time": 6.0457796168313052e+01,
      "time_unit": "us",
      "code_size": 2.4041000000000000e+04,
      "execution_time_ns": 6.2063996588225004e+04,
      "gas_rate": 1.5889762129693673e+09,
      "gas_used": 9.6066000000000000e+04,
      "input_size": 3.2000000000000000e+01
    },
    {
      "name": "external/total/micro/signextend/one_mean",
      "family_index": 26,
      "per_family_instance_index": 0,
      "run_name": "external/total/micro/signextend/one",
      "run_type": "aggregate",
      "repetitions": 20,
      "threads": 1,
      "aggregate_name": "mean",
      "aggregate_unit": "time",
      "iterations": 20,
      "real_time": 6.1054565182396672e+01,
      "cpu_time": 6.1131150258069752e+01,
      "time_unit": "us",
      "code_size": 2.4041000000000000e+04,
      "execution_time_ns": 6.1019432385618056e+04,
      "gas_rate": 1.5728605828519382e+09,
      "gas_used": 9.6066000000000000e+04,
      "input_size": 3.2000000000000000e+01
    },
    {
      "name": "external/total/micro/signextend/one_median",
      "family_index": 26,
      "per_family_instance_index": 0,
      "run_name": "external/total/micro/signextend/one",
      "run_type": "aggregate",
      "repetitions": 20,
      "threads": 1,
      "aggregate_name": "median",
      "aggregate_unit": "time",
      "iterations": 20,
      "real_time": 6.0930577596000532e+01,
      "cpu_time": 6.0611573659345972e+01,
      "time_unit": "us",
      "code_size": 2.4041000000000000e+04,
      "execution_time_ns": 6.0898105939987756e+04,
      "gas_rate": 1.5849550270350227e+09,
      "gas_used": 9.6066000000000000e+04,
      "input_size": 3.2000000000000000e+01
    },
    {
      "name": "external/total/micro/signextend/one_stddev",
      "family_index": 26,
      "per_family_instance_index": 0,
      "run_name": "external/total/micro/signextend/one",
      "run_type": "aggregate",
      "repetitions": 20,
      "threads": 1,
      "aggregate_name": "stddev",
      "aggregate_unit": "time",
      "iterations": 20,
      "real_time": 2.0605813764769101e+00,
      "cpu_time": 1.8757501467626803e+00,
      "time_unit": "us",
      "code_size": 0.0000000000000000e+00,
      "execution_time_ns": 2.0597133256052421e+03,
      "gas_rate": 4.7598647347160965e+07,
      "gas_used": 0.0000000000000000e+00,
      "input_size": 0.0000000000000000e+00
    },
    {
      "name": "external/total/micro/signextend/one_cv",
      "family_index": 26,
      "per_family_instance_index": 0,
      "run_name": "external/total/micro/signextend/one",
      "run_type": "aggregate",
      "repetitions": 20,
      "threads": 1,
      "aggregate_name": "cv",
      "aggregate_unit": "percentage",
      "iterations": 20,
      "real_time": 3.3749832962057025e-02,
      "cpu_time": 3.0684031608174553e-02,
      "time_unit": "us",
      "code_size": 0.0000000000000000e+00,
      "execution_time_ns": 3.3755039092935007e-02,
      "gas_rate": 3.0262470727605285e-02,
      "gas_used": 0.0000000000000000e+00,
      "input_size": 0.0000000000000000e+00
    }
  ]
}
